ISO-10303-21;
HEADER;
/* Generated by software containing ST-Developer
 * from STEP Tools, Inc. (www.steptools.com) 
 */

FILE_DESCRIPTION(
/* description */ (''),
/* implementation_level */ '2;1');

FILE_NAME(
/* name */ 'tamagotchi-top-case.step',
/* time_stamp */ '2026-05-31T15:20:57+05:30',
/* author */ (''),
/* organization */ (''),
/* preprocessor_version */ 'ST-DEVELOPER v20.1',
/* originating_system */ 'Autodesk Translation Framework v15.8.0.0',
/* authorisation */ '');

FILE_SCHEMA (('AUTOMOTIVE_DESIGN { 1 0 10303 214 3 1 1 }'));
ENDSEC;

DATA;
#10=MECHANICAL_DESIGN_GEOMETRIC_PRESENTATION_REPRESENTATION('',(#13),#7895);
#11=SHAPE_REPRESENTATION_RELATIONSHIP('SRR','None',#7902,#12);
#12=ADVANCED_BREP_SHAPE_REPRESENTATION('',(#14),#7894);
#13=STYLED_ITEM('',(#7912),#14);
#14=MANIFOLD_SOLID_BREP('Top',#4959);
#15=FACE_BOUND('',#737,.T.);
#16=FACE_BOUND('',#738,.T.);
#17=FACE_BOUND('',#739,.T.);
#18=FACE_BOUND('',#740,.T.);
#19=FACE_BOUND('',#741,.T.);
#20=FACE_BOUND('',#742,.T.);
#21=FACE_BOUND('',#743,.T.);
#22=FACE_BOUND('',#744,.T.);
#23=FACE_BOUND('',#745,.T.);
#24=FACE_BOUND('',#746,.T.);
#25=FACE_BOUND('',#747,.T.);
#26=FACE_BOUND('',#748,.T.);
#27=FACE_BOUND('',#749,.T.);
#28=FACE_BOUND('',#750,.T.);
#29=FACE_BOUND('',#752,.T.);
#30=FACE_BOUND('',#753,.T.);
#31=FACE_BOUND('',#754,.T.);
#32=FACE_BOUND('',#755,.T.);
#33=FACE_BOUND('',#756,.T.);
#34=FACE_BOUND('',#757,.T.);
#35=FACE_BOUND('',#758,.T.);
#36=FACE_BOUND('',#759,.T.);
#37=FACE_BOUND('',#760,.T.);
#38=FACE_BOUND('',#761,.T.);
#39=PLANE('',#4988);
#40=PLANE('',#4989);
#41=PLANE('',#4990);
#42=PLANE('',#4991);
#43=PLANE('',#4992);
#44=PLANE('',#4993);
#45=PLANE('',#4994);
#46=PLANE('',#4995);
#47=PLANE('',#4996);
#48=PLANE('',#4997);
#49=PLANE('',#4998);
#50=PLANE('',#4999);
#51=PLANE('',#5000);
#52=PLANE('',#5001);
#53=PLANE('',#5002);
#54=PLANE('',#5003);
#55=PLANE('',#5004);
#56=PLANE('',#5005);
#57=PLANE('',#5006);
#58=PLANE('',#5007);
#59=PLANE('',#5008);
#60=PLANE('',#5009);
#61=PLANE('',#5010);
#62=PLANE('',#5011);
#63=PLANE('',#5012);
#64=PLANE('',#5013);
#65=PLANE('',#5014);
#66=PLANE('',#5015);
#67=PLANE('',#5016);
#68=PLANE('',#5017);
#69=PLANE('',#5018);
#70=PLANE('',#5019);
#71=PLANE('',#5020);
#72=PLANE('',#5021);
#73=PLANE('',#5022);
#74=PLANE('',#5023);
#75=PLANE('',#5024);
#76=PLANE('',#5025);
#77=PLANE('',#5026);
#78=PLANE('',#5027);
#79=PLANE('',#5028);
#80=PLANE('',#5029);
#81=PLANE('',#5030);
#82=PLANE('',#5031);
#83=PLANE('',#5032);
#84=PLANE('',#5033);
#85=PLANE('',#5034);
#86=PLANE('',#5035);
#87=PLANE('',#5036);
#88=PLANE('',#5037);
#89=PLANE('',#5038);
#90=PLANE('',#5039);
#91=PLANE('',#5040);
#92=PLANE('',#5041);
#93=PLANE('',#5042);
#94=PLANE('',#5043);
#95=PLANE('',#5044);
#96=PLANE('',#5045);
#97=PLANE('',#5046);
#98=PLANE('',#5047);
#99=PLANE('',#5048);
#100=PLANE('',#5049);
#101=PLANE('',#5050);
#102=PLANE('',#5051);
#103=PLANE('',#5052);
#104=PLANE('',#5053);
#105=PLANE('',#5054);
#106=PLANE('',#5055);
#107=PLANE('',#5056);
#108=PLANE('',#5057);
#109=PLANE('',#5058);
#110=PLANE('',#5059);
#111=PLANE('',#5060);
#112=PLANE('',#5061);
#113=PLANE('',#5062);
#114=PLANE('',#5063);
#115=PLANE('',#5064);
#116=PLANE('',#5068);
#117=PLANE('',#5072);
#118=PLANE('',#5076);
#119=PLANE('',#5080);
#120=PLANE('',#5084);
#121=PLANE('',#5088);
#122=PLANE('',#5092);
#123=PLANE('',#5096);
#124=PLANE('',#5100);
#125=PLANE('',#5104);
#126=PLANE('',#5108);
#127=PLANE('',#5112);
#128=PLANE('',#5116);
#129=PLANE('',#5120);
#130=PLANE('',#5124);
#131=PLANE('',#5128);
#132=PLANE('',#5129);
#133=PLANE('',#5130);
#134=PLANE('',#5131);
#135=PLANE('',#5132);
#136=PLANE('',#5133);
#137=PLANE('',#5134);
#138=PLANE('',#5135);
#139=PLANE('',#5136);
#140=PLANE('',#5137);
#141=PLANE('',#5138);
#142=PLANE('',#5139);
#143=PLANE('',#5140);
#144=PLANE('',#5141);
#145=PLANE('',#5142);
#146=PLANE('',#5143);
#147=PLANE('',#5144);
#148=PLANE('',#5145);
#149=PLANE('',#5146);
#150=PLANE('',#5147);
#151=PLANE('',#5148);
#152=PLANE('',#5149);
#153=PLANE('',#5150);
#154=PLANE('',#5151);
#155=PLANE('',#5152);
#156=PLANE('',#5153);
#157=PLANE('',#5154);
#158=PLANE('',#5155);
#159=PLANE('',#5156);
#160=PLANE('',#5157);
#161=PLANE('',#5158);
#162=PLANE('',#5159);
#163=PLANE('',#5160);
#164=PLANE('',#5161);
#165=PLANE('',#5162);
#166=PLANE('',#5163);
#167=PLANE('',#5164);
#168=PLANE('',#5165);
#169=PLANE('',#5166);
#170=PLANE('',#5167);
#171=PLANE('',#5168);
#172=PLANE('',#5169);
#173=PLANE('',#5170);
#174=PLANE('',#5171);
#175=PLANE('',#5172);
#176=PLANE('',#5173);
#177=PLANE('',#5174);
#178=PLANE('',#5175);
#179=PLANE('',#5176);
#180=PLANE('',#5177);
#181=PLANE('',#5178);
#182=PLANE('',#5179);
#183=PLANE('',#5180);
#184=PLANE('',#5181);
#185=PLANE('',#5182);
#186=PLANE('',#5183);
#187=PLANE('',#5184);
#188=PLANE('',#5185);
#189=PLANE('',#5186);
#190=PLANE('',#5187);
#191=PLANE('',#5188);
#192=PLANE('',#5189);
#193=PLANE('',#5190);
#194=PLANE('',#5191);
#195=PLANE('',#5192);
#196=PLANE('',#5193);
#197=PLANE('',#5194);
#198=PLANE('',#5195);
#199=PLANE('',#5196);
#200=PLANE('',#5197);
#201=PLANE('',#5198);
#202=PLANE('',#5199);
#203=PLANE('',#5200);
#204=PLANE('',#5201);
#205=PLANE('',#5202);
#206=PLANE('',#5203);
#207=PLANE('',#5204);
#208=PLANE('',#5205);
#209=PLANE('',#5206);
#210=PLANE('',#5207);
#211=PLANE('',#5208);
#212=PLANE('',#5209);
#213=PLANE('',#5210);
#214=PLANE('',#5211);
#215=PLANE('',#5212);
#216=PLANE('',#5213);
#217=PLANE('',#5214);
#218=PLANE('',#5215);
#219=PLANE('',#5216);
#220=PLANE('',#5217);
#221=PLANE('',#5218);
#222=PLANE('',#5219);
#223=PLANE('',#5220);
#224=PLANE('',#5221);
#225=PLANE('',#5222);
#226=PLANE('',#5223);
#227=PLANE('',#5224);
#228=PLANE('',#5225);
#229=PLANE('',#5226);
#230=PLANE('',#5227);
#231=PLANE('',#5228);
#232=PLANE('',#5229);
#233=PLANE('',#5230);
#234=PLANE('',#5231);
#235=PLANE('',#5232);
#236=PLANE('',#5233);
#237=PLANE('',#5234);
#238=PLANE('',#5235);
#239=PLANE('',#5236);
#240=PLANE('',#5237);
#241=PLANE('',#5238);
#242=PLANE('',#5239);
#243=PLANE('',#5240);
#244=PLANE('',#5241);
#245=PLANE('',#5242);
#246=PLANE('',#5243);
#247=PLANE('',#5244);
#248=PLANE('',#5245);
#249=PLANE('',#5246);
#250=PLANE('',#5247);
#251=PLANE('',#5248);
#252=PLANE('',#5249);
#253=PLANE('',#5250);
#254=PLANE('',#5251);
#255=PLANE('',#5252);
#256=PLANE('',#5253);
#257=PLANE('',#5254);
#258=FACE_OUTER_BOUND('',#498,.T.);
#259=FACE_OUTER_BOUND('',#499,.T.);
#260=FACE_OUTER_BOUND('',#500,.T.);
#261=FACE_OUTER_BOUND('',#501,.T.);
#262=FACE_OUTER_BOUND('',#502,.T.);
#263=FACE_OUTER_BOUND('',#503,.T.);
#264=FACE_OUTER_BOUND('',#504,.T.);
#265=FACE_OUTER_BOUND('',#505,.T.);
#266=FACE_OUTER_BOUND('',#506,.T.);
#267=FACE_OUTER_BOUND('',#507,.T.);
#268=FACE_OUTER_BOUND('',#508,.T.);
#269=FACE_OUTER_BOUND('',#509,.T.);
#270=FACE_OUTER_BOUND('',#510,.T.);
#271=FACE_OUTER_BOUND('',#511,.T.);
#272=FACE_OUTER_BOUND('',#512,.T.);
#273=FACE_OUTER_BOUND('',#513,.T.);
#274=FACE_OUTER_BOUND('',#514,.T.);
#275=FACE_OUTER_BOUND('',#515,.T.);
#276=FACE_OUTER_BOUND('',#516,.T.);
#277=FACE_OUTER_BOUND('',#517,.T.);
#278=FACE_OUTER_BOUND('',#518,.T.);
#279=FACE_OUTER_BOUND('',#519,.T.);
#280=FACE_OUTER_BOUND('',#520,.T.);
#281=FACE_OUTER_BOUND('',#521,.T.);
#282=FACE_OUTER_BOUND('',#522,.T.);
#283=FACE_OUTER_BOUND('',#523,.T.);
#284=FACE_OUTER_BOUND('',#524,.T.);
#285=FACE_OUTER_BOUND('',#525,.T.);
#286=FACE_OUTER_BOUND('',#526,.T.);
#287=FACE_OUTER_BOUND('',#527,.T.);
#288=FACE_OUTER_BOUND('',#528,.T.);
#289=FACE_OUTER_BOUND('',#529,.T.);
#290=FACE_OUTER_BOUND('',#530,.T.);
#291=FACE_OUTER_BOUND('',#531,.T.);
#292=FACE_OUTER_BOUND('',#532,.T.);
#293=FACE_OUTER_BOUND('',#533,.T.);
#294=FACE_OUTER_BOUND('',#534,.T.);
#295=FACE_OUTER_BOUND('',#535,.T.);
#296=FACE_OUTER_BOUND('',#536,.T.);
#297=FACE_OUTER_BOUND('',#537,.T.);
#298=FACE_OUTER_BOUND('',#538,.T.);
#299=FACE_OUTER_BOUND('',#539,.T.);
#300=FACE_OUTER_BOUND('',#540,.T.);
#301=FACE_OUTER_BOUND('',#541,.T.);
#302=FACE_OUTER_BOUND('',#542,.T.);
#303=FACE_OUTER_BOUND('',#543,.T.);
#304=FACE_OUTER_BOUND('',#544,.T.);
#305=FACE_OUTER_BOUND('',#545,.T.);
#306=FACE_OUTER_BOUND('',#546,.T.);
#307=FACE_OUTER_BOUND('',#547,.T.);
#308=FACE_OUTER_BOUND('',#548,.T.);
#309=FACE_OUTER_BOUND('',#549,.T.);
#310=FACE_OUTER_BOUND('',#550,.T.);
#311=FACE_OUTER_BOUND('',#551,.T.);
#312=FACE_OUTER_BOUND('',#552,.T.);
#313=FACE_OUTER_BOUND('',#553,.T.);
#314=FACE_OUTER_BOUND('',#554,.T.);
#315=FACE_OUTER_BOUND('',#555,.T.);
#316=FACE_OUTER_BOUND('',#556,.T.);
#317=FACE_OUTER_BOUND('',#557,.T.);
#318=FACE_OUTER_BOUND('',#558,.T.);
#319=FACE_OUTER_BOUND('',#559,.T.);
#320=FACE_OUTER_BOUND('',#560,.T.);
#321=FACE_OUTER_BOUND('',#561,.T.);
#322=FACE_OUTER_BOUND('',#562,.T.);
#323=FACE_OUTER_BOUND('',#563,.T.);
#324=FACE_OUTER_BOUND('',#564,.T.);
#325=FACE_OUTER_BOUND('',#565,.T.);
#326=FACE_OUTER_BOUND('',#566,.T.);
#327=FACE_OUTER_BOUND('',#567,.T.);
#328=FACE_OUTER_BOUND('',#568,.T.);
#329=FACE_OUTER_BOUND('',#569,.T.);
#330=FACE_OUTER_BOUND('',#570,.T.);
#331=FACE_OUTER_BOUND('',#571,.T.);
#332=FACE_OUTER_BOUND('',#572,.T.);
#333=FACE_OUTER_BOUND('',#573,.T.);
#334=FACE_OUTER_BOUND('',#574,.T.);
#335=FACE_OUTER_BOUND('',#575,.T.);
#336=FACE_OUTER_BOUND('',#576,.T.);
#337=FACE_OUTER_BOUND('',#577,.T.);
#338=FACE_OUTER_BOUND('',#578,.T.);
#339=FACE_OUTER_BOUND('',#579,.T.);
#340=FACE_OUTER_BOUND('',#580,.T.);
#341=FACE_OUTER_BOUND('',#581,.T.);
#342=FACE_OUTER_BOUND('',#582,.T.);
#343=FACE_OUTER_BOUND('',#583,.T.);
#344=FACE_OUTER_BOUND('',#584,.T.);
#345=FACE_OUTER_BOUND('',#585,.T.);
#346=FACE_OUTER_BOUND('',#586,.T.);
#347=FACE_OUTER_BOUND('',#587,.T.);
#348=FACE_OUTER_BOUND('',#588,.T.);
#349=FACE_OUTER_BOUND('',#589,.T.);
#350=FACE_OUTER_BOUND('',#590,.T.);
#351=FACE_OUTER_BOUND('',#591,.T.);
#352=FACE_OUTER_BOUND('',#592,.T.);
#353=FACE_OUTER_BOUND('',#593,.T.);
#354=FACE_OUTER_BOUND('',#594,.T.);
#355=FACE_OUTER_BOUND('',#595,.T.);
#356=FACE_OUTER_BOUND('',#596,.T.);
#357=FACE_OUTER_BOUND('',#597,.T.);
#358=FACE_OUTER_BOUND('',#598,.T.);
#359=FACE_OUTER_BOUND('',#599,.T.);
#360=FACE_OUTER_BOUND('',#600,.T.);
#361=FACE_OUTER_BOUND('',#601,.T.);
#362=FACE_OUTER_BOUND('',#602,.T.);
#363=FACE_OUTER_BOUND('',#603,.T.);
#364=FACE_OUTER_BOUND('',#604,.T.);
#365=FACE_OUTER_BOUND('',#605,.T.);
#366=FACE_OUTER_BOUND('',#606,.T.);
#367=FACE_OUTER_BOUND('',#607,.T.);
#368=FACE_OUTER_BOUND('',#608,.T.);
#369=FACE_OUTER_BOUND('',#609,.T.);
#370=FACE_OUTER_BOUND('',#610,.T.);
#371=FACE_OUTER_BOUND('',#611,.T.);
#372=FACE_OUTER_BOUND('',#612,.T.);
#373=FACE_OUTER_BOUND('',#613,.T.);
#374=FACE_OUTER_BOUND('',#614,.T.);
#375=FACE_OUTER_BOUND('',#615,.T.);
#376=FACE_OUTER_BOUND('',#616,.T.);
#377=FACE_OUTER_BOUND('',#617,.T.);
#378=FACE_OUTER_BOUND('',#618,.T.);
#379=FACE_OUTER_BOUND('',#619,.T.);
#380=FACE_OUTER_BOUND('',#620,.T.);
#381=FACE_OUTER_BOUND('',#621,.T.);
#382=FACE_OUTER_BOUND('',#622,.T.);
#383=FACE_OUTER_BOUND('',#623,.T.);
#384=FACE_OUTER_BOUND('',#624,.T.);
#385=FACE_OUTER_BOUND('',#625,.T.);
#386=FACE_OUTER_BOUND('',#626,.T.);
#387=FACE_OUTER_BOUND('',#627,.T.);
#388=FACE_OUTER_BOUND('',#628,.T.);
#389=FACE_OUTER_BOUND('',#629,.T.);
#390=FACE_OUTER_BOUND('',#630,.T.);
#391=FACE_OUTER_BOUND('',#631,.T.);
#392=FACE_OUTER_BOUND('',#632,.T.);
#393=FACE_OUTER_BOUND('',#633,.T.);
#394=FACE_OUTER_BOUND('',#634,.T.);
#395=FACE_OUTER_BOUND('',#635,.T.);
#396=FACE_OUTER_BOUND('',#636,.T.);
#397=FACE_OUTER_BOUND('',#637,.T.);
#398=FACE_OUTER_BOUND('',#638,.T.);
#399=FACE_OUTER_BOUND('',#639,.T.);
#400=FACE_OUTER_BOUND('',#640,.T.);
#401=FACE_OUTER_BOUND('',#641,.T.);
#402=FACE_OUTER_BOUND('',#642,.T.);
#403=FACE_OUTER_BOUND('',#643,.T.);
#404=FACE_OUTER_BOUND('',#644,.T.);
#405=FACE_OUTER_BOUND('',#645,.T.);
#406=FACE_OUTER_BOUND('',#646,.T.);
#407=FACE_OUTER_BOUND('',#647,.T.);
#408=FACE_OUTER_BOUND('',#648,.T.);
#409=FACE_OUTER_BOUND('',#649,.T.);
#410=FACE_OUTER_BOUND('',#650,.T.);
#411=FACE_OUTER_BOUND('',#651,.T.);
#412=FACE_OUTER_BOUND('',#652,.T.);
#413=FACE_OUTER_BOUND('',#653,.T.);
#414=FACE_OUTER_BOUND('',#654,.T.);
#415=FACE_OUTER_BOUND('',#655,.T.);
#416=FACE_OUTER_BOUND('',#656,.T.);
#417=FACE_OUTER_BOUND('',#657,.T.);
#418=FACE_OUTER_BOUND('',#658,.T.);
#419=FACE_OUTER_BOUND('',#659,.T.);
#420=FACE_OUTER_BOUND('',#660,.T.);
#421=FACE_OUTER_BOUND('',#661,.T.);
#422=FACE_OUTER_BOUND('',#662,.T.);
#423=FACE_OUTER_BOUND('',#663,.T.);
#424=FACE_OUTER_BOUND('',#664,.T.);
#425=FACE_OUTER_BOUND('',#665,.T.);
#426=FACE_OUTER_BOUND('',#666,.T.);
#427=FACE_OUTER_BOUND('',#667,.T.);
#428=FACE_OUTER_BOUND('',#668,.T.);
#429=FACE_OUTER_BOUND('',#669,.T.);
#430=FACE_OUTER_BOUND('',#670,.T.);
#431=FACE_OUTER_BOUND('',#671,.T.);
#432=FACE_OUTER_BOUND('',#672,.T.);
#433=FACE_OUTER_BOUND('',#673,.T.);
#434=FACE_OUTER_BOUND('',#674,.T.);
#435=FACE_OUTER_BOUND('',#675,.T.);
#436=FACE_OUTER_BOUND('',#676,.T.);
#437=FACE_OUTER_BOUND('',#677,.T.);
#438=FACE_OUTER_BOUND('',#678,.T.);
#439=FACE_OUTER_BOUND('',#679,.T.);
#440=FACE_OUTER_BOUND('',#680,.T.);
#441=FACE_OUTER_BOUND('',#681,.T.);
#442=FACE_OUTER_BOUND('',#682,.T.);
#443=FACE_OUTER_BOUND('',#683,.T.);
#444=FACE_OUTER_BOUND('',#684,.T.);
#445=FACE_OUTER_BOUND('',#685,.T.);
#446=FACE_OUTER_BOUND('',#686,.T.);
#447=FACE_OUTER_BOUND('',#687,.T.);
#448=FACE_OUTER_BOUND('',#688,.T.);
#449=FACE_OUTER_BOUND('',#689,.T.);
#450=FACE_OUTER_BOUND('',#690,.T.);
#451=FACE_OUTER_BOUND('',#691,.T.);
#452=FACE_OUTER_BOUND('',#692,.T.);
#453=FACE_OUTER_BOUND('',#693,.T.);
#454=FACE_OUTER_BOUND('',#694,.T.);
#455=FACE_OUTER_BOUND('',#695,.T.);
#456=FACE_OUTER_BOUND('',#696,.T.);
#457=FACE_OUTER_BOUND('',#697,.T.);
#458=FACE_OUTER_BOUND('',#698,.T.);
#459=FACE_OUTER_BOUND('',#699,.T.);
#460=FACE_OUTER_BOUND('',#700,.T.);
#461=FACE_OUTER_BOUND('',#701,.T.);
#462=FACE_OUTER_BOUND('',#702,.T.);
#463=FACE_OUTER_BOUND('',#703,.T.);
#464=FACE_OUTER_BOUND('',#704,.T.);
#465=FACE_OUTER_BOUND('',#705,.T.);
#466=FACE_OUTER_BOUND('',#706,.T.);
#467=FACE_OUTER_BOUND('',#707,.T.);
#468=FACE_OUTER_BOUND('',#708,.T.);
#469=FACE_OUTER_BOUND('',#709,.T.);
#470=FACE_OUTER_BOUND('',#710,.T.);
#471=FACE_OUTER_BOUND('',#711,.T.);
#472=FACE_OUTER_BOUND('',#712,.T.);
#473=FACE_OUTER_BOUND('',#713,.T.);
#474=FACE_OUTER_BOUND('',#714,.T.);
#475=FACE_OUTER_BOUND('',#715,.T.);
#476=FACE_OUTER_BOUND('',#716,.T.);
#477=FACE_OUTER_BOUND('',#717,.T.);
#478=FACE_OUTER_BOUND('',#718,.T.);
#479=FACE_OUTER_BOUND('',#719,.T.);
#480=FACE_OUTER_BOUND('',#720,.T.);
#481=FACE_OUTER_BOUND('',#721,.T.);
#482=FACE_OUTER_BOUND('',#722,.T.);
#483=FACE_OUTER_BOUND('',#723,.T.);
#484=FACE_OUTER_BOUND('',#724,.T.);
#485=FACE_OUTER_BOUND('',#725,.T.);
#486=FACE_OUTER_BOUND('',#726,.T.);
#487=FACE_OUTER_BOUND('',#727,.T.);
#488=FACE_OUTER_BOUND('',#728,.T.);
#489=FACE_OUTER_BOUND('',#729,.T.);
#490=FACE_OUTER_BOUND('',#730,.T.);
#491=FACE_OUTER_BOUND('',#731,.T.);
#492=FACE_OUTER_BOUND('',#732,.T.);
#493=FACE_OUTER_BOUND('',#733,.T.);
#494=FACE_OUTER_BOUND('',#734,.T.);
#495=FACE_OUTER_BOUND('',#735,.T.);
#496=FACE_OUTER_BOUND('',#736,.T.);
#497=FACE_OUTER_BOUND('',#751,.T.);
#498=EDGE_LOOP('',(#3294,#3295,#3296,#3297));
#499=EDGE_LOOP('',(#3298,#3299,#3300,#3301));
#500=EDGE_LOOP('',(#3302,#3303,#3304,#3305));
#501=EDGE_LOOP('',(#3306,#3307,#3308,#3309));
#502=EDGE_LOOP('',(#3310,#3311,#3312,#3313));
#503=EDGE_LOOP('',(#3314,#3315,#3316,#3317));
#504=EDGE_LOOP('',(#3318,#3319,#3320,#3321));
#505=EDGE_LOOP('',(#3322,#3323,#3324,#3325));
#506=EDGE_LOOP('',(#3326,#3327,#3328,#3329));
#507=EDGE_LOOP('',(#3330,#3331,#3332,#3333));
#508=EDGE_LOOP('',(#3334,#3335,#3336,#3337));
#509=EDGE_LOOP('',(#3338,#3339,#3340,#3341));
#510=EDGE_LOOP('',(#3342,#3343,#3344,#3345));
#511=EDGE_LOOP('',(#3346,#3347,#3348,#3349));
#512=EDGE_LOOP('',(#3350,#3351,#3352,#3353));
#513=EDGE_LOOP('',(#3354,#3355,#3356,#3357));
#514=EDGE_LOOP('',(#3358,#3359,#3360,#3361));
#515=EDGE_LOOP('',(#3362,#3363,#3364,#3365));
#516=EDGE_LOOP('',(#3366,#3367,#3368,#3369));
#517=EDGE_LOOP('',(#3370,#3371,#3372,#3373));
#518=EDGE_LOOP('',(#3374,#3375,#3376,#3377));
#519=EDGE_LOOP('',(#3378,#3379,#3380,#3381));
#520=EDGE_LOOP('',(#3382,#3383,#3384,#3385));
#521=EDGE_LOOP('',(#3386,#3387,#3388,#3389,#3390,#3391,#3392,#3393,#3394,
#3395,#3396,#3397,#3398,#3399,#3400,#3401,#3402,#3403));
#522=EDGE_LOOP('',(#3404,#3405,#3406,#3407));
#523=EDGE_LOOP('',(#3408,#3409,#3410,#3411));
#524=EDGE_LOOP('',(#3412,#3413,#3414,#3415));
#525=EDGE_LOOP('',(#3416,#3417,#3418,#3419));
#526=EDGE_LOOP('',(#3420,#3421,#3422,#3423));
#527=EDGE_LOOP('',(#3424,#3425,#3426,#3427));
#528=EDGE_LOOP('',(#3428,#3429,#3430,#3431));
#529=EDGE_LOOP('',(#3432,#3433,#3434,#3435));
#530=EDGE_LOOP('',(#3436,#3437,#3438,#3439));
#531=EDGE_LOOP('',(#3440,#3441,#3442,#3443));
#532=EDGE_LOOP('',(#3444,#3445,#3446,#3447));
#533=EDGE_LOOP('',(#3448,#3449,#3450,#3451));
#534=EDGE_LOOP('',(#3452,#3453,#3454,#3455));
#535=EDGE_LOOP('',(#3456,#3457,#3458,#3459));
#536=EDGE_LOOP('',(#3460,#3461,#3462,#3463));
#537=EDGE_LOOP('',(#3464,#3465,#3466,#3467));
#538=EDGE_LOOP('',(#3468,#3469,#3470,#3471));
#539=EDGE_LOOP('',(#3472,#3473,#3474,#3475));
#540=EDGE_LOOP('',(#3476,#3477,#3478,#3479,#3480,#3481,#3482,#3483,#3484,
#3485,#3486,#3487,#3488,#3489,#3490,#3491,#3492,#3493));
#541=EDGE_LOOP('',(#3494,#3495,#3496,#3497));
#542=EDGE_LOOP('',(#3498,#3499,#3500,#3501));
#543=EDGE_LOOP('',(#3502,#3503,#3504,#3505));
#544=EDGE_LOOP('',(#3506,#3507,#3508,#3509));
#545=EDGE_LOOP('',(#3510,#3511,#3512,#3513));
#546=EDGE_LOOP('',(#3514,#3515,#3516,#3517));
#547=EDGE_LOOP('',(#3518,#3519,#3520,#3521));
#548=EDGE_LOOP('',(#3522,#3523,#3524,#3525));
#549=EDGE_LOOP('',(#3526,#3527,#3528,#3529));
#550=EDGE_LOOP('',(#3530,#3531,#3532,#3533));
#551=EDGE_LOOP('',(#3534,#3535,#3536,#3537));
#552=EDGE_LOOP('',(#3538,#3539,#3540,#3541));
#553=EDGE_LOOP('',(#3542,#3543,#3544,#3545));
#554=EDGE_LOOP('',(#3546,#3547,#3548,#3549));
#555=EDGE_LOOP('',(#3550,#3551,#3552,#3553));
#556=EDGE_LOOP('',(#3554,#3555,#3556,#3557));
#557=EDGE_LOOP('',(#3558,#3559,#3560,#3561));
#558=EDGE_LOOP('',(#3562,#3563,#3564,#3565));
#559=EDGE_LOOP('',(#3566,#3567,#3568,#3569,#3570,#3571,#3572,#3573,#3574,
#3575,#3576,#3577,#3578,#3579,#3580,#3581,#3582,#3583));
#560=EDGE_LOOP('',(#3584,#3585,#3586,#3587));
#561=EDGE_LOOP('',(#3588,#3589,#3590,#3591));
#562=EDGE_LOOP('',(#3592,#3593,#3594,#3595));
#563=EDGE_LOOP('',(#3596,#3597,#3598,#3599));
#564=EDGE_LOOP('',(#3600,#3601,#3602,#3603));
#565=EDGE_LOOP('',(#3604,#3605,#3606,#3607));
#566=EDGE_LOOP('',(#3608,#3609,#3610,#3611));
#567=EDGE_LOOP('',(#3612,#3613,#3614,#3615));
#568=EDGE_LOOP('',(#3616,#3617,#3618,#3619));
#569=EDGE_LOOP('',(#3620,#3621,#3622,#3623));
#570=EDGE_LOOP('',(#3624,#3625,#3626,#3627));
#571=EDGE_LOOP('',(#3628,#3629,#3630,#3631));
#572=EDGE_LOOP('',(#3632,#3633,#3634,#3635));
#573=EDGE_LOOP('',(#3636,#3637,#3638,#3639));
#574=EDGE_LOOP('',(#3640,#3641,#3642,#3643));
#575=EDGE_LOOP('',(#3644,#3645,#3646,#3647));
#576=EDGE_LOOP('',(#3648,#3649,#3650,#3651));
#577=EDGE_LOOP('',(#3652,#3653,#3654,#3655));
#578=EDGE_LOOP('',(#3656,#3657,#3658,#3659,#3660,#3661,#3662,#3663,#3664,
#3665,#3666,#3667,#3668,#3669,#3670,#3671,#3672,#3673));
#579=EDGE_LOOP('',(#3674,#3675,#3676,#3677));
#580=EDGE_LOOP('',(#3678,#3679,#3680,#3681));
#581=EDGE_LOOP('',(#3682,#3683,#3684,#3685));
#582=EDGE_LOOP('',(#3686,#3687,#3688,#3689));
#583=EDGE_LOOP('',(#3690,#3691,#3692,#3693));
#584=EDGE_LOOP('',(#3694,#3695,#3696,#3697));
#585=EDGE_LOOP('',(#3698,#3699,#3700,#3701));
#586=EDGE_LOOP('',(#3702,#3703,#3704,#3705));
#587=EDGE_LOOP('',(#3706,#3707,#3708,#3709));
#588=EDGE_LOOP('',(#3710,#3711,#3712,#3713));
#589=EDGE_LOOP('',(#3714,#3715,#3716,#3717));
#590=EDGE_LOOP('',(#3718,#3719,#3720,#3721));
#591=EDGE_LOOP('',(#3722,#3723,#3724,#3725));
#592=EDGE_LOOP('',(#3726,#3727,#3728,#3729));
#593=EDGE_LOOP('',(#3730,#3731,#3732,#3733));
#594=EDGE_LOOP('',(#3734,#3735,#3736,#3737));
#595=EDGE_LOOP('',(#3738,#3739,#3740,#3741));
#596=EDGE_LOOP('',(#3742,#3743,#3744,#3745));
#597=EDGE_LOOP('',(#3746,#3747,#3748,#3749));
#598=EDGE_LOOP('',(#3750,#3751,#3752,#3753));
#599=EDGE_LOOP('',(#3754,#3755,#3756,#3757));
#600=EDGE_LOOP('',(#3758,#3759,#3760,#3761));
#601=EDGE_LOOP('',(#3762,#3763,#3764,#3765));
#602=EDGE_LOOP('',(#3766,#3767,#3768,#3769));
#603=EDGE_LOOP('',(#3770,#3771,#3772,#3773));
#604=EDGE_LOOP('',(#3774,#3775,#3776,#3777));
#605=EDGE_LOOP('',(#3778,#3779,#3780,#3781));
#606=EDGE_LOOP('',(#3782,#3783,#3784,#3785));
#607=EDGE_LOOP('',(#3786,#3787,#3788,#3789));
#608=EDGE_LOOP('',(#3790,#3791,#3792,#3793));
#609=EDGE_LOOP('',(#3794,#3795,#3796,#3797));
#610=EDGE_LOOP('',(#3798,#3799,#3800,#3801));
#611=EDGE_LOOP('',(#3802,#3803,#3804,#3805));
#612=EDGE_LOOP('',(#3806,#3807,#3808,#3809));
#613=EDGE_LOOP('',(#3810,#3811,#3812,#3813));
#614=EDGE_LOOP('',(#3814,#3815,#3816,#3817));
#615=EDGE_LOOP('',(#3818,#3819,#3820,#3821));
#616=EDGE_LOOP('',(#3822,#3823,#3824,#3825));
#617=EDGE_LOOP('',(#3826,#3827,#3828,#3829));
#618=EDGE_LOOP('',(#3830,#3831,#3832,#3833));
#619=EDGE_LOOP('',(#3834,#3835,#3836,#3837));
#620=EDGE_LOOP('',(#3838,#3839,#3840,#3841));
#621=EDGE_LOOP('',(#3842,#3843,#3844,#3845));
#622=EDGE_LOOP('',(#3846,#3847,#3848,#3849));
#623=EDGE_LOOP('',(#3850,#3851,#3852,#3853));
#624=EDGE_LOOP('',(#3854,#3855,#3856,#3857));
#625=EDGE_LOOP('',(#3858,#3859,#3860,#3861));
#626=EDGE_LOOP('',(#3862,#3863,#3864,#3865));
#627=EDGE_LOOP('',(#3866,#3867,#3868,#3869));
#628=EDGE_LOOP('',(#3870,#3871,#3872,#3873));
#629=EDGE_LOOP('',(#3874,#3875,#3876,#3877));
#630=EDGE_LOOP('',(#3878,#3879,#3880,#3881));
#631=EDGE_LOOP('',(#3882,#3883,#3884,#3885));
#632=EDGE_LOOP('',(#3886,#3887,#3888,#3889));
#633=EDGE_LOOP('',(#3890,#3891,#3892,#3893));
#634=EDGE_LOOP('',(#3894,#3895,#3896,#3897));
#635=EDGE_LOOP('',(#3898,#3899,#3900,#3901));
#636=EDGE_LOOP('',(#3902,#3903,#3904,#3905));
#637=EDGE_LOOP('',(#3906,#3907,#3908,#3909));
#638=EDGE_LOOP('',(#3910,#3911,#3912,#3913));
#639=EDGE_LOOP('',(#3914,#3915,#3916,#3917));
#640=EDGE_LOOP('',(#3918,#3919,#3920,#3921));
#641=EDGE_LOOP('',(#3922,#3923,#3924,#3925));
#642=EDGE_LOOP('',(#3926,#3927,#3928,#3929));
#643=EDGE_LOOP('',(#3930,#3931,#3932,#3933));
#644=EDGE_LOOP('',(#3934,#3935,#3936,#3937));
#645=EDGE_LOOP('',(#3938,#3939,#3940,#3941));
#646=EDGE_LOOP('',(#3942,#3943,#3944,#3945));
#647=EDGE_LOOP('',(#3946,#3947,#3948,#3949));
#648=EDGE_LOOP('',(#3950,#3951,#3952,#3953));
#649=EDGE_LOOP('',(#3954,#3955,#3956,#3957));
#650=EDGE_LOOP('',(#3958,#3959,#3960,#3961));
#651=EDGE_LOOP('',(#3962,#3963,#3964,#3965));
#652=EDGE_LOOP('',(#3966,#3967,#3968,#3969));
#653=EDGE_LOOP('',(#3970,#3971,#3972,#3973));
#654=EDGE_LOOP('',(#3974,#3975,#3976,#3977));
#655=EDGE_LOOP('',(#3978,#3979,#3980,#3981));
#656=EDGE_LOOP('',(#3982,#3983,#3984,#3985));
#657=EDGE_LOOP('',(#3986,#3987,#3988,#3989));
#658=EDGE_LOOP('',(#3990,#3991,#3992,#3993));
#659=EDGE_LOOP('',(#3994,#3995,#3996,#3997));
#660=EDGE_LOOP('',(#3998,#3999,#4000,#4001));
#661=EDGE_LOOP('',(#4002,#4003,#4004,#4005));
#662=EDGE_LOOP('',(#4006,#4007,#4008,#4009));
#663=EDGE_LOOP('',(#4010,#4011,#4012,#4013));
#664=EDGE_LOOP('',(#4014,#4015,#4016,#4017));
#665=EDGE_LOOP('',(#4018,#4019,#4020,#4021));
#666=EDGE_LOOP('',(#4022,#4023,#4024,#4025));
#667=EDGE_LOOP('',(#4026,#4027,#4028,#4029));
#668=EDGE_LOOP('',(#4030,#4031,#4032,#4033));
#669=EDGE_LOOP('',(#4034,#4035,#4036,#4037));
#670=EDGE_LOOP('',(#4038,#4039,#4040,#4041));
#671=EDGE_LOOP('',(#4042,#4043,#4044,#4045));
#672=EDGE_LOOP('',(#4046,#4047,#4048,#4049));
#673=EDGE_LOOP('',(#4050,#4051,#4052,#4053));
#674=EDGE_LOOP('',(#4054,#4055,#4056,#4057));
#675=EDGE_LOOP('',(#4058,#4059,#4060,#4061));
#676=EDGE_LOOP('',(#4062,#4063,#4064,#4065));
#677=EDGE_LOOP('',(#4066,#4067,#4068,#4069));
#678=EDGE_LOOP('',(#4070,#4071,#4072,#4073));
#679=EDGE_LOOP('',(#4074,#4075,#4076,#4077));
#680=EDGE_LOOP('',(#4078,#4079,#4080,#4081));
#681=EDGE_LOOP('',(#4082,#4083,#4084,#4085));
#682=EDGE_LOOP('',(#4086,#4087,#4088,#4089));
#683=EDGE_LOOP('',(#4090,#4091,#4092,#4093));
#684=EDGE_LOOP('',(#4094,#4095,#4096,#4097));
#685=EDGE_LOOP('',(#4098,#4099,#4100,#4101));
#686=EDGE_LOOP('',(#4102,#4103,#4104,#4105));
#687=EDGE_LOOP('',(#4106,#4107,#4108,#4109));
#688=EDGE_LOOP('',(#4110,#4111,#4112,#4113));
#689=EDGE_LOOP('',(#4114,#4115,#4116,#4117));
#690=EDGE_LOOP('',(#4118,#4119,#4120,#4121));
#691=EDGE_LOOP('',(#4122,#4123,#4124,#4125));
#692=EDGE_LOOP('',(#4126,#4127,#4128,#4129));
#693=EDGE_LOOP('',(#4130,#4131,#4132,#4133));
#694=EDGE_LOOP('',(#4134,#4135,#4136,#4137));
#695=EDGE_LOOP('',(#4138,#4139,#4140,#4141));
#696=EDGE_LOOP('',(#4142,#4143,#4144,#4145));
#697=EDGE_LOOP('',(#4146,#4147,#4148,#4149));
#698=EDGE_LOOP('',(#4150,#4151,#4152,#4153));
#699=EDGE_LOOP('',(#4154,#4155,#4156,#4157));
#700=EDGE_LOOP('',(#4158,#4159,#4160,#4161));
#701=EDGE_LOOP('',(#4162,#4163,#4164,#4165));
#702=EDGE_LOOP('',(#4166,#4167,#4168,#4169));
#703=EDGE_LOOP('',(#4170,#4171,#4172,#4173));
#704=EDGE_LOOP('',(#4174,#4175,#4176,#4177));
#705=EDGE_LOOP('',(#4178,#4179,#4180,#4181));
#706=EDGE_LOOP('',(#4182,#4183,#4184,#4185));
#707=EDGE_LOOP('',(#4186,#4187,#4188,#4189));
#708=EDGE_LOOP('',(#4190,#4191,#4192,#4193));
#709=EDGE_LOOP('',(#4194,#4195,#4196,#4197));
#710=EDGE_LOOP('',(#4198,#4199,#4200,#4201));
#711=EDGE_LOOP('',(#4202,#4203,#4204,#4205));
#712=EDGE_LOOP('',(#4206,#4207,#4208,#4209));
#713=EDGE_LOOP('',(#4210,#4211,#4212,#4213));
#714=EDGE_LOOP('',(#4214,#4215,#4216,#4217));
#715=EDGE_LOOP('',(#4218,#4219,#4220,#4221));
#716=EDGE_LOOP('',(#4222,#4223,#4224,#4225));
#717=EDGE_LOOP('',(#4226,#4227,#4228,#4229));
#718=EDGE_LOOP('',(#4230,#4231,#4232,#4233));
#719=EDGE_LOOP('',(#4234,#4235,#4236,#4237));
#720=EDGE_LOOP('',(#4238,#4239,#4240,#4241));
#721=EDGE_LOOP('',(#4242,#4243,#4244,#4245));
#722=EDGE_LOOP('',(#4246,#4247,#4248,#4249));
#723=EDGE_LOOP('',(#4250,#4251,#4252,#4253));
#724=EDGE_LOOP('',(#4254,#4255,#4256,#4257));
#725=EDGE_LOOP('',(#4258,#4259,#4260,#4261));
#726=EDGE_LOOP('',(#4262,#4263,#4264,#4265));
#727=EDGE_LOOP('',(#4266,#4267,#4268,#4269));
#728=EDGE_LOOP('',(#4270,#4271,#4272,#4273));
#729=EDGE_LOOP('',(#4274,#4275,#4276,#4277));
#730=EDGE_LOOP('',(#4278,#4279,#4280,#4281));
#731=EDGE_LOOP('',(#4282,#4283,#4284,#4285));
#732=EDGE_LOOP('',(#4286,#4287,#4288,#4289));
#733=EDGE_LOOP('',(#4290,#4291,#4292,#4293));
#734=EDGE_LOOP('',(#4294,#4295,#4296,#4297));
#735=EDGE_LOOP('',(#4298,#4299,#4300,#4301));
#736=EDGE_LOOP('',(#4302,#4303,#4304,#4305,#4306,#4307,#4308,#4309,#4310,
#4311,#4312,#4313,#4314,#4315,#4316,#4317,#4318,#4319,#4320,#4321,#4322,
#4323,#4324,#4325,#4326,#4327,#4328,#4329,#4330,#4331,#4332,#4333,#4334,
#4335,#4336,#4337,#4338,#4339,#4340,#4341,#4342,#4343,#4344,#4345,#4346,
#4347,#4348,#4349,#4350,#4351,#4352,#4353,#4354,#4355,#4356,#4357,#4358,
#4359,#4360,#4361,#4362,#4363,#4364,#4365,#4366,#4367,#4368,#4369,#4370,
#4371,#4372,#4373,#4374,#4375,#4376,#4377,#4378,#4379,#4380,#4381,#4382,
#4383,#4384,#4385,#4386,#4387,#4388,#4389,#4390,#4391,#4392,#4393,#4394,
#4395,#4396,#4397,#4398,#4399,#4400,#4401,#4402,#4403,#4404,#4405,#4406,
#4407,#4408,#4409,#4410,#4411,#4412,#4413,#4414,#4415,#4416,#4417,#4418,
#4419,#4420,#4421,#4422));
#737=EDGE_LOOP('',(#4423));
#738=EDGE_LOOP('',(#4424));
#739=EDGE_LOOP('',(#4425,#4426,#4427,#4428,#4429,#4430,#4431,#4432,#4433,
#4434,#4435,#4436,#4437,#4438,#4439,#4440,#4441,#4442));
#740=EDGE_LOOP('',(#4443,#4444,#4445,#4446,#4447,#4448,#4449,#4450,#4451,
#4452,#4453,#4454,#4455,#4456,#4457,#4458,#4459,#4460));
#741=EDGE_LOOP('',(#4461,#4462,#4463,#4464,#4465,#4466,#4467,#4468,#4469,
#4470,#4471,#4472,#4473,#4474,#4475,#4476,#4477,#4478));
#742=EDGE_LOOP('',(#4479,#4480,#4481,#4482,#4483,#4484,#4485,#4486,#4487,
#4488,#4489,#4490,#4491,#4492,#4493,#4494,#4495,#4496));
#743=EDGE_LOOP('',(#4497,#4498,#4499,#4500));
#744=EDGE_LOOP('',(#4501,#4502,#4503,#4504,#4505,#4506,#4507,#4508));
#745=EDGE_LOOP('',(#4509,#4510,#4511,#4512,#4513,#4514,#4515,#4516));
#746=EDGE_LOOP('',(#4517,#4518,#4519,#4520,#4521,#4522,#4523,#4524));
#747=EDGE_LOOP('',(#4525,#4526,#4527,#4528,#4529,#4530,#4531,#4532));
#748=EDGE_LOOP('',(#4533));
#749=EDGE_LOOP('',(#4534));
#750=EDGE_LOOP('',(#4535));
#751=EDGE_LOOP('',(#4536,#4537,#4538,#4539,#4540,#4541,#4542,#4543,#4544,
#4545,#4546,#4547,#4548,#4549,#4550,#4551,#4552,#4553,#4554,#4555,#4556,
#4557,#4558,#4559,#4560,#4561,#4562,#4563,#4564,#4565,#4566,#4567,#4568,
#4569,#4570,#4571,#4572,#4573,#4574,#4575,#4576,#4577,#4578,#4579,#4580,
#4581,#4582,#4583,#4584,#4585,#4586,#4587,#4588,#4589,#4590,#4591,#4592,
#4593,#4594,#4595,#4596,#4597,#4598,#4599,#4600,#4601,#4602,#4603,#4604,
#4605,#4606,#4607,#4608,#4609,#4610,#4611,#4612,#4613,#4614,#4615,#4616,
#4617,#4618,#4619,#4620,#4621,#4622,#4623,#4624,#4625,#4626,#4627,#4628,
#4629,#4630,#4631,#4632,#4633,#4634,#4635,#4636,#4637,#4638,#4639,#4640,
#4641,#4642,#4643,#4644,#4645,#4646,#4647,#4648,#4649,#4650,#4651,#4652,
#4653,#4654,#4655,#4656));
#752=EDGE_LOOP('',(#4657));
#753=EDGE_LOOP('',(#4658,#4659,#4660,#4661,#4662,#4663,#4664,#4665));
#754=EDGE_LOOP('',(#4666,#4667,#4668,#4669,#4670,#4671,#4672,#4673));
#755=EDGE_LOOP('',(#4674,#4675,#4676,#4677,#4678,#4679,#4680,#4681));
#756=EDGE_LOOP('',(#4682,#4683,#4684,#4685,#4686,#4687,#4688,#4689));
#757=EDGE_LOOP('',(#4690,#4691,#4692,#4693));
#758=EDGE_LOOP('',(#4694));
#759=EDGE_LOOP('',(#4695));
#760=EDGE_LOOP('',(#4696));
#761=EDGE_LOOP('',(#4697));
#762=LINE('',#6486,#1422);
#763=LINE('',#6492,#1423);
#764=LINE('',#6498,#1424);
#765=LINE('',#6504,#1425);
#766=LINE('',#6510,#1426);
#767=LINE('',#6515,#1427);
#768=LINE('',#6517,#1428);
#769=LINE('',#6519,#1429);
#770=LINE('',#6520,#1430);
#771=LINE('',#6523,#1431);
#772=LINE('',#6525,#1432);
#773=LINE('',#6526,#1433);
#774=LINE('',#6529,#1434);
#775=LINE('',#6531,#1435);
#776=LINE('',#6532,#1436);
#777=LINE('',#6535,#1437);
#778=LINE('',#6537,#1438);
#779=LINE('',#6538,#1439);
#780=LINE('',#6541,#1440);
#781=LINE('',#6543,#1441);
#782=LINE('',#6544,#1442);
#783=LINE('',#6547,#1443);
#784=LINE('',#6549,#1444);
#785=LINE('',#6550,#1445);
#786=LINE('',#6553,#1446);
#787=LINE('',#6555,#1447);
#788=LINE('',#6556,#1448);
#789=LINE('',#6559,#1449);
#790=LINE('',#6561,#1450);
#791=LINE('',#6562,#1451);
#792=LINE('',#6565,#1452);
#793=LINE('',#6567,#1453);
#794=LINE('',#6568,#1454);
#795=LINE('',#6571,#1455);
#796=LINE('',#6573,#1456);
#797=LINE('',#6574,#1457);
#798=LINE('',#6577,#1458);
#799=LINE('',#6579,#1459);
#800=LINE('',#6580,#1460);
#801=LINE('',#6583,#1461);
#802=LINE('',#6585,#1462);
#803=LINE('',#6586,#1463);
#804=LINE('',#6589,#1464);
#805=LINE('',#6591,#1465);
#806=LINE('',#6592,#1466);
#807=LINE('',#6595,#1467);
#808=LINE('',#6597,#1468);
#809=LINE('',#6598,#1469);
#810=LINE('',#6601,#1470);
#811=LINE('',#6603,#1471);
#812=LINE('',#6604,#1472);
#813=LINE('',#6607,#1473);
#814=LINE('',#6609,#1474);
#815=LINE('',#6610,#1475);
#816=LINE('',#6613,#1476);
#817=LINE('',#6615,#1477);
#818=LINE('',#6616,#1478);
#819=LINE('',#6618,#1479);
#820=LINE('',#6619,#1480);
#821=LINE('',#6624,#1481);
#822=LINE('',#6626,#1482);
#823=LINE('',#6628,#1483);
#824=LINE('',#6629,#1484);
#825=LINE('',#6632,#1485);
#826=LINE('',#6634,#1486);
#827=LINE('',#6635,#1487);
#828=LINE('',#6638,#1488);
#829=LINE('',#6640,#1489);
#830=LINE('',#6641,#1490);
#831=LINE('',#6644,#1491);
#832=LINE('',#6646,#1492);
#833=LINE('',#6647,#1493);
#834=LINE('',#6650,#1494);
#835=LINE('',#6652,#1495);
#836=LINE('',#6653,#1496);
#837=LINE('',#6656,#1497);
#838=LINE('',#6658,#1498);
#839=LINE('',#6659,#1499);
#840=LINE('',#6662,#1500);
#841=LINE('',#6664,#1501);
#842=LINE('',#6665,#1502);
#843=LINE('',#6668,#1503);
#844=LINE('',#6670,#1504);
#845=LINE('',#6671,#1505);
#846=LINE('',#6674,#1506);
#847=LINE('',#6676,#1507);
#848=LINE('',#6677,#1508);
#849=LINE('',#6680,#1509);
#850=LINE('',#6682,#1510);
#851=LINE('',#6683,#1511);
#852=LINE('',#6686,#1512);
#853=LINE('',#6688,#1513);
#854=LINE('',#6689,#1514);
#855=LINE('',#6692,#1515);
#856=LINE('',#6694,#1516);
#857=LINE('',#6695,#1517);
#858=LINE('',#6698,#1518);
#859=LINE('',#6700,#1519);
#860=LINE('',#6701,#1520);
#861=LINE('',#6704,#1521);
#862=LINE('',#6706,#1522);
#863=LINE('',#6707,#1523);
#864=LINE('',#6710,#1524);
#865=LINE('',#6712,#1525);
#866=LINE('',#6713,#1526);
#867=LINE('',#6716,#1527);
#868=LINE('',#6718,#1528);
#869=LINE('',#6719,#1529);
#870=LINE('',#6722,#1530);
#871=LINE('',#6724,#1531);
#872=LINE('',#6725,#1532);
#873=LINE('',#6727,#1533);
#874=LINE('',#6728,#1534);
#875=LINE('',#6733,#1535);
#876=LINE('',#6735,#1536);
#877=LINE('',#6737,#1537);
#878=LINE('',#6738,#1538);
#879=LINE('',#6741,#1539);
#880=LINE('',#6743,#1540);
#881=LINE('',#6744,#1541);
#882=LINE('',#6747,#1542);
#883=LINE('',#6749,#1543);
#884=LINE('',#6750,#1544);
#885=LINE('',#6753,#1545);
#886=LINE('',#6755,#1546);
#887=LINE('',#6756,#1547);
#888=LINE('',#6759,#1548);
#889=LINE('',#6761,#1549);
#890=LINE('',#6762,#1550);
#891=LINE('',#6765,#1551);
#892=LINE('',#6767,#1552);
#893=LINE('',#6768,#1553);
#894=LINE('',#6771,#1554);
#895=LINE('',#6773,#1555);
#896=LINE('',#6774,#1556);
#897=LINE('',#6777,#1557);
#898=LINE('',#6779,#1558);
#899=LINE('',#6780,#1559);
#900=LINE('',#6783,#1560);
#901=LINE('',#6785,#1561);
#902=LINE('',#6786,#1562);
#903=LINE('',#6789,#1563);
#904=LINE('',#6791,#1564);
#905=LINE('',#6792,#1565);
#906=LINE('',#6795,#1566);
#907=LINE('',#6797,#1567);
#908=LINE('',#6798,#1568);
#909=LINE('',#6801,#1569);
#910=LINE('',#6803,#1570);
#911=LINE('',#6804,#1571);
#912=LINE('',#6807,#1572);
#913=LINE('',#6809,#1573);
#914=LINE('',#6810,#1574);
#915=LINE('',#6813,#1575);
#916=LINE('',#6815,#1576);
#917=LINE('',#6816,#1577);
#918=LINE('',#6819,#1578);
#919=LINE('',#6821,#1579);
#920=LINE('',#6822,#1580);
#921=LINE('',#6825,#1581);
#922=LINE('',#6827,#1582);
#923=LINE('',#6828,#1583);
#924=LINE('',#6831,#1584);
#925=LINE('',#6833,#1585);
#926=LINE('',#6834,#1586);
#927=LINE('',#6836,#1587);
#928=LINE('',#6837,#1588);
#929=LINE('',#6842,#1589);
#930=LINE('',#6844,#1590);
#931=LINE('',#6846,#1591);
#932=LINE('',#6847,#1592);
#933=LINE('',#6850,#1593);
#934=LINE('',#6852,#1594);
#935=LINE('',#6853,#1595);
#936=LINE('',#6856,#1596);
#937=LINE('',#6858,#1597);
#938=LINE('',#6859,#1598);
#939=LINE('',#6862,#1599);
#940=LINE('',#6864,#1600);
#941=LINE('',#6865,#1601);
#942=LINE('',#6868,#1602);
#943=LINE('',#6870,#1603);
#944=LINE('',#6871,#1604);
#945=LINE('',#6874,#1605);
#946=LINE('',#6876,#1606);
#947=LINE('',#6877,#1607);
#948=LINE('',#6880,#1608);
#949=LINE('',#6882,#1609);
#950=LINE('',#6883,#1610);
#951=LINE('',#6886,#1611);
#952=LINE('',#6888,#1612);
#953=LINE('',#6889,#1613);
#954=LINE('',#6892,#1614);
#955=LINE('',#6894,#1615);
#956=LINE('',#6895,#1616);
#957=LINE('',#6898,#1617);
#958=LINE('',#6900,#1618);
#959=LINE('',#6901,#1619);
#960=LINE('',#6904,#1620);
#961=LINE('',#6906,#1621);
#962=LINE('',#6907,#1622);
#963=LINE('',#6910,#1623);
#964=LINE('',#6912,#1624);
#965=LINE('',#6913,#1625);
#966=LINE('',#6916,#1626);
#967=LINE('',#6918,#1627);
#968=LINE('',#6919,#1628);
#969=LINE('',#6922,#1629);
#970=LINE('',#6924,#1630);
#971=LINE('',#6925,#1631);
#972=LINE('',#6928,#1632);
#973=LINE('',#6930,#1633);
#974=LINE('',#6931,#1634);
#975=LINE('',#6934,#1635);
#976=LINE('',#6936,#1636);
#977=LINE('',#6937,#1637);
#978=LINE('',#6940,#1638);
#979=LINE('',#6942,#1639);
#980=LINE('',#6943,#1640);
#981=LINE('',#6945,#1641);
#982=LINE('',#6946,#1642);
#983=LINE('',#6951,#1643);
#984=LINE('',#6953,#1644);
#985=LINE('',#6955,#1645);
#986=LINE('',#6956,#1646);
#987=LINE('',#6962,#1647);
#988=LINE('',#6965,#1648);
#989=LINE('',#6967,#1649);
#990=LINE('',#6968,#1650);
#991=LINE('',#6974,#1651);
#992=LINE('',#6977,#1652);
#993=LINE('',#6979,#1653);
#994=LINE('',#6980,#1654);
#995=LINE('',#6986,#1655);
#996=LINE('',#6989,#1656);
#997=LINE('',#6991,#1657);
#998=LINE('',#6992,#1658);
#999=LINE('',#6999,#1659);
#1000=LINE('',#7001,#1660);
#1001=LINE('',#7003,#1661);
#1002=LINE('',#7004,#1662);
#1003=LINE('',#7010,#1663);
#1004=LINE('',#7013,#1664);
#1005=LINE('',#7015,#1665);
#1006=LINE('',#7016,#1666);
#1007=LINE('',#7022,#1667);
#1008=LINE('',#7025,#1668);
#1009=LINE('',#7027,#1669);
#1010=LINE('',#7028,#1670);
#1011=LINE('',#7034,#1671);
#1012=LINE('',#7037,#1672);
#1013=LINE('',#7039,#1673);
#1014=LINE('',#7040,#1674);
#1015=LINE('',#7047,#1675);
#1016=LINE('',#7049,#1676);
#1017=LINE('',#7051,#1677);
#1018=LINE('',#7052,#1678);
#1019=LINE('',#7058,#1679);
#1020=LINE('',#7061,#1680);
#1021=LINE('',#7063,#1681);
#1022=LINE('',#7064,#1682);
#1023=LINE('',#7070,#1683);
#1024=LINE('',#7073,#1684);
#1025=LINE('',#7075,#1685);
#1026=LINE('',#7076,#1686);
#1027=LINE('',#7082,#1687);
#1028=LINE('',#7085,#1688);
#1029=LINE('',#7087,#1689);
#1030=LINE('',#7088,#1690);
#1031=LINE('',#7095,#1691);
#1032=LINE('',#7097,#1692);
#1033=LINE('',#7099,#1693);
#1034=LINE('',#7100,#1694);
#1035=LINE('',#7106,#1695);
#1036=LINE('',#7109,#1696);
#1037=LINE('',#7111,#1697);
#1038=LINE('',#7112,#1698);
#1039=LINE('',#7118,#1699);
#1040=LINE('',#7121,#1700);
#1041=LINE('',#7123,#1701);
#1042=LINE('',#7124,#1702);
#1043=LINE('',#7130,#1703);
#1044=LINE('',#7133,#1704);
#1045=LINE('',#7135,#1705);
#1046=LINE('',#7136,#1706);
#1047=LINE('',#7143,#1707);
#1048=LINE('',#7145,#1708);
#1049=LINE('',#7147,#1709);
#1050=LINE('',#7148,#1710);
#1051=LINE('',#7151,#1711);
#1052=LINE('',#7153,#1712);
#1053=LINE('',#7154,#1713);
#1054=LINE('',#7157,#1714);
#1055=LINE('',#7159,#1715);
#1056=LINE('',#7160,#1716);
#1057=LINE('',#7162,#1717);
#1058=LINE('',#7163,#1718);
#1059=LINE('',#7167,#1719);
#1060=LINE('',#7169,#1720);
#1061=LINE('',#7171,#1721);
#1062=LINE('',#7172,#1722);
#1063=LINE('',#7175,#1723);
#1064=LINE('',#7177,#1724);
#1065=LINE('',#7178,#1725);
#1066=LINE('',#7181,#1726);
#1067=LINE('',#7183,#1727);
#1068=LINE('',#7184,#1728);
#1069=LINE('',#7187,#1729);
#1070=LINE('',#7189,#1730);
#1071=LINE('',#7190,#1731);
#1072=LINE('',#7193,#1732);
#1073=LINE('',#7195,#1733);
#1074=LINE('',#7196,#1734);
#1075=LINE('',#7199,#1735);
#1076=LINE('',#7201,#1736);
#1077=LINE('',#7202,#1737);
#1078=LINE('',#7205,#1738);
#1079=LINE('',#7207,#1739);
#1080=LINE('',#7208,#1740);
#1081=LINE('',#7211,#1741);
#1082=LINE('',#7213,#1742);
#1083=LINE('',#7214,#1743);
#1084=LINE('',#7217,#1744);
#1085=LINE('',#7219,#1745);
#1086=LINE('',#7220,#1746);
#1087=LINE('',#7223,#1747);
#1088=LINE('',#7225,#1748);
#1089=LINE('',#7226,#1749);
#1090=LINE('',#7229,#1750);
#1091=LINE('',#7231,#1751);
#1092=LINE('',#7232,#1752);
#1093=LINE('',#7235,#1753);
#1094=LINE('',#7237,#1754);
#1095=LINE('',#7238,#1755);
#1096=LINE('',#7241,#1756);
#1097=LINE('',#7243,#1757);
#1098=LINE('',#7244,#1758);
#1099=LINE('',#7247,#1759);
#1100=LINE('',#7249,#1760);
#1101=LINE('',#7250,#1761);
#1102=LINE('',#7253,#1762);
#1103=LINE('',#7255,#1763);
#1104=LINE('',#7256,#1764);
#1105=LINE('',#7259,#1765);
#1106=LINE('',#7261,#1766);
#1107=LINE('',#7262,#1767);
#1108=LINE('',#7265,#1768);
#1109=LINE('',#7267,#1769);
#1110=LINE('',#7268,#1770);
#1111=LINE('',#7271,#1771);
#1112=LINE('',#7273,#1772);
#1113=LINE('',#7274,#1773);
#1114=LINE('',#7277,#1774);
#1115=LINE('',#7279,#1775);
#1116=LINE('',#7280,#1776);
#1117=LINE('',#7283,#1777);
#1118=LINE('',#7285,#1778);
#1119=LINE('',#7286,#1779);
#1120=LINE('',#7289,#1780);
#1121=LINE('',#7291,#1781);
#1122=LINE('',#7292,#1782);
#1123=LINE('',#7295,#1783);
#1124=LINE('',#7297,#1784);
#1125=LINE('',#7298,#1785);
#1126=LINE('',#7301,#1786);
#1127=LINE('',#7303,#1787);
#1128=LINE('',#7304,#1788);
#1129=LINE('',#7307,#1789);
#1130=LINE('',#7309,#1790);
#1131=LINE('',#7310,#1791);
#1132=LINE('',#7313,#1792);
#1133=LINE('',#7315,#1793);
#1134=LINE('',#7316,#1794);
#1135=LINE('',#7319,#1795);
#1136=LINE('',#7321,#1796);
#1137=LINE('',#7322,#1797);
#1138=LINE('',#7325,#1798);
#1139=LINE('',#7327,#1799);
#1140=LINE('',#7328,#1800);
#1141=LINE('',#7331,#1801);
#1142=LINE('',#7333,#1802);
#1143=LINE('',#7334,#1803);
#1144=LINE('',#7337,#1804);
#1145=LINE('',#7339,#1805);
#1146=LINE('',#7340,#1806);
#1147=LINE('',#7343,#1807);
#1148=LINE('',#7345,#1808);
#1149=LINE('',#7346,#1809);
#1150=LINE('',#7349,#1810);
#1151=LINE('',#7351,#1811);
#1152=LINE('',#7352,#1812);
#1153=LINE('',#7355,#1813);
#1154=LINE('',#7357,#1814);
#1155=LINE('',#7358,#1815);
#1156=LINE('',#7361,#1816);
#1157=LINE('',#7363,#1817);
#1158=LINE('',#7364,#1818);
#1159=LINE('',#7367,#1819);
#1160=LINE('',#7369,#1820);
#1161=LINE('',#7370,#1821);
#1162=LINE('',#7373,#1822);
#1163=LINE('',#7375,#1823);
#1164=LINE('',#7376,#1824);
#1165=LINE('',#7379,#1825);
#1166=LINE('',#7381,#1826);
#1167=LINE('',#7382,#1827);
#1168=LINE('',#7385,#1828);
#1169=LINE('',#7387,#1829);
#1170=LINE('',#7388,#1830);
#1171=LINE('',#7391,#1831);
#1172=LINE('',#7393,#1832);
#1173=LINE('',#7394,#1833);
#1174=LINE('',#7397,#1834);
#1175=LINE('',#7399,#1835);
#1176=LINE('',#7400,#1836);
#1177=LINE('',#7403,#1837);
#1178=LINE('',#7405,#1838);
#1179=LINE('',#7406,#1839);
#1180=LINE('',#7409,#1840);
#1181=LINE('',#7411,#1841);
#1182=LINE('',#7412,#1842);
#1183=LINE('',#7415,#1843);
#1184=LINE('',#7417,#1844);
#1185=LINE('',#7418,#1845);
#1186=LINE('',#7421,#1846);
#1187=LINE('',#7423,#1847);
#1188=LINE('',#7424,#1848);
#1189=LINE('',#7427,#1849);
#1190=LINE('',#7429,#1850);
#1191=LINE('',#7430,#1851);
#1192=LINE('',#7433,#1852);
#1193=LINE('',#7435,#1853);
#1194=LINE('',#7436,#1854);
#1195=LINE('',#7439,#1855);
#1196=LINE('',#7441,#1856);
#1197=LINE('',#7442,#1857);
#1198=LINE('',#7445,#1858);
#1199=LINE('',#7447,#1859);
#1200=LINE('',#7448,#1860);
#1201=LINE('',#7451,#1861);
#1202=LINE('',#7453,#1862);
#1203=LINE('',#7454,#1863);
#1204=LINE('',#7457,#1864);
#1205=LINE('',#7459,#1865);
#1206=LINE('',#7460,#1866);
#1207=LINE('',#7463,#1867);
#1208=LINE('',#7465,#1868);
#1209=LINE('',#7466,#1869);
#1210=LINE('',#7469,#1870);
#1211=LINE('',#7471,#1871);
#1212=LINE('',#7472,#1872);
#1213=LINE('',#7475,#1873);
#1214=LINE('',#7477,#1874);
#1215=LINE('',#7478,#1875);
#1216=LINE('',#7481,#1876);
#1217=LINE('',#7483,#1877);
#1218=LINE('',#7484,#1878);
#1219=LINE('',#7487,#1879);
#1220=LINE('',#7489,#1880);
#1221=LINE('',#7490,#1881);
#1222=LINE('',#7493,#1882);
#1223=LINE('',#7495,#1883);
#1224=LINE('',#7496,#1884);
#1225=LINE('',#7499,#1885);
#1226=LINE('',#7501,#1886);
#1227=LINE('',#7502,#1887);
#1228=LINE('',#7505,#1888);
#1229=LINE('',#7507,#1889);
#1230=LINE('',#7508,#1890);
#1231=LINE('',#7511,#1891);
#1232=LINE('',#7513,#1892);
#1233=LINE('',#7514,#1893);
#1234=LINE('',#7517,#1894);
#1235=LINE('',#7519,#1895);
#1236=LINE('',#7520,#1896);
#1237=LINE('',#7523,#1897);
#1238=LINE('',#7525,#1898);
#1239=LINE('',#7526,#1899);
#1240=LINE('',#7529,#1900);
#1241=LINE('',#7531,#1901);
#1242=LINE('',#7532,#1902);
#1243=LINE('',#7535,#1903);
#1244=LINE('',#7537,#1904);
#1245=LINE('',#7538,#1905);
#1246=LINE('',#7541,#1906);
#1247=LINE('',#7543,#1907);
#1248=LINE('',#7544,#1908);
#1249=LINE('',#7547,#1909);
#1250=LINE('',#7549,#1910);
#1251=LINE('',#7550,#1911);
#1252=LINE('',#7553,#1912);
#1253=LINE('',#7555,#1913);
#1254=LINE('',#7556,#1914);
#1255=LINE('',#7559,#1915);
#1256=LINE('',#7561,#1916);
#1257=LINE('',#7562,#1917);
#1258=LINE('',#7565,#1918);
#1259=LINE('',#7567,#1919);
#1260=LINE('',#7568,#1920);
#1261=LINE('',#7571,#1921);
#1262=LINE('',#7573,#1922);
#1263=LINE('',#7574,#1923);
#1264=LINE('',#7577,#1924);
#1265=LINE('',#7579,#1925);
#1266=LINE('',#7580,#1926);
#1267=LINE('',#7583,#1927);
#1268=LINE('',#7585,#1928);
#1269=LINE('',#7586,#1929);
#1270=LINE('',#7589,#1930);
#1271=LINE('',#7591,#1931);
#1272=LINE('',#7592,#1932);
#1273=LINE('',#7595,#1933);
#1274=LINE('',#7597,#1934);
#1275=LINE('',#7598,#1935);
#1276=LINE('',#7601,#1936);
#1277=LINE('',#7603,#1937);
#1278=LINE('',#7604,#1938);
#1279=LINE('',#7607,#1939);
#1280=LINE('',#7609,#1940);
#1281=LINE('',#7610,#1941);
#1282=LINE('',#7613,#1942);
#1283=LINE('',#7615,#1943);
#1284=LINE('',#7616,#1944);
#1285=LINE('',#7619,#1945);
#1286=LINE('',#7621,#1946);
#1287=LINE('',#7622,#1947);
#1288=LINE('',#7625,#1948);
#1289=LINE('',#7627,#1949);
#1290=LINE('',#7628,#1950);
#1291=LINE('',#7631,#1951);
#1292=LINE('',#7633,#1952);
#1293=LINE('',#7634,#1953);
#1294=LINE('',#7637,#1954);
#1295=LINE('',#7639,#1955);
#1296=LINE('',#7640,#1956);
#1297=LINE('',#7643,#1957);
#1298=LINE('',#7645,#1958);
#1299=LINE('',#7646,#1959);
#1300=LINE('',#7649,#1960);
#1301=LINE('',#7651,#1961);
#1302=LINE('',#7652,#1962);
#1303=LINE('',#7655,#1963);
#1304=LINE('',#7657,#1964);
#1305=LINE('',#7658,#1965);
#1306=LINE('',#7661,#1966);
#1307=LINE('',#7663,#1967);
#1308=LINE('',#7664,#1968);
#1309=LINE('',#7667,#1969);
#1310=LINE('',#7669,#1970);
#1311=LINE('',#7670,#1971);
#1312=LINE('',#7673,#1972);
#1313=LINE('',#7675,#1973);
#1314=LINE('',#7676,#1974);
#1315=LINE('',#7679,#1975);
#1316=LINE('',#7681,#1976);
#1317=LINE('',#7682,#1977);
#1318=LINE('',#7685,#1978);
#1319=LINE('',#7687,#1979);
#1320=LINE('',#7688,#1980);
#1321=LINE('',#7691,#1981);
#1322=LINE('',#7693,#1982);
#1323=LINE('',#7694,#1983);
#1324=LINE('',#7697,#1984);
#1325=LINE('',#7699,#1985);
#1326=LINE('',#7700,#1986);
#1327=LINE('',#7703,#1987);
#1328=LINE('',#7705,#1988);
#1329=LINE('',#7706,#1989);
#1330=LINE('',#7709,#1990);
#1331=LINE('',#7711,#1991);
#1332=LINE('',#7712,#1992);
#1333=LINE('',#7715,#1993);
#1334=LINE('',#7717,#1994);
#1335=LINE('',#7718,#1995);
#1336=LINE('',#7721,#1996);
#1337=LINE('',#7723,#1997);
#1338=LINE('',#7724,#1998);
#1339=LINE('',#7727,#1999);
#1340=LINE('',#7729,#2000);
#1341=LINE('',#7730,#2001);
#1342=LINE('',#7733,#2002);
#1343=LINE('',#7735,#2003);
#1344=LINE('',#7736,#2004);
#1345=LINE('',#7739,#2005);
#1346=LINE('',#7741,#2006);
#1347=LINE('',#7742,#2007);
#1348=LINE('',#7745,#2008);
#1349=LINE('',#7747,#2009);
#1350=LINE('',#7748,#2010);
#1351=LINE('',#7751,#2011);
#1352=LINE('',#7753,#2012);
#1353=LINE('',#7754,#2013);
#1354=LINE('',#7757,#2014);
#1355=LINE('',#7759,#2015);
#1356=LINE('',#7760,#2016);
#1357=LINE('',#7763,#2017);
#1358=LINE('',#7765,#2018);
#1359=LINE('',#7766,#2019);
#1360=LINE('',#7769,#2020);
#1361=LINE('',#7771,#2021);
#1362=LINE('',#7772,#2022);
#1363=LINE('',#7775,#2023);
#1364=LINE('',#7777,#2024);
#1365=LINE('',#7778,#2025);
#1366=LINE('',#7781,#2026);
#1367=LINE('',#7783,#2027);
#1368=LINE('',#7784,#2028);
#1369=LINE('',#7787,#2029);
#1370=LINE('',#7789,#2030);
#1371=LINE('',#7790,#2031);
#1372=LINE('',#7793,#2032);
#1373=LINE('',#7795,#2033);
#1374=LINE('',#7796,#2034);
#1375=LINE('',#7799,#2035);
#1376=LINE('',#7801,#2036);
#1377=LINE('',#7802,#2037);
#1378=LINE('',#7805,#2038);
#1379=LINE('',#7807,#2039);
#1380=LINE('',#7808,#2040);
#1381=LINE('',#7811,#2041);
#1382=LINE('',#7813,#2042);
#1383=LINE('',#7814,#2043);
#1384=LINE('',#7817,#2044);
#1385=LINE('',#7819,#2045);
#1386=LINE('',#7820,#2046);
#1387=LINE('',#7823,#2047);
#1388=LINE('',#7825,#2048);
#1389=LINE('',#7826,#2049);
#1390=LINE('',#7829,#2050);
#1391=LINE('',#7831,#2051);
#1392=LINE('',#7832,#2052);
#1393=LINE('',#7835,#2053);
#1394=LINE('',#7837,#2054);
#1395=LINE('',#7838,#2055);
#1396=LINE('',#7841,#2056);
#1397=LINE('',#7843,#2057);
#1398=LINE('',#7844,#2058);
#1399=LINE('',#7847,#2059);
#1400=LINE('',#7849,#2060);
#1401=LINE('',#7850,#2061);
#1402=LINE('',#7853,#2062);
#1403=LINE('',#7855,#2063);
#1404=LINE('',#7856,#2064);
#1405=LINE('',#7859,#2065);
#1406=LINE('',#7861,#2066);
#1407=LINE('',#7862,#2067);
#1408=LINE('',#7865,#2068);
#1409=LINE('',#7867,#2069);
#1410=LINE('',#7868,#2070);
#1411=LINE('',#7871,#2071);
#1412=LINE('',#7873,#2072);
#1413=LINE('',#7874,#2073);
#1414=LINE('',#7877,#2074);
#1415=LINE('',#7879,#2075);
#1416=LINE('',#7880,#2076);
#1417=LINE('',#7883,#2077);
#1418=LINE('',#7885,#2078);
#1419=LINE('',#7886,#2079);
#1420=LINE('',#7888,#2080);
#1421=LINE('',#7889,#2081);
#1422=VECTOR('',#5261,0.999999999999996);
#1423=VECTOR('',#5268,1.00000000000001);
#1424=VECTOR('',#5275,0.999999999999996);
#1425=VECTOR('',#5282,1.);
#1426=VECTOR('',#5289,1.00000000000001);
#1427=VECTOR('',#5294,10.);
#1428=VECTOR('',#5295,10.);
#1429=VECTOR('',#5296,10.);
#1430=VECTOR('',#5297,10.);
#1431=VECTOR('',#5300,10.);
#1432=VECTOR('',#5301,10.);
#1433=VECTOR('',#5302,10.);
#1434=VECTOR('',#5305,10.);
#1435=VECTOR('',#5306,10.);
#1436=VECTOR('',#5307,10.);
#1437=VECTOR('',#5310,10.);
#1438=VECTOR('',#5311,10.);
#1439=VECTOR('',#5312,10.);
#1440=VECTOR('',#5315,10.);
#1441=VECTOR('',#5316,10.);
#1442=VECTOR('',#5317,10.);
#1443=VECTOR('',#5320,10.);
#1444=VECTOR('',#5321,10.);
#1445=VECTOR('',#5322,10.);
#1446=VECTOR('',#5325,10.);
#1447=VECTOR('',#5326,10.);
#1448=VECTOR('',#5327,10.);
#1449=VECTOR('',#5330,10.);
#1450=VECTOR('',#5331,10.);
#1451=VECTOR('',#5332,10.);
#1452=VECTOR('',#5335,10.);
#1453=VECTOR('',#5336,10.);
#1454=VECTOR('',#5337,10.);
#1455=VECTOR('',#5340,10.);
#1456=VECTOR('',#5341,10.);
#1457=VECTOR('',#5342,10.);
#1458=VECTOR('',#5345,10.);
#1459=VECTOR('',#5346,10.);
#1460=VECTOR('',#5347,10.);
#1461=VECTOR('',#5350,10.);
#1462=VECTOR('',#5351,10.);
#1463=VECTOR('',#5352,10.);
#1464=VECTOR('',#5355,10.);
#1465=VECTOR('',#5356,10.);
#1466=VECTOR('',#5357,10.);
#1467=VECTOR('',#5360,10.);
#1468=VECTOR('',#5361,10.);
#1469=VECTOR('',#5362,10.);
#1470=VECTOR('',#5365,10.);
#1471=VECTOR('',#5366,10.);
#1472=VECTOR('',#5367,10.);
#1473=VECTOR('',#5370,10.);
#1474=VECTOR('',#5371,10.);
#1475=VECTOR('',#5372,10.);
#1476=VECTOR('',#5375,10.);
#1477=VECTOR('',#5376,10.);
#1478=VECTOR('',#5377,10.);
#1479=VECTOR('',#5380,10.);
#1480=VECTOR('',#5381,10.);
#1481=VECTOR('',#5386,10.);
#1482=VECTOR('',#5387,10.);
#1483=VECTOR('',#5388,10.);
#1484=VECTOR('',#5389,10.);
#1485=VECTOR('',#5392,10.);
#1486=VECTOR('',#5393,10.);
#1487=VECTOR('',#5394,10.);
#1488=VECTOR('',#5397,10.);
#1489=VECTOR('',#5398,10.);
#1490=VECTOR('',#5399,10.);
#1491=VECTOR('',#5402,10.);
#1492=VECTOR('',#5403,10.);
#1493=VECTOR('',#5404,10.);
#1494=VECTOR('',#5407,10.);
#1495=VECTOR('',#5408,10.);
#1496=VECTOR('',#5409,10.);
#1497=VECTOR('',#5412,10.);
#1498=VECTOR('',#5413,10.);
#1499=VECTOR('',#5414,10.);
#1500=VECTOR('',#5417,10.);
#1501=VECTOR('',#5418,10.);
#1502=VECTOR('',#5419,10.);
#1503=VECTOR('',#5422,10.);
#1504=VECTOR('',#5423,10.);
#1505=VECTOR('',#5424,10.);
#1506=VECTOR('',#5427,10.);
#1507=VECTOR('',#5428,10.);
#1508=VECTOR('',#5429,10.);
#1509=VECTOR('',#5432,10.);
#1510=VECTOR('',#5433,10.);
#1511=VECTOR('',#5434,10.);
#1512=VECTOR('',#5437,10.);
#1513=VECTOR('',#5438,10.);
#1514=VECTOR('',#5439,10.);
#1515=VECTOR('',#5442,10.);
#1516=VECTOR('',#5443,10.);
#1517=VECTOR('',#5444,10.);
#1518=VECTOR('',#5447,10.);
#1519=VECTOR('',#5448,10.);
#1520=VECTOR('',#5449,10.);
#1521=VECTOR('',#5452,10.);
#1522=VECTOR('',#5453,10.);
#1523=VECTOR('',#5454,10.);
#1524=VECTOR('',#5457,10.);
#1525=VECTOR('',#5458,10.);
#1526=VECTOR('',#5459,10.);
#1527=VECTOR('',#5462,10.);
#1528=VECTOR('',#5463,10.);
#1529=VECTOR('',#5464,10.);
#1530=VECTOR('',#5467,10.);
#1531=VECTOR('',#5468,10.);
#1532=VECTOR('',#5469,10.);
#1533=VECTOR('',#5472,10.);
#1534=VECTOR('',#5473,10.);
#1535=VECTOR('',#5478,10.);
#1536=VECTOR('',#5479,10.);
#1537=VECTOR('',#5480,10.);
#1538=VECTOR('',#5481,10.);
#1539=VECTOR('',#5484,10.);
#1540=VECTOR('',#5485,10.);
#1541=VECTOR('',#5486,10.);
#1542=VECTOR('',#5489,10.);
#1543=VECTOR('',#5490,10.);
#1544=VECTOR('',#5491,10.);
#1545=VECTOR('',#5494,10.);
#1546=VECTOR('',#5495,10.);
#1547=VECTOR('',#5496,10.);
#1548=VECTOR('',#5499,10.);
#1549=VECTOR('',#5500,10.);
#1550=VECTOR('',#5501,10.);
#1551=VECTOR('',#5504,10.);
#1552=VECTOR('',#5505,10.);
#1553=VECTOR('',#5506,10.);
#1554=VECTOR('',#5509,10.);
#1555=VECTOR('',#5510,10.);
#1556=VECTOR('',#5511,10.);
#1557=VECTOR('',#5514,10.);
#1558=VECTOR('',#5515,10.);
#1559=VECTOR('',#5516,10.);
#1560=VECTOR('',#5519,10.);
#1561=VECTOR('',#5520,10.);
#1562=VECTOR('',#5521,10.);
#1563=VECTOR('',#5524,10.);
#1564=VECTOR('',#5525,10.);
#1565=VECTOR('',#5526,10.);
#1566=VECTOR('',#5529,10.);
#1567=VECTOR('',#5530,10.);
#1568=VECTOR('',#5531,10.);
#1569=VECTOR('',#5534,10.);
#1570=VECTOR('',#5535,10.);
#1571=VECTOR('',#5536,10.);
#1572=VECTOR('',#5539,10.);
#1573=VECTOR('',#5540,10.);
#1574=VECTOR('',#5541,10.);
#1575=VECTOR('',#5544,10.);
#1576=VECTOR('',#5545,10.);
#1577=VECTOR('',#5546,10.);
#1578=VECTOR('',#5549,10.);
#1579=VECTOR('',#5550,10.);
#1580=VECTOR('',#5551,10.);
#1581=VECTOR('',#5554,10.);
#1582=VECTOR('',#5555,10.);
#1583=VECTOR('',#5556,10.);
#1584=VECTOR('',#5559,10.);
#1585=VECTOR('',#5560,10.);
#1586=VECTOR('',#5561,10.);
#1587=VECTOR('',#5564,10.);
#1588=VECTOR('',#5565,10.);
#1589=VECTOR('',#5570,10.);
#1590=VECTOR('',#5571,10.);
#1591=VECTOR('',#5572,10.);
#1592=VECTOR('',#5573,10.);
#1593=VECTOR('',#5576,10.);
#1594=VECTOR('',#5577,10.);
#1595=VECTOR('',#5578,10.);
#1596=VECTOR('',#5581,10.);
#1597=VECTOR('',#5582,10.);
#1598=VECTOR('',#5583,10.);
#1599=VECTOR('',#5586,10.);
#1600=VECTOR('',#5587,10.);
#1601=VECTOR('',#5588,10.);
#1602=VECTOR('',#5591,10.);
#1603=VECTOR('',#5592,10.);
#1604=VECTOR('',#5593,10.);
#1605=VECTOR('',#5596,10.);
#1606=VECTOR('',#5597,10.);
#1607=VECTOR('',#5598,10.);
#1608=VECTOR('',#5601,10.);
#1609=VECTOR('',#5602,10.);
#1610=VECTOR('',#5603,10.);
#1611=VECTOR('',#5606,10.);
#1612=VECTOR('',#5607,10.);
#1613=VECTOR('',#5608,10.);
#1614=VECTOR('',#5611,10.);
#1615=VECTOR('',#5612,10.);
#1616=VECTOR('',#5613,10.);
#1617=VECTOR('',#5616,10.);
#1618=VECTOR('',#5617,10.);
#1619=VECTOR('',#5618,10.);
#1620=VECTOR('',#5621,10.);
#1621=VECTOR('',#5622,10.);
#1622=VECTOR('',#5623,10.);
#1623=VECTOR('',#5626,10.);
#1624=VECTOR('',#5627,10.);
#1625=VECTOR('',#5628,10.);
#1626=VECTOR('',#5631,10.);
#1627=VECTOR('',#5632,10.);
#1628=VECTOR('',#5633,10.);
#1629=VECTOR('',#5636,10.);
#1630=VECTOR('',#5637,10.);
#1631=VECTOR('',#5638,10.);
#1632=VECTOR('',#5641,10.);
#1633=VECTOR('',#5642,10.);
#1634=VECTOR('',#5643,10.);
#1635=VECTOR('',#5646,10.);
#1636=VECTOR('',#5647,10.);
#1637=VECTOR('',#5648,10.);
#1638=VECTOR('',#5651,10.);
#1639=VECTOR('',#5652,10.);
#1640=VECTOR('',#5653,10.);
#1641=VECTOR('',#5656,10.);
#1642=VECTOR('',#5657,10.);
#1643=VECTOR('',#5662,10.);
#1644=VECTOR('',#5663,10.);
#1645=VECTOR('',#5664,10.);
#1646=VECTOR('',#5665,10.);
#1647=VECTOR('',#5672,10.);
#1648=VECTOR('',#5675,10.);
#1649=VECTOR('',#5676,10.);
#1650=VECTOR('',#5677,10.);
#1651=VECTOR('',#5684,10.);
#1652=VECTOR('',#5687,10.);
#1653=VECTOR('',#5688,10.);
#1654=VECTOR('',#5689,10.);
#1655=VECTOR('',#5696,10.);
#1656=VECTOR('',#5699,10.);
#1657=VECTOR('',#5700,10.);
#1658=VECTOR('',#5701,10.);
#1659=VECTOR('',#5710,10.);
#1660=VECTOR('',#5711,10.);
#1661=VECTOR('',#5712,10.);
#1662=VECTOR('',#5713,10.);
#1663=VECTOR('',#5720,10.);
#1664=VECTOR('',#5723,10.);
#1665=VECTOR('',#5724,10.);
#1666=VECTOR('',#5725,10.);
#1667=VECTOR('',#5732,10.);
#1668=VECTOR('',#5735,10.);
#1669=VECTOR('',#5736,10.);
#1670=VECTOR('',#5737,10.);
#1671=VECTOR('',#5744,10.);
#1672=VECTOR('',#5747,10.);
#1673=VECTOR('',#5748,10.);
#1674=VECTOR('',#5749,10.);
#1675=VECTOR('',#5758,10.);
#1676=VECTOR('',#5759,10.);
#1677=VECTOR('',#5760,10.);
#1678=VECTOR('',#5761,10.);
#1679=VECTOR('',#5768,10.);
#1680=VECTOR('',#5771,10.);
#1681=VECTOR('',#5772,10.);
#1682=VECTOR('',#5773,10.);
#1683=VECTOR('',#5780,10.);
#1684=VECTOR('',#5783,10.);
#1685=VECTOR('',#5784,10.);
#1686=VECTOR('',#5785,10.);
#1687=VECTOR('',#5792,10.);
#1688=VECTOR('',#5795,10.);
#1689=VECTOR('',#5796,10.);
#1690=VECTOR('',#5797,10.);
#1691=VECTOR('',#5806,10.);
#1692=VECTOR('',#5807,10.);
#1693=VECTOR('',#5808,10.);
#1694=VECTOR('',#5809,10.);
#1695=VECTOR('',#5816,10.);
#1696=VECTOR('',#5819,10.);
#1697=VECTOR('',#5820,10.);
#1698=VECTOR('',#5821,10.);
#1699=VECTOR('',#5828,10.);
#1700=VECTOR('',#5831,10.);
#1701=VECTOR('',#5832,10.);
#1702=VECTOR('',#5833,10.);
#1703=VECTOR('',#5840,10.);
#1704=VECTOR('',#5843,10.);
#1705=VECTOR('',#5844,10.);
#1706=VECTOR('',#5845,10.);
#1707=VECTOR('',#5854,10.);
#1708=VECTOR('',#5855,10.);
#1709=VECTOR('',#5856,10.);
#1710=VECTOR('',#5857,10.);
#1711=VECTOR('',#5860,10.);
#1712=VECTOR('',#5861,10.);
#1713=VECTOR('',#5862,10.);
#1714=VECTOR('',#5865,10.);
#1715=VECTOR('',#5866,10.);
#1716=VECTOR('',#5867,10.);
#1717=VECTOR('',#5870,10.);
#1718=VECTOR('',#5871,10.);
#1719=VECTOR('',#5874,10.);
#1720=VECTOR('',#5875,10.);
#1721=VECTOR('',#5876,10.);
#1722=VECTOR('',#5877,10.);
#1723=VECTOR('',#5880,10.);
#1724=VECTOR('',#5881,10.);
#1725=VECTOR('',#5882,10.);
#1726=VECTOR('',#5885,10.);
#1727=VECTOR('',#5886,10.);
#1728=VECTOR('',#5887,10.);
#1729=VECTOR('',#5890,10.);
#1730=VECTOR('',#5891,10.);
#1731=VECTOR('',#5892,10.);
#1732=VECTOR('',#5895,10.);
#1733=VECTOR('',#5896,10.);
#1734=VECTOR('',#5897,10.);
#1735=VECTOR('',#5900,10.);
#1736=VECTOR('',#5901,10.);
#1737=VECTOR('',#5902,10.);
#1738=VECTOR('',#5905,10.);
#1739=VECTOR('',#5906,10.);
#1740=VECTOR('',#5907,10.);
#1741=VECTOR('',#5910,10.);
#1742=VECTOR('',#5911,10.);
#1743=VECTOR('',#5912,10.);
#1744=VECTOR('',#5915,10.);
#1745=VECTOR('',#5916,10.);
#1746=VECTOR('',#5917,10.);
#1747=VECTOR('',#5920,10.);
#1748=VECTOR('',#5921,10.);
#1749=VECTOR('',#5922,10.);
#1750=VECTOR('',#5925,10.);
#1751=VECTOR('',#5926,10.);
#1752=VECTOR('',#5927,10.);
#1753=VECTOR('',#5930,10.);
#1754=VECTOR('',#5931,10.);
#1755=VECTOR('',#5932,10.);
#1756=VECTOR('',#5935,10.);
#1757=VECTOR('',#5936,10.);
#1758=VECTOR('',#5937,10.);
#1759=VECTOR('',#5940,10.);
#1760=VECTOR('',#5941,10.);
#1761=VECTOR('',#5942,10.);
#1762=VECTOR('',#5945,10.);
#1763=VECTOR('',#5946,10.);
#1764=VECTOR('',#5947,10.);
#1765=VECTOR('',#5950,10.);
#1766=VECTOR('',#5951,10.);
#1767=VECTOR('',#5952,10.);
#1768=VECTOR('',#5955,10.);
#1769=VECTOR('',#5956,10.);
#1770=VECTOR('',#5957,10.);
#1771=VECTOR('',#5960,10.);
#1772=VECTOR('',#5961,10.);
#1773=VECTOR('',#5962,10.);
#1774=VECTOR('',#5965,10.);
#1775=VECTOR('',#5966,10.);
#1776=VECTOR('',#5967,10.);
#1777=VECTOR('',#5970,10.);
#1778=VECTOR('',#5971,10.);
#1779=VECTOR('',#5972,10.);
#1780=VECTOR('',#5975,10.);
#1781=VECTOR('',#5976,10.);
#1782=VECTOR('',#5977,10.);
#1783=VECTOR('',#5980,10.);
#1784=VECTOR('',#5981,10.);
#1785=VECTOR('',#5982,10.);
#1786=VECTOR('',#5985,10.);
#1787=VECTOR('',#5986,10.);
#1788=VECTOR('',#5987,10.);
#1789=VECTOR('',#5990,10.);
#1790=VECTOR('',#5991,10.);
#1791=VECTOR('',#5992,10.);
#1792=VECTOR('',#5995,10.);
#1793=VECTOR('',#5996,10.);
#1794=VECTOR('',#5997,10.);
#1795=VECTOR('',#6000,10.);
#1796=VECTOR('',#6001,10.);
#1797=VECTOR('',#6002,10.);
#1798=VECTOR('',#6005,10.);
#1799=VECTOR('',#6006,10.);
#1800=VECTOR('',#6007,10.);
#1801=VECTOR('',#6010,10.);
#1802=VECTOR('',#6011,10.);
#1803=VECTOR('',#6012,10.);
#1804=VECTOR('',#6015,10.);
#1805=VECTOR('',#6016,10.);
#1806=VECTOR('',#6017,10.);
#1807=VECTOR('',#6020,10.);
#1808=VECTOR('',#6021,10.);
#1809=VECTOR('',#6022,10.);
#1810=VECTOR('',#6025,10.);
#1811=VECTOR('',#6026,10.);
#1812=VECTOR('',#6027,10.);
#1813=VECTOR('',#6030,10.);
#1814=VECTOR('',#6031,10.);
#1815=VECTOR('',#6032,10.);
#1816=VECTOR('',#6035,10.);
#1817=VECTOR('',#6036,10.);
#1818=VECTOR('',#6037,10.);
#1819=VECTOR('',#6040,10.);
#1820=VECTOR('',#6041,10.);
#1821=VECTOR('',#6042,10.);
#1822=VECTOR('',#6045,10.);
#1823=VECTOR('',#6046,10.);
#1824=VECTOR('',#6047,10.);
#1825=VECTOR('',#6050,10.);
#1826=VECTOR('',#6051,10.);
#1827=VECTOR('',#6052,10.);
#1828=VECTOR('',#6055,10.);
#1829=VECTOR('',#6056,10.);
#1830=VECTOR('',#6057,10.);
#1831=VECTOR('',#6060,10.);
#1832=VECTOR('',#6061,10.);
#1833=VECTOR('',#6062,10.);
#1834=VECTOR('',#6065,10.);
#1835=VECTOR('',#6066,10.);
#1836=VECTOR('',#6067,10.);
#1837=VECTOR('',#6070,10.);
#1838=VECTOR('',#6071,10.);
#1839=VECTOR('',#6072,10.);
#1840=VECTOR('',#6075,10.);
#1841=VECTOR('',#6076,10.);
#1842=VECTOR('',#6077,10.);
#1843=VECTOR('',#6080,10.);
#1844=VECTOR('',#6081,10.);
#1845=VECTOR('',#6082,10.);
#1846=VECTOR('',#6085,10.);
#1847=VECTOR('',#6086,10.);
#1848=VECTOR('',#6087,10.);
#1849=VECTOR('',#6090,10.);
#1850=VECTOR('',#6091,10.);
#1851=VECTOR('',#6092,10.);
#1852=VECTOR('',#6095,10.);
#1853=VECTOR('',#6096,10.);
#1854=VECTOR('',#6097,10.);
#1855=VECTOR('',#6100,10.);
#1856=VECTOR('',#6101,10.);
#1857=VECTOR('',#6102,10.);
#1858=VECTOR('',#6105,10.);
#1859=VECTOR('',#6106,10.);
#1860=VECTOR('',#6107,10.);
#1861=VECTOR('',#6110,10.);
#1862=VECTOR('',#6111,10.);
#1863=VECTOR('',#6112,10.);
#1864=VECTOR('',#6115,10.);
#1865=VECTOR('',#6116,10.);
#1866=VECTOR('',#6117,10.);
#1867=VECTOR('',#6120,10.);
#1868=VECTOR('',#6121,10.);
#1869=VECTOR('',#6122,10.);
#1870=VECTOR('',#6125,10.);
#1871=VECTOR('',#6126,10.);
#1872=VECTOR('',#6127,10.);
#1873=VECTOR('',#6130,10.);
#1874=VECTOR('',#6131,10.);
#1875=VECTOR('',#6132,10.);
#1876=VECTOR('',#6135,10.);
#1877=VECTOR('',#6136,10.);
#1878=VECTOR('',#6137,10.);
#1879=VECTOR('',#6140,10.);
#1880=VECTOR('',#6141,10.);
#1881=VECTOR('',#6142,10.);
#1882=VECTOR('',#6145,10.);
#1883=VECTOR('',#6146,10.);
#1884=VECTOR('',#6147,10.);
#1885=VECTOR('',#6150,10.);
#1886=VECTOR('',#6151,10.);
#1887=VECTOR('',#6152,10.);
#1888=VECTOR('',#6155,10.);
#1889=VECTOR('',#6156,10.);
#1890=VECTOR('',#6157,10.);
#1891=VECTOR('',#6160,10.);
#1892=VECTOR('',#6161,10.);
#1893=VECTOR('',#6162,10.);
#1894=VECTOR('',#6165,10.);
#1895=VECTOR('',#6166,10.);
#1896=VECTOR('',#6167,10.);
#1897=VECTOR('',#6170,10.);
#1898=VECTOR('',#6171,10.);
#1899=VECTOR('',#6172,10.);
#1900=VECTOR('',#6175,10.);
#1901=VECTOR('',#6176,10.);
#1902=VECTOR('',#6177,10.);
#1903=VECTOR('',#6180,10.);
#1904=VECTOR('',#6181,10.);
#1905=VECTOR('',#6182,10.);
#1906=VECTOR('',#6185,10.);
#1907=VECTOR('',#6186,10.);
#1908=VECTOR('',#6187,10.);
#1909=VECTOR('',#6190,10.);
#1910=VECTOR('',#6191,10.);
#1911=VECTOR('',#6192,10.);
#1912=VECTOR('',#6195,10.);
#1913=VECTOR('',#6196,10.);
#1914=VECTOR('',#6197,10.);
#1915=VECTOR('',#6200,10.);
#1916=VECTOR('',#6201,10.);
#1917=VECTOR('',#6202,10.);
#1918=VECTOR('',#6205,10.);
#1919=VECTOR('',#6206,10.);
#1920=VECTOR('',#6207,10.);
#1921=VECTOR('',#6210,10.);
#1922=VECTOR('',#6211,10.);
#1923=VECTOR('',#6212,10.);
#1924=VECTOR('',#6215,10.);
#1925=VECTOR('',#6216,10.);
#1926=VECTOR('',#6217,10.);
#1927=VECTOR('',#6220,10.);
#1928=VECTOR('',#6221,10.);
#1929=VECTOR('',#6222,10.);
#1930=VECTOR('',#6225,10.);
#1931=VECTOR('',#6226,10.);
#1932=VECTOR('',#6227,10.);
#1933=VECTOR('',#6230,10.);
#1934=VECTOR('',#6231,10.);
#1935=VECTOR('',#6232,10.);
#1936=VECTOR('',#6235,10.);
#1937=VECTOR('',#6236,10.);
#1938=VECTOR('',#6237,10.);
#1939=VECTOR('',#6240,10.);
#1940=VECTOR('',#6241,10.);
#1941=VECTOR('',#6242,10.);
#1942=VECTOR('',#6245,10.);
#1943=VECTOR('',#6246,10.);
#1944=VECTOR('',#6247,10.);
#1945=VECTOR('',#6250,10.);
#1946=VECTOR('',#6251,10.);
#1947=VECTOR('',#6252,10.);
#1948=VECTOR('',#6255,10.);
#1949=VECTOR('',#6256,10.);
#1950=VECTOR('',#6257,10.);
#1951=VECTOR('',#6260,10.);
#1952=VECTOR('',#6261,10.);
#1953=VECTOR('',#6262,10.);
#1954=VECTOR('',#6265,10.);
#1955=VECTOR('',#6266,10.);
#1956=VECTOR('',#6267,10.);
#1957=VECTOR('',#6270,10.);
#1958=VECTOR('',#6271,10.);
#1959=VECTOR('',#6272,10.);
#1960=VECTOR('',#6275,10.);
#1961=VECTOR('',#6276,10.);
#1962=VECTOR('',#6277,10.);
#1963=VECTOR('',#6280,10.);
#1964=VECTOR('',#6281,10.);
#1965=VECTOR('',#6282,10.);
#1966=VECTOR('',#6285,10.);
#1967=VECTOR('',#6286,10.);
#1968=VECTOR('',#6287,10.);
#1969=VECTOR('',#6290,10.);
#1970=VECTOR('',#6291,10.);
#1971=VECTOR('',#6292,10.);
#1972=VECTOR('',#6295,10.);
#1973=VECTOR('',#6296,10.);
#1974=VECTOR('',#6297,10.);
#1975=VECTOR('',#6300,10.);
#1976=VECTOR('',#6301,10.);
#1977=VECTOR('',#6302,10.);
#1978=VECTOR('',#6305,10.);
#1979=VECTOR('',#6306,10.);
#1980=VECTOR('',#6307,10.);
#1981=VECTOR('',#6310,10.);
#1982=VECTOR('',#6311,10.);
#1983=VECTOR('',#6312,10.);
#1984=VECTOR('',#6315,10.);
#1985=VECTOR('',#6316,10.);
#1986=VECTOR('',#6317,10.);
#1987=VECTOR('',#6320,10.);
#1988=VECTOR('',#6321,10.);
#1989=VECTOR('',#6322,10.);
#1990=VECTOR('',#6325,10.);
#1991=VECTOR('',#6326,10.);
#1992=VECTOR('',#6327,10.);
#1993=VECTOR('',#6330,10.);
#1994=VECTOR('',#6331,10.);
#1995=VECTOR('',#6332,10.);
#1996=VECTOR('',#6335,10.);
#1997=VECTOR('',#6336,10.);
#1998=VECTOR('',#6337,10.);
#1999=VECTOR('',#6340,10.);
#2000=VECTOR('',#6341,10.);
#2001=VECTOR('',#6342,10.);
#2002=VECTOR('',#6345,10.);
#2003=VECTOR('',#6346,10.);
#2004=VECTOR('',#6347,10.);
#2005=VECTOR('',#6350,10.);
#2006=VECTOR('',#6351,10.);
#2007=VECTOR('',#6352,10.);
#2008=VECTOR('',#6355,10.);
#2009=VECTOR('',#6356,10.);
#2010=VECTOR('',#6357,10.);
#2011=VECTOR('',#6360,10.);
#2012=VECTOR('',#6361,10.);
#2013=VECTOR('',#6362,10.);
#2014=VECTOR('',#6365,10.);
#2015=VECTOR('',#6366,10.);
#2016=VECTOR('',#6367,10.);
#2017=VECTOR('',#6370,10.);
#2018=VECTOR('',#6371,10.);
#2019=VECTOR('',#6372,10.);
#2020=VECTOR('',#6375,10.);
#2021=VECTOR('',#6376,10.);
#2022=VECTOR('',#6377,10.);
#2023=VECTOR('',#6380,10.);
#2024=VECTOR('',#6381,10.);
#2025=VECTOR('',#6382,10.);
#2026=VECTOR('',#6385,10.);
#2027=VECTOR('',#6386,10.);
#2028=VECTOR('',#6387,10.);
#2029=VECTOR('',#6390,10.);
#2030=VECTOR('',#6391,10.);
#2031=VECTOR('',#6392,10.);
#2032=VECTOR('',#6395,10.);
#2033=VECTOR('',#6396,10.);
#2034=VECTOR('',#6397,10.);
#2035=VECTOR('',#6400,10.);
#2036=VECTOR('',#6401,10.);
#2037=VECTOR('',#6402,10.);
#2038=VECTOR('',#6405,10.);
#2039=VECTOR('',#6406,10.);
#2040=VECTOR('',#6407,10.);
#2041=VECTOR('',#6410,10.);
#2042=VECTOR('',#6411,10.);
#2043=VECTOR('',#6412,10.);
#2044=VECTOR('',#6415,10.);
#2045=VECTOR('',#6416,10.);
#2046=VECTOR('',#6417,10.);
#2047=VECTOR('',#6420,10.);
#2048=VECTOR('',#6421,10.);
#2049=VECTOR('',#6422,10.);
#2050=VECTOR('',#6425,10.);
#2051=VECTOR('',#6426,10.);
#2052=VECTOR('',#6427,10.);
#2053=VECTOR('',#6430,10.);
#2054=VECTOR('',#6431,10.);
#2055=VECTOR('',#6432,10.);
#2056=VECTOR('',#6435,10.);
#2057=VECTOR('',#6436,10.);
#2058=VECTOR('',#6437,10.);
#2059=VECTOR('',#6440,10.);
#2060=VECTOR('',#6441,10.);
#2061=VECTOR('',#6442,10.);
#2062=VECTOR('',#6445,10.);
#2063=VECTOR('',#6446,10.);
#2064=VECTOR('',#6447,10.);
#2065=VECTOR('',#6450,10.);
#2066=VECTOR('',#6451,10.);
#2067=VECTOR('',#6452,10.);
#2068=VECTOR('',#6455,10.);
#2069=VECTOR('',#6456,10.);
#2070=VECTOR('',#6457,10.);
#2071=VECTOR('',#6460,10.);
#2072=VECTOR('',#6461,10.);
#2073=VECTOR('',#6462,10.);
#2074=VECTOR('',#6465,10.);
#2075=VECTOR('',#6466,10.);
#2076=VECTOR('',#6467,10.);
#2077=VECTOR('',#6470,10.);
#2078=VECTOR('',#6471,10.);
#2079=VECTOR('',#6472,10.);
#2080=VECTOR('',#6475,10.);
#2081=VECTOR('',#6476,10.);
#2082=CIRCLE('',#4974,0.999999999999996);
#2083=CIRCLE('',#4975,0.999999999999996);
#2084=CIRCLE('',#4977,1.00000000000001);
#2085=CIRCLE('',#4978,1.00000000000001);
#2086=CIRCLE('',#4980,0.999999999999996);
#2087=CIRCLE('',#4981,0.999999999999996);
#2088=CIRCLE('',#4983,1.);
#2089=CIRCLE('',#4984,1.);
#2090=CIRCLE('',#4986,1.00000000000001);
#2091=CIRCLE('',#4987,1.00000000000001);
#2092=CIRCLE('',#5066,0.399999999999991);
#2093=CIRCLE('',#5067,0.399999999999991);
#2094=CIRCLE('',#5070,0.4);
#2095=CIRCLE('',#5071,0.4);
#2096=CIRCLE('',#5074,0.399999999999991);
#2097=CIRCLE('',#5075,0.399999999999991);
#2098=CIRCLE('',#5078,0.4);
#2099=CIRCLE('',#5079,0.4);
#2100=CIRCLE('',#5082,0.399999999999991);
#2101=CIRCLE('',#5083,0.399999999999991);
#2102=CIRCLE('',#5086,0.399999999999991);
#2103=CIRCLE('',#5087,0.399999999999991);
#2104=CIRCLE('',#5090,0.4);
#2105=CIRCLE('',#5091,0.4);
#2106=CIRCLE('',#5094,0.399999999999991);
#2107=CIRCLE('',#5095,0.399999999999991);
#2108=CIRCLE('',#5098,0.4);
#2109=CIRCLE('',#5099,0.4);
#2110=CIRCLE('',#5102,0.399999999999991);
#2111=CIRCLE('',#5103,0.399999999999991);
#2112=CIRCLE('',#5106,0.4);
#2113=CIRCLE('',#5107,0.4);
#2114=CIRCLE('',#5110,0.399999999999991);
#2115=CIRCLE('',#5111,0.399999999999991);
#2116=CIRCLE('',#5114,0.399999999999991);
#2117=CIRCLE('',#5115,0.399999999999991);
#2118=CIRCLE('',#5118,0.399999999999991);
#2119=CIRCLE('',#5119,0.399999999999991);
#2120=CIRCLE('',#5122,0.399999999999991);
#2121=CIRCLE('',#5123,0.399999999999991);
#2122=CIRCLE('',#5126,0.399999999999991);
#2123=CIRCLE('',#5127,0.399999999999991);
#2124=VERTEX_POINT('',#6483);
#2125=VERTEX_POINT('',#6485);
#2126=VERTEX_POINT('',#6489);
#2127=VERTEX_POINT('',#6491);
#2128=VERTEX_POINT('',#6495);
#2129=VERTEX_POINT('',#6497);
#2130=VERTEX_POINT('',#6501);
#2131=VERTEX_POINT('',#6503);
#2132=VERTEX_POINT('',#6507);
#2133=VERTEX_POINT('',#6509);
#2134=VERTEX_POINT('',#6513);
#2135=VERTEX_POINT('',#6514);
#2136=VERTEX_POINT('',#6516);
#2137=VERTEX_POINT('',#6518);
#2138=VERTEX_POINT('',#6522);
#2139=VERTEX_POINT('',#6524);
#2140=VERTEX_POINT('',#6528);
#2141=VERTEX_POINT('',#6530);
#2142=VERTEX_POINT('',#6534);
#2143=VERTEX_POINT('',#6536);
#2144=VERTEX_POINT('',#6540);
#2145=VERTEX_POINT('',#6542);
#2146=VERTEX_POINT('',#6546);
#2147=VERTEX_POINT('',#6548);
#2148=VERTEX_POINT('',#6552);
#2149=VERTEX_POINT('',#6554);
#2150=VERTEX_POINT('',#6558);
#2151=VERTEX_POINT('',#6560);
#2152=VERTEX_POINT('',#6564);
#2153=VERTEX_POINT('',#6566);
#2154=VERTEX_POINT('',#6570);
#2155=VERTEX_POINT('',#6572);
#2156=VERTEX_POINT('',#6576);
#2157=VERTEX_POINT('',#6578);
#2158=VERTEX_POINT('',#6582);
#2159=VERTEX_POINT('',#6584);
#2160=VERTEX_POINT('',#6588);
#2161=VERTEX_POINT('',#6590);
#2162=VERTEX_POINT('',#6594);
#2163=VERTEX_POINT('',#6596);
#2164=VERTEX_POINT('',#6600);
#2165=VERTEX_POINT('',#6602);
#2166=VERTEX_POINT('',#6606);
#2167=VERTEX_POINT('',#6608);
#2168=VERTEX_POINT('',#6612);
#2169=VERTEX_POINT('',#6614);
#2170=VERTEX_POINT('',#6622);
#2171=VERTEX_POINT('',#6623);
#2172=VERTEX_POINT('',#6625);
#2173=VERTEX_POINT('',#6627);
#2174=VERTEX_POINT('',#6631);
#2175=VERTEX_POINT('',#6633);
#2176=VERTEX_POINT('',#6637);
#2177=VERTEX_POINT('',#6639);
#2178=VERTEX_POINT('',#6643);
#2179=VERTEX_POINT('',#6645);
#2180=VERTEX_POINT('',#6649);
#2181=VERTEX_POINT('',#6651);
#2182=VERTEX_POINT('',#6655);
#2183=VERTEX_POINT('',#6657);
#2184=VERTEX_POINT('',#6661);
#2185=VERTEX_POINT('',#6663);
#2186=VERTEX_POINT('',#6667);
#2187=VERTEX_POINT('',#6669);
#2188=VERTEX_POINT('',#6673);
#2189=VERTEX_POINT('',#6675);
#2190=VERTEX_POINT('',#6679);
#2191=VERTEX_POINT('',#6681);
#2192=VERTEX_POINT('',#6685);
#2193=VERTEX_POINT('',#6687);
#2194=VERTEX_POINT('',#6691);
#2195=VERTEX_POINT('',#6693);
#2196=VERTEX_POINT('',#6697);
#2197=VERTEX_POINT('',#6699);
#2198=VERTEX_POINT('',#6703);
#2199=VERTEX_POINT('',#6705);
#2200=VERTEX_POINT('',#6709);
#2201=VERTEX_POINT('',#6711);
#2202=VERTEX_POINT('',#6715);
#2203=VERTEX_POINT('',#6717);
#2204=VERTEX_POINT('',#6721);
#2205=VERTEX_POINT('',#6723);
#2206=VERTEX_POINT('',#6731);
#2207=VERTEX_POINT('',#6732);
#2208=VERTEX_POINT('',#6734);
#2209=VERTEX_POINT('',#6736);
#2210=VERTEX_POINT('',#6740);
#2211=VERTEX_POINT('',#6742);
#2212=VERTEX_POINT('',#6746);
#2213=VERTEX_POINT('',#6748);
#2214=VERTEX_POINT('',#6752);
#2215=VERTEX_POINT('',#6754);
#2216=VERTEX_POINT('',#6758);
#2217=VERTEX_POINT('',#6760);
#2218=VERTEX_POINT('',#6764);
#2219=VERTEX_POINT('',#6766);
#2220=VERTEX_POINT('',#6770);
#2221=VERTEX_POINT('',#6772);
#2222=VERTEX_POINT('',#6776);
#2223=VERTEX_POINT('',#6778);
#2224=VERTEX_POINT('',#6782);
#2225=VERTEX_POINT('',#6784);
#2226=VERTEX_POINT('',#6788);
#2227=VERTEX_POINT('',#6790);
#2228=VERTEX_POINT('',#6794);
#2229=VERTEX_POINT('',#6796);
#2230=VERTEX_POINT('',#6800);
#2231=VERTEX_POINT('',#6802);
#2232=VERTEX_POINT('',#6806);
#2233=VERTEX_POINT('',#6808);
#2234=VERTEX_POINT('',#6812);
#2235=VERTEX_POINT('',#6814);
#2236=VERTEX_POINT('',#6818);
#2237=VERTEX_POINT('',#6820);
#2238=VERTEX_POINT('',#6824);
#2239=VERTEX_POINT('',#6826);
#2240=VERTEX_POINT('',#6830);
#2241=VERTEX_POINT('',#6832);
#2242=VERTEX_POINT('',#6840);
#2243=VERTEX_POINT('',#6841);
#2244=VERTEX_POINT('',#6843);
#2245=VERTEX_POINT('',#6845);
#2246=VERTEX_POINT('',#6849);
#2247=VERTEX_POINT('',#6851);
#2248=VERTEX_POINT('',#6855);
#2249=VERTEX_POINT('',#6857);
#2250=VERTEX_POINT('',#6861);
#2251=VERTEX_POINT('',#6863);
#2252=VERTEX_POINT('',#6867);
#2253=VERTEX_POINT('',#6869);
#2254=VERTEX_POINT('',#6873);
#2255=VERTEX_POINT('',#6875);
#2256=VERTEX_POINT('',#6879);
#2257=VERTEX_POINT('',#6881);
#2258=VERTEX_POINT('',#6885);
#2259=VERTEX_POINT('',#6887);
#2260=VERTEX_POINT('',#6891);
#2261=VERTEX_POINT('',#6893);
#2262=VERTEX_POINT('',#6897);
#2263=VERTEX_POINT('',#6899);
#2264=VERTEX_POINT('',#6903);
#2265=VERTEX_POINT('',#6905);
#2266=VERTEX_POINT('',#6909);
#2267=VERTEX_POINT('',#6911);
#2268=VERTEX_POINT('',#6915);
#2269=VERTEX_POINT('',#6917);
#2270=VERTEX_POINT('',#6921);
#2271=VERTEX_POINT('',#6923);
#2272=VERTEX_POINT('',#6927);
#2273=VERTEX_POINT('',#6929);
#2274=VERTEX_POINT('',#6933);
#2275=VERTEX_POINT('',#6935);
#2276=VERTEX_POINT('',#6939);
#2277=VERTEX_POINT('',#6941);
#2278=VERTEX_POINT('',#6949);
#2279=VERTEX_POINT('',#6950);
#2280=VERTEX_POINT('',#6952);
#2281=VERTEX_POINT('',#6954);
#2282=VERTEX_POINT('',#6958);
#2283=VERTEX_POINT('',#6960);
#2284=VERTEX_POINT('',#6964);
#2285=VERTEX_POINT('',#6966);
#2286=VERTEX_POINT('',#6970);
#2287=VERTEX_POINT('',#6972);
#2288=VERTEX_POINT('',#6976);
#2289=VERTEX_POINT('',#6978);
#2290=VERTEX_POINT('',#6982);
#2291=VERTEX_POINT('',#6984);
#2292=VERTEX_POINT('',#6988);
#2293=VERTEX_POINT('',#6990);
#2294=VERTEX_POINT('',#6997);
#2295=VERTEX_POINT('',#6998);
#2296=VERTEX_POINT('',#7000);
#2297=VERTEX_POINT('',#7002);
#2298=VERTEX_POINT('',#7006);
#2299=VERTEX_POINT('',#7008);
#2300=VERTEX_POINT('',#7012);
#2301=VERTEX_POINT('',#7014);
#2302=VERTEX_POINT('',#7018);
#2303=VERTEX_POINT('',#7020);
#2304=VERTEX_POINT('',#7024);
#2305=VERTEX_POINT('',#7026);
#2306=VERTEX_POINT('',#7030);
#2307=VERTEX_POINT('',#7032);
#2308=VERTEX_POINT('',#7036);
#2309=VERTEX_POINT('',#7038);
#2310=VERTEX_POINT('',#7045);
#2311=VERTEX_POINT('',#7046);
#2312=VERTEX_POINT('',#7048);
#2313=VERTEX_POINT('',#7050);
#2314=VERTEX_POINT('',#7054);
#2315=VERTEX_POINT('',#7056);
#2316=VERTEX_POINT('',#7060);
#2317=VERTEX_POINT('',#7062);
#2318=VERTEX_POINT('',#7066);
#2319=VERTEX_POINT('',#7068);
#2320=VERTEX_POINT('',#7072);
#2321=VERTEX_POINT('',#7074);
#2322=VERTEX_POINT('',#7078);
#2323=VERTEX_POINT('',#7080);
#2324=VERTEX_POINT('',#7084);
#2325=VERTEX_POINT('',#7086);
#2326=VERTEX_POINT('',#7093);
#2327=VERTEX_POINT('',#7094);
#2328=VERTEX_POINT('',#7096);
#2329=VERTEX_POINT('',#7098);
#2330=VERTEX_POINT('',#7102);
#2331=VERTEX_POINT('',#7104);
#2332=VERTEX_POINT('',#7108);
#2333=VERTEX_POINT('',#7110);
#2334=VERTEX_POINT('',#7114);
#2335=VERTEX_POINT('',#7116);
#2336=VERTEX_POINT('',#7120);
#2337=VERTEX_POINT('',#7122);
#2338=VERTEX_POINT('',#7126);
#2339=VERTEX_POINT('',#7128);
#2340=VERTEX_POINT('',#7132);
#2341=VERTEX_POINT('',#7134);
#2342=VERTEX_POINT('',#7141);
#2343=VERTEX_POINT('',#7142);
#2344=VERTEX_POINT('',#7144);
#2345=VERTEX_POINT('',#7146);
#2346=VERTEX_POINT('',#7150);
#2347=VERTEX_POINT('',#7152);
#2348=VERTEX_POINT('',#7156);
#2349=VERTEX_POINT('',#7158);
#2350=VERTEX_POINT('',#7165);
#2351=VERTEX_POINT('',#7166);
#2352=VERTEX_POINT('',#7168);
#2353=VERTEX_POINT('',#7170);
#2354=VERTEX_POINT('',#7174);
#2355=VERTEX_POINT('',#7176);
#2356=VERTEX_POINT('',#7180);
#2357=VERTEX_POINT('',#7182);
#2358=VERTEX_POINT('',#7186);
#2359=VERTEX_POINT('',#7188);
#2360=VERTEX_POINT('',#7192);
#2361=VERTEX_POINT('',#7194);
#2362=VERTEX_POINT('',#7198);
#2363=VERTEX_POINT('',#7200);
#2364=VERTEX_POINT('',#7204);
#2365=VERTEX_POINT('',#7206);
#2366=VERTEX_POINT('',#7210);
#2367=VERTEX_POINT('',#7212);
#2368=VERTEX_POINT('',#7216);
#2369=VERTEX_POINT('',#7218);
#2370=VERTEX_POINT('',#7222);
#2371=VERTEX_POINT('',#7224);
#2372=VERTEX_POINT('',#7228);
#2373=VERTEX_POINT('',#7230);
#2374=VERTEX_POINT('',#7234);
#2375=VERTEX_POINT('',#7236);
#2376=VERTEX_POINT('',#7240);
#2377=VERTEX_POINT('',#7242);
#2378=VERTEX_POINT('',#7246);
#2379=VERTEX_POINT('',#7248);
#2380=VERTEX_POINT('',#7252);
#2381=VERTEX_POINT('',#7254);
#2382=VERTEX_POINT('',#7258);
#2383=VERTEX_POINT('',#7260);
#2384=VERTEX_POINT('',#7264);
#2385=VERTEX_POINT('',#7266);
#2386=VERTEX_POINT('',#7270);
#2387=VERTEX_POINT('',#7272);
#2388=VERTEX_POINT('',#7276);
#2389=VERTEX_POINT('',#7278);
#2390=VERTEX_POINT('',#7282);
#2391=VERTEX_POINT('',#7284);
#2392=VERTEX_POINT('',#7288);
#2393=VERTEX_POINT('',#7290);
#2394=VERTEX_POINT('',#7294);
#2395=VERTEX_POINT('',#7296);
#2396=VERTEX_POINT('',#7300);
#2397=VERTEX_POINT('',#7302);
#2398=VERTEX_POINT('',#7306);
#2399=VERTEX_POINT('',#7308);
#2400=VERTEX_POINT('',#7312);
#2401=VERTEX_POINT('',#7314);
#2402=VERTEX_POINT('',#7318);
#2403=VERTEX_POINT('',#7320);
#2404=VERTEX_POINT('',#7324);
#2405=VERTEX_POINT('',#7326);
#2406=VERTEX_POINT('',#7330);
#2407=VERTEX_POINT('',#7332);
#2408=VERTEX_POINT('',#7336);
#2409=VERTEX_POINT('',#7338);
#2410=VERTEX_POINT('',#7342);
#2411=VERTEX_POINT('',#7344);
#2412=VERTEX_POINT('',#7348);
#2413=VERTEX_POINT('',#7350);
#2414=VERTEX_POINT('',#7354);
#2415=VERTEX_POINT('',#7356);
#2416=VERTEX_POINT('',#7360);
#2417=VERTEX_POINT('',#7362);
#2418=VERTEX_POINT('',#7366);
#2419=VERTEX_POINT('',#7368);
#2420=VERTEX_POINT('',#7372);
#2421=VERTEX_POINT('',#7374);
#2422=VERTEX_POINT('',#7378);
#2423=VERTEX_POINT('',#7380);
#2424=VERTEX_POINT('',#7384);
#2425=VERTEX_POINT('',#7386);
#2426=VERTEX_POINT('',#7390);
#2427=VERTEX_POINT('',#7392);
#2428=VERTEX_POINT('',#7396);
#2429=VERTEX_POINT('',#7398);
#2430=VERTEX_POINT('',#7402);
#2431=VERTEX_POINT('',#7404);
#2432=VERTEX_POINT('',#7408);
#2433=VERTEX_POINT('',#7410);
#2434=VERTEX_POINT('',#7414);
#2435=VERTEX_POINT('',#7416);
#2436=VERTEX_POINT('',#7420);
#2437=VERTEX_POINT('',#7422);
#2438=VERTEX_POINT('',#7426);
#2439=VERTEX_POINT('',#7428);
#2440=VERTEX_POINT('',#7432);
#2441=VERTEX_POINT('',#7434);
#2442=VERTEX_POINT('',#7438);
#2443=VERTEX_POINT('',#7440);
#2444=VERTEX_POINT('',#7444);
#2445=VERTEX_POINT('',#7446);
#2446=VERTEX_POINT('',#7450);
#2447=VERTEX_POINT('',#7452);
#2448=VERTEX_POINT('',#7456);
#2449=VERTEX_POINT('',#7458);
#2450=VERTEX_POINT('',#7462);
#2451=VERTEX_POINT('',#7464);
#2452=VERTEX_POINT('',#7468);
#2453=VERTEX_POINT('',#7470);
#2454=VERTEX_POINT('',#7474);
#2455=VERTEX_POINT('',#7476);
#2456=VERTEX_POINT('',#7480);
#2457=VERTEX_POINT('',#7482);
#2458=VERTEX_POINT('',#7486);
#2459=VERTEX_POINT('',#7488);
#2460=VERTEX_POINT('',#7492);
#2461=VERTEX_POINT('',#7494);
#2462=VERTEX_POINT('',#7498);
#2463=VERTEX_POINT('',#7500);
#2464=VERTEX_POINT('',#7504);
#2465=VERTEX_POINT('',#7506);
#2466=VERTEX_POINT('',#7510);
#2467=VERTEX_POINT('',#7512);
#2468=VERTEX_POINT('',#7516);
#2469=VERTEX_POINT('',#7518);
#2470=VERTEX_POINT('',#7522);
#2471=VERTEX_POINT('',#7524);
#2472=VERTEX_POINT('',#7528);
#2473=VERTEX_POINT('',#7530);
#2474=VERTEX_POINT('',#7534);
#2475=VERTEX_POINT('',#7536);
#2476=VERTEX_POINT('',#7540);
#2477=VERTEX_POINT('',#7542);
#2478=VERTEX_POINT('',#7546);
#2479=VERTEX_POINT('',#7548);
#2480=VERTEX_POINT('',#7552);
#2481=VERTEX_POINT('',#7554);
#2482=VERTEX_POINT('',#7558);
#2483=VERTEX_POINT('',#7560);
#2484=VERTEX_POINT('',#7564);
#2485=VERTEX_POINT('',#7566);
#2486=VERTEX_POINT('',#7570);
#2487=VERTEX_POINT('',#7572);
#2488=VERTEX_POINT('',#7576);
#2489=VERTEX_POINT('',#7578);
#2490=VERTEX_POINT('',#7582);
#2491=VERTEX_POINT('',#7584);
#2492=VERTEX_POINT('',#7588);
#2493=VERTEX_POINT('',#7590);
#2494=VERTEX_POINT('',#7594);
#2495=VERTEX_POINT('',#7596);
#2496=VERTEX_POINT('',#7600);
#2497=VERTEX_POINT('',#7602);
#2498=VERTEX_POINT('',#7606);
#2499=VERTEX_POINT('',#7608);
#2500=VERTEX_POINT('',#7612);
#2501=VERTEX_POINT('',#7614);
#2502=VERTEX_POINT('',#7618);
#2503=VERTEX_POINT('',#7620);
#2504=VERTEX_POINT('',#7624);
#2505=VERTEX_POINT('',#7626);
#2506=VERTEX_POINT('',#7630);
#2507=VERTEX_POINT('',#7632);
#2508=VERTEX_POINT('',#7636);
#2509=VERTEX_POINT('',#7638);
#2510=VERTEX_POINT('',#7642);
#2511=VERTEX_POINT('',#7644);
#2512=VERTEX_POINT('',#7648);
#2513=VERTEX_POINT('',#7650);
#2514=VERTEX_POINT('',#7654);
#2515=VERTEX_POINT('',#7656);
#2516=VERTEX_POINT('',#7660);
#2517=VERTEX_POINT('',#7662);
#2518=VERTEX_POINT('',#7666);
#2519=VERTEX_POINT('',#7668);
#2520=VERTEX_POINT('',#7672);
#2521=VERTEX_POINT('',#7674);
#2522=VERTEX_POINT('',#7678);
#2523=VERTEX_POINT('',#7680);
#2524=VERTEX_POINT('',#7684);
#2525=VERTEX_POINT('',#7686);
#2526=VERTEX_POINT('',#7690);
#2527=VERTEX_POINT('',#7692);
#2528=VERTEX_POINT('',#7696);
#2529=VERTEX_POINT('',#7698);
#2530=VERTEX_POINT('',#7702);
#2531=VERTEX_POINT('',#7704);
#2532=VERTEX_POINT('',#7708);
#2533=VERTEX_POINT('',#7710);
#2534=VERTEX_POINT('',#7714);
#2535=VERTEX_POINT('',#7716);
#2536=VERTEX_POINT('',#7720);
#2537=VERTEX_POINT('',#7722);
#2538=VERTEX_POINT('',#7726);
#2539=VERTEX_POINT('',#7728);
#2540=VERTEX_POINT('',#7732);
#2541=VERTEX_POINT('',#7734);
#2542=VERTEX_POINT('',#7738);
#2543=VERTEX_POINT('',#7740);
#2544=VERTEX_POINT('',#7744);
#2545=VERTEX_POINT('',#7746);
#2546=VERTEX_POINT('',#7750);
#2547=VERTEX_POINT('',#7752);
#2548=VERTEX_POINT('',#7756);
#2549=VERTEX_POINT('',#7758);
#2550=VERTEX_POINT('',#7762);
#2551=VERTEX_POINT('',#7764);
#2552=VERTEX_POINT('',#7768);
#2553=VERTEX_POINT('',#7770);
#2554=VERTEX_POINT('',#7774);
#2555=VERTEX_POINT('',#7776);
#2556=VERTEX_POINT('',#7780);
#2557=VERTEX_POINT('',#7782);
#2558=VERTEX_POINT('',#7786);
#2559=VERTEX_POINT('',#7788);
#2560=VERTEX_POINT('',#7792);
#2561=VERTEX_POINT('',#7794);
#2562=VERTEX_POINT('',#7798);
#2563=VERTEX_POINT('',#7800);
#2564=VERTEX_POINT('',#7804);
#2565=VERTEX_POINT('',#7806);
#2566=VERTEX_POINT('',#7810);
#2567=VERTEX_POINT('',#7812);
#2568=VERTEX_POINT('',#7816);
#2569=VERTEX_POINT('',#7818);
#2570=VERTEX_POINT('',#7822);
#2571=VERTEX_POINT('',#7824);
#2572=VERTEX_POINT('',#7828);
#2573=VERTEX_POINT('',#7830);
#2574=VERTEX_POINT('',#7834);
#2575=VERTEX_POINT('',#7836);
#2576=VERTEX_POINT('',#7840);
#2577=VERTEX_POINT('',#7842);
#2578=VERTEX_POINT('',#7846);
#2579=VERTEX_POINT('',#7848);
#2580=VERTEX_POINT('',#7852);
#2581=VERTEX_POINT('',#7854);
#2582=VERTEX_POINT('',#7858);
#2583=VERTEX_POINT('',#7860);
#2584=VERTEX_POINT('',#7864);
#2585=VERTEX_POINT('',#7866);
#2586=VERTEX_POINT('',#7870);
#2587=VERTEX_POINT('',#7872);
#2588=VERTEX_POINT('',#7876);
#2589=VERTEX_POINT('',#7878);
#2590=VERTEX_POINT('',#7882);
#2591=VERTEX_POINT('',#7884);
#2592=EDGE_CURVE('',#2124,#2124,#2082,.T.);
#2593=EDGE_CURVE('',#2124,#2125,#762,.T.);
#2594=EDGE_CURVE('',#2125,#2125,#2083,.T.);
#2595=EDGE_CURVE('',#2126,#2126,#2084,.T.);
#2596=EDGE_CURVE('',#2126,#2127,#763,.T.);
#2597=EDGE_CURVE('',#2127,#2127,#2085,.T.);
#2598=EDGE_CURVE('',#2128,#2128,#2086,.T.);
#2599=EDGE_CURVE('',#2128,#2129,#764,.T.);
#2600=EDGE_CURVE('',#2129,#2129,#2087,.T.);
#2601=EDGE_CURVE('',#2130,#2130,#2088,.T.);
#2602=EDGE_CURVE('',#2130,#2131,#765,.T.);
#2603=EDGE_CURVE('',#2131,#2131,#2089,.T.);
#2604=EDGE_CURVE('',#2132,#2132,#2090,.T.);
#2605=EDGE_CURVE('',#2132,#2133,#766,.T.);
#2606=EDGE_CURVE('',#2133,#2133,#2091,.T.);
#2607=EDGE_CURVE('',#2134,#2135,#767,.T.);
#2608=EDGE_CURVE('',#2134,#2136,#768,.T.);
#2609=EDGE_CURVE('',#2136,#2137,#769,.T.);
#2610=EDGE_CURVE('',#2135,#2137,#770,.T.);
#2611=EDGE_CURVE('',#2138,#2134,#771,.T.);
#2612=EDGE_CURVE('',#2138,#2139,#772,.T.);
#2613=EDGE_CURVE('',#2139,#2136,#773,.T.);
#2614=EDGE_CURVE('',#2140,#2138,#774,.T.);
#2615=EDGE_CURVE('',#2140,#2141,#775,.T.);
#2616=EDGE_CURVE('',#2141,#2139,#776,.T.);
#2617=EDGE_CURVE('',#2142,#2140,#777,.T.);
#2618=EDGE_CURVE('',#2142,#2143,#778,.T.);
#2619=EDGE_CURVE('',#2143,#2141,#779,.T.);
#2620=EDGE_CURVE('',#2144,#2142,#780,.T.);
#2621=EDGE_CURVE('',#2144,#2145,#781,.T.);
#2622=EDGE_CURVE('',#2145,#2143,#782,.T.);
#2623=EDGE_CURVE('',#2146,#2144,#783,.T.);
#2624=EDGE_CURVE('',#2146,#2147,#784,.T.);
#2625=EDGE_CURVE('',#2147,#2145,#785,.T.);
#2626=EDGE_CURVE('',#2148,#2146,#786,.T.);
#2627=EDGE_CURVE('',#2148,#2149,#787,.T.);
#2628=EDGE_CURVE('',#2149,#2147,#788,.T.);
#2629=EDGE_CURVE('',#2150,#2148,#789,.T.);
#2630=EDGE_CURVE('',#2150,#2151,#790,.T.);
#2631=EDGE_CURVE('',#2151,#2149,#791,.T.);
#2632=EDGE_CURVE('',#2152,#2150,#792,.T.);
#2633=EDGE_CURVE('',#2152,#2153,#793,.T.);
#2634=EDGE_CURVE('',#2153,#2151,#794,.T.);
#2635=EDGE_CURVE('',#2154,#2152,#795,.T.);
#2636=EDGE_CURVE('',#2154,#2155,#796,.T.);
#2637=EDGE_CURVE('',#2155,#2153,#797,.T.);
#2638=EDGE_CURVE('',#2156,#2154,#798,.T.);
#2639=EDGE_CURVE('',#2156,#2157,#799,.T.);
#2640=EDGE_CURVE('',#2157,#2155,#800,.T.);
#2641=EDGE_CURVE('',#2158,#2156,#801,.T.);
#2642=EDGE_CURVE('',#2158,#2159,#802,.T.);
#2643=EDGE_CURVE('',#2159,#2157,#803,.T.);
#2644=EDGE_CURVE('',#2160,#2158,#804,.T.);
#2645=EDGE_CURVE('',#2160,#2161,#805,.T.);
#2646=EDGE_CURVE('',#2161,#2159,#806,.T.);
#2647=EDGE_CURVE('',#2162,#2160,#807,.T.);
#2648=EDGE_CURVE('',#2162,#2163,#808,.T.);
#2649=EDGE_CURVE('',#2163,#2161,#809,.T.);
#2650=EDGE_CURVE('',#2164,#2162,#810,.T.);
#2651=EDGE_CURVE('',#2164,#2165,#811,.T.);
#2652=EDGE_CURVE('',#2165,#2163,#812,.T.);
#2653=EDGE_CURVE('',#2166,#2164,#813,.T.);
#2654=EDGE_CURVE('',#2166,#2167,#814,.T.);
#2655=EDGE_CURVE('',#2167,#2165,#815,.T.);
#2656=EDGE_CURVE('',#2168,#2166,#816,.T.);
#2657=EDGE_CURVE('',#2168,#2169,#817,.T.);
#2658=EDGE_CURVE('',#2169,#2167,#818,.T.);
#2659=EDGE_CURVE('',#2135,#2168,#819,.T.);
#2660=EDGE_CURVE('',#2137,#2169,#820,.T.);
#2661=EDGE_CURVE('',#2170,#2171,#821,.T.);
#2662=EDGE_CURVE('',#2170,#2172,#822,.T.);
#2663=EDGE_CURVE('',#2172,#2173,#823,.T.);
#2664=EDGE_CURVE('',#2171,#2173,#824,.T.);
#2665=EDGE_CURVE('',#2174,#2170,#825,.T.);
#2666=EDGE_CURVE('',#2174,#2175,#826,.T.);
#2667=EDGE_CURVE('',#2175,#2172,#827,.T.);
#2668=EDGE_CURVE('',#2176,#2174,#828,.T.);
#2669=EDGE_CURVE('',#2176,#2177,#829,.T.);
#2670=EDGE_CURVE('',#2177,#2175,#830,.T.);
#2671=EDGE_CURVE('',#2178,#2176,#831,.T.);
#2672=EDGE_CURVE('',#2178,#2179,#832,.T.);
#2673=EDGE_CURVE('',#2179,#2177,#833,.T.);
#2674=EDGE_CURVE('',#2180,#2178,#834,.T.);
#2675=EDGE_CURVE('',#2180,#2181,#835,.T.);
#2676=EDGE_CURVE('',#2181,#2179,#836,.T.);
#2677=EDGE_CURVE('',#2182,#2180,#837,.T.);
#2678=EDGE_CURVE('',#2182,#2183,#838,.T.);
#2679=EDGE_CURVE('',#2183,#2181,#839,.T.);
#2680=EDGE_CURVE('',#2184,#2182,#840,.T.);
#2681=EDGE_CURVE('',#2184,#2185,#841,.T.);
#2682=EDGE_CURVE('',#2185,#2183,#842,.T.);
#2683=EDGE_CURVE('',#2186,#2184,#843,.T.);
#2684=EDGE_CURVE('',#2186,#2187,#844,.T.);
#2685=EDGE_CURVE('',#2187,#2185,#845,.T.);
#2686=EDGE_CURVE('',#2188,#2186,#846,.T.);
#2687=EDGE_CURVE('',#2188,#2189,#847,.T.);
#2688=EDGE_CURVE('',#2189,#2187,#848,.T.);
#2689=EDGE_CURVE('',#2190,#2188,#849,.T.);
#2690=EDGE_CURVE('',#2190,#2191,#850,.T.);
#2691=EDGE_CURVE('',#2191,#2189,#851,.T.);
#2692=EDGE_CURVE('',#2192,#2190,#852,.T.);
#2693=EDGE_CURVE('',#2192,#2193,#853,.T.);
#2694=EDGE_CURVE('',#2193,#2191,#854,.T.);
#2695=EDGE_CURVE('',#2194,#2192,#855,.T.);
#2696=EDGE_CURVE('',#2194,#2195,#856,.T.);
#2697=EDGE_CURVE('',#2195,#2193,#857,.T.);
#2698=EDGE_CURVE('',#2196,#2194,#858,.T.);
#2699=EDGE_CURVE('',#2196,#2197,#859,.T.);
#2700=EDGE_CURVE('',#2197,#2195,#860,.T.);
#2701=EDGE_CURVE('',#2198,#2196,#861,.T.);
#2702=EDGE_CURVE('',#2198,#2199,#862,.T.);
#2703=EDGE_CURVE('',#2199,#2197,#863,.T.);
#2704=EDGE_CURVE('',#2200,#2198,#864,.T.);
#2705=EDGE_CURVE('',#2200,#2201,#865,.T.);
#2706=EDGE_CURVE('',#2201,#2199,#866,.T.);
#2707=EDGE_CURVE('',#2202,#2200,#867,.T.);
#2708=EDGE_CURVE('',#2202,#2203,#868,.T.);
#2709=EDGE_CURVE('',#2203,#2201,#869,.T.);
#2710=EDGE_CURVE('',#2204,#2202,#870,.T.);
#2711=EDGE_CURVE('',#2204,#2205,#871,.T.);
#2712=EDGE_CURVE('',#2205,#2203,#872,.T.);
#2713=EDGE_CURVE('',#2171,#2204,#873,.T.);
#2714=EDGE_CURVE('',#2173,#2205,#874,.T.);
#2715=EDGE_CURVE('',#2206,#2207,#875,.T.);
#2716=EDGE_CURVE('',#2206,#2208,#876,.T.);
#2717=EDGE_CURVE('',#2208,#2209,#877,.T.);
#2718=EDGE_CURVE('',#2207,#2209,#878,.T.);
#2719=EDGE_CURVE('',#2210,#2206,#879,.T.);
#2720=EDGE_CURVE('',#2210,#2211,#880,.T.);
#2721=EDGE_CURVE('',#2211,#2208,#881,.T.);
#2722=EDGE_CURVE('',#2212,#2210,#882,.T.);
#2723=EDGE_CURVE('',#2212,#2213,#883,.T.);
#2724=EDGE_CURVE('',#2213,#2211,#884,.T.);
#2725=EDGE_CURVE('',#2214,#2212,#885,.T.);
#2726=EDGE_CURVE('',#2214,#2215,#886,.T.);
#2727=EDGE_CURVE('',#2215,#2213,#887,.T.);
#2728=EDGE_CURVE('',#2216,#2214,#888,.T.);
#2729=EDGE_CURVE('',#2216,#2217,#889,.T.);
#2730=EDGE_CURVE('',#2217,#2215,#890,.T.);
#2731=EDGE_CURVE('',#2218,#2216,#891,.T.);
#2732=EDGE_CURVE('',#2218,#2219,#892,.T.);
#2733=EDGE_CURVE('',#2219,#2217,#893,.T.);
#2734=EDGE_CURVE('',#2220,#2218,#894,.T.);
#2735=EDGE_CURVE('',#2220,#2221,#895,.T.);
#2736=EDGE_CURVE('',#2221,#2219,#896,.T.);
#2737=EDGE_CURVE('',#2222,#2220,#897,.T.);
#2738=EDGE_CURVE('',#2222,#2223,#898,.T.);
#2739=EDGE_CURVE('',#2223,#2221,#899,.T.);
#2740=EDGE_CURVE('',#2224,#2222,#900,.T.);
#2741=EDGE_CURVE('',#2224,#2225,#901,.T.);
#2742=EDGE_CURVE('',#2225,#2223,#902,.T.);
#2743=EDGE_CURVE('',#2226,#2224,#903,.T.);
#2744=EDGE_CURVE('',#2226,#2227,#904,.T.);
#2745=EDGE_CURVE('',#2227,#2225,#905,.T.);
#2746=EDGE_CURVE('',#2228,#2226,#906,.T.);
#2747=EDGE_CURVE('',#2228,#2229,#907,.T.);
#2748=EDGE_CURVE('',#2229,#2227,#908,.T.);
#2749=EDGE_CURVE('',#2230,#2228,#909,.T.);
#2750=EDGE_CURVE('',#2230,#2231,#910,.T.);
#2751=EDGE_CURVE('',#2231,#2229,#911,.T.);
#2752=EDGE_CURVE('',#2232,#2230,#912,.T.);
#2753=EDGE_CURVE('',#2232,#2233,#913,.T.);
#2754=EDGE_CURVE('',#2233,#2231,#914,.T.);
#2755=EDGE_CURVE('',#2234,#2232,#915,.T.);
#2756=EDGE_CURVE('',#2234,#2235,#916,.T.);
#2757=EDGE_CURVE('',#2235,#2233,#917,.T.);
#2758=EDGE_CURVE('',#2236,#2234,#918,.T.);
#2759=EDGE_CURVE('',#2236,#2237,#919,.T.);
#2760=EDGE_CURVE('',#2237,#2235,#920,.T.);
#2761=EDGE_CURVE('',#2238,#2236,#921,.T.);
#2762=EDGE_CURVE('',#2238,#2239,#922,.T.);
#2763=EDGE_CURVE('',#2239,#2237,#923,.T.);
#2764=EDGE_CURVE('',#2240,#2238,#924,.T.);
#2765=EDGE_CURVE('',#2240,#2241,#925,.T.);
#2766=EDGE_CURVE('',#2241,#2239,#926,.T.);
#2767=EDGE_CURVE('',#2207,#2240,#927,.T.);
#2768=EDGE_CURVE('',#2209,#2241,#928,.T.);
#2769=EDGE_CURVE('',#2242,#2243,#929,.T.);
#2770=EDGE_CURVE('',#2242,#2244,#930,.T.);
#2771=EDGE_CURVE('',#2244,#2245,#931,.T.);
#2772=EDGE_CURVE('',#2243,#2245,#932,.T.);
#2773=EDGE_CURVE('',#2246,#2242,#933,.T.);
#2774=EDGE_CURVE('',#2246,#2247,#934,.T.);
#2775=EDGE_CURVE('',#2247,#2244,#935,.T.);
#2776=EDGE_CURVE('',#2248,#2246,#936,.T.);
#2777=EDGE_CURVE('',#2248,#2249,#937,.T.);
#2778=EDGE_CURVE('',#2249,#2247,#938,.T.);
#2779=EDGE_CURVE('',#2250,#2248,#939,.T.);
#2780=EDGE_CURVE('',#2250,#2251,#940,.T.);
#2781=EDGE_CURVE('',#2251,#2249,#941,.T.);
#2782=EDGE_CURVE('',#2252,#2250,#942,.T.);
#2783=EDGE_CURVE('',#2252,#2253,#943,.T.);
#2784=EDGE_CURVE('',#2253,#2251,#944,.T.);
#2785=EDGE_CURVE('',#2254,#2252,#945,.T.);
#2786=EDGE_CURVE('',#2254,#2255,#946,.T.);
#2787=EDGE_CURVE('',#2255,#2253,#947,.T.);
#2788=EDGE_CURVE('',#2256,#2254,#948,.T.);
#2789=EDGE_CURVE('',#2256,#2257,#949,.T.);
#2790=EDGE_CURVE('',#2257,#2255,#950,.T.);
#2791=EDGE_CURVE('',#2258,#2256,#951,.T.);
#2792=EDGE_CURVE('',#2258,#2259,#952,.T.);
#2793=EDGE_CURVE('',#2259,#2257,#953,.T.);
#2794=EDGE_CURVE('',#2260,#2258,#954,.T.);
#2795=EDGE_CURVE('',#2260,#2261,#955,.T.);
#2796=EDGE_CURVE('',#2261,#2259,#956,.T.);
#2797=EDGE_CURVE('',#2262,#2260,#957,.T.);
#2798=EDGE_CURVE('',#2262,#2263,#958,.T.);
#2799=EDGE_CURVE('',#2263,#2261,#959,.T.);
#2800=EDGE_CURVE('',#2264,#2262,#960,.T.);
#2801=EDGE_CURVE('',#2264,#2265,#961,.T.);
#2802=EDGE_CURVE('',#2265,#2263,#962,.T.);
#2803=EDGE_CURVE('',#2266,#2264,#963,.T.);
#2804=EDGE_CURVE('',#2266,#2267,#964,.T.);
#2805=EDGE_CURVE('',#2267,#2265,#965,.T.);
#2806=EDGE_CURVE('',#2268,#2266,#966,.T.);
#2807=EDGE_CURVE('',#2268,#2269,#967,.T.);
#2808=EDGE_CURVE('',#2269,#2267,#968,.T.);
#2809=EDGE_CURVE('',#2270,#2268,#969,.T.);
#2810=EDGE_CURVE('',#2270,#2271,#970,.T.);
#2811=EDGE_CURVE('',#2271,#2269,#971,.T.);
#2812=EDGE_CURVE('',#2272,#2270,#972,.T.);
#2813=EDGE_CURVE('',#2272,#2273,#973,.T.);
#2814=EDGE_CURVE('',#2273,#2271,#974,.T.);
#2815=EDGE_CURVE('',#2274,#2272,#975,.T.);
#2816=EDGE_CURVE('',#2274,#2275,#976,.T.);
#2817=EDGE_CURVE('',#2275,#2273,#977,.T.);
#2818=EDGE_CURVE('',#2276,#2274,#978,.T.);
#2819=EDGE_CURVE('',#2276,#2277,#979,.T.);
#2820=EDGE_CURVE('',#2277,#2275,#980,.T.);
#2821=EDGE_CURVE('',#2243,#2276,#981,.T.);
#2822=EDGE_CURVE('',#2245,#2277,#982,.T.);
#2823=EDGE_CURVE('',#2278,#2279,#983,.T.);
#2824=EDGE_CURVE('',#2280,#2278,#984,.T.);
#2825=EDGE_CURVE('',#2281,#2280,#985,.T.);
#2826=EDGE_CURVE('',#2281,#2279,#986,.T.);
#2827=EDGE_CURVE('',#2279,#2282,#2092,.T.);
#2828=EDGE_CURVE('',#2283,#2281,#2093,.T.);
#2829=EDGE_CURVE('',#2283,#2282,#987,.T.);
#2830=EDGE_CURVE('',#2282,#2284,#988,.T.);
#2831=EDGE_CURVE('',#2285,#2283,#989,.T.);
#2832=EDGE_CURVE('',#2285,#2284,#990,.T.);
#2833=EDGE_CURVE('',#2284,#2286,#2094,.T.);
#2834=EDGE_CURVE('',#2287,#2285,#2095,.T.);
#2835=EDGE_CURVE('',#2287,#2286,#991,.T.);
#2836=EDGE_CURVE('',#2286,#2288,#992,.T.);
#2837=EDGE_CURVE('',#2289,#2287,#993,.T.);
#2838=EDGE_CURVE('',#2289,#2288,#994,.T.);
#2839=EDGE_CURVE('',#2288,#2290,#2096,.T.);
#2840=EDGE_CURVE('',#2291,#2289,#2097,.T.);
#2841=EDGE_CURVE('',#2291,#2290,#995,.T.);
#2842=EDGE_CURVE('',#2290,#2292,#996,.T.);
#2843=EDGE_CURVE('',#2293,#2291,#997,.T.);
#2844=EDGE_CURVE('',#2293,#2292,#998,.T.);
#2845=EDGE_CURVE('',#2292,#2278,#2098,.T.);
#2846=EDGE_CURVE('',#2280,#2293,#2099,.T.);
#2847=EDGE_CURVE('',#2294,#2295,#999,.T.);
#2848=EDGE_CURVE('',#2296,#2294,#1000,.T.);
#2849=EDGE_CURVE('',#2297,#2296,#1001,.T.);
#2850=EDGE_CURVE('',#2297,#2295,#1002,.T.);
#2851=EDGE_CURVE('',#2295,#2298,#2100,.T.);
#2852=EDGE_CURVE('',#2299,#2297,#2101,.T.);
#2853=EDGE_CURVE('',#2299,#2298,#1003,.T.);
#2854=EDGE_CURVE('',#2298,#2300,#1004,.T.);
#2855=EDGE_CURVE('',#2301,#2299,#1005,.T.);
#2856=EDGE_CURVE('',#2301,#2300,#1006,.T.);
#2857=EDGE_CURVE('',#2300,#2302,#2102,.T.);
#2858=EDGE_CURVE('',#2303,#2301,#2103,.T.);
#2859=EDGE_CURVE('',#2303,#2302,#1007,.T.);
#2860=EDGE_CURVE('',#2302,#2304,#1008,.T.);
#2861=EDGE_CURVE('',#2305,#2303,#1009,.T.);
#2862=EDGE_CURVE('',#2305,#2304,#1010,.T.);
#2863=EDGE_CURVE('',#2304,#2306,#2104,.T.);
#2864=EDGE_CURVE('',#2307,#2305,#2105,.T.);
#2865=EDGE_CURVE('',#2307,#2306,#1011,.T.);
#2866=EDGE_CURVE('',#2306,#2308,#1012,.T.);
#2867=EDGE_CURVE('',#2309,#2307,#1013,.T.);
#2868=EDGE_CURVE('',#2309,#2308,#1014,.T.);
#2869=EDGE_CURVE('',#2308,#2294,#2106,.T.);
#2870=EDGE_CURVE('',#2296,#2309,#2107,.T.);
#2871=EDGE_CURVE('',#2310,#2311,#1015,.T.);
#2872=EDGE_CURVE('',#2312,#2310,#1016,.T.);
#2873=EDGE_CURVE('',#2313,#2312,#1017,.T.);
#2874=EDGE_CURVE('',#2313,#2311,#1018,.T.);
#2875=EDGE_CURVE('',#2311,#2314,#2108,.T.);
#2876=EDGE_CURVE('',#2315,#2313,#2109,.T.);
#2877=EDGE_CURVE('',#2315,#2314,#1019,.T.);
#2878=EDGE_CURVE('',#2314,#2316,#1020,.T.);
#2879=EDGE_CURVE('',#2317,#2315,#1021,.T.);
#2880=EDGE_CURVE('',#2317,#2316,#1022,.T.);
#2881=EDGE_CURVE('',#2316,#2318,#2110,.T.);
#2882=EDGE_CURVE('',#2319,#2317,#2111,.T.);
#2883=EDGE_CURVE('',#2319,#2318,#1023,.T.);
#2884=EDGE_CURVE('',#2318,#2320,#1024,.T.);
#2885=EDGE_CURVE('',#2321,#2319,#1025,.T.);
#2886=EDGE_CURVE('',#2321,#2320,#1026,.T.);
#2887=EDGE_CURVE('',#2320,#2322,#2112,.T.);
#2888=EDGE_CURVE('',#2323,#2321,#2113,.T.);
#2889=EDGE_CURVE('',#2323,#2322,#1027,.T.);
#2890=EDGE_CURVE('',#2322,#2324,#1028,.T.);
#2891=EDGE_CURVE('',#2325,#2323,#1029,.T.);
#2892=EDGE_CURVE('',#2325,#2324,#1030,.T.);
#2893=EDGE_CURVE('',#2324,#2310,#2114,.T.);
#2894=EDGE_CURVE('',#2312,#2325,#2115,.T.);
#2895=EDGE_CURVE('',#2326,#2327,#1031,.T.);
#2896=EDGE_CURVE('',#2328,#2326,#1032,.T.);
#2897=EDGE_CURVE('',#2329,#2328,#1033,.T.);
#2898=EDGE_CURVE('',#2329,#2327,#1034,.T.);
#2899=EDGE_CURVE('',#2327,#2330,#2116,.T.);
#2900=EDGE_CURVE('',#2331,#2329,#2117,.T.);
#2901=EDGE_CURVE('',#2331,#2330,#1035,.T.);
#2902=EDGE_CURVE('',#2330,#2332,#1036,.T.);
#2903=EDGE_CURVE('',#2333,#2331,#1037,.T.);
#2904=EDGE_CURVE('',#2333,#2332,#1038,.T.);
#2905=EDGE_CURVE('',#2332,#2334,#2118,.T.);
#2906=EDGE_CURVE('',#2335,#2333,#2119,.T.);
#2907=EDGE_CURVE('',#2335,#2334,#1039,.T.);
#2908=EDGE_CURVE('',#2334,#2336,#1040,.T.);
#2909=EDGE_CURVE('',#2337,#2335,#1041,.T.);
#2910=EDGE_CURVE('',#2337,#2336,#1042,.T.);
#2911=EDGE_CURVE('',#2336,#2338,#2120,.T.);
#2912=EDGE_CURVE('',#2339,#2337,#2121,.T.);
#2913=EDGE_CURVE('',#2339,#2338,#1043,.T.);
#2914=EDGE_CURVE('',#2338,#2340,#1044,.T.);
#2915=EDGE_CURVE('',#2341,#2339,#1045,.T.);
#2916=EDGE_CURVE('',#2341,#2340,#1046,.T.);
#2917=EDGE_CURVE('',#2340,#2326,#2122,.T.);
#2918=EDGE_CURVE('',#2328,#2341,#2123,.T.);
#2919=EDGE_CURVE('',#2342,#2343,#1047,.T.);
#2920=EDGE_CURVE('',#2344,#2342,#1048,.T.);
#2921=EDGE_CURVE('',#2345,#2344,#1049,.T.);
#2922=EDGE_CURVE('',#2345,#2343,#1050,.T.);
#2923=EDGE_CURVE('',#2343,#2346,#1051,.T.);
#2924=EDGE_CURVE('',#2347,#2345,#1052,.T.);
#2925=EDGE_CURVE('',#2347,#2346,#1053,.T.);
#2926=EDGE_CURVE('',#2346,#2348,#1054,.T.);
#2927=EDGE_CURVE('',#2349,#2347,#1055,.T.);
#2928=EDGE_CURVE('',#2349,#2348,#1056,.T.);
#2929=EDGE_CURVE('',#2348,#2342,#1057,.T.);
#2930=EDGE_CURVE('',#2344,#2349,#1058,.T.);
#2931=EDGE_CURVE('',#2350,#2351,#1059,.T.);
#2932=EDGE_CURVE('',#2350,#2352,#1060,.T.);
#2933=EDGE_CURVE('',#2353,#2352,#1061,.T.);
#2934=EDGE_CURVE('',#2351,#2353,#1062,.T.);
#2935=EDGE_CURVE('',#2351,#2354,#1063,.T.);
#2936=EDGE_CURVE('',#2355,#2353,#1064,.T.);
#2937=EDGE_CURVE('',#2354,#2355,#1065,.T.);
#2938=EDGE_CURVE('',#2354,#2356,#1066,.T.);
#2939=EDGE_CURVE('',#2357,#2355,#1067,.T.);
#2940=EDGE_CURVE('',#2356,#2357,#1068,.T.);
#2941=EDGE_CURVE('',#2356,#2358,#1069,.T.);
#2942=EDGE_CURVE('',#2359,#2357,#1070,.T.);
#2943=EDGE_CURVE('',#2358,#2359,#1071,.T.);
#2944=EDGE_CURVE('',#2358,#2360,#1072,.T.);
#2945=EDGE_CURVE('',#2361,#2359,#1073,.T.);
#2946=EDGE_CURVE('',#2360,#2361,#1074,.T.);
#2947=EDGE_CURVE('',#2360,#2362,#1075,.T.);
#2948=EDGE_CURVE('',#2363,#2361,#1076,.T.);
#2949=EDGE_CURVE('',#2362,#2363,#1077,.T.);
#2950=EDGE_CURVE('',#2362,#2364,#1078,.T.);
#2951=EDGE_CURVE('',#2365,#2363,#1079,.T.);
#2952=EDGE_CURVE('',#2364,#2365,#1080,.T.);
#2953=EDGE_CURVE('',#2364,#2366,#1081,.T.);
#2954=EDGE_CURVE('',#2367,#2365,#1082,.T.);
#2955=EDGE_CURVE('',#2366,#2367,#1083,.T.);
#2956=EDGE_CURVE('',#2366,#2368,#1084,.T.);
#2957=EDGE_CURVE('',#2369,#2367,#1085,.T.);
#2958=EDGE_CURVE('',#2368,#2369,#1086,.T.);
#2959=EDGE_CURVE('',#2368,#2370,#1087,.T.);
#2960=EDGE_CURVE('',#2371,#2369,#1088,.T.);
#2961=EDGE_CURVE('',#2370,#2371,#1089,.T.);
#2962=EDGE_CURVE('',#2370,#2372,#1090,.T.);
#2963=EDGE_CURVE('',#2373,#2371,#1091,.T.);
#2964=EDGE_CURVE('',#2372,#2373,#1092,.T.);
#2965=EDGE_CURVE('',#2372,#2374,#1093,.T.);
#2966=EDGE_CURVE('',#2375,#2373,#1094,.T.);
#2967=EDGE_CURVE('',#2374,#2375,#1095,.T.);
#2968=EDGE_CURVE('',#2374,#2376,#1096,.T.);
#2969=EDGE_CURVE('',#2377,#2375,#1097,.T.);
#2970=EDGE_CURVE('',#2376,#2377,#1098,.T.);
#2971=EDGE_CURVE('',#2376,#2378,#1099,.T.);
#2972=EDGE_CURVE('',#2379,#2377,#1100,.T.);
#2973=EDGE_CURVE('',#2378,#2379,#1101,.T.);
#2974=EDGE_CURVE('',#2378,#2380,#1102,.T.);
#2975=EDGE_CURVE('',#2381,#2379,#1103,.T.);
#2976=EDGE_CURVE('',#2380,#2381,#1104,.T.);
#2977=EDGE_CURVE('',#2380,#2382,#1105,.T.);
#2978=EDGE_CURVE('',#2383,#2381,#1106,.T.);
#2979=EDGE_CURVE('',#2382,#2383,#1107,.T.);
#2980=EDGE_CURVE('',#2382,#2384,#1108,.T.);
#2981=EDGE_CURVE('',#2385,#2383,#1109,.T.);
#2982=EDGE_CURVE('',#2384,#2385,#1110,.T.);
#2983=EDGE_CURVE('',#2384,#2386,#1111,.T.);
#2984=EDGE_CURVE('',#2387,#2385,#1112,.T.);
#2985=EDGE_CURVE('',#2386,#2387,#1113,.T.);
#2986=EDGE_CURVE('',#2386,#2388,#1114,.T.);
#2987=EDGE_CURVE('',#2389,#2387,#1115,.T.);
#2988=EDGE_CURVE('',#2388,#2389,#1116,.T.);
#2989=EDGE_CURVE('',#2388,#2390,#1117,.T.);
#2990=EDGE_CURVE('',#2391,#2389,#1118,.T.);
#2991=EDGE_CURVE('',#2390,#2391,#1119,.T.);
#2992=EDGE_CURVE('',#2390,#2392,#1120,.T.);
#2993=EDGE_CURVE('',#2393,#2391,#1121,.T.);
#2994=EDGE_CURVE('',#2392,#2393,#1122,.T.);
#2995=EDGE_CURVE('',#2392,#2394,#1123,.T.);
#2996=EDGE_CURVE('',#2395,#2393,#1124,.T.);
#2997=EDGE_CURVE('',#2394,#2395,#1125,.T.);
#2998=EDGE_CURVE('',#2394,#2396,#1126,.T.);
#2999=EDGE_CURVE('',#2397,#2395,#1127,.T.);
#3000=EDGE_CURVE('',#2396,#2397,#1128,.T.);
#3001=EDGE_CURVE('',#2396,#2398,#1129,.T.);
#3002=EDGE_CURVE('',#2399,#2397,#1130,.T.);
#3003=EDGE_CURVE('',#2398,#2399,#1131,.T.);
#3004=EDGE_CURVE('',#2398,#2400,#1132,.T.);
#3005=EDGE_CURVE('',#2401,#2399,#1133,.T.);
#3006=EDGE_CURVE('',#2400,#2401,#1134,.T.);
#3007=EDGE_CURVE('',#2400,#2402,#1135,.T.);
#3008=EDGE_CURVE('',#2403,#2401,#1136,.T.);
#3009=EDGE_CURVE('',#2402,#2403,#1137,.T.);
#3010=EDGE_CURVE('',#2402,#2404,#1138,.T.);
#3011=EDGE_CURVE('',#2405,#2403,#1139,.T.);
#3012=EDGE_CURVE('',#2404,#2405,#1140,.T.);
#3013=EDGE_CURVE('',#2404,#2406,#1141,.T.);
#3014=EDGE_CURVE('',#2407,#2405,#1142,.T.);
#3015=EDGE_CURVE('',#2406,#2407,#1143,.T.);
#3016=EDGE_CURVE('',#2406,#2408,#1144,.T.);
#3017=EDGE_CURVE('',#2409,#2407,#1145,.T.);
#3018=EDGE_CURVE('',#2408,#2409,#1146,.T.);
#3019=EDGE_CURVE('',#2408,#2410,#1147,.T.);
#3020=EDGE_CURVE('',#2411,#2409,#1148,.T.);
#3021=EDGE_CURVE('',#2410,#2411,#1149,.T.);
#3022=EDGE_CURVE('',#2410,#2412,#1150,.T.);
#3023=EDGE_CURVE('',#2413,#2411,#1151,.T.);
#3024=EDGE_CURVE('',#2412,#2413,#1152,.T.);
#3025=EDGE_CURVE('',#2412,#2414,#1153,.T.);
#3026=EDGE_CURVE('',#2415,#2413,#1154,.T.);
#3027=EDGE_CURVE('',#2414,#2415,#1155,.T.);
#3028=EDGE_CURVE('',#2414,#2416,#1156,.T.);
#3029=EDGE_CURVE('',#2417,#2415,#1157,.T.);
#3030=EDGE_CURVE('',#2416,#2417,#1158,.T.);
#3031=EDGE_CURVE('',#2416,#2418,#1159,.T.);
#3032=EDGE_CURVE('',#2419,#2417,#1160,.T.);
#3033=EDGE_CURVE('',#2418,#2419,#1161,.T.);
#3034=EDGE_CURVE('',#2418,#2420,#1162,.T.);
#3035=EDGE_CURVE('',#2421,#2419,#1163,.T.);
#3036=EDGE_CURVE('',#2420,#2421,#1164,.T.);
#3037=EDGE_CURVE('',#2420,#2422,#1165,.T.);
#3038=EDGE_CURVE('',#2423,#2421,#1166,.T.);
#3039=EDGE_CURVE('',#2422,#2423,#1167,.T.);
#3040=EDGE_CURVE('',#2422,#2424,#1168,.T.);
#3041=EDGE_CURVE('',#2425,#2423,#1169,.T.);
#3042=EDGE_CURVE('',#2424,#2425,#1170,.T.);
#3043=EDGE_CURVE('',#2424,#2426,#1171,.T.);
#3044=EDGE_CURVE('',#2427,#2425,#1172,.T.);
#3045=EDGE_CURVE('',#2426,#2427,#1173,.T.);
#3046=EDGE_CURVE('',#2426,#2428,#1174,.T.);
#3047=EDGE_CURVE('',#2429,#2427,#1175,.T.);
#3048=EDGE_CURVE('',#2428,#2429,#1176,.T.);
#3049=EDGE_CURVE('',#2428,#2430,#1177,.T.);
#3050=EDGE_CURVE('',#2431,#2429,#1178,.T.);
#3051=EDGE_CURVE('',#2430,#2431,#1179,.T.);
#3052=EDGE_CURVE('',#2430,#2432,#1180,.T.);
#3053=EDGE_CURVE('',#2433,#2431,#1181,.T.);
#3054=EDGE_CURVE('',#2432,#2433,#1182,.T.);
#3055=EDGE_CURVE('',#2432,#2434,#1183,.T.);
#3056=EDGE_CURVE('',#2435,#2433,#1184,.T.);
#3057=EDGE_CURVE('',#2434,#2435,#1185,.T.);
#3058=EDGE_CURVE('',#2434,#2436,#1186,.T.);
#3059=EDGE_CURVE('',#2437,#2435,#1187,.T.);
#3060=EDGE_CURVE('',#2436,#2437,#1188,.T.);
#3061=EDGE_CURVE('',#2436,#2438,#1189,.T.);
#3062=EDGE_CURVE('',#2439,#2437,#1190,.T.);
#3063=EDGE_CURVE('',#2438,#2439,#1191,.T.);
#3064=EDGE_CURVE('',#2438,#2440,#1192,.T.);
#3065=EDGE_CURVE('',#2441,#2439,#1193,.T.);
#3066=EDGE_CURVE('',#2440,#2441,#1194,.T.);
#3067=EDGE_CURVE('',#2440,#2442,#1195,.T.);
#3068=EDGE_CURVE('',#2443,#2441,#1196,.T.);
#3069=EDGE_CURVE('',#2442,#2443,#1197,.T.);
#3070=EDGE_CURVE('',#2442,#2444,#1198,.T.);
#3071=EDGE_CURVE('',#2445,#2443,#1199,.T.);
#3072=EDGE_CURVE('',#2444,#2445,#1200,.T.);
#3073=EDGE_CURVE('',#2444,#2446,#1201,.T.);
#3074=EDGE_CURVE('',#2447,#2445,#1202,.T.);
#3075=EDGE_CURVE('',#2446,#2447,#1203,.T.);
#3076=EDGE_CURVE('',#2446,#2448,#1204,.T.);
#3077=EDGE_CURVE('',#2449,#2447,#1205,.T.);
#3078=EDGE_CURVE('',#2448,#2449,#1206,.T.);
#3079=EDGE_CURVE('',#2448,#2450,#1207,.T.);
#3080=EDGE_CURVE('',#2451,#2449,#1208,.T.);
#3081=EDGE_CURVE('',#2450,#2451,#1209,.T.);
#3082=EDGE_CURVE('',#2450,#2452,#1210,.T.);
#3083=EDGE_CURVE('',#2453,#2451,#1211,.T.);
#3084=EDGE_CURVE('',#2452,#2453,#1212,.T.);
#3085=EDGE_CURVE('',#2452,#2454,#1213,.T.);
#3086=EDGE_CURVE('',#2455,#2453,#1214,.T.);
#3087=EDGE_CURVE('',#2454,#2455,#1215,.T.);
#3088=EDGE_CURVE('',#2454,#2456,#1216,.T.);
#3089=EDGE_CURVE('',#2457,#2455,#1217,.T.);
#3090=EDGE_CURVE('',#2456,#2457,#1218,.T.);
#3091=EDGE_CURVE('',#2456,#2458,#1219,.T.);
#3092=EDGE_CURVE('',#2459,#2457,#1220,.T.);
#3093=EDGE_CURVE('',#2458,#2459,#1221,.T.);
#3094=EDGE_CURVE('',#2458,#2460,#1222,.T.);
#3095=EDGE_CURVE('',#2461,#2459,#1223,.T.);
#3096=EDGE_CURVE('',#2460,#2461,#1224,.T.);
#3097=EDGE_CURVE('',#2460,#2462,#1225,.T.);
#3098=EDGE_CURVE('',#2463,#2461,#1226,.T.);
#3099=EDGE_CURVE('',#2462,#2463,#1227,.T.);
#3100=EDGE_CURVE('',#2462,#2464,#1228,.T.);
#3101=EDGE_CURVE('',#2465,#2463,#1229,.T.);
#3102=EDGE_CURVE('',#2464,#2465,#1230,.T.);
#3103=EDGE_CURVE('',#2464,#2466,#1231,.T.);
#3104=EDGE_CURVE('',#2467,#2465,#1232,.T.);
#3105=EDGE_CURVE('',#2466,#2467,#1233,.T.);
#3106=EDGE_CURVE('',#2466,#2468,#1234,.T.);
#3107=EDGE_CURVE('',#2469,#2467,#1235,.T.);
#3108=EDGE_CURVE('',#2468,#2469,#1236,.T.);
#3109=EDGE_CURVE('',#2468,#2470,#1237,.T.);
#3110=EDGE_CURVE('',#2471,#2469,#1238,.T.);
#3111=EDGE_CURVE('',#2470,#2471,#1239,.T.);
#3112=EDGE_CURVE('',#2470,#2472,#1240,.T.);
#3113=EDGE_CURVE('',#2473,#2471,#1241,.T.);
#3114=EDGE_CURVE('',#2472,#2473,#1242,.T.);
#3115=EDGE_CURVE('',#2472,#2474,#1243,.T.);
#3116=EDGE_CURVE('',#2475,#2473,#1244,.T.);
#3117=EDGE_CURVE('',#2474,#2475,#1245,.T.);
#3118=EDGE_CURVE('',#2474,#2476,#1246,.T.);
#3119=EDGE_CURVE('',#2477,#2475,#1247,.T.);
#3120=EDGE_CURVE('',#2476,#2477,#1248,.T.);
#3121=EDGE_CURVE('',#2476,#2478,#1249,.T.);
#3122=EDGE_CURVE('',#2479,#2477,#1250,.T.);
#3123=EDGE_CURVE('',#2478,#2479,#1251,.T.);
#3124=EDGE_CURVE('',#2478,#2480,#1252,.T.);
#3125=EDGE_CURVE('',#2481,#2479,#1253,.T.);
#3126=EDGE_CURVE('',#2480,#2481,#1254,.T.);
#3127=EDGE_CURVE('',#2480,#2482,#1255,.T.);
#3128=EDGE_CURVE('',#2483,#2481,#1256,.T.);
#3129=EDGE_CURVE('',#2482,#2483,#1257,.T.);
#3130=EDGE_CURVE('',#2482,#2484,#1258,.T.);
#3131=EDGE_CURVE('',#2485,#2483,#1259,.T.);
#3132=EDGE_CURVE('',#2484,#2485,#1260,.T.);
#3133=EDGE_CURVE('',#2484,#2486,#1261,.T.);
#3134=EDGE_CURVE('',#2487,#2485,#1262,.T.);
#3135=EDGE_CURVE('',#2486,#2487,#1263,.T.);
#3136=EDGE_CURVE('',#2486,#2488,#1264,.T.);
#3137=EDGE_CURVE('',#2489,#2487,#1265,.T.);
#3138=EDGE_CURVE('',#2488,#2489,#1266,.T.);
#3139=EDGE_CURVE('',#2488,#2490,#1267,.T.);
#3140=EDGE_CURVE('',#2491,#2489,#1268,.T.);
#3141=EDGE_CURVE('',#2490,#2491,#1269,.T.);
#3142=EDGE_CURVE('',#2490,#2492,#1270,.T.);
#3143=EDGE_CURVE('',#2493,#2491,#1271,.T.);
#3144=EDGE_CURVE('',#2492,#2493,#1272,.T.);
#3145=EDGE_CURVE('',#2492,#2494,#1273,.T.);
#3146=EDGE_CURVE('',#2495,#2493,#1274,.T.);
#3147=EDGE_CURVE('',#2494,#2495,#1275,.T.);
#3148=EDGE_CURVE('',#2494,#2496,#1276,.T.);
#3149=EDGE_CURVE('',#2497,#2495,#1277,.T.);
#3150=EDGE_CURVE('',#2496,#2497,#1278,.T.);
#3151=EDGE_CURVE('',#2496,#2498,#1279,.T.);
#3152=EDGE_CURVE('',#2499,#2497,#1280,.T.);
#3153=EDGE_CURVE('',#2498,#2499,#1281,.T.);
#3154=EDGE_CURVE('',#2498,#2500,#1282,.T.);
#3155=EDGE_CURVE('',#2501,#2499,#1283,.T.);
#3156=EDGE_CURVE('',#2500,#2501,#1284,.T.);
#3157=EDGE_CURVE('',#2500,#2502,#1285,.T.);
#3158=EDGE_CURVE('',#2503,#2501,#1286,.T.);
#3159=EDGE_CURVE('',#2502,#2503,#1287,.T.);
#3160=EDGE_CURVE('',#2502,#2504,#1288,.T.);
#3161=EDGE_CURVE('',#2505,#2503,#1289,.T.);
#3162=EDGE_CURVE('',#2504,#2505,#1290,.T.);
#3163=EDGE_CURVE('',#2504,#2506,#1291,.T.);
#3164=EDGE_CURVE('',#2507,#2505,#1292,.T.);
#3165=EDGE_CURVE('',#2506,#2507,#1293,.T.);
#3166=EDGE_CURVE('',#2506,#2508,#1294,.T.);
#3167=EDGE_CURVE('',#2509,#2507,#1295,.T.);
#3168=EDGE_CURVE('',#2508,#2509,#1296,.T.);
#3169=EDGE_CURVE('',#2508,#2510,#1297,.T.);
#3170=EDGE_CURVE('',#2511,#2509,#1298,.T.);
#3171=EDGE_CURVE('',#2510,#2511,#1299,.T.);
#3172=EDGE_CURVE('',#2510,#2512,#1300,.T.);
#3173=EDGE_CURVE('',#2513,#2511,#1301,.T.);
#3174=EDGE_CURVE('',#2512,#2513,#1302,.T.);
#3175=EDGE_CURVE('',#2512,#2514,#1303,.T.);
#3176=EDGE_CURVE('',#2515,#2513,#1304,.T.);
#3177=EDGE_CURVE('',#2514,#2515,#1305,.T.);
#3178=EDGE_CURVE('',#2514,#2516,#1306,.T.);
#3179=EDGE_CURVE('',#2517,#2515,#1307,.T.);
#3180=EDGE_CURVE('',#2516,#2517,#1308,.T.);
#3181=EDGE_CURVE('',#2516,#2518,#1309,.T.);
#3182=EDGE_CURVE('',#2519,#2517,#1310,.T.);
#3183=EDGE_CURVE('',#2518,#2519,#1311,.T.);
#3184=EDGE_CURVE('',#2518,#2520,#1312,.T.);
#3185=EDGE_CURVE('',#2521,#2519,#1313,.T.);
#3186=EDGE_CURVE('',#2520,#2521,#1314,.T.);
#3187=EDGE_CURVE('',#2520,#2522,#1315,.T.);
#3188=EDGE_CURVE('',#2523,#2521,#1316,.T.);
#3189=EDGE_CURVE('',#2522,#2523,#1317,.T.);
#3190=EDGE_CURVE('',#2522,#2524,#1318,.T.);
#3191=EDGE_CURVE('',#2525,#2523,#1319,.T.);
#3192=EDGE_CURVE('',#2524,#2525,#1320,.T.);
#3193=EDGE_CURVE('',#2524,#2526,#1321,.T.);
#3194=EDGE_CURVE('',#2527,#2525,#1322,.T.);
#3195=EDGE_CURVE('',#2526,#2527,#1323,.T.);
#3196=EDGE_CURVE('',#2526,#2528,#1324,.T.);
#3197=EDGE_CURVE('',#2529,#2527,#1325,.T.);
#3198=EDGE_CURVE('',#2528,#2529,#1326,.T.);
#3199=EDGE_CURVE('',#2528,#2530,#1327,.T.);
#3200=EDGE_CURVE('',#2531,#2529,#1328,.T.);
#3201=EDGE_CURVE('',#2530,#2531,#1329,.T.);
#3202=EDGE_CURVE('',#2530,#2532,#1330,.T.);
#3203=EDGE_CURVE('',#2533,#2531,#1331,.T.);
#3204=EDGE_CURVE('',#2532,#2533,#1332,.T.);
#3205=EDGE_CURVE('',#2532,#2534,#1333,.T.);
#3206=EDGE_CURVE('',#2535,#2533,#1334,.T.);
#3207=EDGE_CURVE('',#2534,#2535,#1335,.T.);
#3208=EDGE_CURVE('',#2534,#2536,#1336,.T.);
#3209=EDGE_CURVE('',#2537,#2535,#1337,.T.);
#3210=EDGE_CURVE('',#2536,#2537,#1338,.T.);
#3211=EDGE_CURVE('',#2536,#2538,#1339,.T.);
#3212=EDGE_CURVE('',#2539,#2537,#1340,.T.);
#3213=EDGE_CURVE('',#2538,#2539,#1341,.T.);
#3214=EDGE_CURVE('',#2538,#2540,#1342,.T.);
#3215=EDGE_CURVE('',#2541,#2539,#1343,.T.);
#3216=EDGE_CURVE('',#2540,#2541,#1344,.T.);
#3217=EDGE_CURVE('',#2540,#2542,#1345,.T.);
#3218=EDGE_CURVE('',#2543,#2541,#1346,.T.);
#3219=EDGE_CURVE('',#2542,#2543,#1347,.T.);
#3220=EDGE_CURVE('',#2542,#2544,#1348,.T.);
#3221=EDGE_CURVE('',#2545,#2543,#1349,.T.);
#3222=EDGE_CURVE('',#2544,#2545,#1350,.T.);
#3223=EDGE_CURVE('',#2544,#2546,#1351,.T.);
#3224=EDGE_CURVE('',#2547,#2545,#1352,.T.);
#3225=EDGE_CURVE('',#2546,#2547,#1353,.T.);
#3226=EDGE_CURVE('',#2546,#2548,#1354,.T.);
#3227=EDGE_CURVE('',#2549,#2547,#1355,.T.);
#3228=EDGE_CURVE('',#2548,#2549,#1356,.T.);
#3229=EDGE_CURVE('',#2548,#2550,#1357,.T.);
#3230=EDGE_CURVE('',#2551,#2549,#1358,.T.);
#3231=EDGE_CURVE('',#2550,#2551,#1359,.T.);
#3232=EDGE_CURVE('',#2550,#2552,#1360,.T.);
#3233=EDGE_CURVE('',#2553,#2551,#1361,.T.);
#3234=EDGE_CURVE('',#2552,#2553,#1362,.T.);
#3235=EDGE_CURVE('',#2552,#2554,#1363,.T.);
#3236=EDGE_CURVE('',#2555,#2553,#1364,.T.);
#3237=EDGE_CURVE('',#2554,#2555,#1365,.T.);
#3238=EDGE_CURVE('',#2554,#2556,#1366,.T.);
#3239=EDGE_CURVE('',#2557,#2555,#1367,.T.);
#3240=EDGE_CURVE('',#2556,#2557,#1368,.T.);
#3241=EDGE_CURVE('',#2556,#2558,#1369,.T.);
#3242=EDGE_CURVE('',#2559,#2557,#1370,.T.);
#3243=EDGE_CURVE('',#2558,#2559,#1371,.T.);
#3244=EDGE_CURVE('',#2558,#2560,#1372,.T.);
#3245=EDGE_CURVE('',#2561,#2559,#1373,.T.);
#3246=EDGE_CURVE('',#2560,#2561,#1374,.T.);
#3247=EDGE_CURVE('',#2560,#2562,#1375,.T.);
#3248=EDGE_CURVE('',#2563,#2561,#1376,.T.);
#3249=EDGE_CURVE('',#2562,#2563,#1377,.T.);
#3250=EDGE_CURVE('',#2562,#2564,#1378,.T.);
#3251=EDGE_CURVE('',#2565,#2563,#1379,.T.);
#3252=EDGE_CURVE('',#2564,#2565,#1380,.T.);
#3253=EDGE_CURVE('',#2564,#2566,#1381,.T.);
#3254=EDGE_CURVE('',#2567,#2565,#1382,.T.);
#3255=EDGE_CURVE('',#2566,#2567,#1383,.T.);
#3256=EDGE_CURVE('',#2566,#2568,#1384,.T.);
#3257=EDGE_CURVE('',#2569,#2567,#1385,.T.);
#3258=EDGE_CURVE('',#2568,#2569,#1386,.T.);
#3259=EDGE_CURVE('',#2568,#2570,#1387,.T.);
#3260=EDGE_CURVE('',#2571,#2569,#1388,.T.);
#3261=EDGE_CURVE('',#2570,#2571,#1389,.T.);
#3262=EDGE_CURVE('',#2570,#2572,#1390,.T.);
#3263=EDGE_CURVE('',#2573,#2571,#1391,.T.);
#3264=EDGE_CURVE('',#2572,#2573,#1392,.T.);
#3265=EDGE_CURVE('',#2572,#2574,#1393,.T.);
#3266=EDGE_CURVE('',#2575,#2573,#1394,.T.);
#3267=EDGE_CURVE('',#2574,#2575,#1395,.T.);
#3268=EDGE_CURVE('',#2574,#2576,#1396,.T.);
#3269=EDGE_CURVE('',#2577,#2575,#1397,.T.);
#3270=EDGE_CURVE('',#2576,#2577,#1398,.T.);
#3271=EDGE_CURVE('',#2576,#2578,#1399,.T.);
#3272=EDGE_CURVE('',#2579,#2577,#1400,.T.);
#3273=EDGE_CURVE('',#2578,#2579,#1401,.T.);
#3274=EDGE_CURVE('',#2578,#2580,#1402,.T.);
#3275=EDGE_CURVE('',#2581,#2579,#1403,.T.);
#3276=EDGE_CURVE('',#2580,#2581,#1404,.T.);
#3277=EDGE_CURVE('',#2580,#2582,#1405,.T.);
#3278=EDGE_CURVE('',#2583,#2581,#1406,.T.);
#3279=EDGE_CURVE('',#2582,#2583,#1407,.T.);
#3280=EDGE_CURVE('',#2582,#2584,#1408,.T.);
#3281=EDGE_CURVE('',#2585,#2583,#1409,.T.);
#3282=EDGE_CURVE('',#2584,#2585,#1410,.T.);
#3283=EDGE_CURVE('',#2584,#2586,#1411,.T.);
#3284=EDGE_CURVE('',#2587,#2585,#1412,.T.);
#3285=EDGE_CURVE('',#2586,#2587,#1413,.T.);
#3286=EDGE_CURVE('',#2586,#2588,#1414,.T.);
#3287=EDGE_CURVE('',#2589,#2587,#1415,.T.);
#3288=EDGE_CURVE('',#2588,#2589,#1416,.T.);
#3289=EDGE_CURVE('',#2588,#2590,#1417,.T.);
#3290=EDGE_CURVE('',#2591,#2589,#1418,.T.);
#3291=EDGE_CURVE('',#2590,#2591,#1419,.T.);
#3292=EDGE_CURVE('',#2590,#2350,#1420,.T.);
#3293=EDGE_CURVE('',#2352,#2591,#1421,.T.);
#3294=ORIENTED_EDGE('',*,*,#2592,.F.);
#3295=ORIENTED_EDGE('',*,*,#2593,.T.);
#3296=ORIENTED_EDGE('',*,*,#2594,.F.);
#3297=ORIENTED_EDGE('',*,*,#2593,.F.);
#3298=ORIENTED_EDGE('',*,*,#2595,.F.);
#3299=ORIENTED_EDGE('',*,*,#2596,.T.);
#3300=ORIENTED_EDGE('',*,*,#2597,.F.);
#3301=ORIENTED_EDGE('',*,*,#2596,.F.);
#3302=ORIENTED_EDGE('',*,*,#2598,.F.);
#3303=ORIENTED_EDGE('',*,*,#2599,.T.);
#3304=ORIENTED_EDGE('',*,*,#2600,.F.);
#3305=ORIENTED_EDGE('',*,*,#2599,.F.);
#3306=ORIENTED_EDGE('',*,*,#2601,.F.);
#3307=ORIENTED_EDGE('',*,*,#2602,.T.);
#3308=ORIENTED_EDGE('',*,*,#2603,.F.);
#3309=ORIENTED_EDGE('',*,*,#2602,.F.);
#3310=ORIENTED_EDGE('',*,*,#2604,.F.);
#3311=ORIENTED_EDGE('',*,*,#2605,.T.);
#3312=ORIENTED_EDGE('',*,*,#2606,.F.);
#3313=ORIENTED_EDGE('',*,*,#2605,.F.);
#3314=ORIENTED_EDGE('',*,*,#2607,.F.);
#3315=ORIENTED_EDGE('',*,*,#2608,.T.);
#3316=ORIENTED_EDGE('',*,*,#2609,.T.);
#3317=ORIENTED_EDGE('',*,*,#2610,.F.);
#3318=ORIENTED_EDGE('',*,*,#2611,.F.);
#3319=ORIENTED_EDGE('',*,*,#2612,.T.);
#3320=ORIENTED_EDGE('',*,*,#2613,.T.);
#3321=ORIENTED_EDGE('',*,*,#2608,.F.);
#3322=ORIENTED_EDGE('',*,*,#2614,.F.);
#3323=ORIENTED_EDGE('',*,*,#2615,.T.);
#3324=ORIENTED_EDGE('',*,*,#2616,.T.);
#3325=ORIENTED_EDGE('',*,*,#2612,.F.);
#3326=ORIENTED_EDGE('',*,*,#2617,.F.);
#3327=ORIENTED_EDGE('',*,*,#2618,.T.);
#3328=ORIENTED_EDGE('',*,*,#2619,.T.);
#3329=ORIENTED_EDGE('',*,*,#2615,.F.);
#3330=ORIENTED_EDGE('',*,*,#2620,.F.);
#3331=ORIENTED_EDGE('',*,*,#2621,.T.);
#3332=ORIENTED_EDGE('',*,*,#2622,.T.);
#3333=ORIENTED_EDGE('',*,*,#2618,.F.);
#3334=ORIENTED_EDGE('',*,*,#2623,.F.);
#3335=ORIENTED_EDGE('',*,*,#2624,.T.);
#3336=ORIENTED_EDGE('',*,*,#2625,.T.);
#3337=ORIENTED_EDGE('',*,*,#2621,.F.);
#3338=ORIENTED_EDGE('',*,*,#2626,.F.);
#3339=ORIENTED_EDGE('',*,*,#2627,.T.);
#3340=ORIENTED_EDGE('',*,*,#2628,.T.);
#3341=ORIENTED_EDGE('',*,*,#2624,.F.);
#3342=ORIENTED_EDGE('',*,*,#2629,.F.);
#3343=ORIENTED_EDGE('',*,*,#2630,.T.);
#3344=ORIENTED_EDGE('',*,*,#2631,.T.);
#3345=ORIENTED_EDGE('',*,*,#2627,.F.);
#3346=ORIENTED_EDGE('',*,*,#2632,.F.);
#3347=ORIENTED_EDGE('',*,*,#2633,.T.);
#3348=ORIENTED_EDGE('',*,*,#2634,.T.);
#3349=ORIENTED_EDGE('',*,*,#2630,.F.);
#3350=ORIENTED_EDGE('',*,*,#2635,.F.);
#3351=ORIENTED_EDGE('',*,*,#2636,.T.);
#3352=ORIENTED_EDGE('',*,*,#2637,.T.);
#3353=ORIENTED_EDGE('',*,*,#2633,.F.);
#3354=ORIENTED_EDGE('',*,*,#2638,.F.);
#3355=ORIENTED_EDGE('',*,*,#2639,.T.);
#3356=ORIENTED_EDGE('',*,*,#2640,.T.);
#3357=ORIENTED_EDGE('',*,*,#2636,.F.);
#3358=ORIENTED_EDGE('',*,*,#2641,.F.);
#3359=ORIENTED_EDGE('',*,*,#2642,.T.);
#3360=ORIENTED_EDGE('',*,*,#2643,.T.);
#3361=ORIENTED_EDGE('',*,*,#2639,.F.);
#3362=ORIENTED_EDGE('',*,*,#2644,.F.);
#3363=ORIENTED_EDGE('',*,*,#2645,.T.);
#3364=ORIENTED_EDGE('',*,*,#2646,.T.);
#3365=ORIENTED_EDGE('',*,*,#2642,.F.);
#3366=ORIENTED_EDGE('',*,*,#2647,.F.);
#3367=ORIENTED_EDGE('',*,*,#2648,.T.);
#3368=ORIENTED_EDGE('',*,*,#2649,.T.);
#3369=ORIENTED_EDGE('',*,*,#2645,.F.);
#3370=ORIENTED_EDGE('',*,*,#2650,.F.);
#3371=ORIENTED_EDGE('',*,*,#2651,.T.);
#3372=ORIENTED_EDGE('',*,*,#2652,.T.);
#3373=ORIENTED_EDGE('',*,*,#2648,.F.);
#3374=ORIENTED_EDGE('',*,*,#2653,.F.);
#3375=ORIENTED_EDGE('',*,*,#2654,.T.);
#3376=ORIENTED_EDGE('',*,*,#2655,.T.);
#3377=ORIENTED_EDGE('',*,*,#2651,.F.);
#3378=ORIENTED_EDGE('',*,*,#2656,.F.);
#3379=ORIENTED_EDGE('',*,*,#2657,.T.);
#3380=ORIENTED_EDGE('',*,*,#2658,.T.);
#3381=ORIENTED_EDGE('',*,*,#2654,.F.);
#3382=ORIENTED_EDGE('',*,*,#2659,.F.);
#3383=ORIENTED_EDGE('',*,*,#2610,.T.);
#3384=ORIENTED_EDGE('',*,*,#2660,.T.);
#3385=ORIENTED_EDGE('',*,*,#2657,.F.);
#3386=ORIENTED_EDGE('',*,*,#2660,.F.);
#3387=ORIENTED_EDGE('',*,*,#2609,.F.);
#3388=ORIENTED_EDGE('',*,*,#2613,.F.);
#3389=ORIENTED_EDGE('',*,*,#2616,.F.);
#3390=ORIENTED_EDGE('',*,*,#2619,.F.);
#3391=ORIENTED_EDGE('',*,*,#2622,.F.);
#3392=ORIENTED_EDGE('',*,*,#2625,.F.);
#3393=ORIENTED_EDGE('',*,*,#2628,.F.);
#3394=ORIENTED_EDGE('',*,*,#2631,.F.);
#3395=ORIENTED_EDGE('',*,*,#2634,.F.);
#3396=ORIENTED_EDGE('',*,*,#2637,.F.);
#3397=ORIENTED_EDGE('',*,*,#2640,.F.);
#3398=ORIENTED_EDGE('',*,*,#2643,.F.);
#3399=ORIENTED_EDGE('',*,*,#2646,.F.);
#3400=ORIENTED_EDGE('',*,*,#2649,.F.);
#3401=ORIENTED_EDGE('',*,*,#2652,.F.);
#3402=ORIENTED_EDGE('',*,*,#2655,.F.);
#3403=ORIENTED_EDGE('',*,*,#2658,.F.);
#3404=ORIENTED_EDGE('',*,*,#2661,.F.);
#3405=ORIENTED_EDGE('',*,*,#2662,.T.);
#3406=ORIENTED_EDGE('',*,*,#2663,.T.);
#3407=ORIENTED_EDGE('',*,*,#2664,.F.);
#3408=ORIENTED_EDGE('',*,*,#2665,.F.);
#3409=ORIENTED_EDGE('',*,*,#2666,.T.);
#3410=ORIENTED_EDGE('',*,*,#2667,.T.);
#3411=ORIENTED_EDGE('',*,*,#2662,.F.);
#3412=ORIENTED_EDGE('',*,*,#2668,.F.);
#3413=ORIENTED_EDGE('',*,*,#2669,.T.);
#3414=ORIENTED_EDGE('',*,*,#2670,.T.);
#3415=ORIENTED_EDGE('',*,*,#2666,.F.);
#3416=ORIENTED_EDGE('',*,*,#2671,.F.);
#3417=ORIENTED_EDGE('',*,*,#2672,.T.);
#3418=ORIENTED_EDGE('',*,*,#2673,.T.);
#3419=ORIENTED_EDGE('',*,*,#2669,.F.);
#3420=ORIENTED_EDGE('',*,*,#2674,.F.);
#3421=ORIENTED_EDGE('',*,*,#2675,.T.);
#3422=ORIENTED_EDGE('',*,*,#2676,.T.);
#3423=ORIENTED_EDGE('',*,*,#2672,.F.);
#3424=ORIENTED_EDGE('',*,*,#2677,.F.);
#3425=ORIENTED_EDGE('',*,*,#2678,.T.);
#3426=ORIENTED_EDGE('',*,*,#2679,.T.);
#3427=ORIENTED_EDGE('',*,*,#2675,.F.);
#3428=ORIENTED_EDGE('',*,*,#2680,.F.);
#3429=ORIENTED_EDGE('',*,*,#2681,.T.);
#3430=ORIENTED_EDGE('',*,*,#2682,.T.);
#3431=ORIENTED_EDGE('',*,*,#2678,.F.);
#3432=ORIENTED_EDGE('',*,*,#2683,.F.);
#3433=ORIENTED_EDGE('',*,*,#2684,.T.);
#3434=ORIENTED_EDGE('',*,*,#2685,.T.);
#3435=ORIENTED_EDGE('',*,*,#2681,.F.);
#3436=ORIENTED_EDGE('',*,*,#2686,.F.);
#3437=ORIENTED_EDGE('',*,*,#2687,.T.);
#3438=ORIENTED_EDGE('',*,*,#2688,.T.);
#3439=ORIENTED_EDGE('',*,*,#2684,.F.);
#3440=ORIENTED_EDGE('',*,*,#2689,.F.);
#3441=ORIENTED_EDGE('',*,*,#2690,.T.);
#3442=ORIENTED_EDGE('',*,*,#2691,.T.);
#3443=ORIENTED_EDGE('',*,*,#2687,.F.);
#3444=ORIENTED_EDGE('',*,*,#2692,.F.);
#3445=ORIENTED_EDGE('',*,*,#2693,.T.);
#3446=ORIENTED_EDGE('',*,*,#2694,.T.);
#3447=ORIENTED_EDGE('',*,*,#2690,.F.);
#3448=ORIENTED_EDGE('',*,*,#2695,.F.);
#3449=ORIENTED_EDGE('',*,*,#2696,.T.);
#3450=ORIENTED_EDGE('',*,*,#2697,.T.);
#3451=ORIENTED_EDGE('',*,*,#2693,.F.);
#3452=ORIENTED_EDGE('',*,*,#2698,.F.);
#3453=ORIENTED_EDGE('',*,*,#2699,.T.);
#3454=ORIENTED_EDGE('',*,*,#2700,.T.);
#3455=ORIENTED_EDGE('',*,*,#2696,.F.);
#3456=ORIENTED_EDGE('',*,*,#2701,.F.);
#3457=ORIENTED_EDGE('',*,*,#2702,.T.);
#3458=ORIENTED_EDGE('',*,*,#2703,.T.);
#3459=ORIENTED_EDGE('',*,*,#2699,.F.);
#3460=ORIENTED_EDGE('',*,*,#2704,.F.);
#3461=ORIENTED_EDGE('',*,*,#2705,.T.);
#3462=ORIENTED_EDGE('',*,*,#2706,.T.);
#3463=ORIENTED_EDGE('',*,*,#2702,.F.);
#3464=ORIENTED_EDGE('',*,*,#2707,.F.);
#3465=ORIENTED_EDGE('',*,*,#2708,.T.);
#3466=ORIENTED_EDGE('',*,*,#2709,.T.);
#3467=ORIENTED_EDGE('',*,*,#2705,.F.);
#3468=ORIENTED_EDGE('',*,*,#2710,.F.);
#3469=ORIENTED_EDGE('',*,*,#2711,.T.);
#3470=ORIENTED_EDGE('',*,*,#2712,.T.);
#3471=ORIENTED_EDGE('',*,*,#2708,.F.);
#3472=ORIENTED_EDGE('',*,*,#2713,.F.);
#3473=ORIENTED_EDGE('',*,*,#2664,.T.);
#3474=ORIENTED_EDGE('',*,*,#2714,.T.);
#3475=ORIENTED_EDGE('',*,*,#2711,.F.);
#3476=ORIENTED_EDGE('',*,*,#2714,.F.);
#3477=ORIENTED_EDGE('',*,*,#2663,.F.);
#3478=ORIENTED_EDGE('',*,*,#2667,.F.);
#3479=ORIENTED_EDGE('',*,*,#2670,.F.);
#3480=ORIENTED_EDGE('',*,*,#2673,.F.);
#3481=ORIENTED_EDGE('',*,*,#2676,.F.);
#3482=ORIENTED_EDGE('',*,*,#2679,.F.);
#3483=ORIENTED_EDGE('',*,*,#2682,.F.);
#3484=ORIENTED_EDGE('',*,*,#2685,.F.);
#3485=ORIENTED_EDGE('',*,*,#2688,.F.);
#3486=ORIENTED_EDGE('',*,*,#2691,.F.);
#3487=ORIENTED_EDGE('',*,*,#2694,.F.);
#3488=ORIENTED_EDGE('',*,*,#2697,.F.);
#3489=ORIENTED_EDGE('',*,*,#2700,.F.);
#3490=ORIENTED_EDGE('',*,*,#2703,.F.);
#3491=ORIENTED_EDGE('',*,*,#2706,.F.);
#3492=ORIENTED_EDGE('',*,*,#2709,.F.);
#3493=ORIENTED_EDGE('',*,*,#2712,.F.);
#3494=ORIENTED_EDGE('',*,*,#2715,.F.);
#3495=ORIENTED_EDGE('',*,*,#2716,.T.);
#3496=ORIENTED_EDGE('',*,*,#2717,.T.);
#3497=ORIENTED_EDGE('',*,*,#2718,.F.);
#3498=ORIENTED_EDGE('',*,*,#2719,.F.);
#3499=ORIENTED_EDGE('',*,*,#2720,.T.);
#3500=ORIENTED_EDGE('',*,*,#2721,.T.);
#3501=ORIENTED_EDGE('',*,*,#2716,.F.);
#3502=ORIENTED_EDGE('',*,*,#2722,.F.);
#3503=ORIENTED_EDGE('',*,*,#2723,.T.);
#3504=ORIENTED_EDGE('',*,*,#2724,.T.);
#3505=ORIENTED_EDGE('',*,*,#2720,.F.);
#3506=ORIENTED_EDGE('',*,*,#2725,.F.);
#3507=ORIENTED_EDGE('',*,*,#2726,.T.);
#3508=ORIENTED_EDGE('',*,*,#2727,.T.);
#3509=ORIENTED_EDGE('',*,*,#2723,.F.);
#3510=ORIENTED_EDGE('',*,*,#2728,.F.);
#3511=ORIENTED_EDGE('',*,*,#2729,.T.);
#3512=ORIENTED_EDGE('',*,*,#2730,.T.);
#3513=ORIENTED_EDGE('',*,*,#2726,.F.);
#3514=ORIENTED_EDGE('',*,*,#2731,.F.);
#3515=ORIENTED_EDGE('',*,*,#2732,.T.);
#3516=ORIENTED_EDGE('',*,*,#2733,.T.);
#3517=ORIENTED_EDGE('',*,*,#2729,.F.);
#3518=ORIENTED_EDGE('',*,*,#2734,.F.);
#3519=ORIENTED_EDGE('',*,*,#2735,.T.);
#3520=ORIENTED_EDGE('',*,*,#2736,.T.);
#3521=ORIENTED_EDGE('',*,*,#2732,.F.);
#3522=ORIENTED_EDGE('',*,*,#2737,.F.);
#3523=ORIENTED_EDGE('',*,*,#2738,.T.);
#3524=ORIENTED_EDGE('',*,*,#2739,.T.);
#3525=ORIENTED_EDGE('',*,*,#2735,.F.);
#3526=ORIENTED_EDGE('',*,*,#2740,.F.);
#3527=ORIENTED_EDGE('',*,*,#2741,.T.);
#3528=ORIENTED_EDGE('',*,*,#2742,.T.);
#3529=ORIENTED_EDGE('',*,*,#2738,.F.);
#3530=ORIENTED_EDGE('',*,*,#2743,.F.);
#3531=ORIENTED_EDGE('',*,*,#2744,.T.);
#3532=ORIENTED_EDGE('',*,*,#2745,.T.);
#3533=ORIENTED_EDGE('',*,*,#2741,.F.);
#3534=ORIENTED_EDGE('',*,*,#2746,.F.);
#3535=ORIENTED_EDGE('',*,*,#2747,.T.);
#3536=ORIENTED_EDGE('',*,*,#2748,.T.);
#3537=ORIENTED_EDGE('',*,*,#2744,.F.);
#3538=ORIENTED_EDGE('',*,*,#2749,.F.);
#3539=ORIENTED_EDGE('',*,*,#2750,.T.);
#3540=ORIENTED_EDGE('',*,*,#2751,.T.);
#3541=ORIENTED_EDGE('',*,*,#2747,.F.);
#3542=ORIENTED_EDGE('',*,*,#2752,.F.);
#3543=ORIENTED_EDGE('',*,*,#2753,.T.);
#3544=ORIENTED_EDGE('',*,*,#2754,.T.);
#3545=ORIENTED_EDGE('',*,*,#2750,.F.);
#3546=ORIENTED_EDGE('',*,*,#2755,.F.);
#3547=ORIENTED_EDGE('',*,*,#2756,.T.);
#3548=ORIENTED_EDGE('',*,*,#2757,.T.);
#3549=ORIENTED_EDGE('',*,*,#2753,.F.);
#3550=ORIENTED_EDGE('',*,*,#2758,.F.);
#3551=ORIENTED_EDGE('',*,*,#2759,.T.);
#3552=ORIENTED_EDGE('',*,*,#2760,.T.);
#3553=ORIENTED_EDGE('',*,*,#2756,.F.);
#3554=ORIENTED_EDGE('',*,*,#2761,.F.);
#3555=ORIENTED_EDGE('',*,*,#2762,.T.);
#3556=ORIENTED_EDGE('',*,*,#2763,.T.);
#3557=ORIENTED_EDGE('',*,*,#2759,.F.);
#3558=ORIENTED_EDGE('',*,*,#2764,.F.);
#3559=ORIENTED_EDGE('',*,*,#2765,.T.);
#3560=ORIENTED_EDGE('',*,*,#2766,.T.);
#3561=ORIENTED_EDGE('',*,*,#2762,.F.);
#3562=ORIENTED_EDGE('',*,*,#2767,.F.);
#3563=ORIENTED_EDGE('',*,*,#2718,.T.);
#3564=ORIENTED_EDGE('',*,*,#2768,.T.);
#3565=ORIENTED_EDGE('',*,*,#2765,.F.);
#3566=ORIENTED_EDGE('',*,*,#2768,.F.);
#3567=ORIENTED_EDGE('',*,*,#2717,.F.);
#3568=ORIENTED_EDGE('',*,*,#2721,.F.);
#3569=ORIENTED_EDGE('',*,*,#2724,.F.);
#3570=ORIENTED_EDGE('',*,*,#2727,.F.);
#3571=ORIENTED_EDGE('',*,*,#2730,.F.);
#3572=ORIENTED_EDGE('',*,*,#2733,.F.);
#3573=ORIENTED_EDGE('',*,*,#2736,.F.);
#3574=ORIENTED_EDGE('',*,*,#2739,.F.);
#3575=ORIENTED_EDGE('',*,*,#2742,.F.);
#3576=ORIENTED_EDGE('',*,*,#2745,.F.);
#3577=ORIENTED_EDGE('',*,*,#2748,.F.);
#3578=ORIENTED_EDGE('',*,*,#2751,.F.);
#3579=ORIENTED_EDGE('',*,*,#2754,.F.);
#3580=ORIENTED_EDGE('',*,*,#2757,.F.);
#3581=ORIENTED_EDGE('',*,*,#2760,.F.);
#3582=ORIENTED_EDGE('',*,*,#2763,.F.);
#3583=ORIENTED_EDGE('',*,*,#2766,.F.);
#3584=ORIENTED_EDGE('',*,*,#2769,.F.);
#3585=ORIENTED_EDGE('',*,*,#2770,.T.);
#3586=ORIENTED_EDGE('',*,*,#2771,.T.);
#3587=ORIENTED_EDGE('',*,*,#2772,.F.);
#3588=ORIENTED_EDGE('',*,*,#2773,.F.);
#3589=ORIENTED_EDGE('',*,*,#2774,.T.);
#3590=ORIENTED_EDGE('',*,*,#2775,.T.);
#3591=ORIENTED_EDGE('',*,*,#2770,.F.);
#3592=ORIENTED_EDGE('',*,*,#2776,.F.);
#3593=ORIENTED_EDGE('',*,*,#2777,.T.);
#3594=ORIENTED_EDGE('',*,*,#2778,.T.);
#3595=ORIENTED_EDGE('',*,*,#2774,.F.);
#3596=ORIENTED_EDGE('',*,*,#2779,.F.);
#3597=ORIENTED_EDGE('',*,*,#2780,.T.);
#3598=ORIENTED_EDGE('',*,*,#2781,.T.);
#3599=ORIENTED_EDGE('',*,*,#2777,.F.);
#3600=ORIENTED_EDGE('',*,*,#2782,.F.);
#3601=ORIENTED_EDGE('',*,*,#2783,.T.);
#3602=ORIENTED_EDGE('',*,*,#2784,.T.);
#3603=ORIENTED_EDGE('',*,*,#2780,.F.);
#3604=ORIENTED_EDGE('',*,*,#2785,.F.);
#3605=ORIENTED_EDGE('',*,*,#2786,.T.);
#3606=ORIENTED_EDGE('',*,*,#2787,.T.);
#3607=ORIENTED_EDGE('',*,*,#2783,.F.);
#3608=ORIENTED_EDGE('',*,*,#2788,.F.);
#3609=ORIENTED_EDGE('',*,*,#2789,.T.);
#3610=ORIENTED_EDGE('',*,*,#2790,.T.);
#3611=ORIENTED_EDGE('',*,*,#2786,.F.);
#3612=ORIENTED_EDGE('',*,*,#2791,.F.);
#3613=ORIENTED_EDGE('',*,*,#2792,.T.);
#3614=ORIENTED_EDGE('',*,*,#2793,.T.);
#3615=ORIENTED_EDGE('',*,*,#2789,.F.);
#3616=ORIENTED_EDGE('',*,*,#2794,.F.);
#3617=ORIENTED_EDGE('',*,*,#2795,.T.);
#3618=ORIENTED_EDGE('',*,*,#2796,.T.);
#3619=ORIENTED_EDGE('',*,*,#2792,.F.);
#3620=ORIENTED_EDGE('',*,*,#2797,.F.);
#3621=ORIENTED_EDGE('',*,*,#2798,.T.);
#3622=ORIENTED_EDGE('',*,*,#2799,.T.);
#3623=ORIENTED_EDGE('',*,*,#2795,.F.);
#3624=ORIENTED_EDGE('',*,*,#2800,.F.);
#3625=ORIENTED_EDGE('',*,*,#2801,.T.);
#3626=ORIENTED_EDGE('',*,*,#2802,.T.);
#3627=ORIENTED_EDGE('',*,*,#2798,.F.);
#3628=ORIENTED_EDGE('',*,*,#2803,.F.);
#3629=ORIENTED_EDGE('',*,*,#2804,.T.);
#3630=ORIENTED_EDGE('',*,*,#2805,.T.);
#3631=ORIENTED_EDGE('',*,*,#2801,.F.);
#3632=ORIENTED_EDGE('',*,*,#2806,.F.);
#3633=ORIENTED_EDGE('',*,*,#2807,.T.);
#3634=ORIENTED_EDGE('',*,*,#2808,.T.);
#3635=ORIENTED_EDGE('',*,*,#2804,.F.);
#3636=ORIENTED_EDGE('',*,*,#2809,.F.);
#3637=ORIENTED_EDGE('',*,*,#2810,.T.);
#3638=ORIENTED_EDGE('',*,*,#2811,.T.);
#3639=ORIENTED_EDGE('',*,*,#2807,.F.);
#3640=ORIENTED_EDGE('',*,*,#2812,.F.);
#3641=ORIENTED_EDGE('',*,*,#2813,.T.);
#3642=ORIENTED_EDGE('',*,*,#2814,.T.);
#3643=ORIENTED_EDGE('',*,*,#2810,.F.);
#3644=ORIENTED_EDGE('',*,*,#2815,.F.);
#3645=ORIENTED_EDGE('',*,*,#2816,.T.);
#3646=ORIENTED_EDGE('',*,*,#2817,.T.);
#3647=ORIENTED_EDGE('',*,*,#2813,.F.);
#3648=ORIENTED_EDGE('',*,*,#2818,.F.);
#3649=ORIENTED_EDGE('',*,*,#2819,.T.);
#3650=ORIENTED_EDGE('',*,*,#2820,.T.);
#3651=ORIENTED_EDGE('',*,*,#2816,.F.);
#3652=ORIENTED_EDGE('',*,*,#2821,.F.);
#3653=ORIENTED_EDGE('',*,*,#2772,.T.);
#3654=ORIENTED_EDGE('',*,*,#2822,.T.);
#3655=ORIENTED_EDGE('',*,*,#2819,.F.);
#3656=ORIENTED_EDGE('',*,*,#2822,.F.);
#3657=ORIENTED_EDGE('',*,*,#2771,.F.);
#3658=ORIENTED_EDGE('',*,*,#2775,.F.);
#3659=ORIENTED_EDGE('',*,*,#2778,.F.);
#3660=ORIENTED_EDGE('',*,*,#2781,.F.);
#3661=ORIENTED_EDGE('',*,*,#2784,.F.);
#3662=ORIENTED_EDGE('',*,*,#2787,.F.);
#3663=ORIENTED_EDGE('',*,*,#2790,.F.);
#3664=ORIENTED_EDGE('',*,*,#2793,.F.);
#3665=ORIENTED_EDGE('',*,*,#2796,.F.);
#3666=ORIENTED_EDGE('',*,*,#2799,.F.);
#3667=ORIENTED_EDGE('',*,*,#2802,.F.);
#3668=ORIENTED_EDGE('',*,*,#2805,.F.);
#3669=ORIENTED_EDGE('',*,*,#2808,.F.);
#3670=ORIENTED_EDGE('',*,*,#2811,.F.);
#3671=ORIENTED_EDGE('',*,*,#2814,.F.);
#3672=ORIENTED_EDGE('',*,*,#2817,.F.);
#3673=ORIENTED_EDGE('',*,*,#2820,.F.);
#3674=ORIENTED_EDGE('',*,*,#2823,.F.);
#3675=ORIENTED_EDGE('',*,*,#2824,.F.);
#3676=ORIENTED_EDGE('',*,*,#2825,.F.);
#3677=ORIENTED_EDGE('',*,*,#2826,.T.);
#3678=ORIENTED_EDGE('',*,*,#2827,.F.);
#3679=ORIENTED_EDGE('',*,*,#2826,.F.);
#3680=ORIENTED_EDGE('',*,*,#2828,.F.);
#3681=ORIENTED_EDGE('',*,*,#2829,.T.);
#3682=ORIENTED_EDGE('',*,*,#2830,.F.);
#3683=ORIENTED_EDGE('',*,*,#2829,.F.);
#3684=ORIENTED_EDGE('',*,*,#2831,.F.);
#3685=ORIENTED_EDGE('',*,*,#2832,.T.);
#3686=ORIENTED_EDGE('',*,*,#2833,.F.);
#3687=ORIENTED_EDGE('',*,*,#2832,.F.);
#3688=ORIENTED_EDGE('',*,*,#2834,.F.);
#3689=ORIENTED_EDGE('',*,*,#2835,.T.);
#3690=ORIENTED_EDGE('',*,*,#2836,.F.);
#3691=ORIENTED_EDGE('',*,*,#2835,.F.);
#3692=ORIENTED_EDGE('',*,*,#2837,.F.);
#3693=ORIENTED_EDGE('',*,*,#2838,.T.);
#3694=ORIENTED_EDGE('',*,*,#2839,.F.);
#3695=ORIENTED_EDGE('',*,*,#2838,.F.);
#3696=ORIENTED_EDGE('',*,*,#2840,.F.);
#3697=ORIENTED_EDGE('',*,*,#2841,.T.);
#3698=ORIENTED_EDGE('',*,*,#2842,.F.);
#3699=ORIENTED_EDGE('',*,*,#2841,.F.);
#3700=ORIENTED_EDGE('',*,*,#2843,.F.);
#3701=ORIENTED_EDGE('',*,*,#2844,.T.);
#3702=ORIENTED_EDGE('',*,*,#2845,.F.);
#3703=ORIENTED_EDGE('',*,*,#2844,.F.);
#3704=ORIENTED_EDGE('',*,*,#2846,.F.);
#3705=ORIENTED_EDGE('',*,*,#2824,.T.);
#3706=ORIENTED_EDGE('',*,*,#2847,.F.);
#3707=ORIENTED_EDGE('',*,*,#2848,.F.);
#3708=ORIENTED_EDGE('',*,*,#2849,.F.);
#3709=ORIENTED_EDGE('',*,*,#2850,.T.);
#3710=ORIENTED_EDGE('',*,*,#2851,.F.);
#3711=ORIENTED_EDGE('',*,*,#2850,.F.);
#3712=ORIENTED_EDGE('',*,*,#2852,.F.);
#3713=ORIENTED_EDGE('',*,*,#2853,.T.);
#3714=ORIENTED_EDGE('',*,*,#2854,.F.);
#3715=ORIENTED_EDGE('',*,*,#2853,.F.);
#3716=ORIENTED_EDGE('',*,*,#2855,.F.);
#3717=ORIENTED_EDGE('',*,*,#2856,.T.);
#3718=ORIENTED_EDGE('',*,*,#2857,.F.);
#3719=ORIENTED_EDGE('',*,*,#2856,.F.);
#3720=ORIENTED_EDGE('',*,*,#2858,.F.);
#3721=ORIENTED_EDGE('',*,*,#2859,.T.);
#3722=ORIENTED_EDGE('',*,*,#2860,.F.);
#3723=ORIENTED_EDGE('',*,*,#2859,.F.);
#3724=ORIENTED_EDGE('',*,*,#2861,.F.);
#3725=ORIENTED_EDGE('',*,*,#2862,.T.);
#3726=ORIENTED_EDGE('',*,*,#2863,.F.);
#3727=ORIENTED_EDGE('',*,*,#2862,.F.);
#3728=ORIENTED_EDGE('',*,*,#2864,.F.);
#3729=ORIENTED_EDGE('',*,*,#2865,.T.);
#3730=ORIENTED_EDGE('',*,*,#2866,.F.);
#3731=ORIENTED_EDGE('',*,*,#2865,.F.);
#3732=ORIENTED_EDGE('',*,*,#2867,.F.);
#3733=ORIENTED_EDGE('',*,*,#2868,.T.);
#3734=ORIENTED_EDGE('',*,*,#2869,.F.);
#3735=ORIENTED_EDGE('',*,*,#2868,.F.);
#3736=ORIENTED_EDGE('',*,*,#2870,.F.);
#3737=ORIENTED_EDGE('',*,*,#2848,.T.);
#3738=ORIENTED_EDGE('',*,*,#2871,.F.);
#3739=ORIENTED_EDGE('',*,*,#2872,.F.);
#3740=ORIENTED_EDGE('',*,*,#2873,.F.);
#3741=ORIENTED_EDGE('',*,*,#2874,.T.);
#3742=ORIENTED_EDGE('',*,*,#2875,.F.);
#3743=ORIENTED_EDGE('',*,*,#2874,.F.);
#3744=ORIENTED_EDGE('',*,*,#2876,.F.);
#3745=ORIENTED_EDGE('',*,*,#2877,.T.);
#3746=ORIENTED_EDGE('',*,*,#2878,.F.);
#3747=ORIENTED_EDGE('',*,*,#2877,.F.);
#3748=ORIENTED_EDGE('',*,*,#2879,.F.);
#3749=ORIENTED_EDGE('',*,*,#2880,.T.);
#3750=ORIENTED_EDGE('',*,*,#2881,.F.);
#3751=ORIENTED_EDGE('',*,*,#2880,.F.);
#3752=ORIENTED_EDGE('',*,*,#2882,.F.);
#3753=ORIENTED_EDGE('',*,*,#2883,.T.);
#3754=ORIENTED_EDGE('',*,*,#2884,.F.);
#3755=ORIENTED_EDGE('',*,*,#2883,.F.);
#3756=ORIENTED_EDGE('',*,*,#2885,.F.);
#3757=ORIENTED_EDGE('',*,*,#2886,.T.);
#3758=ORIENTED_EDGE('',*,*,#2887,.F.);
#3759=ORIENTED_EDGE('',*,*,#2886,.F.);
#3760=ORIENTED_EDGE('',*,*,#2888,.F.);
#3761=ORIENTED_EDGE('',*,*,#2889,.T.);
#3762=ORIENTED_EDGE('',*,*,#2890,.F.);
#3763=ORIENTED_EDGE('',*,*,#2889,.F.);
#3764=ORIENTED_EDGE('',*,*,#2891,.F.);
#3765=ORIENTED_EDGE('',*,*,#2892,.T.);
#3766=ORIENTED_EDGE('',*,*,#2893,.F.);
#3767=ORIENTED_EDGE('',*,*,#2892,.F.);
#3768=ORIENTED_EDGE('',*,*,#2894,.F.);
#3769=ORIENTED_EDGE('',*,*,#2872,.T.);
#3770=ORIENTED_EDGE('',*,*,#2895,.F.);
#3771=ORIENTED_EDGE('',*,*,#2896,.F.);
#3772=ORIENTED_EDGE('',*,*,#2897,.F.);
#3773=ORIENTED_EDGE('',*,*,#2898,.T.);
#3774=ORIENTED_EDGE('',*,*,#2899,.F.);
#3775=ORIENTED_EDGE('',*,*,#2898,.F.);
#3776=ORIENTED_EDGE('',*,*,#2900,.F.);
#3777=ORIENTED_EDGE('',*,*,#2901,.T.);
#3778=ORIENTED_EDGE('',*,*,#2902,.F.);
#3779=ORIENTED_EDGE('',*,*,#2901,.F.);
#3780=ORIENTED_EDGE('',*,*,#2903,.F.);
#3781=ORIENTED_EDGE('',*,*,#2904,.T.);
#3782=ORIENTED_EDGE('',*,*,#2905,.F.);
#3783=ORIENTED_EDGE('',*,*,#2904,.F.);
#3784=ORIENTED_EDGE('',*,*,#2906,.F.);
#3785=ORIENTED_EDGE('',*,*,#2907,.T.);
#3786=ORIENTED_EDGE('',*,*,#2908,.F.);
#3787=ORIENTED_EDGE('',*,*,#2907,.F.);
#3788=ORIENTED_EDGE('',*,*,#2909,.F.);
#3789=ORIENTED_EDGE('',*,*,#2910,.T.);
#3790=ORIENTED_EDGE('',*,*,#2911,.F.);
#3791=ORIENTED_EDGE('',*,*,#2910,.F.);
#3792=ORIENTED_EDGE('',*,*,#2912,.F.);
#3793=ORIENTED_EDGE('',*,*,#2913,.T.);
#3794=ORIENTED_EDGE('',*,*,#2914,.F.);
#3795=ORIENTED_EDGE('',*,*,#2913,.F.);
#3796=ORIENTED_EDGE('',*,*,#2915,.F.);
#3797=ORIENTED_EDGE('',*,*,#2916,.T.);
#3798=ORIENTED_EDGE('',*,*,#2917,.F.);
#3799=ORIENTED_EDGE('',*,*,#2916,.F.);
#3800=ORIENTED_EDGE('',*,*,#2918,.F.);
#3801=ORIENTED_EDGE('',*,*,#2896,.T.);
#3802=ORIENTED_EDGE('',*,*,#2919,.F.);
#3803=ORIENTED_EDGE('',*,*,#2920,.F.);
#3804=ORIENTED_EDGE('',*,*,#2921,.F.);
#3805=ORIENTED_EDGE('',*,*,#2922,.T.);
#3806=ORIENTED_EDGE('',*,*,#2923,.F.);
#3807=ORIENTED_EDGE('',*,*,#2922,.F.);
#3808=ORIENTED_EDGE('',*,*,#2924,.F.);
#3809=ORIENTED_EDGE('',*,*,#2925,.T.);
#3810=ORIENTED_EDGE('',*,*,#2926,.F.);
#3811=ORIENTED_EDGE('',*,*,#2925,.F.);
#3812=ORIENTED_EDGE('',*,*,#2927,.F.);
#3813=ORIENTED_EDGE('',*,*,#2928,.T.);
#3814=ORIENTED_EDGE('',*,*,#2929,.F.);
#3815=ORIENTED_EDGE('',*,*,#2928,.F.);
#3816=ORIENTED_EDGE('',*,*,#2930,.F.);
#3817=ORIENTED_EDGE('',*,*,#2920,.T.);
#3818=ORIENTED_EDGE('',*,*,#2931,.F.);
#3819=ORIENTED_EDGE('',*,*,#2932,.T.);
#3820=ORIENTED_EDGE('',*,*,#2933,.F.);
#3821=ORIENTED_EDGE('',*,*,#2934,.F.);
#3822=ORIENTED_EDGE('',*,*,#2935,.F.);
#3823=ORIENTED_EDGE('',*,*,#2934,.T.);
#3824=ORIENTED_EDGE('',*,*,#2936,.F.);
#3825=ORIENTED_EDGE('',*,*,#2937,.F.);
#3826=ORIENTED_EDGE('',*,*,#2938,.F.);
#3827=ORIENTED_EDGE('',*,*,#2937,.T.);
#3828=ORIENTED_EDGE('',*,*,#2939,.F.);
#3829=ORIENTED_EDGE('',*,*,#2940,.F.);
#3830=ORIENTED_EDGE('',*,*,#2941,.F.);
#3831=ORIENTED_EDGE('',*,*,#2940,.T.);
#3832=ORIENTED_EDGE('',*,*,#2942,.F.);
#3833=ORIENTED_EDGE('',*,*,#2943,.F.);
#3834=ORIENTED_EDGE('',*,*,#2944,.F.);
#3835=ORIENTED_EDGE('',*,*,#2943,.T.);
#3836=ORIENTED_EDGE('',*,*,#2945,.F.);
#3837=ORIENTED_EDGE('',*,*,#2946,.F.);
#3838=ORIENTED_EDGE('',*,*,#2947,.F.);
#3839=ORIENTED_EDGE('',*,*,#2946,.T.);
#3840=ORIENTED_EDGE('',*,*,#2948,.F.);
#3841=ORIENTED_EDGE('',*,*,#2949,.F.);
#3842=ORIENTED_EDGE('',*,*,#2950,.F.);
#3843=ORIENTED_EDGE('',*,*,#2949,.T.);
#3844=ORIENTED_EDGE('',*,*,#2951,.F.);
#3845=ORIENTED_EDGE('',*,*,#2952,.F.);
#3846=ORIENTED_EDGE('',*,*,#2953,.F.);
#3847=ORIENTED_EDGE('',*,*,#2952,.T.);
#3848=ORIENTED_EDGE('',*,*,#2954,.F.);
#3849=ORIENTED_EDGE('',*,*,#2955,.F.);
#3850=ORIENTED_EDGE('',*,*,#2956,.F.);
#3851=ORIENTED_EDGE('',*,*,#2955,.T.);
#3852=ORIENTED_EDGE('',*,*,#2957,.F.);
#3853=ORIENTED_EDGE('',*,*,#2958,.F.);
#3854=ORIENTED_EDGE('',*,*,#2959,.F.);
#3855=ORIENTED_EDGE('',*,*,#2958,.T.);
#3856=ORIENTED_EDGE('',*,*,#2960,.F.);
#3857=ORIENTED_EDGE('',*,*,#2961,.F.);
#3858=ORIENTED_EDGE('',*,*,#2962,.F.);
#3859=ORIENTED_EDGE('',*,*,#2961,.T.);
#3860=ORIENTED_EDGE('',*,*,#2963,.F.);
#3861=ORIENTED_EDGE('',*,*,#2964,.F.);
#3862=ORIENTED_EDGE('',*,*,#2965,.F.);
#3863=ORIENTED_EDGE('',*,*,#2964,.T.);
#3864=ORIENTED_EDGE('',*,*,#2966,.F.);
#3865=ORIENTED_EDGE('',*,*,#2967,.F.);
#3866=ORIENTED_EDGE('',*,*,#2968,.F.);
#3867=ORIENTED_EDGE('',*,*,#2967,.T.);
#3868=ORIENTED_EDGE('',*,*,#2969,.F.);
#3869=ORIENTED_EDGE('',*,*,#2970,.F.);
#3870=ORIENTED_EDGE('',*,*,#2971,.F.);
#3871=ORIENTED_EDGE('',*,*,#2970,.T.);
#3872=ORIENTED_EDGE('',*,*,#2972,.F.);
#3873=ORIENTED_EDGE('',*,*,#2973,.F.);
#3874=ORIENTED_EDGE('',*,*,#2974,.F.);
#3875=ORIENTED_EDGE('',*,*,#2973,.T.);
#3876=ORIENTED_EDGE('',*,*,#2975,.F.);
#3877=ORIENTED_EDGE('',*,*,#2976,.F.);
#3878=ORIENTED_EDGE('',*,*,#2977,.F.);
#3879=ORIENTED_EDGE('',*,*,#2976,.T.);
#3880=ORIENTED_EDGE('',*,*,#2978,.F.);
#3881=ORIENTED_EDGE('',*,*,#2979,.F.);
#3882=ORIENTED_EDGE('',*,*,#2980,.F.);
#3883=ORIENTED_EDGE('',*,*,#2979,.T.);
#3884=ORIENTED_EDGE('',*,*,#2981,.F.);
#3885=ORIENTED_EDGE('',*,*,#2982,.F.);
#3886=ORIENTED_EDGE('',*,*,#2983,.F.);
#3887=ORIENTED_EDGE('',*,*,#2982,.T.);
#3888=ORIENTED_EDGE('',*,*,#2984,.F.);
#3889=ORIENTED_EDGE('',*,*,#2985,.F.);
#3890=ORIENTED_EDGE('',*,*,#2986,.F.);
#3891=ORIENTED_EDGE('',*,*,#2985,.T.);
#3892=ORIENTED_EDGE('',*,*,#2987,.F.);
#3893=ORIENTED_EDGE('',*,*,#2988,.F.);
#3894=ORIENTED_EDGE('',*,*,#2989,.F.);
#3895=ORIENTED_EDGE('',*,*,#2988,.T.);
#3896=ORIENTED_EDGE('',*,*,#2990,.F.);
#3897=ORIENTED_EDGE('',*,*,#2991,.F.);
#3898=ORIENTED_EDGE('',*,*,#2992,.F.);
#3899=ORIENTED_EDGE('',*,*,#2991,.T.);
#3900=ORIENTED_EDGE('',*,*,#2993,.F.);
#3901=ORIENTED_EDGE('',*,*,#2994,.F.);
#3902=ORIENTED_EDGE('',*,*,#2995,.F.);
#3903=ORIENTED_EDGE('',*,*,#2994,.T.);
#3904=ORIENTED_EDGE('',*,*,#2996,.F.);
#3905=ORIENTED_EDGE('',*,*,#2997,.F.);
#3906=ORIENTED_EDGE('',*,*,#2998,.F.);
#3907=ORIENTED_EDGE('',*,*,#2997,.T.);
#3908=ORIENTED_EDGE('',*,*,#2999,.F.);
#3909=ORIENTED_EDGE('',*,*,#3000,.F.);
#3910=ORIENTED_EDGE('',*,*,#3001,.F.);
#3911=ORIENTED_EDGE('',*,*,#3000,.T.);
#3912=ORIENTED_EDGE('',*,*,#3002,.F.);
#3913=ORIENTED_EDGE('',*,*,#3003,.F.);
#3914=ORIENTED_EDGE('',*,*,#3004,.F.);
#3915=ORIENTED_EDGE('',*,*,#3003,.T.);
#3916=ORIENTED_EDGE('',*,*,#3005,.F.);
#3917=ORIENTED_EDGE('',*,*,#3006,.F.);
#3918=ORIENTED_EDGE('',*,*,#3007,.F.);
#3919=ORIENTED_EDGE('',*,*,#3006,.T.);
#3920=ORIENTED_EDGE('',*,*,#3008,.F.);
#3921=ORIENTED_EDGE('',*,*,#3009,.F.);
#3922=ORIENTED_EDGE('',*,*,#3010,.F.);
#3923=ORIENTED_EDGE('',*,*,#3009,.T.);
#3924=ORIENTED_EDGE('',*,*,#3011,.F.);
#3925=ORIENTED_EDGE('',*,*,#3012,.F.);
#3926=ORIENTED_EDGE('',*,*,#3013,.F.);
#3927=ORIENTED_EDGE('',*,*,#3012,.T.);
#3928=ORIENTED_EDGE('',*,*,#3014,.F.);
#3929=ORIENTED_EDGE('',*,*,#3015,.F.);
#3930=ORIENTED_EDGE('',*,*,#3016,.F.);
#3931=ORIENTED_EDGE('',*,*,#3015,.T.);
#3932=ORIENTED_EDGE('',*,*,#3017,.F.);
#3933=ORIENTED_EDGE('',*,*,#3018,.F.);
#3934=ORIENTED_EDGE('',*,*,#3019,.F.);
#3935=ORIENTED_EDGE('',*,*,#3018,.T.);
#3936=ORIENTED_EDGE('',*,*,#3020,.F.);
#3937=ORIENTED_EDGE('',*,*,#3021,.F.);
#3938=ORIENTED_EDGE('',*,*,#3022,.F.);
#3939=ORIENTED_EDGE('',*,*,#3021,.T.);
#3940=ORIENTED_EDGE('',*,*,#3023,.F.);
#3941=ORIENTED_EDGE('',*,*,#3024,.F.);
#3942=ORIENTED_EDGE('',*,*,#3025,.F.);
#3943=ORIENTED_EDGE('',*,*,#3024,.T.);
#3944=ORIENTED_EDGE('',*,*,#3026,.F.);
#3945=ORIENTED_EDGE('',*,*,#3027,.F.);
#3946=ORIENTED_EDGE('',*,*,#3028,.F.);
#3947=ORIENTED_EDGE('',*,*,#3027,.T.);
#3948=ORIENTED_EDGE('',*,*,#3029,.F.);
#3949=ORIENTED_EDGE('',*,*,#3030,.F.);
#3950=ORIENTED_EDGE('',*,*,#3031,.F.);
#3951=ORIENTED_EDGE('',*,*,#3030,.T.);
#3952=ORIENTED_EDGE('',*,*,#3032,.F.);
#3953=ORIENTED_EDGE('',*,*,#3033,.F.);
#3954=ORIENTED_EDGE('',*,*,#3034,.F.);
#3955=ORIENTED_EDGE('',*,*,#3033,.T.);
#3956=ORIENTED_EDGE('',*,*,#3035,.F.);
#3957=ORIENTED_EDGE('',*,*,#3036,.F.);
#3958=ORIENTED_EDGE('',*,*,#3037,.F.);
#3959=ORIENTED_EDGE('',*,*,#3036,.T.);
#3960=ORIENTED_EDGE('',*,*,#3038,.F.);
#3961=ORIENTED_EDGE('',*,*,#3039,.F.);
#3962=ORIENTED_EDGE('',*,*,#3040,.F.);
#3963=ORIENTED_EDGE('',*,*,#3039,.T.);
#3964=ORIENTED_EDGE('',*,*,#3041,.F.);
#3965=ORIENTED_EDGE('',*,*,#3042,.F.);
#3966=ORIENTED_EDGE('',*,*,#3043,.F.);
#3967=ORIENTED_EDGE('',*,*,#3042,.T.);
#3968=ORIENTED_EDGE('',*,*,#3044,.F.);
#3969=ORIENTED_EDGE('',*,*,#3045,.F.);
#3970=ORIENTED_EDGE('',*,*,#3046,.F.);
#3971=ORIENTED_EDGE('',*,*,#3045,.T.);
#3972=ORIENTED_EDGE('',*,*,#3047,.F.);
#3973=ORIENTED_EDGE('',*,*,#3048,.F.);
#3974=ORIENTED_EDGE('',*,*,#3049,.F.);
#3975=ORIENTED_EDGE('',*,*,#3048,.T.);
#3976=ORIENTED_EDGE('',*,*,#3050,.F.);
#3977=ORIENTED_EDGE('',*,*,#3051,.F.);
#3978=ORIENTED_EDGE('',*,*,#3052,.F.);
#3979=ORIENTED_EDGE('',*,*,#3051,.T.);
#3980=ORIENTED_EDGE('',*,*,#3053,.F.);
#3981=ORIENTED_EDGE('',*,*,#3054,.F.);
#3982=ORIENTED_EDGE('',*,*,#3055,.F.);
#3983=ORIENTED_EDGE('',*,*,#3054,.T.);
#3984=ORIENTED_EDGE('',*,*,#3056,.F.);
#3985=ORIENTED_EDGE('',*,*,#3057,.F.);
#3986=ORIENTED_EDGE('',*,*,#3058,.F.);
#3987=ORIENTED_EDGE('',*,*,#3057,.T.);
#3988=ORIENTED_EDGE('',*,*,#3059,.F.);
#3989=ORIENTED_EDGE('',*,*,#3060,.F.);
#3990=ORIENTED_EDGE('',*,*,#3061,.F.);
#3991=ORIENTED_EDGE('',*,*,#3060,.T.);
#3992=ORIENTED_EDGE('',*,*,#3062,.F.);
#3993=ORIENTED_EDGE('',*,*,#3063,.F.);
#3994=ORIENTED_EDGE('',*,*,#3064,.F.);
#3995=ORIENTED_EDGE('',*,*,#3063,.T.);
#3996=ORIENTED_EDGE('',*,*,#3065,.F.);
#3997=ORIENTED_EDGE('',*,*,#3066,.F.);
#3998=ORIENTED_EDGE('',*,*,#3067,.F.);
#3999=ORIENTED_EDGE('',*,*,#3066,.T.);
#4000=ORIENTED_EDGE('',*,*,#3068,.F.);
#4001=ORIENTED_EDGE('',*,*,#3069,.F.);
#4002=ORIENTED_EDGE('',*,*,#3070,.F.);
#4003=ORIENTED_EDGE('',*,*,#3069,.T.);
#4004=ORIENTED_EDGE('',*,*,#3071,.F.);
#4005=ORIENTED_EDGE('',*,*,#3072,.F.);
#4006=ORIENTED_EDGE('',*,*,#3073,.F.);
#4007=ORIENTED_EDGE('',*,*,#3072,.T.);
#4008=ORIENTED_EDGE('',*,*,#3074,.F.);
#4009=ORIENTED_EDGE('',*,*,#3075,.F.);
#4010=ORIENTED_EDGE('',*,*,#3076,.F.);
#4011=ORIENTED_EDGE('',*,*,#3075,.T.);
#4012=ORIENTED_EDGE('',*,*,#3077,.F.);
#4013=ORIENTED_EDGE('',*,*,#3078,.F.);
#4014=ORIENTED_EDGE('',*,*,#3079,.F.);
#4015=ORIENTED_EDGE('',*,*,#3078,.T.);
#4016=ORIENTED_EDGE('',*,*,#3080,.F.);
#4017=ORIENTED_EDGE('',*,*,#3081,.F.);
#4018=ORIENTED_EDGE('',*,*,#3082,.F.);
#4019=ORIENTED_EDGE('',*,*,#3081,.T.);
#4020=ORIENTED_EDGE('',*,*,#3083,.F.);
#4021=ORIENTED_EDGE('',*,*,#3084,.F.);
#4022=ORIENTED_EDGE('',*,*,#3085,.F.);
#4023=ORIENTED_EDGE('',*,*,#3084,.T.);
#4024=ORIENTED_EDGE('',*,*,#3086,.F.);
#4025=ORIENTED_EDGE('',*,*,#3087,.F.);
#4026=ORIENTED_EDGE('',*,*,#3088,.F.);
#4027=ORIENTED_EDGE('',*,*,#3087,.T.);
#4028=ORIENTED_EDGE('',*,*,#3089,.F.);
#4029=ORIENTED_EDGE('',*,*,#3090,.F.);
#4030=ORIENTED_EDGE('',*,*,#3091,.F.);
#4031=ORIENTED_EDGE('',*,*,#3090,.T.);
#4032=ORIENTED_EDGE('',*,*,#3092,.F.);
#4033=ORIENTED_EDGE('',*,*,#3093,.F.);
#4034=ORIENTED_EDGE('',*,*,#3094,.F.);
#4035=ORIENTED_EDGE('',*,*,#3093,.T.);
#4036=ORIENTED_EDGE('',*,*,#3095,.F.);
#4037=ORIENTED_EDGE('',*,*,#3096,.F.);
#4038=ORIENTED_EDGE('',*,*,#3097,.F.);
#4039=ORIENTED_EDGE('',*,*,#3096,.T.);
#4040=ORIENTED_EDGE('',*,*,#3098,.F.);
#4041=ORIENTED_EDGE('',*,*,#3099,.F.);
#4042=ORIENTED_EDGE('',*,*,#3100,.F.);
#4043=ORIENTED_EDGE('',*,*,#3099,.T.);
#4044=ORIENTED_EDGE('',*,*,#3101,.F.);
#4045=ORIENTED_EDGE('',*,*,#3102,.F.);
#4046=ORIENTED_EDGE('',*,*,#3103,.F.);
#4047=ORIENTED_EDGE('',*,*,#3102,.T.);
#4048=ORIENTED_EDGE('',*,*,#3104,.F.);
#4049=ORIENTED_EDGE('',*,*,#3105,.F.);
#4050=ORIENTED_EDGE('',*,*,#3106,.F.);
#4051=ORIENTED_EDGE('',*,*,#3105,.T.);
#4052=ORIENTED_EDGE('',*,*,#3107,.F.);
#4053=ORIENTED_EDGE('',*,*,#3108,.F.);
#4054=ORIENTED_EDGE('',*,*,#3109,.F.);
#4055=ORIENTED_EDGE('',*,*,#3108,.T.);
#4056=ORIENTED_EDGE('',*,*,#3110,.F.);
#4057=ORIENTED_EDGE('',*,*,#3111,.F.);
#4058=ORIENTED_EDGE('',*,*,#3112,.F.);
#4059=ORIENTED_EDGE('',*,*,#3111,.T.);
#4060=ORIENTED_EDGE('',*,*,#3113,.F.);
#4061=ORIENTED_EDGE('',*,*,#3114,.F.);
#4062=ORIENTED_EDGE('',*,*,#3115,.F.);
#4063=ORIENTED_EDGE('',*,*,#3114,.T.);
#4064=ORIENTED_EDGE('',*,*,#3116,.F.);
#4065=ORIENTED_EDGE('',*,*,#3117,.F.);
#4066=ORIENTED_EDGE('',*,*,#3118,.F.);
#4067=ORIENTED_EDGE('',*,*,#3117,.T.);
#4068=ORIENTED_EDGE('',*,*,#3119,.F.);
#4069=ORIENTED_EDGE('',*,*,#3120,.F.);
#4070=ORIENTED_EDGE('',*,*,#3121,.F.);
#4071=ORIENTED_EDGE('',*,*,#3120,.T.);
#4072=ORIENTED_EDGE('',*,*,#3122,.F.);
#4073=ORIENTED_EDGE('',*,*,#3123,.F.);
#4074=ORIENTED_EDGE('',*,*,#3124,.F.);
#4075=ORIENTED_EDGE('',*,*,#3123,.T.);
#4076=ORIENTED_EDGE('',*,*,#3125,.F.);
#4077=ORIENTED_EDGE('',*,*,#3126,.F.);
#4078=ORIENTED_EDGE('',*,*,#3127,.F.);
#4079=ORIENTED_EDGE('',*,*,#3126,.T.);
#4080=ORIENTED_EDGE('',*,*,#3128,.F.);
#4081=ORIENTED_EDGE('',*,*,#3129,.F.);
#4082=ORIENTED_EDGE('',*,*,#3130,.F.);
#4083=ORIENTED_EDGE('',*,*,#3129,.T.);
#4084=ORIENTED_EDGE('',*,*,#3131,.F.);
#4085=ORIENTED_EDGE('',*,*,#3132,.F.);
#4086=ORIENTED_EDGE('',*,*,#3133,.F.);
#4087=ORIENTED_EDGE('',*,*,#3132,.T.);
#4088=ORIENTED_EDGE('',*,*,#3134,.F.);
#4089=ORIENTED_EDGE('',*,*,#3135,.F.);
#4090=ORIENTED_EDGE('',*,*,#3136,.F.);
#4091=ORIENTED_EDGE('',*,*,#3135,.T.);
#4092=ORIENTED_EDGE('',*,*,#3137,.F.);
#4093=ORIENTED_EDGE('',*,*,#3138,.F.);
#4094=ORIENTED_EDGE('',*,*,#3139,.F.);
#4095=ORIENTED_EDGE('',*,*,#3138,.T.);
#4096=ORIENTED_EDGE('',*,*,#3140,.F.);
#4097=ORIENTED_EDGE('',*,*,#3141,.F.);
#4098=ORIENTED_EDGE('',*,*,#3142,.F.);
#4099=ORIENTED_EDGE('',*,*,#3141,.T.);
#4100=ORIENTED_EDGE('',*,*,#3143,.F.);
#4101=ORIENTED_EDGE('',*,*,#3144,.F.);
#4102=ORIENTED_EDGE('',*,*,#3145,.F.);
#4103=ORIENTED_EDGE('',*,*,#3144,.T.);
#4104=ORIENTED_EDGE('',*,*,#3146,.F.);
#4105=ORIENTED_EDGE('',*,*,#3147,.F.);
#4106=ORIENTED_EDGE('',*,*,#3148,.F.);
#4107=ORIENTED_EDGE('',*,*,#3147,.T.);
#4108=ORIENTED_EDGE('',*,*,#3149,.F.);
#4109=ORIENTED_EDGE('',*,*,#3150,.F.);
#4110=ORIENTED_EDGE('',*,*,#3151,.F.);
#4111=ORIENTED_EDGE('',*,*,#3150,.T.);
#4112=ORIENTED_EDGE('',*,*,#3152,.F.);
#4113=ORIENTED_EDGE('',*,*,#3153,.F.);
#4114=ORIENTED_EDGE('',*,*,#3154,.F.);
#4115=ORIENTED_EDGE('',*,*,#3153,.T.);
#4116=ORIENTED_EDGE('',*,*,#3155,.F.);
#4117=ORIENTED_EDGE('',*,*,#3156,.F.);
#4118=ORIENTED_EDGE('',*,*,#3157,.F.);
#4119=ORIENTED_EDGE('',*,*,#3156,.T.);
#4120=ORIENTED_EDGE('',*,*,#3158,.F.);
#4121=ORIENTED_EDGE('',*,*,#3159,.F.);
#4122=ORIENTED_EDGE('',*,*,#3160,.F.);
#4123=ORIENTED_EDGE('',*,*,#3159,.T.);
#4124=ORIENTED_EDGE('',*,*,#3161,.F.);
#4125=ORIENTED_EDGE('',*,*,#3162,.F.);
#4126=ORIENTED_EDGE('',*,*,#3163,.F.);
#4127=ORIENTED_EDGE('',*,*,#3162,.T.);
#4128=ORIENTED_EDGE('',*,*,#3164,.F.);
#4129=ORIENTED_EDGE('',*,*,#3165,.F.);
#4130=ORIENTED_EDGE('',*,*,#3166,.F.);
#4131=ORIENTED_EDGE('',*,*,#3165,.T.);
#4132=ORIENTED_EDGE('',*,*,#3167,.F.);
#4133=ORIENTED_EDGE('',*,*,#3168,.F.);
#4134=ORIENTED_EDGE('',*,*,#3169,.F.);
#4135=ORIENTED_EDGE('',*,*,#3168,.T.);
#4136=ORIENTED_EDGE('',*,*,#3170,.F.);
#4137=ORIENTED_EDGE('',*,*,#3171,.F.);
#4138=ORIENTED_EDGE('',*,*,#3172,.F.);
#4139=ORIENTED_EDGE('',*,*,#3171,.T.);
#4140=ORIENTED_EDGE('',*,*,#3173,.F.);
#4141=ORIENTED_EDGE('',*,*,#3174,.F.);
#4142=ORIENTED_EDGE('',*,*,#3175,.F.);
#4143=ORIENTED_EDGE('',*,*,#3174,.T.);
#4144=ORIENTED_EDGE('',*,*,#3176,.F.);
#4145=ORIENTED_EDGE('',*,*,#3177,.F.);
#4146=ORIENTED_EDGE('',*,*,#3178,.F.);
#4147=ORIENTED_EDGE('',*,*,#3177,.T.);
#4148=ORIENTED_EDGE('',*,*,#3179,.F.);
#4149=ORIENTED_EDGE('',*,*,#3180,.F.);
#4150=ORIENTED_EDGE('',*,*,#3181,.F.);
#4151=ORIENTED_EDGE('',*,*,#3180,.T.);
#4152=ORIENTED_EDGE('',*,*,#3182,.F.);
#4153=ORIENTED_EDGE('',*,*,#3183,.F.);
#4154=ORIENTED_EDGE('',*,*,#3184,.F.);
#4155=ORIENTED_EDGE('',*,*,#3183,.T.);
#4156=ORIENTED_EDGE('',*,*,#3185,.F.);
#4157=ORIENTED_EDGE('',*,*,#3186,.F.);
#4158=ORIENTED_EDGE('',*,*,#3187,.F.);
#4159=ORIENTED_EDGE('',*,*,#3186,.T.);
#4160=ORIENTED_EDGE('',*,*,#3188,.F.);
#4161=ORIENTED_EDGE('',*,*,#3189,.F.);
#4162=ORIENTED_EDGE('',*,*,#3190,.F.);
#4163=ORIENTED_EDGE('',*,*,#3189,.T.);
#4164=ORIENTED_EDGE('',*,*,#3191,.F.);
#4165=ORIENTED_EDGE('',*,*,#3192,.F.);
#4166=ORIENTED_EDGE('',*,*,#3193,.F.);
#4167=ORIENTED_EDGE('',*,*,#3192,.T.);
#4168=ORIENTED_EDGE('',*,*,#3194,.F.);
#4169=ORIENTED_EDGE('',*,*,#3195,.F.);
#4170=ORIENTED_EDGE('',*,*,#3196,.F.);
#4171=ORIENTED_EDGE('',*,*,#3195,.T.);
#4172=ORIENTED_EDGE('',*,*,#3197,.F.);
#4173=ORIENTED_EDGE('',*,*,#3198,.F.);
#4174=ORIENTED_EDGE('',*,*,#3199,.F.);
#4175=ORIENTED_EDGE('',*,*,#3198,.T.);
#4176=ORIENTED_EDGE('',*,*,#3200,.F.);
#4177=ORIENTED_EDGE('',*,*,#3201,.F.);
#4178=ORIENTED_EDGE('',*,*,#3202,.F.);
#4179=ORIENTED_EDGE('',*,*,#3201,.T.);
#4180=ORIENTED_EDGE('',*,*,#3203,.F.);
#4181=ORIENTED_EDGE('',*,*,#3204,.F.);
#4182=ORIENTED_EDGE('',*,*,#3205,.F.);
#4183=ORIENTED_EDGE('',*,*,#3204,.T.);
#4184=ORIENTED_EDGE('',*,*,#3206,.F.);
#4185=ORIENTED_EDGE('',*,*,#3207,.F.);
#4186=ORIENTED_EDGE('',*,*,#3208,.F.);
#4187=ORIENTED_EDGE('',*,*,#3207,.T.);
#4188=ORIENTED_EDGE('',*,*,#3209,.F.);
#4189=ORIENTED_EDGE('',*,*,#3210,.F.);
#4190=ORIENTED_EDGE('',*,*,#3211,.F.);
#4191=ORIENTED_EDGE('',*,*,#3210,.T.);
#4192=ORIENTED_EDGE('',*,*,#3212,.F.);
#4193=ORIENTED_EDGE('',*,*,#3213,.F.);
#4194=ORIENTED_EDGE('',*,*,#3214,.F.);
#4195=ORIENTED_EDGE('',*,*,#3213,.T.);
#4196=ORIENTED_EDGE('',*,*,#3215,.F.);
#4197=ORIENTED_EDGE('',*,*,#3216,.F.);
#4198=ORIENTED_EDGE('',*,*,#3217,.F.);
#4199=ORIENTED_EDGE('',*,*,#3216,.T.);
#4200=ORIENTED_EDGE('',*,*,#3218,.F.);
#4201=ORIENTED_EDGE('',*,*,#3219,.F.);
#4202=ORIENTED_EDGE('',*,*,#3220,.F.);
#4203=ORIENTED_EDGE('',*,*,#3219,.T.);
#4204=ORIENTED_EDGE('',*,*,#3221,.F.);
#4205=ORIENTED_EDGE('',*,*,#3222,.F.);
#4206=ORIENTED_EDGE('',*,*,#3223,.F.);
#4207=ORIENTED_EDGE('',*,*,#3222,.T.);
#4208=ORIENTED_EDGE('',*,*,#3224,.F.);
#4209=ORIENTED_EDGE('',*,*,#3225,.F.);
#4210=ORIENTED_EDGE('',*,*,#3226,.F.);
#4211=ORIENTED_EDGE('',*,*,#3225,.T.);
#4212=ORIENTED_EDGE('',*,*,#3227,.F.);
#4213=ORIENTED_EDGE('',*,*,#3228,.F.);
#4214=ORIENTED_EDGE('',*,*,#3229,.F.);
#4215=ORIENTED_EDGE('',*,*,#3228,.T.);
#4216=ORIENTED_EDGE('',*,*,#3230,.F.);
#4217=ORIENTED_EDGE('',*,*,#3231,.F.);
#4218=ORIENTED_EDGE('',*,*,#3232,.F.);
#4219=ORIENTED_EDGE('',*,*,#3231,.T.);
#4220=ORIENTED_EDGE('',*,*,#3233,.F.);
#4221=ORIENTED_EDGE('',*,*,#3234,.F.);
#4222=ORIENTED_EDGE('',*,*,#3235,.F.);
#4223=ORIENTED_EDGE('',*,*,#3234,.T.);
#4224=ORIENTED_EDGE('',*,*,#3236,.F.);
#4225=ORIENTED_EDGE('',*,*,#3237,.F.);
#4226=ORIENTED_EDGE('',*,*,#3238,.F.);
#4227=ORIENTED_EDGE('',*,*,#3237,.T.);
#4228=ORIENTED_EDGE('',*,*,#3239,.F.);
#4229=ORIENTED_EDGE('',*,*,#3240,.F.);
#4230=ORIENTED_EDGE('',*,*,#3241,.F.);
#4231=ORIENTED_EDGE('',*,*,#3240,.T.);
#4232=ORIENTED_EDGE('',*,*,#3242,.F.);
#4233=ORIENTED_EDGE('',*,*,#3243,.F.);
#4234=ORIENTED_EDGE('',*,*,#3244,.F.);
#4235=ORIENTED_EDGE('',*,*,#3243,.T.);
#4236=ORIENTED_EDGE('',*,*,#3245,.F.);
#4237=ORIENTED_EDGE('',*,*,#3246,.F.);
#4238=ORIENTED_EDGE('',*,*,#3247,.F.);
#4239=ORIENTED_EDGE('',*,*,#3246,.T.);
#4240=ORIENTED_EDGE('',*,*,#3248,.F.);
#4241=ORIENTED_EDGE('',*,*,#3249,.F.);
#4242=ORIENTED_EDGE('',*,*,#3250,.F.);
#4243=ORIENTED_EDGE('',*,*,#3249,.T.);
#4244=ORIENTED_EDGE('',*,*,#3251,.F.);
#4245=ORIENTED_EDGE('',*,*,#3252,.F.);
#4246=ORIENTED_EDGE('',*,*,#3253,.F.);
#4247=ORIENTED_EDGE('',*,*,#3252,.T.);
#4248=ORIENTED_EDGE('',*,*,#3254,.F.);
#4249=ORIENTED_EDGE('',*,*,#3255,.F.);
#4250=ORIENTED_EDGE('',*,*,#3256,.F.);
#4251=ORIENTED_EDGE('',*,*,#3255,.T.);
#4252=ORIENTED_EDGE('',*,*,#3257,.F.);
#4253=ORIENTED_EDGE('',*,*,#3258,.F.);
#4254=ORIENTED_EDGE('',*,*,#3259,.F.);
#4255=ORIENTED_EDGE('',*,*,#3258,.T.);
#4256=ORIENTED_EDGE('',*,*,#3260,.F.);
#4257=ORIENTED_EDGE('',*,*,#3261,.F.);
#4258=ORIENTED_EDGE('',*,*,#3262,.F.);
#4259=ORIENTED_EDGE('',*,*,#3261,.T.);
#4260=ORIENTED_EDGE('',*,*,#3263,.F.);
#4261=ORIENTED_EDGE('',*,*,#3264,.F.);
#4262=ORIENTED_EDGE('',*,*,#3265,.F.);
#4263=ORIENTED_EDGE('',*,*,#3264,.T.);
#4264=ORIENTED_EDGE('',*,*,#3266,.F.);
#4265=ORIENTED_EDGE('',*,*,#3267,.F.);
#4266=ORIENTED_EDGE('',*,*,#3268,.F.);
#4267=ORIENTED_EDGE('',*,*,#3267,.T.);
#4268=ORIENTED_EDGE('',*,*,#3269,.F.);
#4269=ORIENTED_EDGE('',*,*,#3270,.F.);
#4270=ORIENTED_EDGE('',*,*,#3271,.F.);
#4271=ORIENTED_EDGE('',*,*,#3270,.T.);
#4272=ORIENTED_EDGE('',*,*,#3272,.F.);
#4273=ORIENTED_EDGE('',*,*,#3273,.F.);
#4274=ORIENTED_EDGE('',*,*,#3274,.F.);
#4275=ORIENTED_EDGE('',*,*,#3273,.T.);
#4276=ORIENTED_EDGE('',*,*,#3275,.F.);
#4277=ORIENTED_EDGE('',*,*,#3276,.F.);
#4278=ORIENTED_EDGE('',*,*,#3277,.F.);
#4279=ORIENTED_EDGE('',*,*,#3276,.T.);
#4280=ORIENTED_EDGE('',*,*,#3278,.F.);
#4281=ORIENTED_EDGE('',*,*,#3279,.F.);
#4282=ORIENTED_EDGE('',*,*,#3280,.F.);
#4283=ORIENTED_EDGE('',*,*,#3279,.T.);
#4284=ORIENTED_EDGE('',*,*,#3281,.F.);
#4285=ORIENTED_EDGE('',*,*,#3282,.F.);
#4286=ORIENTED_EDGE('',*,*,#3283,.F.);
#4287=ORIENTED_EDGE('',*,*,#3282,.T.);
#4288=ORIENTED_EDGE('',*,*,#3284,.F.);
#4289=ORIENTED_EDGE('',*,*,#3285,.F.);
#4290=ORIENTED_EDGE('',*,*,#3286,.F.);
#4291=ORIENTED_EDGE('',*,*,#3285,.T.);
#4292=ORIENTED_EDGE('',*,*,#3287,.F.);
#4293=ORIENTED_EDGE('',*,*,#3288,.F.);
#4294=ORIENTED_EDGE('',*,*,#3289,.F.);
#4295=ORIENTED_EDGE('',*,*,#3288,.T.);
#4296=ORIENTED_EDGE('',*,*,#3290,.F.);
#4297=ORIENTED_EDGE('',*,*,#3291,.F.);
#4298=ORIENTED_EDGE('',*,*,#3292,.F.);
#4299=ORIENTED_EDGE('',*,*,#3291,.T.);
#4300=ORIENTED_EDGE('',*,*,#3293,.F.);
#4301=ORIENTED_EDGE('',*,*,#2932,.F.);
#4302=ORIENTED_EDGE('',*,*,#3293,.T.);
#4303=ORIENTED_EDGE('',*,*,#3290,.T.);
#4304=ORIENTED_EDGE('',*,*,#3287,.T.);
#4305=ORIENTED_EDGE('',*,*,#3284,.T.);
#4306=ORIENTED_EDGE('',*,*,#3281,.T.);
#4307=ORIENTED_EDGE('',*,*,#3278,.T.);
#4308=ORIENTED_EDGE('',*,*,#3275,.T.);
#4309=ORIENTED_EDGE('',*,*,#3272,.T.);
#4310=ORIENTED_EDGE('',*,*,#3269,.T.);
#4311=ORIENTED_EDGE('',*,*,#3266,.T.);
#4312=ORIENTED_EDGE('',*,*,#3263,.T.);
#4313=ORIENTED_EDGE('',*,*,#3260,.T.);
#4314=ORIENTED_EDGE('',*,*,#3257,.T.);
#4315=ORIENTED_EDGE('',*,*,#3254,.T.);
#4316=ORIENTED_EDGE('',*,*,#3251,.T.);
#4317=ORIENTED_EDGE('',*,*,#3248,.T.);
#4318=ORIENTED_EDGE('',*,*,#3245,.T.);
#4319=ORIENTED_EDGE('',*,*,#3242,.T.);
#4320=ORIENTED_EDGE('',*,*,#3239,.T.);
#4321=ORIENTED_EDGE('',*,*,#3236,.T.);
#4322=ORIENTED_EDGE('',*,*,#3233,.T.);
#4323=ORIENTED_EDGE('',*,*,#3230,.T.);
#4324=ORIENTED_EDGE('',*,*,#3227,.T.);
#4325=ORIENTED_EDGE('',*,*,#3224,.T.);
#4326=ORIENTED_EDGE('',*,*,#3221,.T.);
#4327=ORIENTED_EDGE('',*,*,#3218,.T.);
#4328=ORIENTED_EDGE('',*,*,#3215,.T.);
#4329=ORIENTED_EDGE('',*,*,#3212,.T.);
#4330=ORIENTED_EDGE('',*,*,#3209,.T.);
#4331=ORIENTED_EDGE('',*,*,#3206,.T.);
#4332=ORIENTED_EDGE('',*,*,#3203,.T.);
#4333=ORIENTED_EDGE('',*,*,#3200,.T.);
#4334=ORIENTED_EDGE('',*,*,#3197,.T.);
#4335=ORIENTED_EDGE('',*,*,#3194,.T.);
#4336=ORIENTED_EDGE('',*,*,#3191,.T.);
#4337=ORIENTED_EDGE('',*,*,#3188,.T.);
#4338=ORIENTED_EDGE('',*,*,#3185,.T.);
#4339=ORIENTED_EDGE('',*,*,#3182,.T.);
#4340=ORIENTED_EDGE('',*,*,#3179,.T.);
#4341=ORIENTED_EDGE('',*,*,#3176,.T.);
#4342=ORIENTED_EDGE('',*,*,#3173,.T.);
#4343=ORIENTED_EDGE('',*,*,#3170,.T.);
#4344=ORIENTED_EDGE('',*,*,#3167,.T.);
#4345=ORIENTED_EDGE('',*,*,#3164,.T.);
#4346=ORIENTED_EDGE('',*,*,#3161,.T.);
#4347=ORIENTED_EDGE('',*,*,#3158,.T.);
#4348=ORIENTED_EDGE('',*,*,#3155,.T.);
#4349=ORIENTED_EDGE('',*,*,#3152,.T.);
#4350=ORIENTED_EDGE('',*,*,#3149,.T.);
#4351=ORIENTED_EDGE('',*,*,#3146,.T.);
#4352=ORIENTED_EDGE('',*,*,#3143,.T.);
#4353=ORIENTED_EDGE('',*,*,#3140,.T.);
#4354=ORIENTED_EDGE('',*,*,#3137,.T.);
#4355=ORIENTED_EDGE('',*,*,#3134,.T.);
#4356=ORIENTED_EDGE('',*,*,#3131,.T.);
#4357=ORIENTED_EDGE('',*,*,#3128,.T.);
#4358=ORIENTED_EDGE('',*,*,#3125,.T.);
#4359=ORIENTED_EDGE('',*,*,#3122,.T.);
#4360=ORIENTED_EDGE('',*,*,#3119,.T.);
#4361=ORIENTED_EDGE('',*,*,#3116,.T.);
#4362=ORIENTED_EDGE('',*,*,#3113,.T.);
#4363=ORIENTED_EDGE('',*,*,#3110,.T.);
#4364=ORIENTED_EDGE('',*,*,#3107,.T.);
#4365=ORIENTED_EDGE('',*,*,#3104,.T.);
#4366=ORIENTED_EDGE('',*,*,#3101,.T.);
#4367=ORIENTED_EDGE('',*,*,#3098,.T.);
#4368=ORIENTED_EDGE('',*,*,#3095,.T.);
#4369=ORIENTED_EDGE('',*,*,#3092,.T.);
#4370=ORIENTED_EDGE('',*,*,#3089,.T.);
#4371=ORIENTED_EDGE('',*,*,#3086,.T.);
#4372=ORIENTED_EDGE('',*,*,#3083,.T.);
#4373=ORIENTED_EDGE('',*,*,#3080,.T.);
#4374=ORIENTED_EDGE('',*,*,#3077,.T.);
#4375=ORIENTED_EDGE('',*,*,#3074,.T.);
#4376=ORIENTED_EDGE('',*,*,#3071,.T.);
#4377=ORIENTED_EDGE('',*,*,#3068,.T.);
#4378=ORIENTED_EDGE('',*,*,#3065,.T.);
#4379=ORIENTED_EDGE('',*,*,#3062,.T.);
#4380=ORIENTED_EDGE('',*,*,#3059,.T.);
#4381=ORIENTED_EDGE('',*,*,#3056,.T.);
#4382=ORIENTED_EDGE('',*,*,#3053,.T.);
#4383=ORIENTED_EDGE('',*,*,#3050,.T.);
#4384=ORIENTED_EDGE('',*,*,#3047,.T.);
#4385=ORIENTED_EDGE('',*,*,#3044,.T.);
#4386=ORIENTED_EDGE('',*,*,#3041,.T.);
#4387=ORIENTED_EDGE('',*,*,#3038,.T.);
#4388=ORIENTED_EDGE('',*,*,#3035,.T.);
#4389=ORIENTED_EDGE('',*,*,#3032,.T.);
#4390=ORIENTED_EDGE('',*,*,#3029,.T.);
#4391=ORIENTED_EDGE('',*,*,#3026,.T.);
#4392=ORIENTED_EDGE('',*,*,#3023,.T.);
#4393=ORIENTED_EDGE('',*,*,#3020,.T.);
#4394=ORIENTED_EDGE('',*,*,#3017,.T.);
#4395=ORIENTED_EDGE('',*,*,#3014,.T.);
#4396=ORIENTED_EDGE('',*,*,#3011,.T.);
#4397=ORIENTED_EDGE('',*,*,#3008,.T.);
#4398=ORIENTED_EDGE('',*,*,#3005,.T.);
#4399=ORIENTED_EDGE('',*,*,#3002,.T.);
#4400=ORIENTED_EDGE('',*,*,#2999,.T.);
#4401=ORIENTED_EDGE('',*,*,#2996,.T.);
#4402=ORIENTED_EDGE('',*,*,#2993,.T.);
#4403=ORIENTED_EDGE('',*,*,#2990,.T.);
#4404=ORIENTED_EDGE('',*,*,#2987,.T.);
#4405=ORIENTED_EDGE('',*,*,#2984,.T.);
#4406=ORIENTED_EDGE('',*,*,#2981,.T.);
#4407=ORIENTED_EDGE('',*,*,#2978,.T.);
#4408=ORIENTED_EDGE('',*,*,#2975,.T.);
#4409=ORIENTED_EDGE('',*,*,#2972,.T.);
#4410=ORIENTED_EDGE('',*,*,#2969,.T.);
#4411=ORIENTED_EDGE('',*,*,#2966,.T.);
#4412=ORIENTED_EDGE('',*,*,#2963,.T.);
#4413=ORIENTED_EDGE('',*,*,#2960,.T.);
#4414=ORIENTED_EDGE('',*,*,#2957,.T.);
#4415=ORIENTED_EDGE('',*,*,#2954,.T.);
#4416=ORIENTED_EDGE('',*,*,#2951,.T.);
#4417=ORIENTED_EDGE('',*,*,#2948,.T.);
#4418=ORIENTED_EDGE('',*,*,#2945,.T.);
#4419=ORIENTED_EDGE('',*,*,#2942,.T.);
#4420=ORIENTED_EDGE('',*,*,#2939,.T.);
#4421=ORIENTED_EDGE('',*,*,#2936,.T.);
#4422=ORIENTED_EDGE('',*,*,#2933,.T.);
#4423=ORIENTED_EDGE('',*,*,#2597,.T.);
#4424=ORIENTED_EDGE('',*,*,#2603,.T.);
#4425=ORIENTED_EDGE('',*,*,#2607,.T.);
#4426=ORIENTED_EDGE('',*,*,#2659,.T.);
#4427=ORIENTED_EDGE('',*,*,#2656,.T.);
#4428=ORIENTED_EDGE('',*,*,#2653,.T.);
#4429=ORIENTED_EDGE('',*,*,#2650,.T.);
#4430=ORIENTED_EDGE('',*,*,#2647,.T.);
#4431=ORIENTED_EDGE('',*,*,#2644,.T.);
#4432=ORIENTED_EDGE('',*,*,#2641,.T.);
#4433=ORIENTED_EDGE('',*,*,#2638,.T.);
#4434=ORIENTED_EDGE('',*,*,#2635,.T.);
#4435=ORIENTED_EDGE('',*,*,#2632,.T.);
#4436=ORIENTED_EDGE('',*,*,#2629,.T.);
#4437=ORIENTED_EDGE('',*,*,#2626,.T.);
#4438=ORIENTED_EDGE('',*,*,#2623,.T.);
#4439=ORIENTED_EDGE('',*,*,#2620,.T.);
#4440=ORIENTED_EDGE('',*,*,#2617,.T.);
#4441=ORIENTED_EDGE('',*,*,#2614,.T.);
#4442=ORIENTED_EDGE('',*,*,#2611,.T.);
#4443=ORIENTED_EDGE('',*,*,#2661,.T.);
#4444=ORIENTED_EDGE('',*,*,#2713,.T.);
#4445=ORIENTED_EDGE('',*,*,#2710,.T.);
#4446=ORIENTED_EDGE('',*,*,#2707,.T.);
#4447=ORIENTED_EDGE('',*,*,#2704,.T.);
#4448=ORIENTED_EDGE('',*,*,#2701,.T.);
#4449=ORIENTED_EDGE('',*,*,#2698,.T.);
#4450=ORIENTED_EDGE('',*,*,#2695,.T.);
#4451=ORIENTED_EDGE('',*,*,#2692,.T.);
#4452=ORIENTED_EDGE('',*,*,#2689,.T.);
#4453=ORIENTED_EDGE('',*,*,#2686,.T.);
#4454=ORIENTED_EDGE('',*,*,#2683,.T.);
#4455=ORIENTED_EDGE('',*,*,#2680,.T.);
#4456=ORIENTED_EDGE('',*,*,#2677,.T.);
#4457=ORIENTED_EDGE('',*,*,#2674,.T.);
#4458=ORIENTED_EDGE('',*,*,#2671,.T.);
#4459=ORIENTED_EDGE('',*,*,#2668,.T.);
#4460=ORIENTED_EDGE('',*,*,#2665,.T.);
#4461=ORIENTED_EDGE('',*,*,#2715,.T.);
#4462=ORIENTED_EDGE('',*,*,#2767,.T.);
#4463=ORIENTED_EDGE('',*,*,#2764,.T.);
#4464=ORIENTED_EDGE('',*,*,#2761,.T.);
#4465=ORIENTED_EDGE('',*,*,#2758,.T.);
#4466=ORIENTED_EDGE('',*,*,#2755,.T.);
#4467=ORIENTED_EDGE('',*,*,#2752,.T.);
#4468=ORIENTED_EDGE('',*,*,#2749,.T.);
#4469=ORIENTED_EDGE('',*,*,#2746,.T.);
#4470=ORIENTED_EDGE('',*,*,#2743,.T.);
#4471=ORIENTED_EDGE('',*,*,#2740,.T.);
#4472=ORIENTED_EDGE('',*,*,#2737,.T.);
#4473=ORIENTED_EDGE('',*,*,#2734,.T.);
#4474=ORIENTED_EDGE('',*,*,#2731,.T.);
#4475=ORIENTED_EDGE('',*,*,#2728,.T.);
#4476=ORIENTED_EDGE('',*,*,#2725,.T.);
#4477=ORIENTED_EDGE('',*,*,#2722,.T.);
#4478=ORIENTED_EDGE('',*,*,#2719,.T.);
#4479=ORIENTED_EDGE('',*,*,#2769,.T.);
#4480=ORIENTED_EDGE('',*,*,#2821,.T.);
#4481=ORIENTED_EDGE('',*,*,#2818,.T.);
#4482=ORIENTED_EDGE('',*,*,#2815,.T.);
#4483=ORIENTED_EDGE('',*,*,#2812,.T.);
#4484=ORIENTED_EDGE('',*,*,#2809,.T.);
#4485=ORIENTED_EDGE('',*,*,#2806,.T.);
#4486=ORIENTED_EDGE('',*,*,#2803,.T.);
#4487=ORIENTED_EDGE('',*,*,#2800,.T.);
#4488=ORIENTED_EDGE('',*,*,#2797,.T.);
#4489=ORIENTED_EDGE('',*,*,#2794,.T.);
#4490=ORIENTED_EDGE('',*,*,#2791,.T.);
#4491=ORIENTED_EDGE('',*,*,#2788,.T.);
#4492=ORIENTED_EDGE('',*,*,#2785,.T.);
#4493=ORIENTED_EDGE('',*,*,#2782,.T.);
#4494=ORIENTED_EDGE('',*,*,#2779,.T.);
#4495=ORIENTED_EDGE('',*,*,#2776,.T.);
#4496=ORIENTED_EDGE('',*,*,#2773,.T.);
#4497=ORIENTED_EDGE('',*,*,#2926,.T.);
#4498=ORIENTED_EDGE('',*,*,#2929,.T.);
#4499=ORIENTED_EDGE('',*,*,#2919,.T.);
#4500=ORIENTED_EDGE('',*,*,#2923,.T.);
#4501=ORIENTED_EDGE('',*,*,#2908,.T.);
#4502=ORIENTED_EDGE('',*,*,#2911,.T.);
#4503=ORIENTED_EDGE('',*,*,#2914,.T.);
#4504=ORIENTED_EDGE('',*,*,#2917,.T.);
#4505=ORIENTED_EDGE('',*,*,#2895,.T.);
#4506=ORIENTED_EDGE('',*,*,#2899,.T.);
#4507=ORIENTED_EDGE('',*,*,#2902,.T.);
#4508=ORIENTED_EDGE('',*,*,#2905,.T.);
#4509=ORIENTED_EDGE('',*,*,#2884,.T.);
#4510=ORIENTED_EDGE('',*,*,#2887,.T.);
#4511=ORIENTED_EDGE('',*,*,#2890,.T.);
#4512=ORIENTED_EDGE('',*,*,#2893,.T.);
#4513=ORIENTED_EDGE('',*,*,#2871,.T.);
#4514=ORIENTED_EDGE('',*,*,#2875,.T.);
#4515=ORIENTED_EDGE('',*,*,#2878,.T.);
#4516=ORIENTED_EDGE('',*,*,#2881,.T.);
#4517=ORIENTED_EDGE('',*,*,#2860,.T.);
#4518=ORIENTED_EDGE('',*,*,#2863,.T.);
#4519=ORIENTED_EDGE('',*,*,#2866,.T.);
#4520=ORIENTED_EDGE('',*,*,#2869,.T.);
#4521=ORIENTED_EDGE('',*,*,#2847,.T.);
#4522=ORIENTED_EDGE('',*,*,#2851,.T.);
#4523=ORIENTED_EDGE('',*,*,#2854,.T.);
#4524=ORIENTED_EDGE('',*,*,#2857,.T.);
#4525=ORIENTED_EDGE('',*,*,#2836,.T.);
#4526=ORIENTED_EDGE('',*,*,#2839,.T.);
#4527=ORIENTED_EDGE('',*,*,#2842,.T.);
#4528=ORIENTED_EDGE('',*,*,#2845,.T.);
#4529=ORIENTED_EDGE('',*,*,#2823,.T.);
#4530=ORIENTED_EDGE('',*,*,#2827,.T.);
#4531=ORIENTED_EDGE('',*,*,#2830,.T.);
#4532=ORIENTED_EDGE('',*,*,#2833,.T.);
#4533=ORIENTED_EDGE('',*,*,#2606,.T.);
#4534=ORIENTED_EDGE('',*,*,#2600,.T.);
#4535=ORIENTED_EDGE('',*,*,#2594,.T.);
#4536=ORIENTED_EDGE('',*,*,#3292,.T.);
#4537=ORIENTED_EDGE('',*,*,#2931,.T.);
#4538=ORIENTED_EDGE('',*,*,#2935,.T.);
#4539=ORIENTED_EDGE('',*,*,#2938,.T.);
#4540=ORIENTED_EDGE('',*,*,#2941,.T.);
#4541=ORIENTED_EDGE('',*,*,#2944,.T.);
#4542=ORIENTED_EDGE('',*,*,#2947,.T.);
#4543=ORIENTED_EDGE('',*,*,#2950,.T.);
#4544=ORIENTED_EDGE('',*,*,#2953,.T.);
#4545=ORIENTED_EDGE('',*,*,#2956,.T.);
#4546=ORIENTED_EDGE('',*,*,#2959,.T.);
#4547=ORIENTED_EDGE('',*,*,#2962,.T.);
#4548=ORIENTED_EDGE('',*,*,#2965,.T.);
#4549=ORIENTED_EDGE('',*,*,#2968,.T.);
#4550=ORIENTED_EDGE('',*,*,#2971,.T.);
#4551=ORIENTED_EDGE('',*,*,#2974,.T.);
#4552=ORIENTED_EDGE('',*,*,#2977,.T.);
#4553=ORIENTED_EDGE('',*,*,#2980,.T.);
#4554=ORIENTED_EDGE('',*,*,#2983,.T.);
#4555=ORIENTED_EDGE('',*,*,#2986,.T.);
#4556=ORIENTED_EDGE('',*,*,#2989,.T.);
#4557=ORIENTED_EDGE('',*,*,#2992,.T.);
#4558=ORIENTED_EDGE('',*,*,#2995,.T.);
#4559=ORIENTED_EDGE('',*,*,#2998,.T.);
#4560=ORIENTED_EDGE('',*,*,#3001,.T.);
#4561=ORIENTED_EDGE('',*,*,#3004,.T.);
#4562=ORIENTED_EDGE('',*,*,#3007,.T.);
#4563=ORIENTED_EDGE('',*,*,#3010,.T.);
#4564=ORIENTED_EDGE('',*,*,#3013,.T.);
#4565=ORIENTED_EDGE('',*,*,#3016,.T.);
#4566=ORIENTED_EDGE('',*,*,#3019,.T.);
#4567=ORIENTED_EDGE('',*,*,#3022,.T.);
#4568=ORIENTED_EDGE('',*,*,#3025,.T.);
#4569=ORIENTED_EDGE('',*,*,#3028,.T.);
#4570=ORIENTED_EDGE('',*,*,#3031,.T.);
#4571=ORIENTED_EDGE('',*,*,#3034,.T.);
#4572=ORIENTED_EDGE('',*,*,#3037,.T.);
#4573=ORIENTED_EDGE('',*,*,#3040,.T.);
#4574=ORIENTED_EDGE('',*,*,#3043,.T.);
#4575=ORIENTED_EDGE('',*,*,#3046,.T.);
#4576=ORIENTED_EDGE('',*,*,#3049,.T.);
#4577=ORIENTED_EDGE('',*,*,#3052,.T.);
#4578=ORIENTED_EDGE('',*,*,#3055,.T.);
#4579=ORIENTED_EDGE('',*,*,#3058,.T.);
#4580=ORIENTED_EDGE('',*,*,#3061,.T.);
#4581=ORIENTED_EDGE('',*,*,#3064,.T.);
#4582=ORIENTED_EDGE('',*,*,#3067,.T.);
#4583=ORIENTED_EDGE('',*,*,#3070,.T.);
#4584=ORIENTED_EDGE('',*,*,#3073,.T.);
#4585=ORIENTED_EDGE('',*,*,#3076,.T.);
#4586=ORIENTED_EDGE('',*,*,#3079,.T.);
#4587=ORIENTED_EDGE('',*,*,#3082,.T.);
#4588=ORIENTED_EDGE('',*,*,#3085,.T.);
#4589=ORIENTED_EDGE('',*,*,#3088,.T.);
#4590=ORIENTED_EDGE('',*,*,#3091,.T.);
#4591=ORIENTED_EDGE('',*,*,#3094,.T.);
#4592=ORIENTED_EDGE('',*,*,#3097,.T.);
#4593=ORIENTED_EDGE('',*,*,#3100,.T.);
#4594=ORIENTED_EDGE('',*,*,#3103,.T.);
#4595=ORIENTED_EDGE('',*,*,#3106,.T.);
#4596=ORIENTED_EDGE('',*,*,#3109,.T.);
#4597=ORIENTED_EDGE('',*,*,#3112,.T.);
#4598=ORIENTED_EDGE('',*,*,#3115,.T.);
#4599=ORIENTED_EDGE('',*,*,#3118,.T.);
#4600=ORIENTED_EDGE('',*,*,#3121,.T.);
#4601=ORIENTED_EDGE('',*,*,#3124,.T.);
#4602=ORIENTED_EDGE('',*,*,#3127,.T.);
#4603=ORIENTED_EDGE('',*,*,#3130,.T.);
#4604=ORIENTED_EDGE('',*,*,#3133,.T.);
#4605=ORIENTED_EDGE('',*,*,#3136,.T.);
#4606=ORIENTED_EDGE('',*,*,#3139,.T.);
#4607=ORIENTED_EDGE('',*,*,#3142,.T.);
#4608=ORIENTED_EDGE('',*,*,#3145,.T.);
#4609=ORIENTED_EDGE('',*,*,#3148,.T.);
#4610=ORIENTED_EDGE('',*,*,#3151,.T.);
#4611=ORIENTED_EDGE('',*,*,#3154,.T.);
#4612=ORIENTED_EDGE('',*,*,#3157,.T.);
#4613=ORIENTED_EDGE('',*,*,#3160,.T.);
#4614=ORIENTED_EDGE('',*,*,#3163,.T.);
#4615=ORIENTED_EDGE('',*,*,#3166,.T.);
#4616=ORIENTED_EDGE('',*,*,#3169,.T.);
#4617=ORIENTED_EDGE('',*,*,#3172,.T.);
#4618=ORIENTED_EDGE('',*,*,#3175,.T.);
#4619=ORIENTED_EDGE('',*,*,#3178,.T.);
#4620=ORIENTED_EDGE('',*,*,#3181,.T.);
#4621=ORIENTED_EDGE('',*,*,#3184,.T.);
#4622=ORIENTED_EDGE('',*,*,#3187,.T.);
#4623=ORIENTED_EDGE('',*,*,#3190,.T.);
#4624=ORIENTED_EDGE('',*,*,#3193,.T.);
#4625=ORIENTED_EDGE('',*,*,#3196,.T.);
#4626=ORIENTED_EDGE('',*,*,#3199,.T.);
#4627=ORIENTED_EDGE('',*,*,#3202,.T.);
#4628=ORIENTED_EDGE('',*,*,#3205,.T.);
#4629=ORIENTED_EDGE('',*,*,#3208,.T.);
#4630=ORIENTED_EDGE('',*,*,#3211,.T.);
#4631=ORIENTED_EDGE('',*,*,#3214,.T.);
#4632=ORIENTED_EDGE('',*,*,#3217,.T.);
#4633=ORIENTED_EDGE('',*,*,#3220,.T.);
#4634=ORIENTED_EDGE('',*,*,#3223,.T.);
#4635=ORIENTED_EDGE('',*,*,#3226,.T.);
#4636=ORIENTED_EDGE('',*,*,#3229,.T.);
#4637=ORIENTED_EDGE('',*,*,#3232,.T.);
#4638=ORIENTED_EDGE('',*,*,#3235,.T.);
#4639=ORIENTED_EDGE('',*,*,#3238,.T.);
#4640=ORIENTED_EDGE('',*,*,#3241,.T.);
#4641=ORIENTED_EDGE('',*,*,#3244,.T.);
#4642=ORIENTED_EDGE('',*,*,#3247,.T.);
#4643=ORIENTED_EDGE('',*,*,#3250,.T.);
#4644=ORIENTED_EDGE('',*,*,#3253,.T.);
#4645=ORIENTED_EDGE('',*,*,#3256,.T.);
#4646=ORIENTED_EDGE('',*,*,#3259,.T.);
#4647=ORIENTED_EDGE('',*,*,#3262,.T.);
#4648=ORIENTED_EDGE('',*,*,#3265,.T.);
#4649=ORIENTED_EDGE('',*,*,#3268,.T.);
#4650=ORIENTED_EDGE('',*,*,#3271,.T.);
#4651=ORIENTED_EDGE('',*,*,#3274,.T.);
#4652=ORIENTED_EDGE('',*,*,#3277,.T.);
#4653=ORIENTED_EDGE('',*,*,#3280,.T.);
#4654=ORIENTED_EDGE('',*,*,#3283,.T.);
#4655=ORIENTED_EDGE('',*,*,#3286,.T.);
#4656=ORIENTED_EDGE('',*,*,#3289,.T.);
#4657=ORIENTED_EDGE('',*,*,#2595,.T.);
#4658=ORIENTED_EDGE('',*,*,#2837,.T.);
#4659=ORIENTED_EDGE('',*,*,#2834,.T.);
#4660=ORIENTED_EDGE('',*,*,#2831,.T.);
#4661=ORIENTED_EDGE('',*,*,#2828,.T.);
#4662=ORIENTED_EDGE('',*,*,#2825,.T.);
#4663=ORIENTED_EDGE('',*,*,#2846,.T.);
#4664=ORIENTED_EDGE('',*,*,#2843,.T.);
#4665=ORIENTED_EDGE('',*,*,#2840,.T.);
#4666=ORIENTED_EDGE('',*,*,#2861,.T.);
#4667=ORIENTED_EDGE('',*,*,#2858,.T.);
#4668=ORIENTED_EDGE('',*,*,#2855,.T.);
#4669=ORIENTED_EDGE('',*,*,#2852,.T.);
#4670=ORIENTED_EDGE('',*,*,#2849,.T.);
#4671=ORIENTED_EDGE('',*,*,#2870,.T.);
#4672=ORIENTED_EDGE('',*,*,#2867,.T.);
#4673=ORIENTED_EDGE('',*,*,#2864,.T.);
#4674=ORIENTED_EDGE('',*,*,#2885,.T.);
#4675=ORIENTED_EDGE('',*,*,#2882,.T.);
#4676=ORIENTED_EDGE('',*,*,#2879,.T.);
#4677=ORIENTED_EDGE('',*,*,#2876,.T.);
#4678=ORIENTED_EDGE('',*,*,#2873,.T.);
#4679=ORIENTED_EDGE('',*,*,#2894,.T.);
#4680=ORIENTED_EDGE('',*,*,#2891,.T.);
#4681=ORIENTED_EDGE('',*,*,#2888,.T.);
#4682=ORIENTED_EDGE('',*,*,#2909,.T.);
#4683=ORIENTED_EDGE('',*,*,#2906,.T.);
#4684=ORIENTED_EDGE('',*,*,#2903,.T.);
#4685=ORIENTED_EDGE('',*,*,#2900,.T.);
#4686=ORIENTED_EDGE('',*,*,#2897,.T.);
#4687=ORIENTED_EDGE('',*,*,#2918,.T.);
#4688=ORIENTED_EDGE('',*,*,#2915,.T.);
#4689=ORIENTED_EDGE('',*,*,#2912,.T.);
#4690=ORIENTED_EDGE('',*,*,#2927,.T.);
#4691=ORIENTED_EDGE('',*,*,#2924,.T.);
#4692=ORIENTED_EDGE('',*,*,#2921,.T.);
#4693=ORIENTED_EDGE('',*,*,#2930,.T.);
#4694=ORIENTED_EDGE('',*,*,#2604,.T.);
#4695=ORIENTED_EDGE('',*,*,#2601,.T.);
#4696=ORIENTED_EDGE('',*,*,#2598,.T.);
#4697=ORIENTED_EDGE('',*,*,#2592,.T.);
#4698=CYLINDRICAL_SURFACE('',#4973,0.999999999999996);
#4699=CYLINDRICAL_SURFACE('',#4976,1.00000000000001);
#4700=CYLINDRICAL_SURFACE('',#4979,0.999999999999996);
#4701=CYLINDRICAL_SURFACE('',#4982,1.);
#4702=CYLINDRICAL_SURFACE('',#4985,1.00000000000001);
#4703=CYLINDRICAL_SURFACE('',#5065,0.399999999999991);
#4704=CYLINDRICAL_SURFACE('',#5069,0.4);
#4705=CYLINDRICAL_SURFACE('',#5073,0.399999999999991);
#4706=CYLINDRICAL_SURFACE('',#5077,0.4);
#4707=CYLINDRICAL_SURFACE('',#5081,0.399999999999991);
#4708=CYLINDRICAL_SURFACE('',#5085,0.399999999999991);
#4709=CYLINDRICAL_SURFACE('',#5089,0.4);
#4710=CYLINDRICAL_SURFACE('',#5093,0.399999999999991);
#4711=CYLINDRICAL_SURFACE('',#5097,0.4);
#4712=CYLINDRICAL_SURFACE('',#5101,0.399999999999991);
#4713=CYLINDRICAL_SURFACE('',#5105,0.4);
#4714=CYLINDRICAL_SURFACE('',#5109,0.399999999999991);
#4715=CYLINDRICAL_SURFACE('',#5113,0.399999999999991);
#4716=CYLINDRICAL_SURFACE('',#5117,0.399999999999991);
#4717=CYLINDRICAL_SURFACE('',#5121,0.399999999999991);
#4718=CYLINDRICAL_SURFACE('',#5125,0.399999999999991);
#4719=ADVANCED_FACE('',(#258),#4698,.F.);
#4720=ADVANCED_FACE('',(#259),#4699,.F.);
#4721=ADVANCED_FACE('',(#260),#4700,.F.);
#4722=ADVANCED_FACE('',(#261),#4701,.F.);
#4723=ADVANCED_FACE('',(#262),#4702,.F.);
#4724=ADVANCED_FACE('',(#263),#39,.F.);
#4725=ADVANCED_FACE('',(#264),#40,.F.);
#4726=ADVANCED_FACE('',(#265),#41,.F.);
#4727=ADVANCED_FACE('',(#266),#42,.F.);
#4728=ADVANCED_FACE('',(#267),#43,.F.);
#4729=ADVANCED_FACE('',(#268),#44,.F.);
#4730=ADVANCED_FACE('',(#269),#45,.F.);
#4731=ADVANCED_FACE('',(#270),#46,.F.);
#4732=ADVANCED_FACE('',(#271),#47,.F.);
#4733=ADVANCED_FACE('',(#272),#48,.F.);
#4734=ADVANCED_FACE('',(#273),#49,.F.);
#4735=ADVANCED_FACE('',(#274),#50,.F.);
#4736=ADVANCED_FACE('',(#275),#51,.F.);
#4737=ADVANCED_FACE('',(#276),#52,.F.);
#4738=ADVANCED_FACE('',(#277),#53,.F.);
#4739=ADVANCED_FACE('',(#278),#54,.F.);
#4740=ADVANCED_FACE('',(#279),#55,.F.);
#4741=ADVANCED_FACE('',(#280),#56,.F.);
#4742=ADVANCED_FACE('',(#281),#57,.F.);
#4743=ADVANCED_FACE('',(#282),#58,.F.);
#4744=ADVANCED_FACE('',(#283),#59,.F.);
#4745=ADVANCED_FACE('',(#284),#60,.F.);
#4746=ADVANCED_FACE('',(#285),#61,.F.);
#4747=ADVANCED_FACE('',(#286),#62,.F.);
#4748=ADVANCED_FACE('',(#287),#63,.F.);
#4749=ADVANCED_FACE('',(#288),#64,.F.);
#4750=ADVANCED_FACE('',(#289),#65,.F.);
#4751=ADVANCED_FACE('',(#290),#66,.F.);
#4752=ADVANCED_FACE('',(#291),#67,.F.);
#4753=ADVANCED_FACE('',(#292),#68,.F.);
#4754=ADVANCED_FACE('',(#293),#69,.F.);
#4755=ADVANCED_FACE('',(#294),#70,.F.);
#4756=ADVANCED_FACE('',(#295),#71,.F.);
#4757=ADVANCED_FACE('',(#296),#72,.F.);
#4758=ADVANCED_FACE('',(#297),#73,.F.);
#4759=ADVANCED_FACE('',(#298),#74,.F.);
#4760=ADVANCED_FACE('',(#299),#75,.F.);
#4761=ADVANCED_FACE('',(#300),#76,.F.);
#4762=ADVANCED_FACE('',(#301),#77,.F.);
#4763=ADVANCED_FACE('',(#302),#78,.F.);
#4764=ADVANCED_FACE('',(#303),#79,.F.);
#4765=ADVANCED_FACE('',(#304),#80,.F.);
#4766=ADVANCED_FACE('',(#305),#81,.F.);
#4767=ADVANCED_FACE('',(#306),#82,.F.);
#4768=ADVANCED_FACE('',(#307),#83,.F.);
#4769=ADVANCED_FACE('',(#308),#84,.F.);
#4770=ADVANCED_FACE('',(#309),#85,.F.);
#4771=ADVANCED_FACE('',(#310),#86,.F.);
#4772=ADVANCED_FACE('',(#311),#87,.F.);
#4773=ADVANCED_FACE('',(#312),#88,.F.);
#4774=ADVANCED_FACE('',(#313),#89,.F.);
#4775=ADVANCED_FACE('',(#314),#90,.F.);
#4776=ADVANCED_FACE('',(#315),#91,.F.);
#4777=ADVANCED_FACE('',(#316),#92,.F.);
#4778=ADVANCED_FACE('',(#317),#93,.F.);
#4779=ADVANCED_FACE('',(#318),#94,.F.);
#4780=ADVANCED_FACE('',(#319),#95,.F.);
#4781=ADVANCED_FACE('',(#320),#96,.F.);
#4782=ADVANCED_FACE('',(#321),#97,.F.);
#4783=ADVANCED_FACE('',(#322),#98,.F.);
#4784=ADVANCED_FACE('',(#323),#99,.F.);
#4785=ADVANCED_FACE('',(#324),#100,.F.);
#4786=ADVANCED_FACE('',(#325),#101,.F.);
#4787=ADVANCED_FACE('',(#326),#102,.F.);
#4788=ADVANCED_FACE('',(#327),#103,.F.);
#4789=ADVANCED_FACE('',(#328),#104,.F.);
#4790=ADVANCED_FACE('',(#329),#105,.F.);
#4791=ADVANCED_FACE('',(#330),#106,.F.);
#4792=ADVANCED_FACE('',(#331),#107,.F.);
#4793=ADVANCED_FACE('',(#332),#108,.F.);
#4794=ADVANCED_FACE('',(#333),#109,.F.);
#4795=ADVANCED_FACE('',(#334),#110,.F.);
#4796=ADVANCED_FACE('',(#335),#111,.F.);
#4797=ADVANCED_FACE('',(#336),#112,.F.);
#4798=ADVANCED_FACE('',(#337),#113,.F.);
#4799=ADVANCED_FACE('',(#338),#114,.F.);
#4800=ADVANCED_FACE('',(#339),#115,.F.);
#4801=ADVANCED_FACE('',(#340),#4703,.F.);
#4802=ADVANCED_FACE('',(#341),#116,.F.);
#4803=ADVANCED_FACE('',(#342),#4704,.F.);
#4804=ADVANCED_FACE('',(#343),#117,.F.);
#4805=ADVANCED_FACE('',(#344),#4705,.F.);
#4806=ADVANCED_FACE('',(#345),#118,.F.);
#4807=ADVANCED_FACE('',(#346),#4706,.F.);
#4808=ADVANCED_FACE('',(#347),#119,.F.);
#4809=ADVANCED_FACE('',(#348),#4707,.F.);
#4810=ADVANCED_FACE('',(#349),#120,.F.);
#4811=ADVANCED_FACE('',(#350),#4708,.F.);
#4812=ADVANCED_FACE('',(#351),#121,.F.);
#4813=ADVANCED_FACE('',(#352),#4709,.F.);
#4814=ADVANCED_FACE('',(#353),#122,.F.);
#4815=ADVANCED_FACE('',(#354),#4710,.F.);
#4816=ADVANCED_FACE('',(#355),#123,.F.);
#4817=ADVANCED_FACE('',(#356),#4711,.F.);
#4818=ADVANCED_FACE('',(#357),#124,.F.);
#4819=ADVANCED_FACE('',(#358),#4712,.F.);
#4820=ADVANCED_FACE('',(#359),#125,.F.);
#4821=ADVANCED_FACE('',(#360),#4713,.F.);
#4822=ADVANCED_FACE('',(#361),#126,.F.);
#4823=ADVANCED_FACE('',(#362),#4714,.F.);
#4824=ADVANCED_FACE('',(#363),#127,.F.);
#4825=ADVANCED_FACE('',(#364),#4715,.F.);
#4826=ADVANCED_FACE('',(#365),#128,.F.);
#4827=ADVANCED_FACE('',(#366),#4716,.F.);
#4828=ADVANCED_FACE('',(#367),#129,.F.);
#4829=ADVANCED_FACE('',(#368),#4717,.F.);
#4830=ADVANCED_FACE('',(#369),#130,.F.);
#4831=ADVANCED_FACE('',(#370),#4718,.F.);
#4832=ADVANCED_FACE('',(#371),#131,.F.);
#4833=ADVANCED_FACE('',(#372),#132,.F.);
#4834=ADVANCED_FACE('',(#373),#133,.F.);
#4835=ADVANCED_FACE('',(#374),#134,.F.);
#4836=ADVANCED_FACE('',(#375),#135,.T.);
#4837=ADVANCED_FACE('',(#376),#136,.T.);
#4838=ADVANCED_FACE('',(#377),#137,.T.);
#4839=ADVANCED_FACE('',(#378),#138,.T.);
#4840=ADVANCED_FACE('',(#379),#139,.T.);
#4841=ADVANCED_FACE('',(#380),#140,.T.);
#4842=ADVANCED_FACE('',(#381),#141,.T.);
#4843=ADVANCED_FACE('',(#382),#142,.T.);
#4844=ADVANCED_FACE('',(#383),#143,.T.);
#4845=ADVANCED_FACE('',(#384),#144,.T.);
#4846=ADVANCED_FACE('',(#385),#145,.T.);
#4847=ADVANCED_FACE('',(#386),#146,.T.);
#4848=ADVANCED_FACE('',(#387),#147,.T.);
#4849=ADVANCED_FACE('',(#388),#148,.T.);
#4850=ADVANCED_FACE('',(#389),#149,.T.);
#4851=ADVANCED_FACE('',(#390),#150,.T.);
#4852=ADVANCED_FACE('',(#391),#151,.T.);
#4853=ADVANCED_FACE('',(#392),#152,.T.);
#4854=ADVANCED_FACE('',(#393),#153,.T.);
#4855=ADVANCED_FACE('',(#394),#154,.T.);
#4856=ADVANCED_FACE('',(#395),#155,.T.);
#4857=ADVANCED_FACE('',(#396),#156,.T.);
#4858=ADVANCED_FACE('',(#397),#157,.T.);
#4859=ADVANCED_FACE('',(#398),#158,.T.);
#4860=ADVANCED_FACE('',(#399),#159,.T.);
#4861=ADVANCED_FACE('',(#400),#160,.T.);
#4862=ADVANCED_FACE('',(#401),#161,.T.);
#4863=ADVANCED_FACE('',(#402),#162,.T.);
#4864=ADVANCED_FACE('',(#403),#163,.T.);
#4865=ADVANCED_FACE('',(#404),#164,.T.);
#4866=ADVANCED_FACE('',(#405),#165,.T.);
#4867=ADVANCED_FACE('',(#406),#166,.T.);
#4868=ADVANCED_FACE('',(#407),#167,.T.);
#4869=ADVANCED_FACE('',(#408),#168,.T.);
#4870=ADVANCED_FACE('',(#409),#169,.T.);
#4871=ADVANCED_FACE('',(#410),#170,.T.);
#4872=ADVANCED_FACE('',(#411),#171,.T.);
#4873=ADVANCED_FACE('',(#412),#172,.T.);
#4874=ADVANCED_FACE('',(#413),#173,.T.);
#4875=ADVANCED_FACE('',(#414),#174,.T.);
#4876=ADVANCED_FACE('',(#415),#175,.T.);
#4877=ADVANCED_FACE('',(#416),#176,.T.);
#4878=ADVANCED_FACE('',(#417),#177,.T.);
#4879=ADVANCED_FACE('',(#418),#178,.T.);
#4880=ADVANCED_FACE('',(#419),#179,.T.);
#4881=ADVANCED_FACE('',(#420),#180,.T.);
#4882=ADVANCED_FACE('',(#421),#181,.T.);
#4883=ADVANCED_FACE('',(#422),#182,.T.);
#4884=ADVANCED_FACE('',(#423),#183,.T.);
#4885=ADVANCED_FACE('',(#424),#184,.T.);
#4886=ADVANCED_FACE('',(#425),#185,.T.);
#4887=ADVANCED_FACE('',(#426),#186,.T.);
#4888=ADVANCED_FACE('',(#427),#187,.T.);
#4889=ADVANCED_FACE('',(#428),#188,.T.);
#4890=ADVANCED_FACE('',(#429),#189,.T.);
#4891=ADVANCED_FACE('',(#430),#190,.T.);
#4892=ADVANCED_FACE('',(#431),#191,.T.);
#4893=ADVANCED_FACE('',(#432),#192,.T.);
#4894=ADVANCED_FACE('',(#433),#193,.T.);
#4895=ADVANCED_FACE('',(#434),#194,.T.);
#4896=ADVANCED_FACE('',(#435),#195,.T.);
#4897=ADVANCED_FACE('',(#436),#196,.T.);
#4898=ADVANCED_FACE('',(#437),#197,.T.);
#4899=ADVANCED_FACE('',(#438),#198,.T.);
#4900=ADVANCED_FACE('',(#439),#199,.T.);
#4901=ADVANCED_FACE('',(#440),#200,.T.);
#4902=ADVANCED_FACE('',(#441),#201,.T.);
#4903=ADVANCED_FACE('',(#442),#202,.T.);
#4904=ADVANCED_FACE('',(#443),#203,.T.);
#4905=ADVANCED_FACE('',(#444),#204,.T.);
#4906=ADVANCED_FACE('',(#445),#205,.T.);
#4907=ADVANCED_FACE('',(#446),#206,.T.);
#4908=ADVANCED_FACE('',(#447),#207,.T.);
#4909=ADVANCED_FACE('',(#448),#208,.T.);
#4910=ADVANCED_FACE('',(#449),#209,.T.);
#4911=ADVANCED_FACE('',(#450),#210,.T.);
#4912=ADVANCED_FACE('',(#451),#211,.T.);
#4913=ADVANCED_FACE('',(#452),#212,.T.);
#4914=ADVANCED_FACE('',(#453),#213,.T.);
#4915=ADVANCED_FACE('',(#454),#214,.T.);
#4916=ADVANCED_FACE('',(#455),#215,.T.);
#4917=ADVANCED_FACE('',(#456),#216,.T.);
#4918=ADVANCED_FACE('',(#457),#217,.T.);
#4919=ADVANCED_FACE('',(#458),#218,.T.);
#4920=ADVANCED_FACE('',(#459),#219,.T.);
#4921=ADVANCED_FACE('',(#460),#220,.T.);
#4922=ADVANCED_FACE('',(#461),#221,.T.);
#4923=ADVANCED_FACE('',(#462),#222,.T.);
#4924=ADVANCED_FACE('',(#463),#223,.T.);
#4925=ADVANCED_FACE('',(#464),#224,.T.);
#4926=ADVANCED_FACE('',(#465),#225,.T.);
#4927=ADVANCED_FACE('',(#466),#226,.T.);
#4928=ADVANCED_FACE('',(#467),#227,.T.);
#4929=ADVANCED_FACE('',(#468),#228,.T.);
#4930=ADVANCED_FACE('',(#469),#229,.T.);
#4931=ADVANCED_FACE('',(#470),#230,.T.);
#4932=ADVANCED_FACE('',(#471),#231,.T.);
#4933=ADVANCED_FACE('',(#472),#232,.T.);
#4934=ADVANCED_FACE('',(#473),#233,.T.);
#4935=ADVANCED_FACE('',(#474),#234,.T.);
#4936=ADVANCED_FACE('',(#475),#235,.T.);
#4937=ADVANCED_FACE('',(#476),#236,.T.);
#4938=ADVANCED_FACE('',(#477),#237,.T.);
#4939=ADVANCED_FACE('',(#478),#238,.T.);
#4940=ADVANCED_FACE('',(#479),#239,.T.);
#4941=ADVANCED_FACE('',(#480),#240,.T.);
#4942=ADVANCED_FACE('',(#481),#241,.T.);
#4943=ADVANCED_FACE('',(#482),#242,.T.);
#4944=ADVANCED_FACE('',(#483),#243,.T.);
#4945=ADVANCED_FACE('',(#484),#244,.T.);
#4946=ADVANCED_FACE('',(#485),#245,.T.);
#4947=ADVANCED_FACE('',(#486),#246,.T.);
#4948=ADVANCED_FACE('',(#487),#247,.T.);
#4949=ADVANCED_FACE('',(#488),#248,.T.);
#4950=ADVANCED_FACE('',(#489),#249,.T.);
#4951=ADVANCED_FACE('',(#490),#250,.T.);
#4952=ADVANCED_FACE('',(#491),#251,.T.);
#4953=ADVANCED_FACE('',(#492),#252,.T.);
#4954=ADVANCED_FACE('',(#493),#253,.T.);
#4955=ADVANCED_FACE('',(#494),#254,.T.);
#4956=ADVANCED_FACE('',(#495),#255,.T.);
#4957=ADVANCED_FACE('',(#496,#15,#16,#17,#18,#19,#20,#21,#22,#23,#24,#25,
#26,#27,#28),#256,.T.);
#4958=ADVANCED_FACE('',(#497,#29,#30,#31,#32,#33,#34,#35,#36,#37,#38),#257,
 .F.);
#4959=CLOSED_SHELL('',(#4719,#4720,#4721,#4722,#4723,#4724,#4725,#4726,
#4727,#4728,#4729,#4730,#4731,#4732,#4733,#4734,#4735,#4736,#4737,#4738,
#4739,#4740,#4741,#4742,#4743,#4744,#4745,#4746,#4747,#4748,#4749,#4750,
#4751,#4752,#4753,#4754,#4755,#4756,#4757,#4758,#4759,#4760,#4761,#4762,
#4763,#4764,#4765,#4766,#4767,#4768,#4769,#4770,#4771,#4772,#4773,#4774,
#4775,#4776,#4777,#4778,#4779,#4780,#4781,#4782,#4783,#4784,#4785,#4786,
#4787,#4788,#4789,#4790,#4791,#4792,#4793,#4794,#4795,#4796,#4797,#4798,
#4799,#4800,#4801,#4802,#4803,#4804,#4805,#4806,#4807,#4808,#4809,#4810,
#4811,#4812,#4813,#4814,#4815,#4816,#4817,#4818,#4819,#4820,#4821,#4822,
#4823,#4824,#4825,#4826,#4827,#4828,#4829,#4830,#4831,#4832,#4833,#4834,
#4835,#4836,#4837,#4838,#4839,#4840,#4841,#4842,#4843,#4844,#4845,#4846,
#4847,#4848,#4849,#4850,#4851,#4852,#4853,#4854,#4855,#4856,#4857,#4858,
#4859,#4860,#4861,#4862,#4863,#4864,#4865,#4866,#4867,#4868,#4869,#4870,
#4871,#4872,#4873,#4874,#4875,#4876,#4877,#4878,#4879,#4880,#4881,#4882,
#4883,#4884,#4885,#4886,#4887,#4888,#4889,#4890,#4891,#4892,#4893,#4894,
#4895,#4896,#4897,#4898,#4899,#4900,#4901,#4902,#4903,#4904,#4905,#4906,
#4907,#4908,#4909,#4910,#4911,#4912,#4913,#4914,#4915,#4916,#4917,#4918,
#4919,#4920,#4921,#4922,#4923,#4924,#4925,#4926,#4927,#4928,#4929,#4930,
#4931,#4932,#4933,#4934,#4935,#4936,#4937,#4938,#4939,#4940,#4941,#4942,
#4943,#4944,#4945,#4946,#4947,#4948,#4949,#4950,#4951,#4952,#4953,#4954,
#4955,#4956,#4957,#4958));
#4960=DERIVED_UNIT_ELEMENT(#4962,1.);
#4961=DERIVED_UNIT_ELEMENT(#7897,-3.);
#4962=(
MASS_UNIT()
NAMED_UNIT(*)
SI_UNIT(.KILO.,.GRAM.)
);
#4963=DERIVED_UNIT((#4960,#4961));
#4964=MEASURE_REPRESENTATION_ITEM('density measure',
POSITIVE_RATIO_MEASURE(7850.),#4963);
#4965=PROPERTY_DEFINITION_REPRESENTATION(#4970,#4967);
#4966=PROPERTY_DEFINITION_REPRESENTATION(#4971,#4968);
#4967=REPRESENTATION('material name',(#4969),#7894);
#4968=REPRESENTATION('density',(#4964),#7894);
#4969=DESCRIPTIVE_REPRESENTATION_ITEM('Steel','Steel');
#4970=PROPERTY_DEFINITION('material property','material name',#7904);
#4971=PROPERTY_DEFINITION('material property','density of part',#7904);
#4972=AXIS2_PLACEMENT_3D('',#6481,#5255,#5256);
#4973=AXIS2_PLACEMENT_3D('',#6482,#5257,#5258);
#4974=AXIS2_PLACEMENT_3D('',#6484,#5259,#5260);
#4975=AXIS2_PLACEMENT_3D('',#6487,#5262,#5263);
#4976=AXIS2_PLACEMENT_3D('',#6488,#5264,#5265);
#4977=AXIS2_PLACEMENT_3D('',#6490,#5266,#5267);
#4978=AXIS2_PLACEMENT_3D('',#6493,#5269,#5270);
#4979=AXIS2_PLACEMENT_3D('',#6494,#5271,#5272);
#4980=AXIS2_PLACEMENT_3D('',#6496,#5273,#5274);
#4981=AXIS2_PLACEMENT_3D('',#6499,#5276,#5277);
#4982=AXIS2_PLACEMENT_3D('',#6500,#5278,#5279);
#4983=AXIS2_PLACEMENT_3D('',#6502,#5280,#5281);
#4984=AXIS2_PLACEMENT_3D('',#6505,#5283,#5284);
#4985=AXIS2_PLACEMENT_3D('',#6506,#5285,#5286);
#4986=AXIS2_PLACEMENT_3D('',#6508,#5287,#5288);
#4987=AXIS2_PLACEMENT_3D('',#6511,#5290,#5291);
#4988=AXIS2_PLACEMENT_3D('',#6512,#5292,#5293);
#4989=AXIS2_PLACEMENT_3D('',#6521,#5298,#5299);
#4990=AXIS2_PLACEMENT_3D('',#6527,#5303,#5304);
#4991=AXIS2_PLACEMENT_3D('',#6533,#5308,#5309);
#4992=AXIS2_PLACEMENT_3D('',#6539,#5313,#5314);
#4993=AXIS2_PLACEMENT_3D('',#6545,#5318,#5319);
#4994=AXIS2_PLACEMENT_3D('',#6551,#5323,#5324);
#4995=AXIS2_PLACEMENT_3D('',#6557,#5328,#5329);
#4996=AXIS2_PLACEMENT_3D('',#6563,#5333,#5334);
#4997=AXIS2_PLACEMENT_3D('',#6569,#5338,#5339);
#4998=AXIS2_PLACEMENT_3D('',#6575,#5343,#5344);
#4999=AXIS2_PLACEMENT_3D('',#6581,#5348,#5349);
#5000=AXIS2_PLACEMENT_3D('',#6587,#5353,#5354);
#5001=AXIS2_PLACEMENT_3D('',#6593,#5358,#5359);
#5002=AXIS2_PLACEMENT_3D('',#6599,#5363,#5364);
#5003=AXIS2_PLACEMENT_3D('',#6605,#5368,#5369);
#5004=AXIS2_PLACEMENT_3D('',#6611,#5373,#5374);
#5005=AXIS2_PLACEMENT_3D('',#6617,#5378,#5379);
#5006=AXIS2_PLACEMENT_3D('',#6620,#5382,#5383);
#5007=AXIS2_PLACEMENT_3D('',#6621,#5384,#5385);
#5008=AXIS2_PLACEMENT_3D('',#6630,#5390,#5391);
#5009=AXIS2_PLACEMENT_3D('',#6636,#5395,#5396);
#5010=AXIS2_PLACEMENT_3D('',#6642,#5400,#5401);
#5011=AXIS2_PLACEMENT_3D('',#6648,#5405,#5406);
#5012=AXIS2_PLACEMENT_3D('',#6654,#5410,#5411);
#5013=AXIS2_PLACEMENT_3D('',#6660,#5415,#5416);
#5014=AXIS2_PLACEMENT_3D('',#6666,#5420,#5421);
#5015=AXIS2_PLACEMENT_3D('',#6672,#5425,#5426);
#5016=AXIS2_PLACEMENT_3D('',#6678,#5430,#5431);
#5017=AXIS2_PLACEMENT_3D('',#6684,#5435,#5436);
#5018=AXIS2_PLACEMENT_3D('',#6690,#5440,#5441);
#5019=AXIS2_PLACEMENT_3D('',#6696,#5445,#5446);
#5020=AXIS2_PLACEMENT_3D('',#6702,#5450,#5451);
#5021=AXIS2_PLACEMENT_3D('',#6708,#5455,#5456);
#5022=AXIS2_PLACEMENT_3D('',#6714,#5460,#5461);
#5023=AXIS2_PLACEMENT_3D('',#6720,#5465,#5466);
#5024=AXIS2_PLACEMENT_3D('',#6726,#5470,#5471);
#5025=AXIS2_PLACEMENT_3D('',#6729,#5474,#5475);
#5026=AXIS2_PLACEMENT_3D('',#6730,#5476,#5477);
#5027=AXIS2_PLACEMENT_3D('',#6739,#5482,#5483);
#5028=AXIS2_PLACEMENT_3D('',#6745,#5487,#5488);
#5029=AXIS2_PLACEMENT_3D('',#6751,#5492,#5493);
#5030=AXIS2_PLACEMENT_3D('',#6757,#5497,#5498);
#5031=AXIS2_PLACEMENT_3D('',#6763,#5502,#5503);
#5032=AXIS2_PLACEMENT_3D('',#6769,#5507,#5508);
#5033=AXIS2_PLACEMENT_3D('',#6775,#5512,#5513);
#5034=AXIS2_PLACEMENT_3D('',#6781,#5517,#5518);
#5035=AXIS2_PLACEMENT_3D('',#6787,#5522,#5523);
#5036=AXIS2_PLACEMENT_3D('',#6793,#5527,#5528);
#5037=AXIS2_PLACEMENT_3D('',#6799,#5532,#5533);
#5038=AXIS2_PLACEMENT_3D('',#6805,#5537,#5538);
#5039=AXIS2_PLACEMENT_3D('',#6811,#5542,#5543);
#5040=AXIS2_PLACEMENT_3D('',#6817,#5547,#5548);
#5041=AXIS2_PLACEMENT_3D('',#6823,#5552,#5553);
#5042=AXIS2_PLACEMENT_3D('',#6829,#5557,#5558);
#5043=AXIS2_PLACEMENT_3D('',#6835,#5562,#5563);
#5044=AXIS2_PLACEMENT_3D('',#6838,#5566,#5567);
#5045=AXIS2_PLACEMENT_3D('',#6839,#5568,#5569);
#5046=AXIS2_PLACEMENT_3D('',#6848,#5574,#5575);
#5047=AXIS2_PLACEMENT_3D('',#6854,#5579,#5580);
#5048=AXIS2_PLACEMENT_3D('',#6860,#5584,#5585);
#5049=AXIS2_PLACEMENT_3D('',#6866,#5589,#5590);
#5050=AXIS2_PLACEMENT_3D('',#6872,#5594,#5595);
#5051=AXIS2_PLACEMENT_3D('',#6878,#5599,#5600);
#5052=AXIS2_PLACEMENT_3D('',#6884,#5604,#5605);
#5053=AXIS2_PLACEMENT_3D('',#6890,#5609,#5610);
#5054=AXIS2_PLACEMENT_3D('',#6896,#5614,#5615);
#5055=AXIS2_PLACEMENT_3D('',#6902,#5619,#5620);
#5056=AXIS2_PLACEMENT_3D('',#6908,#5624,#5625);
#5057=AXIS2_PLACEMENT_3D('',#6914,#5629,#5630);
#5058=AXIS2_PLACEMENT_3D('',#6920,#5634,#5635);
#5059=AXIS2_PLACEMENT_3D('',#6926,#5639,#5640);
#5060=AXIS2_PLACEMENT_3D('',#6932,#5644,#5645);
#5061=AXIS2_PLACEMENT_3D('',#6938,#5649,#5650);
#5062=AXIS2_PLACEMENT_3D('',#6944,#5654,#5655);
#5063=AXIS2_PLACEMENT_3D('',#6947,#5658,#5659);
#5064=AXIS2_PLACEMENT_3D('',#6948,#5660,#5661);
#5065=AXIS2_PLACEMENT_3D('',#6957,#5666,#5667);
#5066=AXIS2_PLACEMENT_3D('',#6959,#5668,#5669);
#5067=AXIS2_PLACEMENT_3D('',#6961,#5670,#5671);
#5068=AXIS2_PLACEMENT_3D('',#6963,#5673,#5674);
#5069=AXIS2_PLACEMENT_3D('',#6969,#5678,#5679);
#5070=AXIS2_PLACEMENT_3D('',#6971,#5680,#5681);
#5071=AXIS2_PLACEMENT_3D('',#6973,#5682,#5683);
#5072=AXIS2_PLACEMENT_3D('',#6975,#5685,#5686);
#5073=AXIS2_PLACEMENT_3D('',#6981,#5690,#5691);
#5074=AXIS2_PLACEMENT_3D('',#6983,#5692,#5693);
#5075=AXIS2_PLACEMENT_3D('',#6985,#5694,#5695);
#5076=AXIS2_PLACEMENT_3D('',#6987,#5697,#5698);
#5077=AXIS2_PLACEMENT_3D('',#6993,#5702,#5703);
#5078=AXIS2_PLACEMENT_3D('',#6994,#5704,#5705);
#5079=AXIS2_PLACEMENT_3D('',#6995,#5706,#5707);
#5080=AXIS2_PLACEMENT_3D('',#6996,#5708,#5709);
#5081=AXIS2_PLACEMENT_3D('',#7005,#5714,#5715);
#5082=AXIS2_PLACEMENT_3D('',#7007,#5716,#5717);
#5083=AXIS2_PLACEMENT_3D('',#7009,#5718,#5719);
#5084=AXIS2_PLACEMENT_3D('',#7011,#5721,#5722);
#5085=AXIS2_PLACEMENT_3D('',#7017,#5726,#5727);
#5086=AXIS2_PLACEMENT_3D('',#7019,#5728,#5729);
#5087=AXIS2_PLACEMENT_3D('',#7021,#5730,#5731);
#5088=AXIS2_PLACEMENT_3D('',#7023,#5733,#5734);
#5089=AXIS2_PLACEMENT_3D('',#7029,#5738,#5739);
#5090=AXIS2_PLACEMENT_3D('',#7031,#5740,#5741);
#5091=AXIS2_PLACEMENT_3D('',#7033,#5742,#5743);
#5092=AXIS2_PLACEMENT_3D('',#7035,#5745,#5746);
#5093=AXIS2_PLACEMENT_3D('',#7041,#5750,#5751);
#5094=AXIS2_PLACEMENT_3D('',#7042,#5752,#5753);
#5095=AXIS2_PLACEMENT_3D('',#7043,#5754,#5755);
#5096=AXIS2_PLACEMENT_3D('',#7044,#5756,#5757);
#5097=AXIS2_PLACEMENT_3D('',#7053,#5762,#5763);
#5098=AXIS2_PLACEMENT_3D('',#7055,#5764,#5765);
#5099=AXIS2_PLACEMENT_3D('',#7057,#5766,#5767);
#5100=AXIS2_PLACEMENT_3D('',#7059,#5769,#5770);
#5101=AXIS2_PLACEMENT_3D('',#7065,#5774,#5775);
#5102=AXIS2_PLACEMENT_3D('',#7067,#5776,#5777);
#5103=AXIS2_PLACEMENT_3D('',#7069,#5778,#5779);
#5104=AXIS2_PLACEMENT_3D('',#7071,#5781,#5782);
#5105=AXIS2_PLACEMENT_3D('',#7077,#5786,#5787);
#5106=AXIS2_PLACEMENT_3D('',#7079,#5788,#5789);
#5107=AXIS2_PLACEMENT_3D('',#7081,#5790,#5791);
#5108=AXIS2_PLACEMENT_3D('',#7083,#5793,#5794);
#5109=AXIS2_PLACEMENT_3D('',#7089,#5798,#5799);
#5110=AXIS2_PLACEMENT_3D('',#7090,#5800,#5801);
#5111=AXIS2_PLACEMENT_3D('',#7091,#5802,#5803);
#5112=AXIS2_PLACEMENT_3D('',#7092,#5804,#5805);
#5113=AXIS2_PLACEMENT_3D('',#7101,#5810,#5811);
#5114=AXIS2_PLACEMENT_3D('',#7103,#5812,#5813);
#5115=AXIS2_PLACEMENT_3D('',#7105,#5814,#5815);
#5116=AXIS2_PLACEMENT_3D('',#7107,#5817,#5818);
#5117=AXIS2_PLACEMENT_3D('',#7113,#5822,#5823);
#5118=AXIS2_PLACEMENT_3D('',#7115,#5824,#5825);
#5119=AXIS2_PLACEMENT_3D('',#7117,#5826,#5827);
#5120=AXIS2_PLACEMENT_3D('',#7119,#5829,#5830);
#5121=AXIS2_PLACEMENT_3D('',#7125,#5834,#5835);
#5122=AXIS2_PLACEMENT_3D('',#7127,#5836,#5837);
#5123=AXIS2_PLACEMENT_3D('',#7129,#5838,#5839);
#5124=AXIS2_PLACEMENT_3D('',#7131,#5841,#5842);
#5125=AXIS2_PLACEMENT_3D('',#7137,#5846,#5847);
#5126=AXIS2_PLACEMENT_3D('',#7138,#5848,#5849);
#5127=AXIS2_PLACEMENT_3D('',#7139,#5850,#5851);
#5128=AXIS2_PLACEMENT_3D('',#7140,#5852,#5853);
#5129=AXIS2_PLACEMENT_3D('',#7149,#5858,#5859);
#5130=AXIS2_PLACEMENT_3D('',#7155,#5863,#5864);
#5131=AXIS2_PLACEMENT_3D('',#7161,#5868,#5869);
#5132=AXIS2_PLACEMENT_3D('',#7164,#5872,#5873);
#5133=AXIS2_PLACEMENT_3D('',#7173,#5878,#5879);
#5134=AXIS2_PLACEMENT_3D('',#7179,#5883,#5884);
#5135=AXIS2_PLACEMENT_3D('',#7185,#5888,#5889);
#5136=AXIS2_PLACEMENT_3D('',#7191,#5893,#5894);
#5137=AXIS2_PLACEMENT_3D('',#7197,#5898,#5899);
#5138=AXIS2_PLACEMENT_3D('',#7203,#5903,#5904);
#5139=AXIS2_PLACEMENT_3D('',#7209,#5908,#5909);
#5140=AXIS2_PLACEMENT_3D('',#7215,#5913,#5914);
#5141=AXIS2_PLACEMENT_3D('',#7221,#5918,#5919);
#5142=AXIS2_PLACEMENT_3D('',#7227,#5923,#5924);
#5143=AXIS2_PLACEMENT_3D('',#7233,#5928,#5929);
#5144=AXIS2_PLACEMENT_3D('',#7239,#5933,#5934);
#5145=AXIS2_PLACEMENT_3D('',#7245,#5938,#5939);
#5146=AXIS2_PLACEMENT_3D('',#7251,#5943,#5944);
#5147=AXIS2_PLACEMENT_3D('',#7257,#5948,#5949);
#5148=AXIS2_PLACEMENT_3D('',#7263,#5953,#5954);
#5149=AXIS2_PLACEMENT_3D('',#7269,#5958,#5959);
#5150=AXIS2_PLACEMENT_3D('',#7275,#5963,#5964);
#5151=AXIS2_PLACEMENT_3D('',#7281,#5968,#5969);
#5152=AXIS2_PLACEMENT_3D('',#7287,#5973,#5974);
#5153=AXIS2_PLACEMENT_3D('',#7293,#5978,#5979);
#5154=AXIS2_PLACEMENT_3D('',#7299,#5983,#5984);
#5155=AXIS2_PLACEMENT_3D('',#7305,#5988,#5989);
#5156=AXIS2_PLACEMENT_3D('',#7311,#5993,#5994);
#5157=AXIS2_PLACEMENT_3D('',#7317,#5998,#5999);
#5158=AXIS2_PLACEMENT_3D('',#7323,#6003,#6004);
#5159=AXIS2_PLACEMENT_3D('',#7329,#6008,#6009);
#5160=AXIS2_PLACEMENT_3D('',#7335,#6013,#6014);
#5161=AXIS2_PLACEMENT_3D('',#7341,#6018,#6019);
#5162=AXIS2_PLACEMENT_3D('',#7347,#6023,#6024);
#5163=AXIS2_PLACEMENT_3D('',#7353,#6028,#6029);
#5164=AXIS2_PLACEMENT_3D('',#7359,#6033,#6034);
#5165=AXIS2_PLACEMENT_3D('',#7365,#6038,#6039);
#5166=AXIS2_PLACEMENT_3D('',#7371,#6043,#6044);
#5167=AXIS2_PLACEMENT_3D('',#7377,#6048,#6049);
#5168=AXIS2_PLACEMENT_3D('',#7383,#6053,#6054);
#5169=AXIS2_PLACEMENT_3D('',#7389,#6058,#6059);
#5170=AXIS2_PLACEMENT_3D('',#7395,#6063,#6064);
#5171=AXIS2_PLACEMENT_3D('',#7401,#6068,#6069);
#5172=AXIS2_PLACEMENT_3D('',#7407,#6073,#6074);
#5173=AXIS2_PLACEMENT_3D('',#7413,#6078,#6079);
#5174=AXIS2_PLACEMENT_3D('',#7419,#6083,#6084);
#5175=AXIS2_PLACEMENT_3D('',#7425,#6088,#6089);
#5176=AXIS2_PLACEMENT_3D('',#7431,#6093,#6094);
#5177=AXIS2_PLACEMENT_3D('',#7437,#6098,#6099);
#5178=AXIS2_PLACEMENT_3D('',#7443,#6103,#6104);
#5179=AXIS2_PLACEMENT_3D('',#7449,#6108,#6109);
#5180=AXIS2_PLACEMENT_3D('',#7455,#6113,#6114);
#5181=AXIS2_PLACEMENT_3D('',#7461,#6118,#6119);
#5182=AXIS2_PLACEMENT_3D('',#7467,#6123,#6124);
#5183=AXIS2_PLACEMENT_3D('',#7473,#6128,#6129);
#5184=AXIS2_PLACEMENT_3D('',#7479,#6133,#6134);
#5185=AXIS2_PLACEMENT_3D('',#7485,#6138,#6139);
#5186=AXIS2_PLACEMENT_3D('',#7491,#6143,#6144);
#5187=AXIS2_PLACEMENT_3D('',#7497,#6148,#6149);
#5188=AXIS2_PLACEMENT_3D('',#7503,#6153,#6154);
#5189=AXIS2_PLACEMENT_3D('',#7509,#6158,#6159);
#5190=AXIS2_PLACEMENT_3D('',#7515,#6163,#6164);
#5191=AXIS2_PLACEMENT_3D('',#7521,#6168,#6169);
#5192=AXIS2_PLACEMENT_3D('',#7527,#6173,#6174);
#5193=AXIS2_PLACEMENT_3D('',#7533,#6178,#6179);
#5194=AXIS2_PLACEMENT_3D('',#7539,#6183,#6184);
#5195=AXIS2_PLACEMENT_3D('',#7545,#6188,#6189);
#5196=AXIS2_PLACEMENT_3D('',#7551,#6193,#6194);
#5197=AXIS2_PLACEMENT_3D('',#7557,#6198,#6199);
#5198=AXIS2_PLACEMENT_3D('',#7563,#6203,#6204);
#5199=AXIS2_PLACEMENT_3D('',#7569,#6208,#6209);
#5200=AXIS2_PLACEMENT_3D('',#7575,#6213,#6214);
#5201=AXIS2_PLACEMENT_3D('',#7581,#6218,#6219);
#5202=AXIS2_PLACEMENT_3D('',#7587,#6223,#6224);
#5203=AXIS2_PLACEMENT_3D('',#7593,#6228,#6229);
#5204=AXIS2_PLACEMENT_3D('',#7599,#6233,#6234);
#5205=AXIS2_PLACEMENT_3D('',#7605,#6238,#6239);
#5206=AXIS2_PLACEMENT_3D('',#7611,#6243,#6244);
#5207=AXIS2_PLACEMENT_3D('',#7617,#6248,#6249);
#5208=AXIS2_PLACEMENT_3D('',#7623,#6253,#6254);
#5209=AXIS2_PLACEMENT_3D('',#7629,#6258,#6259);
#5210=AXIS2_PLACEMENT_3D('',#7635,#6263,#6264);
#5211=AXIS2_PLACEMENT_3D('',#7641,#6268,#6269);
#5212=AXIS2_PLACEMENT_3D('',#7647,#6273,#6274);
#5213=AXIS2_PLACEMENT_3D('',#7653,#6278,#6279);
#5214=AXIS2_PLACEMENT_3D('',#7659,#6283,#6284);
#5215=AXIS2_PLACEMENT_3D('',#7665,#6288,#6289);
#5216=AXIS2_PLACEMENT_3D('',#7671,#6293,#6294);
#5217=AXIS2_PLACEMENT_3D('',#7677,#6298,#6299);
#5218=AXIS2_PLACEMENT_3D('',#7683,#6303,#6304);
#5219=AXIS2_PLACEMENT_3D('',#7689,#6308,#6309);
#5220=AXIS2_PLACEMENT_3D('',#7695,#6313,#6314);
#5221=AXIS2_PLACEMENT_3D('',#7701,#6318,#6319);
#5222=AXIS2_PLACEMENT_3D('',#7707,#6323,#6324);
#5223=AXIS2_PLACEMENT_3D('',#7713,#6328,#6329);
#5224=AXIS2_PLACEMENT_3D('',#7719,#6333,#6334);
#5225=AXIS2_PLACEMENT_3D('',#7725,#6338,#6339);
#5226=AXIS2_PLACEMENT_3D('',#7731,#6343,#6344);
#5227=AXIS2_PLACEMENT_3D('',#7737,#6348,#6349);
#5228=AXIS2_PLACEMENT_3D('',#7743,#6353,#6354);
#5229=AXIS2_PLACEMENT_3D('',#7749,#6358,#6359);
#5230=AXIS2_PLACEMENT_3D('',#7755,#6363,#6364);
#5231=AXIS2_PLACEMENT_3D('',#7761,#6368,#6369);
#5232=AXIS2_PLACEMENT_3D('',#7767,#6373,#6374);
#5233=AXIS2_PLACEMENT_3D('',#7773,#6378,#6379);
#5234=AXIS2_PLACEMENT_3D('',#7779,#6383,#6384);
#5235=AXIS2_PLACEMENT_3D('',#7785,#6388,#6389);
#5236=AXIS2_PLACEMENT_3D('',#7791,#6393,#6394);
#5237=AXIS2_PLACEMENT_3D('',#7797,#6398,#6399);
#5238=AXIS2_PLACEMENT_3D('',#7803,#6403,#6404);
#5239=AXIS2_PLACEMENT_3D('',#7809,#6408,#6409);
#5240=AXIS2_PLACEMENT_3D('',#7815,#6413,#6414);
#5241=AXIS2_PLACEMENT_3D('',#7821,#6418,#6419);
#5242=AXIS2_PLACEMENT_3D('',#7827,#6423,#6424);
#5243=AXIS2_PLACEMENT_3D('',#7833,#6428,#6429);
#5244=AXIS2_PLACEMENT_3D('',#7839,#6433,#6434);
#5245=AXIS2_PLACEMENT_3D('',#7845,#6438,#6439);
#5246=AXIS2_PLACEMENT_3D('',#7851,#6443,#6444);
#5247=AXIS2_PLACEMENT_3D('',#7857,#6448,#6449);
#5248=AXIS2_PLACEMENT_3D('',#7863,#6453,#6454);
#5249=AXIS2_PLACEMENT_3D('',#7869,#6458,#6459);
#5250=AXIS2_PLACEMENT_3D('',#7875,#6463,#6464);
#5251=AXIS2_PLACEMENT_3D('',#7881,#6468,#6469);
#5252=AXIS2_PLACEMENT_3D('',#7887,#6473,#6474);
#5253=AXIS2_PLACEMENT_3D('',#7890,#6477,#6478);
#5254=AXIS2_PLACEMENT_3D('',#7891,#6479,#6480);
#5255=DIRECTION('axis',(0.,0.,1.));
#5256=DIRECTION('refdir',(1.,0.,0.));
#5257=DIRECTION('center_axis',(0.,0.,1.));
#5258=DIRECTION('ref_axis',(-1.,0.,0.));
#5259=DIRECTION('center_axis',(-2.736156902172E-16,-3.330669073875E-16,
1.));
#5260=DIRECTION('ref_axis',(-1.,0.,0.));
#5261=DIRECTION('',(0.,0.,1.));
#5262=DIRECTION('center_axis',(0.,0.,-1.));
#5263=DIRECTION('ref_axis',(-1.,0.,0.));
#5264=DIRECTION('center_axis',(0.,0.,1.));
#5265=DIRECTION('ref_axis',(-1.,0.,0.));
#5266=DIRECTION('center_axis',(-2.736156902172E-16,-3.330669073875E-16,
1.));
#5267=DIRECTION('ref_axis',(-1.,0.,0.));
#5268=DIRECTION('',(0.,0.,1.));
#5269=DIRECTION('center_axis',(0.,0.,-1.));
#5270=DIRECTION('ref_axis',(-1.,0.,0.));
#5271=DIRECTION('center_axis',(0.,0.,1.));
#5272=DIRECTION('ref_axis',(-1.,0.,0.));
#5273=DIRECTION('center_axis',(-2.736156902172E-16,-3.330669073875E-16,
1.));
#5274=DIRECTION('ref_axis',(-1.,0.,0.));
#5275=DIRECTION('',(0.,0.,1.));
#5276=DIRECTION('center_axis',(0.,0.,-1.));
#5277=DIRECTION('ref_axis',(-1.,0.,0.));
#5278=DIRECTION('center_axis',(0.,0.,1.));
#5279=DIRECTION('ref_axis',(-1.,0.,0.));
#5280=DIRECTION('center_axis',(-2.736156902172E-16,-3.330669073875E-16,
1.));
#5281=DIRECTION('ref_axis',(-1.,0.,0.));
#5282=DIRECTION('',(0.,0.,1.));
#5283=DIRECTION('center_axis',(0.,0.,-1.));
#5284=DIRECTION('ref_axis',(-1.,0.,0.));
#5285=DIRECTION('center_axis',(0.,0.,1.));
#5286=DIRECTION('ref_axis',(-1.,0.,0.));
#5287=DIRECTION('center_axis',(-2.736156902172E-16,-3.330669073875E-16,
1.));
#5288=DIRECTION('ref_axis',(-1.,0.,0.));
#5289=DIRECTION('',(0.,0.,1.));
#5290=DIRECTION('center_axis',(0.,0.,-1.));
#5291=DIRECTION('ref_axis',(-1.,0.,0.));
#5292=DIRECTION('center_axis',(0.887219953561047,0.461346674425137,0.));
#5293=DIRECTION('ref_axis',(0.461346674425137,-0.887219953561047,0.));
#5294=DIRECTION('',(0.461346674425137,-0.887219953561047,0.));
#5295=DIRECTION('',(0.,0.,-1.));
#5296=DIRECTION('',(0.461346674425137,-0.887219953561047,0.));
#5297=DIRECTION('',(0.,0.,-1.));
#5298=DIRECTION('center_axis',(0.707111952443542,-0.707101609891734,0.));
#5299=DIRECTION('ref_axis',(-0.707101609891734,-0.707111952443542,0.));
#5300=DIRECTION('',(-0.707101609891734,-0.707111952443542,0.));
#5301=DIRECTION('',(0.,0.,-1.));
#5302=DIRECTION('',(-0.707101609891734,-0.707111952443542,0.));
#5303=DIRECTION('center_axis',(-0.140434257822471,0.990090005620626,0.));
#5304=DIRECTION('ref_axis',(0.990090005620626,0.140434257822471,0.));
#5305=DIRECTION('',(0.990090005620626,0.140434257822471,0.));
#5306=DIRECTION('',(0.,0.,-1.));
#5307=DIRECTION('',(0.990090005620626,0.140434257822471,0.));
#5308=DIRECTION('center_axis',(-0.140831156789924,0.99003362835674,0.));
#5309=DIRECTION('ref_axis',(0.99003362835674,0.140831156789924,0.));
#5310=DIRECTION('',(0.99003362835674,0.140831156789924,0.));
#5311=DIRECTION('',(0.,0.,-1.));
#5312=DIRECTION('',(0.99003362835674,0.140831156789924,0.));
#5313=DIRECTION('center_axis',(0.886004047343588,0.463677504404495,0.));
#5314=DIRECTION('ref_axis',(0.463677504404495,-0.886004047343588,0.));
#5315=DIRECTION('',(0.463677504404495,-0.886004047343588,0.));
#5316=DIRECTION('',(0.,0.,-1.));
#5317=DIRECTION('',(0.463677504404495,-0.886004047343588,0.));
#5318=DIRECTION('center_axis',(0.886551360307567,0.462630182258791,0.));
#5319=DIRECTION('ref_axis',(0.462630182258791,-0.886551360307567,0.));
#5320=DIRECTION('',(0.462630182258791,-0.886551360307567,0.));
#5321=DIRECTION('',(0.,0.,-1.));
#5322=DIRECTION('',(0.462630182258791,-0.886551360307567,0.));
#5323=DIRECTION('center_axis',(-0.990075805132667,0.14053433776448,0.));
#5324=DIRECTION('ref_axis',(0.14053433776448,0.990075805132667,0.));
#5325=DIRECTION('',(0.14053433776448,0.990075805132667,0.));
#5326=DIRECTION('',(0.,0.,-1.));
#5327=DIRECTION('',(0.14053433776448,0.990075805132667,0.));
#5328=DIRECTION('center_axis',(-0.989938939132586,0.141495218255073,0.));
#5329=DIRECTION('ref_axis',(0.141495218255073,0.989938939132586,0.));
#5330=DIRECTION('',(0.141495218255073,0.989938939132586,0.));
#5331=DIRECTION('',(0.,0.,-1.));
#5332=DIRECTION('',(0.141495218255073,0.989938939132586,0.));
#5333=DIRECTION('center_axis',(-0.141495218255061,0.989938939132588,0.));
#5334=DIRECTION('ref_axis',(0.989938939132588,0.141495218255061,0.));
#5335=DIRECTION('',(0.989938939132588,0.141495218255061,0.));
#5336=DIRECTION('',(0.,0.,-1.));
#5337=DIRECTION('',(0.989938939132588,0.141495218255061,0.));
#5338=DIRECTION('center_axis',(-0.140469492491047,0.990085007299529,0.));
#5339=DIRECTION('ref_axis',(0.990085007299529,0.140469492491047,0.));
#5340=DIRECTION('',(0.990085007299529,0.140469492491047,0.));
#5341=DIRECTION('',(0.,0.,-1.));
#5342=DIRECTION('',(0.990085007299529,0.140469492491047,0.));
#5343=DIRECTION('center_axis',(-0.462720381836406,-0.886504285513145,0.));
#5344=DIRECTION('ref_axis',(-0.886504285513145,0.462720381836406,0.));
#5345=DIRECTION('',(-0.886504285513145,0.462720381836406,0.));
#5346=DIRECTION('',(0.,0.,-1.));
#5347=DIRECTION('',(-0.886504285513144,0.462720381836406,0.));
#5348=DIRECTION('center_axis',(-0.463677504404346,-0.886004047343666,0.));
#5349=DIRECTION('ref_axis',(-0.886004047343667,0.463677504404346,0.));
#5350=DIRECTION('',(-0.886004047343667,0.463677504404346,0.));
#5351=DIRECTION('',(0.,0.,-1.));
#5352=DIRECTION('',(-0.886004047343667,0.463677504404346,0.));
#5353=DIRECTION('center_axis',(-0.990033628356742,0.14083115678991,0.));
#5354=DIRECTION('ref_axis',(0.14083115678991,0.990033628356742,0.));
#5355=DIRECTION('',(0.14083115678991,0.990033628356742,0.));
#5356=DIRECTION('',(0.,0.,-1.));
#5357=DIRECTION('',(0.14083115678991,0.990033628356742,0.));
#5358=DIRECTION('center_axis',(-0.990090005620626,0.140434257822471,0.));
#5359=DIRECTION('ref_axis',(0.140434257822471,0.990090005620626,0.));
#5360=DIRECTION('',(0.140434257822471,0.990090005620626,0.));
#5361=DIRECTION('',(0.,0.,-1.));
#5362=DIRECTION('',(0.140434257822471,0.990090005620626,0.));
#5363=DIRECTION('center_axis',(0.707101407095087,-0.707112155237165,0.));
#5364=DIRECTION('ref_axis',(-0.707112155237165,-0.707101407095087,0.));
#5365=DIRECTION('',(-0.707112155237165,-0.707101407095087,0.));
#5366=DIRECTION('',(0.,0.,-1.));
#5367=DIRECTION('',(-0.707112155237165,-0.707101407095087,0.));
#5368=DIRECTION('center_axis',(-0.4613447082398,-0.887220975957587,0.));
#5369=DIRECTION('ref_axis',(-0.887220975957587,0.4613447082398,0.));
#5370=DIRECTION('',(-0.887220975957587,0.4613447082398,0.));
#5371=DIRECTION('',(0.,0.,-1.));
#5372=DIRECTION('',(-0.887220975957587,0.4613447082398,0.));
#5373=DIRECTION('center_axis',(-0.462785198734032,-0.886470450625797,0.));
#5374=DIRECTION('ref_axis',(-0.886470450625797,0.462785198734032,0.));
#5375=DIRECTION('',(-0.886470450625797,0.462785198734032,0.));
#5376=DIRECTION('',(0.,0.,-1.));
#5377=DIRECTION('',(-0.886470450625797,0.462785198734032,0.));
#5378=DIRECTION('center_axis',(0.886470450625795,0.462785198734034,0.));
#5379=DIRECTION('ref_axis',(0.462785198734034,-0.886470450625795,0.));
#5380=DIRECTION('',(0.462785198734034,-0.886470450625795,0.));
#5381=DIRECTION('',(0.462785198734034,-0.886470450625795,0.));
#5382=DIRECTION('center_axis',(0.,0.,-1.));
#5383=DIRECTION('ref_axis',(-1.,0.,0.));
#5384=DIRECTION('center_axis',(0.999539863306709,0.0303325182074709,0.));
#5385=DIRECTION('ref_axis',(0.0303325182074709,-0.999539863306709,0.));
#5386=DIRECTION('',(0.0303325182074709,-0.999539863306709,0.));
#5387=DIRECTION('',(0.,0.,-1.));
#5388=DIRECTION('',(0.0303325182074709,-0.999539863306709,0.));
#5389=DIRECTION('',(0.,0.,-1.));
#5390=DIRECTION('center_axis',(0.332969872315038,-0.942937465652154,0.));
#5391=DIRECTION('ref_axis',(-0.942937465652154,-0.332969872315038,0.));
#5392=DIRECTION('',(-0.942937465652154,-0.332969872315038,0.));
#5393=DIRECTION('',(0.,0.,-1.));
#5394=DIRECTION('',(-0.942937465652154,-0.332969872315038,0.));
#5395=DIRECTION('center_axis',(0.293929415598902,0.955827128013057,0.));
#5396=DIRECTION('ref_axis',(0.955827128013057,-0.293929415598902,0.));
#5397=DIRECTION('',(0.955827128013057,-0.293929415598902,0.));
#5398=DIRECTION('',(0.,0.,-1.));
#5399=DIRECTION('',(0.955827128013057,-0.293929415598902,0.));
#5400=DIRECTION('center_axis',(0.292592050115289,0.956237361856005,0.));
#5401=DIRECTION('ref_axis',(0.956237361856005,-0.292592050115289,0.));
#5402=DIRECTION('',(0.956237361856005,-0.292592050115289,0.));
#5403=DIRECTION('',(0.,0.,-1.));
#5404=DIRECTION('',(0.956237361856005,-0.292592050115289,0.));
#5405=DIRECTION('center_axis',(0.999607677738115,0.0280087594693519,0.));
#5406=DIRECTION('ref_axis',(0.0280087594693519,-0.999607677738115,0.));
#5407=DIRECTION('',(0.0280087594693519,-0.999607677738115,0.));
#5408=DIRECTION('',(0.,0.,-1.));
#5409=DIRECTION('',(0.0280087594693519,-0.999607677738115,0.));
#5410=DIRECTION('center_axis',(0.999519197501748,0.0310060288566972,0.));
#5411=DIRECTION('ref_axis',(0.0310060288566972,-0.999519197501748,0.));
#5412=DIRECTION('',(0.0310060288566972,-0.999519197501748,0.));
#5413=DIRECTION('',(0.,0.,-1.));
#5414=DIRECTION('',(0.0310060288566972,-0.999519197501748,0.));
#5415=DIRECTION('center_axis',(-0.828874271286751,0.559434931335948,0.));
#5416=DIRECTION('ref_axis',(0.559434931335948,0.828874271286751,0.));
#5417=DIRECTION('',(0.559434931335948,0.828874271286751,0.));
#5418=DIRECTION('',(0.,0.,-1.));
#5419=DIRECTION('',(0.559434931335948,0.828874271286751,0.));
#5420=DIRECTION('center_axis',(-0.828884338531702,0.559420015137878,0.));
#5421=DIRECTION('ref_axis',(0.559420015137878,0.828884338531702,0.));
#5422=DIRECTION('',(0.559420015137878,0.828884338531702,0.));
#5423=DIRECTION('',(0.,0.,-1.));
#5424=DIRECTION('',(0.559420015137878,0.828884338531702,0.));
#5425=DIRECTION('center_axis',(0.295472876426446,0.95535112879835,0.));
#5426=DIRECTION('ref_axis',(0.95535112879835,-0.295472876426446,0.));
#5427=DIRECTION('',(0.95535112879835,-0.295472876426446,0.));
#5428=DIRECTION('',(0.,0.,-1.));
#5429=DIRECTION('',(0.95535112879835,-0.295472876426446,0.));
#5430=DIRECTION('center_axis',(0.293842168151862,0.955853953392365,0.));
#5431=DIRECTION('ref_axis',(0.955853953392365,-0.293842168151862,0.));
#5432=DIRECTION('',(0.955853953392365,-0.293842168151862,0.));
#5433=DIRECTION('',(0.,0.,-1.));
#5434=DIRECTION('',(0.955853953392365,-0.293842168151862,0.));
#5435=DIRECTION('center_axis',(-0.797412717249899,-0.603434303274295,0.));
#5436=DIRECTION('ref_axis',(-0.603434303274294,0.797412717249899,0.));
#5437=DIRECTION('',(-0.603434303274294,0.797412717249899,0.));
#5438=DIRECTION('',(0.,0.,-1.));
#5439=DIRECTION('',(-0.603434303274294,0.797412717249899,0.));
#5440=DIRECTION('center_axis',(-0.797062430531401,-0.603896913252068,0.));
#5441=DIRECTION('ref_axis',(-0.603896913252068,0.797062430531401,0.));
#5442=DIRECTION('',(-0.603896913252068,0.797062430531401,0.));
#5443=DIRECTION('',(0.,0.,-1.));
#5444=DIRECTION('',(-0.603896913252068,0.797062430531401,0.));
#5445=DIRECTION('center_axis',(-0.829069598114262,0.559145420693629,0.));
#5446=DIRECTION('ref_axis',(0.559145420693629,0.829069598114262,0.));
#5447=DIRECTION('',(0.559145420693629,0.829069598114262,0.));
#5448=DIRECTION('',(0.,0.,-1.));
#5449=DIRECTION('',(0.559145420693629,0.829069598114262,0.));
#5450=DIRECTION('center_axis',(-0.828951972477188,0.559319789857447,0.));
#5451=DIRECTION('ref_axis',(0.559319789857447,0.828951972477188,0.));
#5452=DIRECTION('',(0.559319789857447,0.828951972477188,0.));
#5453=DIRECTION('',(0.,0.,-1.));
#5454=DIRECTION('',(0.559319789857447,0.828951972477188,0.));
#5455=DIRECTION('center_axis',(0.332969009140835,-0.942937770455596,0.));
#5456=DIRECTION('ref_axis',(-0.942937770455596,-0.332969009140835,0.));
#5457=DIRECTION('',(-0.942937770455596,-0.332969009140835,0.));
#5458=DIRECTION('',(0.,0.,-1.));
#5459=DIRECTION('',(-0.942937770455596,-0.332969009140835,0.));
#5460=DIRECTION('center_axis',(-0.797074207363349,-0.603881369108279,0.));
#5461=DIRECTION('ref_axis',(-0.603881369108279,0.797074207363349,0.));
#5462=DIRECTION('',(-0.603881369108279,0.797074207363349,0.));
#5463=DIRECTION('',(0.,0.,-1.));
#5464=DIRECTION('',(-0.603881369108279,0.797074207363349,0.));
#5465=DIRECTION('center_axis',(-0.797404882590172,-0.603444656303588,0.));
#5466=DIRECTION('ref_axis',(-0.603444656303588,0.797404882590172,0.));
#5467=DIRECTION('',(-0.603444656303588,0.797404882590172,0.));
#5468=DIRECTION('',(0.,0.,-1.));
#5469=DIRECTION('',(-0.603444656303587,0.797404882590171,0.));
#5470=DIRECTION('center_axis',(0.999514166638846,0.0311677828575065,0.));
#5471=DIRECTION('ref_axis',(0.0311677828575065,-0.999514166638846,0.));
#5472=DIRECTION('',(0.0311677828575065,-0.999514166638846,0.));
#5473=DIRECTION('',(0.0311677828575065,-0.999514166638846,0.));
#5474=DIRECTION('center_axis',(0.,0.,-1.));
#5475=DIRECTION('ref_axis',(-1.,0.,0.));
#5476=DIRECTION('center_axis',(0.998454453963183,0.0555761042272785,0.));
#5477=DIRECTION('ref_axis',(0.0555761042272785,-0.998454453963183,0.));
#5478=DIRECTION('',(0.0555761042272785,-0.998454453963183,0.));
#5479=DIRECTION('',(0.,0.,-1.));
#5480=DIRECTION('',(0.0555761042272785,-0.998454453963183,0.));
#5481=DIRECTION('',(0.,0.,-1.));
#5482=DIRECTION('center_axis',(0.361268344758918,-0.932461893631666,0.));
#5483=DIRECTION('ref_axis',(-0.932461893631666,-0.361268344758918,0.));
#5484=DIRECTION('',(-0.932461893631666,-0.361268344758918,0.));
#5485=DIRECTION('',(0.,0.,-1.));
#5486=DIRECTION('',(-0.932461893631666,-0.361268344758918,0.));
#5487=DIRECTION('center_axis',(0.255833319084786,0.966720907421611,0.));
#5488=DIRECTION('ref_axis',(0.966720907421611,-0.255833319084786,0.));
#5489=DIRECTION('',(0.966720907421611,-0.255833319084786,0.));
#5490=DIRECTION('',(0.,0.,-1.));
#5491=DIRECTION('',(0.966720907421611,-0.255833319084786,0.));
#5492=DIRECTION('center_axis',(0.2545737436294,0.96705336411933,0.));
#5493=DIRECTION('ref_axis',(0.96705336411933,-0.2545737436294,0.));
#5494=DIRECTION('',(0.96705336411933,-0.2545737436294,0.));
#5495=DIRECTION('',(0.,0.,-1.));
#5496=DIRECTION('',(0.96705336411933,-0.2545737436294,0.));
#5497=DIRECTION('center_axis',(0.998454453963183,0.0555761042272811,0.));
#5498=DIRECTION('ref_axis',(0.0555761042272811,-0.998454453963183,0.));
#5499=DIRECTION('',(0.0555761042272811,-0.998454453963183,0.));
#5500=DIRECTION('',(0.,0.,-1.));
#5501=DIRECTION('',(0.0555761042272811,-0.998454453963183,0.));
#5502=DIRECTION('center_axis',(0.998470946598664,0.0552790086594216,0.));
#5503=DIRECTION('ref_axis',(0.0552790086594216,-0.998470946598664,0.));
#5504=DIRECTION('',(0.0552790086594216,-0.998470946598664,0.));
#5505=DIRECTION('',(0.,0.,-1.));
#5506=DIRECTION('',(0.0552790086594216,-0.998470946598664,0.));
#5507=DIRECTION('center_axis',(-0.840264591864055,0.542176553955935,0.));
#5508=DIRECTION('ref_axis',(0.542176553955935,0.840264591864055,0.));
#5509=DIRECTION('',(0.542176553955935,0.840264591864055,0.));
#5510=DIRECTION('',(0.,0.,-1.));
#5511=DIRECTION('',(0.542176553955935,0.840264591864055,0.));
#5512=DIRECTION('center_axis',(-0.840621624740835,0.541622824498819,0.));
#5513=DIRECTION('ref_axis',(0.541622824498819,0.840621624740835,0.));
#5514=DIRECTION('',(0.541622824498819,0.840621624740835,0.));
#5515=DIRECTION('',(0.,0.,-1.));
#5516=DIRECTION('',(0.541622824498819,0.840621624740835,0.));
#5517=DIRECTION('center_axis',(0.256431697325989,0.966562354225796,0.));
#5518=DIRECTION('ref_axis',(0.966562354225795,-0.256431697325989,0.));
#5519=DIRECTION('',(0.966562354225795,-0.256431697325989,0.));
#5520=DIRECTION('',(0.,0.,-1.));
#5521=DIRECTION('',(0.966562354225795,-0.256431697325989,0.));
#5522=DIRECTION('center_axis',(0.255734398289897,0.966747080435883,0.));
#5523=DIRECTION('ref_axis',(0.966747080435883,-0.255734398289897,0.));
#5524=DIRECTION('',(0.966747080435883,-0.255734398289897,0.));
#5525=DIRECTION('',(0.,0.,-1.));
#5526=DIRECTION('',(0.966747080435883,-0.255734398289897,0.));
#5527=DIRECTION('center_axis',(-0.775173003533376,-0.631749012340379,0.));
#5528=DIRECTION('ref_axis',(-0.631749012340379,0.775173003533376,0.));
#5529=DIRECTION('',(-0.631749012340379,0.775173003533376,0.));
#5530=DIRECTION('',(0.,0.,-1.));
#5531=DIRECTION('',(-0.631749012340379,0.775173003533376,0.));
#5532=DIRECTION('center_axis',(-0.775144071874297,-0.631784510603208,0.));
#5533=DIRECTION('ref_axis',(-0.631784510603208,0.775144071874297,0.));
#5534=DIRECTION('',(-0.631784510603208,0.775144071874297,0.));
#5535=DIRECTION('',(0.,0.,-1.));
#5536=DIRECTION('',(-0.631784510603208,0.775144071874297,0.));
#5537=DIRECTION('center_axis',(-0.839516575767891,0.543334076798939,0.));
#5538=DIRECTION('ref_axis',(0.543334076798939,0.839516575767891,0.));
#5539=DIRECTION('',(0.543334076798939,0.839516575767891,0.));
#5540=DIRECTION('',(0.,0.,-1.));
#5541=DIRECTION('',(0.543334076798939,0.839516575767891,0.));
#5542=DIRECTION('center_axis',(-0.840370582884923,0.542012253940494,0.));
#5543=DIRECTION('ref_axis',(0.542012253940494,0.840370582884923,0.));
#5544=DIRECTION('',(0.542012253940494,0.840370582884923,0.));
#5545=DIRECTION('',(0.,0.,-1.));
#5546=DIRECTION('',(0.542012253940494,0.840370582884923,0.));
#5547=DIRECTION('center_axis',(0.361268277639873,-0.932461919635928,0.));
#5548=DIRECTION('ref_axis',(-0.932461919635928,-0.361268277639873,0.));
#5549=DIRECTION('',(-0.932461919635928,-0.361268277639873,0.));
#5550=DIRECTION('',(0.,0.,-1.));
#5551=DIRECTION('',(-0.932461919635928,-0.361268277639873,0.));
#5552=DIRECTION('center_axis',(-0.775255541677085,-0.63164772230965,0.));
#5553=DIRECTION('ref_axis',(-0.63164772230965,0.775255541677085,0.));
#5554=DIRECTION('',(-0.63164772230965,0.775255541677085,0.));
#5555=DIRECTION('',(0.,0.,-1.));
#5556=DIRECTION('',(-0.63164772230965,0.775255541677085,0.));
#5557=DIRECTION('center_axis',(-0.775204283700445,-0.631710628794925,0.));
#5558=DIRECTION('ref_axis',(-0.631710628794925,0.775204283700445,0.));
#5559=DIRECTION('',(-0.631710628794925,0.775204283700445,0.));
#5560=DIRECTION('',(0.,0.,-1.));
#5561=DIRECTION('',(-0.631710628794925,0.775204283700445,0.));
#5562=DIRECTION('center_axis',(0.998461525514541,0.0554489140306342,0.));
#5563=DIRECTION('ref_axis',(0.0554489140306342,-0.99846152551454,0.));
#5564=DIRECTION('',(0.0554489140306342,-0.99846152551454,0.));
#5565=DIRECTION('',(0.0554489140306342,-0.99846152551454,0.));
#5566=DIRECTION('center_axis',(0.,0.,-1.));
#5567=DIRECTION('ref_axis',(-1.,0.,0.));
#5568=DIRECTION('center_axis',(0.953413088036652,-0.301667836469877,0.));
#5569=DIRECTION('ref_axis',(-0.301667836469877,-0.953413088036651,0.));
#5570=DIRECTION('',(-0.301667836469877,-0.953413088036651,0.));
#5571=DIRECTION('',(0.,0.,-1.));
#5572=DIRECTION('',(-0.301667836469877,-0.953413088036651,0.));
#5573=DIRECTION('',(0.,0.,-1.));
#5574=DIRECTION('center_axis',(-1.97282554821188E-15,-1.,0.));
#5575=DIRECTION('ref_axis',(-1.,1.97282554821188E-15,0.));
#5576=DIRECTION('',(-1.,1.97282554821188E-15,0.));
#5577=DIRECTION('',(0.,0.,-1.));
#5578=DIRECTION('',(-1.,1.97282554821188E-15,0.));
#5579=DIRECTION('center_axis',(0.595391064932343,0.803436045867206,0.));
#5580=DIRECTION('ref_axis',(0.803436045867206,-0.595391064932343,0.));
#5581=DIRECTION('',(0.803436045867206,-0.595391064932343,0.));
#5582=DIRECTION('',(0.,0.,-1.));
#5583=DIRECTION('',(0.803436045867206,-0.595391064932343,0.));
#5584=DIRECTION('center_axis',(0.595515483254566,0.803343830003119,0.));
#5585=DIRECTION('ref_axis',(0.803343830003119,-0.595515483254566,0.));
#5586=DIRECTION('',(0.803343830003119,-0.595515483254566,0.));
#5587=DIRECTION('',(0.,0.,-1.));
#5588=DIRECTION('',(0.803343830003119,-0.595515483254566,0.));
#5589=DIRECTION('center_axis',(0.952954704081021,-0.30311273805278,0.));
#5590=DIRECTION('ref_axis',(-0.30311273805278,-0.952954704081021,0.));
#5591=DIRECTION('',(-0.30311273805278,-0.952954704081021,0.));
#5592=DIRECTION('',(0.,0.,-1.));
#5593=DIRECTION('',(-0.30311273805278,-0.952954704081021,0.));
#5594=DIRECTION('center_axis',(0.952823414049129,-0.303525191112308,0.));
#5595=DIRECTION('ref_axis',(-0.303525191112308,-0.952823414049129,0.));
#5596=DIRECTION('',(-0.303525191112308,-0.952823414049129,0.));
#5597=DIRECTION('',(0.,0.,-1.));
#5598=DIRECTION('',(-0.303525191112308,-0.952823414049129,0.));
#5599=DIRECTION('center_axis',(-0.595369731097371,0.803451854993841,0.));
#5600=DIRECTION('ref_axis',(0.803451854993841,0.595369731097371,0.));
#5601=DIRECTION('',(0.803451854993841,0.595369731097371,0.));
#5602=DIRECTION('',(0.,0.,-1.));
#5603=DIRECTION('',(0.803451854993841,0.595369731097371,0.));
#5604=DIRECTION('center_axis',(-0.59541999847435,0.803414603686543,0.));
#5605=DIRECTION('ref_axis',(0.803414603686543,0.59541999847435,0.));
#5606=DIRECTION('',(0.803414603686543,0.59541999847435,0.));
#5607=DIRECTION('',(0.,0.,-1.));
#5608=DIRECTION('',(0.803414603686543,0.59541999847435,0.));
#5609=DIRECTION('center_axis',(0.595289557210347,0.803511258836059,0.));
#5610=DIRECTION('ref_axis',(0.803511258836059,-0.595289557210347,0.));
#5611=DIRECTION('',(0.803511258836059,-0.595289557210347,0.));
#5612=DIRECTION('',(0.,0.,-1.));
#5613=DIRECTION('',(0.803511258836059,-0.595289557210347,0.));
#5614=DIRECTION('center_axis',(0.595398345341622,0.803430650625466,0.));
#5615=DIRECTION('ref_axis',(0.803430650625466,-0.595398345341622,0.));
#5616=DIRECTION('',(0.803430650625466,-0.595398345341622,0.));
#5617=DIRECTION('',(0.,0.,-1.));
#5618=DIRECTION('',(0.803430650625466,-0.595398345341622,0.));
#5619=DIRECTION('center_axis',(-0.952840505464132,-0.303471532679521,0.));
#5620=DIRECTION('ref_axis',(-0.303471532679521,0.952840505464132,0.));
#5621=DIRECTION('',(-0.303471532679521,0.952840505464132,0.));
#5622=DIRECTION('',(0.,0.,-1.));
#5623=DIRECTION('',(-0.303471532679521,0.952840505464132,0.));
#5624=DIRECTION('center_axis',(-0.95295316350612,-0.303117581416319,0.));
#5625=DIRECTION('ref_axis',(-0.303117581416319,0.95295316350612,0.));
#5626=DIRECTION('',(-0.303117581416319,0.95295316350612,0.));
#5627=DIRECTION('',(0.,0.,-1.));
#5628=DIRECTION('',(-0.303117581416319,0.95295316350612,0.));
#5629=DIRECTION('center_axis',(-0.595646950758428,0.803246357011463,0.));
#5630=DIRECTION('ref_axis',(0.803246357011463,0.595646950758428,0.));
#5631=DIRECTION('',(0.803246357011463,0.595646950758428,0.));
#5632=DIRECTION('',(0.,0.,-1.));
#5633=DIRECTION('',(0.803246357011463,0.595646950758428,0.));
#5634=DIRECTION('center_axis',(-0.595390194742619,0.803436690725751,0.));
#5635=DIRECTION('ref_axis',(0.803436690725751,0.595390194742619,0.));
#5636=DIRECTION('',(0.803436690725751,0.595390194742619,0.));
#5637=DIRECTION('',(0.,0.,-1.));
#5638=DIRECTION('',(0.803436690725751,0.595390194742619,0.));
#5639=DIRECTION('center_axis',(0.,-1.,0.));
#5640=DIRECTION('ref_axis',(-1.,0.,0.));
#5641=DIRECTION('',(-1.,0.,0.));
#5642=DIRECTION('',(0.,0.,-1.));
#5643=DIRECTION('',(-1.,0.,0.));
#5644=DIRECTION('center_axis',(-0.953333542845692,-0.301919121761575,0.));
#5645=DIRECTION('ref_axis',(-0.301919121761575,0.953333542845692,0.));
#5646=DIRECTION('',(-0.301919121761575,0.953333542845692,0.));
#5647=DIRECTION('',(0.,0.,-1.));
#5648=DIRECTION('',(-0.301919121761575,0.953333542845692,0.));
#5649=DIRECTION('center_axis',(-0.952823090392506,-0.303526207130249,0.));
#5650=DIRECTION('ref_axis',(-0.303526207130249,0.952823090392506,0.));
#5651=DIRECTION('',(-0.303526207130249,0.952823090392506,0.));
#5652=DIRECTION('',(0.,0.,-1.));
#5653=DIRECTION('',(-0.303526207130249,0.952823090392506,0.));
#5654=DIRECTION('center_axis',(0.952823090392506,-0.303526207130247,0.));
#5655=DIRECTION('ref_axis',(-0.303526207130247,-0.952823090392506,0.));
#5656=DIRECTION('',(-0.303526207130247,-0.952823090392506,0.));
#5657=DIRECTION('',(-0.303526207130247,-0.952823090392506,0.));
#5658=DIRECTION('center_axis',(0.,0.,-1.));
#5659=DIRECTION('ref_axis',(-1.,0.,0.));
#5660=DIRECTION('center_axis',(1.,0.,0.));
#5661=DIRECTION('ref_axis',(0.,1.,0.));
#5662=DIRECTION('',(0.,-1.,0.));
#5663=DIRECTION('',(0.,0.,1.));
#5664=DIRECTION('',(0.,1.,3.330669073875E-16));
#5665=DIRECTION('',(0.,0.,1.));
#5666=DIRECTION('center_axis',(0.,0.,1.));
#5667=DIRECTION('ref_axis',(0.,-1.,0.));
#5668=DIRECTION('center_axis',(0.,0.,-1.));
#5669=DIRECTION('ref_axis',(0.,-1.,0.));
#5670=DIRECTION('center_axis',(-2.736156902172E-16,-3.330669073875E-16,
1.));
#5671=DIRECTION('ref_axis',(0.,-1.,0.));
#5672=DIRECTION('',(0.,0.,1.));
#5673=DIRECTION('center_axis',(0.,-1.,0.));
#5674=DIRECTION('ref_axis',(1.,0.,0.));
#5675=DIRECTION('',(-1.,0.,0.));
#5676=DIRECTION('',(1.,0.,2.736156902172E-16));
#5677=DIRECTION('',(0.,0.,1.));
#5678=DIRECTION('center_axis',(0.,0.,1.));
#5679=DIRECTION('ref_axis',(-1.,0.,0.));
#5680=DIRECTION('center_axis',(0.,0.,-1.));
#5681=DIRECTION('ref_axis',(-1.,0.,0.));
#5682=DIRECTION('center_axis',(-2.736156902172E-16,-3.330669073875E-16,
1.));
#5683=DIRECTION('ref_axis',(-1.,0.,0.));
#5684=DIRECTION('',(0.,0.,1.));
#5685=DIRECTION('center_axis',(-1.,0.,0.));
#5686=DIRECTION('ref_axis',(0.,-1.,0.));
#5687=DIRECTION('',(0.,1.,0.));
#5688=DIRECTION('',(0.,-1.,-3.330669073875E-16));
#5689=DIRECTION('',(0.,0.,1.));
#5690=DIRECTION('center_axis',(0.,0.,1.));
#5691=DIRECTION('ref_axis',(0.,1.,0.));
#5692=DIRECTION('center_axis',(0.,0.,-1.));
#5693=DIRECTION('ref_axis',(0.,1.,0.));
#5694=DIRECTION('center_axis',(-2.736156902172E-16,-3.330669073875E-16,
1.));
#5695=DIRECTION('ref_axis',(0.,1.,0.));
#5696=DIRECTION('',(0.,0.,1.));
#5697=DIRECTION('center_axis',(0.,1.,0.));
#5698=DIRECTION('ref_axis',(-1.,0.,0.));
#5699=DIRECTION('',(1.,0.,0.));
#5700=DIRECTION('',(-1.,0.,-2.736156902172E-16));
#5701=DIRECTION('',(0.,0.,1.));
#5702=DIRECTION('center_axis',(0.,0.,1.));
#5703=DIRECTION('ref_axis',(1.,0.,0.));
#5704=DIRECTION('center_axis',(0.,0.,-1.));
#5705=DIRECTION('ref_axis',(1.,0.,0.));
#5706=DIRECTION('center_axis',(-2.736156902172E-16,-3.330669073875E-16,
1.));
#5707=DIRECTION('ref_axis',(1.,0.,0.));
#5708=DIRECTION('center_axis',(0.,1.,0.));
#5709=DIRECTION('ref_axis',(-1.,0.,0.));
#5710=DIRECTION('',(1.,0.,0.));
#5711=DIRECTION('',(0.,0.,1.));
#5712=DIRECTION('',(-1.,0.,-2.736156902172E-16));
#5713=DIRECTION('',(0.,0.,1.));
#5714=DIRECTION('center_axis',(0.,0.,1.));
#5715=DIRECTION('ref_axis',(1.,0.,0.));
#5716=DIRECTION('center_axis',(0.,0.,-1.));
#5717=DIRECTION('ref_axis',(1.,0.,0.));
#5718=DIRECTION('center_axis',(-2.736156902172E-16,-3.330669073875E-16,
1.));
#5719=DIRECTION('ref_axis',(1.,0.,0.));
#5720=DIRECTION('',(0.,0.,1.));
#5721=DIRECTION('center_axis',(1.,0.,0.));
#5722=DIRECTION('ref_axis',(0.,1.,0.));
#5723=DIRECTION('',(0.,-1.,0.));
#5724=DIRECTION('',(0.,1.,3.330669073875E-16));
#5725=DIRECTION('',(0.,0.,1.));
#5726=DIRECTION('center_axis',(0.,0.,1.));
#5727=DIRECTION('ref_axis',(0.,-1.,0.));
#5728=DIRECTION('center_axis',(0.,0.,-1.));
#5729=DIRECTION('ref_axis',(0.,-1.,0.));
#5730=DIRECTION('center_axis',(-2.736156902172E-16,-3.330669073875E-16,
1.));
#5731=DIRECTION('ref_axis',(0.,-1.,0.));
#5732=DIRECTION('',(0.,0.,1.));
#5733=DIRECTION('center_axis',(0.,-1.,0.));
#5734=DIRECTION('ref_axis',(1.,0.,0.));
#5735=DIRECTION('',(-1.,0.,0.));
#5736=DIRECTION('',(1.,0.,2.736156902172E-16));
#5737=DIRECTION('',(0.,0.,1.));
#5738=DIRECTION('center_axis',(0.,0.,1.));
#5739=DIRECTION('ref_axis',(-1.,0.,0.));
#5740=DIRECTION('center_axis',(0.,0.,-1.));
#5741=DIRECTION('ref_axis',(-1.,0.,0.));
#5742=DIRECTION('center_axis',(-2.736156902172E-16,-3.330669073875E-16,
1.));
#5743=DIRECTION('ref_axis',(-1.,0.,0.));
#5744=DIRECTION('',(0.,0.,1.));
#5745=DIRECTION('center_axis',(-1.,0.,0.));
#5746=DIRECTION('ref_axis',(0.,-1.,0.));
#5747=DIRECTION('',(0.,1.,0.));
#5748=DIRECTION('',(0.,-1.,-3.330669073875E-16));
#5749=DIRECTION('',(0.,0.,1.));
#5750=DIRECTION('center_axis',(0.,0.,1.));
#5751=DIRECTION('ref_axis',(0.,1.,0.));
#5752=DIRECTION('center_axis',(0.,0.,-1.));
#5753=DIRECTION('ref_axis',(0.,1.,0.));
#5754=DIRECTION('center_axis',(-2.736156902172E-16,-3.330669073875E-16,
1.));
#5755=DIRECTION('ref_axis',(0.,1.,0.));
#5756=DIRECTION('center_axis',(0.,-1.,0.));
#5757=DIRECTION('ref_axis',(1.,0.,0.));
#5758=DIRECTION('',(-1.,0.,0.));
#5759=DIRECTION('',(0.,0.,1.));
#5760=DIRECTION('',(1.,0.,2.736156902172E-16));
#5761=DIRECTION('',(0.,0.,1.));
#5762=DIRECTION('center_axis',(0.,0.,1.));
#5763=DIRECTION('ref_axis',(-1.,0.,0.));
#5764=DIRECTION('center_axis',(0.,0.,-1.));
#5765=DIRECTION('ref_axis',(-1.,0.,0.));
#5766=DIRECTION('center_axis',(-2.736156902172E-16,-3.330669073875E-16,
1.));
#5767=DIRECTION('ref_axis',(-1.,0.,0.));
#5768=DIRECTION('',(0.,0.,1.));
#5769=DIRECTION('center_axis',(-1.,0.,0.));
#5770=DIRECTION('ref_axis',(0.,-1.,0.));
#5771=DIRECTION('',(0.,1.,0.));
#5772=DIRECTION('',(0.,-1.,-3.330669073875E-16));
#5773=DIRECTION('',(0.,0.,1.));
#5774=DIRECTION('center_axis',(0.,0.,1.));
#5775=DIRECTION('ref_axis',(0.,1.,0.));
#5776=DIRECTION('center_axis',(0.,0.,-1.));
#5777=DIRECTION('ref_axis',(0.,1.,0.));
#5778=DIRECTION('center_axis',(-2.736156902172E-16,-3.330669073875E-16,
1.));
#5779=DIRECTION('ref_axis',(0.,1.,0.));
#5780=DIRECTION('',(0.,0.,1.));
#5781=DIRECTION('center_axis',(0.,1.,0.));
#5782=DIRECTION('ref_axis',(-1.,0.,0.));
#5783=DIRECTION('',(1.,0.,0.));
#5784=DIRECTION('',(-1.,0.,-2.736156902172E-16));
#5785=DIRECTION('',(0.,0.,1.));
#5786=DIRECTION('center_axis',(0.,0.,1.));
#5787=DIRECTION('ref_axis',(1.,0.,0.));
#5788=DIRECTION('center_axis',(0.,0.,-1.));
#5789=DIRECTION('ref_axis',(1.,0.,0.));
#5790=DIRECTION('center_axis',(-2.736156902172E-16,-3.330669073875E-16,
1.));
#5791=DIRECTION('ref_axis',(1.,0.,0.));
#5792=DIRECTION('',(0.,0.,1.));
#5793=DIRECTION('center_axis',(1.,0.,0.));
#5794=DIRECTION('ref_axis',(0.,1.,0.));
#5795=DIRECTION('',(0.,-1.,0.));
#5796=DIRECTION('',(0.,1.,3.330669073875E-16));
#5797=DIRECTION('',(0.,0.,1.));
#5798=DIRECTION('center_axis',(0.,0.,1.));
#5799=DIRECTION('ref_axis',(0.,-1.,0.));
#5800=DIRECTION('center_axis',(0.,0.,-1.));
#5801=DIRECTION('ref_axis',(0.,-1.,0.));
#5802=DIRECTION('center_axis',(-2.736156902172E-16,-3.330669073875E-16,
1.));
#5803=DIRECTION('ref_axis',(0.,-1.,0.));
#5804=DIRECTION('center_axis',(0.,1.,0.));
#5805=DIRECTION('ref_axis',(-1.,0.,0.));
#5806=DIRECTION('',(1.,0.,0.));
#5807=DIRECTION('',(0.,0.,1.));
#5808=DIRECTION('',(-1.,0.,-2.736156902172E-16));
#5809=DIRECTION('',(0.,0.,1.));
#5810=DIRECTION('center_axis',(0.,0.,1.));
#5811=DIRECTION('ref_axis',(1.,0.,0.));
#5812=DIRECTION('center_axis',(0.,0.,-1.));
#5813=DIRECTION('ref_axis',(1.,0.,0.));
#5814=DIRECTION('center_axis',(-2.736156902172E-16,-3.330669073875E-16,
1.));
#5815=DIRECTION('ref_axis',(1.,0.,0.));
#5816=DIRECTION('',(0.,0.,1.));
#5817=DIRECTION('center_axis',(1.,0.,0.));
#5818=DIRECTION('ref_axis',(0.,1.,0.));
#5819=DIRECTION('',(0.,-1.,0.));
#5820=DIRECTION('',(0.,1.,3.330669073875E-16));
#5821=DIRECTION('',(0.,0.,1.));
#5822=DIRECTION('center_axis',(0.,0.,1.));
#5823=DIRECTION('ref_axis',(0.,-1.,0.));
#5824=DIRECTION('center_axis',(0.,0.,-1.));
#5825=DIRECTION('ref_axis',(0.,-1.,0.));
#5826=DIRECTION('center_axis',(-2.736156902172E-16,-3.330669073875E-16,
1.));
#5827=DIRECTION('ref_axis',(0.,-1.,0.));
#5828=DIRECTION('',(0.,0.,1.));
#5829=DIRECTION('center_axis',(0.,-1.,0.));
#5830=DIRECTION('ref_axis',(1.,0.,0.));
#5831=DIRECTION('',(-1.,0.,0.));
#5832=DIRECTION('',(1.,0.,2.736156902172E-16));
#5833=DIRECTION('',(0.,0.,1.));
#5834=DIRECTION('center_axis',(0.,0.,1.));
#5835=DIRECTION('ref_axis',(-1.,0.,0.));
#5836=DIRECTION('center_axis',(0.,0.,-1.));
#5837=DIRECTION('ref_axis',(-1.,0.,0.));
#5838=DIRECTION('center_axis',(-2.736156902172E-16,-3.330669073875E-16,
1.));
#5839=DIRECTION('ref_axis',(-1.,0.,0.));
#5840=DIRECTION('',(0.,0.,1.));
#5841=DIRECTION('center_axis',(-1.,0.,0.));
#5842=DIRECTION('ref_axis',(0.,-1.,0.));
#5843=DIRECTION('',(0.,1.,0.));
#5844=DIRECTION('',(0.,-1.,-3.330669073875E-16));
#5845=DIRECTION('',(0.,0.,1.));
#5846=DIRECTION('center_axis',(0.,0.,1.));
#5847=DIRECTION('ref_axis',(0.,1.,0.));
#5848=DIRECTION('center_axis',(0.,0.,-1.));
#5849=DIRECTION('ref_axis',(0.,1.,0.));
#5850=DIRECTION('center_axis',(-2.736156902172E-16,-3.330669073875E-16,
1.));
#5851=DIRECTION('ref_axis',(0.,1.,0.));
#5852=DIRECTION('center_axis',(0.,-1.,0.));
#5853=DIRECTION('ref_axis',(1.,0.,0.));
#5854=DIRECTION('',(-1.,0.,0.));
#5855=DIRECTION('',(0.,0.,1.));
#5856=DIRECTION('',(1.,0.,2.736156902172E-16));
#5857=DIRECTION('',(0.,0.,1.));
#5858=DIRECTION('center_axis',(-1.,0.,0.));
#5859=DIRECTION('ref_axis',(0.,-1.,0.));
#5860=DIRECTION('',(0.,1.,0.));
#5861=DIRECTION('',(0.,-1.,-3.330669073875E-16));
#5862=DIRECTION('',(0.,0.,1.));
#5863=DIRECTION('center_axis',(0.,1.,0.));
#5864=DIRECTION('ref_axis',(-1.,0.,0.));
#5865=DIRECTION('',(1.,0.,0.));
#5866=DIRECTION('',(-1.,0.,-2.736156902172E-16));
#5867=DIRECTION('',(0.,0.,1.));
#5868=DIRECTION('center_axis',(1.,0.,0.));
#5869=DIRECTION('ref_axis',(0.,1.,0.));
#5870=DIRECTION('',(0.,-1.,0.));
#5871=DIRECTION('',(0.,1.,3.330669073875E-16));
#5872=DIRECTION('center_axis',(0.677938684949309,0.73511845266542,0.));
#5873=DIRECTION('ref_axis',(-0.73511845266542,0.677938684949309,2.46589983769663E-17));
#5874=DIRECTION('',(0.73511845266542,-0.677938684949309,-2.46589983769663E-17));
#5875=DIRECTION('',(0.,0.,1.));
#5876=DIRECTION('',(-0.73511845266542,0.677938684949309,2.46589983769663E-17));
#5877=DIRECTION('',(0.,0.,1.));
#5878=DIRECTION('center_axis',(0.706022409383906,0.708189492613201,0.));
#5879=DIRECTION('ref_axis',(-0.708189492613201,0.706022409383906,4.13809436138395E-17));
#5880=DIRECTION('',(0.708189492613201,-0.706022409383906,-4.13809436138395E-17));
#5881=DIRECTION('',(-0.708189492613201,0.706022409383906,4.13809436138395E-17));
#5882=DIRECTION('',(0.,0.,1.));
#5883=DIRECTION('center_axis',(0.73295261207771,0.680279698689048,0.));
#5884=DIRECTION('ref_axis',(-0.680279698689048,0.73295261207771,5.79870604687605E-17));
#5885=DIRECTION('',(0.680279698689048,-0.73295261207771,-5.79870604687605E-17));
#5886=DIRECTION('',(-0.680279698689048,0.73295261207771,5.79870604687605E-17));
#5887=DIRECTION('',(0.,0.,1.));
#5888=DIRECTION('center_axis',(0.758682537927249,0.651460518100881,0.));
#5889=DIRECTION('ref_axis',(-0.651460518100881,0.758682537927249,7.44422272869011E-17));
#5890=DIRECTION('',(0.651460518100881,-0.758682537927249,-7.44422272869011E-17));
#5891=DIRECTION('',(-0.651460518100881,0.758682537927249,7.44422272869011E-17));
#5892=DIRECTION('',(0.,0.,1.));
#5893=DIRECTION('center_axis',(0.783200122487051,0.621769706673033,0.));
#5894=DIRECTION('ref_axis',(-0.621769706673033,0.783200122487051,9.07320952147854E-17));
#5895=DIRECTION('',(0.621769706673033,-0.783200122487051,-9.07320952147854E-17));
#5896=DIRECTION('',(-0.621769706673033,0.783200122487051,9.07320952147854E-17));
#5897=DIRECTION('',(0.,0.,1.));
#5898=DIRECTION('center_axis',(0.806477385587613,0.591264937685104,0.));
#5899=DIRECTION('ref_axis',(-0.591264937685103,0.806477385587613,1.06831564669683E-16));
#5900=DIRECTION('',(0.591264937685103,-0.806477385587613,-1.06831564669683E-16));
#5901=DIRECTION('',(-0.591264937685103,0.806477385587613,1.06831564669683E-16));
#5902=DIRECTION('',(0.,0.,1.));
#5903=DIRECTION('center_axis',(0.82848936948369,0.560004789847836,0.));
#5904=DIRECTION('ref_axis',(-0.560004789847836,0.82848936948369,1.22716294998199E-16));
#5905=DIRECTION('',(0.560004789847836,-0.82848936948369,-1.22716294998199E-16));
#5906=DIRECTION('',(-0.560004789847836,0.82848936948369,1.22716294998199E-16));
#5907=DIRECTION('',(0.,0.,1.));
#5908=DIRECTION('center_axis',(0.849236438010836,0.528012757757488,0.));
#5909=DIRECTION('ref_axis',(-0.528012757757488,0.849236438010836,1.38379978891743E-16));
#5910=DIRECTION('',(0.528012757757488,-0.849236438010836,-1.38379978891743E-16));
#5911=DIRECTION('',(-0.528012757757488,0.849236438010836,1.38379978891743E-16));
#5912=DIRECTION('',(0.,0.,1.));
#5913=DIRECTION('center_axis',(0.868684042685915,0.495366565265416,0.));
#5914=DIRECTION('ref_axis',(-0.495366565265416,0.868684042685915,1.53789842928648E-16));
#5915=DIRECTION('',(0.495366565265416,-0.868684042685915,-1.53789842928648E-16));
#5916=DIRECTION('',(-0.495366565265416,0.868684042685915,1.53789842928648E-16));
#5917=DIRECTION('',(0.,0.,1.));
#5918=DIRECTION('center_axis',(0.886840982873105,0.462074746222584,0.));
#5919=DIRECTION('ref_axis',(-0.462074746222584,0.886840982873105,1.68946482890406E-16));
#5920=DIRECTION('',(0.462074746222584,-0.886840982873105,-1.68946482890406E-16));
#5921=DIRECTION('',(-0.462074746222584,0.886840982873105,1.68946482890406E-16));
#5922=DIRECTION('',(0.,0.,1.));
#5923=DIRECTION('center_axis',(0.903687639988005,0.428192304149561,0.));
#5924=DIRECTION('ref_axis',(-0.428192304149561,0.903687639988005,1.83828314649538E-16));
#5925=DIRECTION('',(0.428192304149561,-0.903687639988005,-1.83828314649538E-16));
#5926=DIRECTION('',(-0.428192304149561,0.903687639988005,1.83828314649538E-16));
#5927=DIRECTION('',(0.,0.,1.));
#5928=DIRECTION('center_axis',(0.919208070914621,0.393772170633504,0.));
#5929=DIRECTION('ref_axis',(-0.393772170633504,0.919208070914621,1.98415545168952E-16));
#5930=DIRECTION('',(0.393772170633504,-0.919208070914621,-1.98415545168952E-16));
#5931=DIRECTION('',(-0.393772170633504,0.919208070914621,1.98415545168952E-16));
#5932=DIRECTION('',(0.,0.,1.));
#5933=DIRECTION('center_axis',(0.933408968866045,0.358814292971206,0.));
#5934=DIRECTION('ref_axis',(-0.358814292971206,0.933408968866045,2.12710418156856E-16));
#5935=DIRECTION('',(0.358814292971206,-0.933408968866045,-2.12710418156856E-16));
#5936=DIRECTION('',(-0.358814292971206,0.933408968866045,2.12710418156856E-16));
#5937=DIRECTION('',(0.,0.,1.));
#5938=DIRECTION('center_axis',(0.946267701444388,0.323384349038656,0.));
#5939=DIRECTION('ref_axis',(-0.323384349038656,0.946267701444388,2.26687425013109E-16));
#5940=DIRECTION('',(0.323384349038656,-0.946267701444388,-2.26687425013109E-16));
#5941=DIRECTION('',(-0.323384349038656,0.946267701444388,2.26687425013109E-16));
#5942=DIRECTION('',(0.,0.,1.));
#5943=DIRECTION('center_axis',(0.957781407720051,0.28749743481603,0.));
#5944=DIRECTION('ref_axis',(-0.28749743481603,0.957781407720051,2.40341482359701E-16));
#5945=DIRECTION('',(0.28749743481603,-0.957781407720051,-2.40341482359701E-16));
#5946=DIRECTION('',(-0.28749743481603,0.957781407720051,2.40341482359701E-16));
#5947=DIRECTION('',(0.,0.,1.));
#5948=DIRECTION('center_axis',(0.967936288791971,0.251195821700176,0.));
#5949=DIRECTION('ref_axis',(-0.251195821700176,0.967936288791971,2.53656428121905E-16));
#5950=DIRECTION('',(0.251195821700176,-0.967936288791971,-2.53656428121905E-16));
#5951=DIRECTION('',(-0.251195821700176,0.967936288791971,2.53656428121905E-16));
#5952=DIRECTION('',(0.,0.,1.));
#5953=DIRECTION('center_axis',(0.976723516655829,0.214502149200121,0.));
#5954=DIRECTION('ref_axis',(-0.214502149200121,0.976723516655829,2.66623127458736E-16));
#5955=DIRECTION('',(0.214502149200121,-0.976723516655829,-2.66623127458736E-16));
#5956=DIRECTION('',(-0.214502149200121,0.976723516655829,2.66623127458736E-16));
#5957=DIRECTION('',(0.,0.,1.));
#5958=DIRECTION('center_axis',(0.984128133293276,0.177459339739254,0.));
#5959=DIRECTION('ref_axis',(-0.177459339739254,0.984128133293276,2.7922485410078E-16));
#5960=DIRECTION('',(0.177459339739254,-0.984128133293276,-2.7922485410078E-16));
#5961=DIRECTION('',(-0.177459339739254,0.984128133293276,2.7922485410078E-16));
#5962=DIRECTION('',(0.,0.,1.));
#5963=DIRECTION('center_axis',(0.990138364311407,0.140092896032351,0.));
#5964=DIRECTION('ref_axis',(-0.140092896032351,0.990138364311407,2.914507084445E-16));
#5965=DIRECTION('',(0.140092896032351,-0.990138364311407,-2.914507084445E-16));
#5966=DIRECTION('',(-0.140092896032351,0.990138364311407,2.914507084445E-16));
#5967=DIRECTION('',(0.,0.,1.));
#5968=DIRECTION('center_axis',(0.994739455809057,0.102437371387114,0.));
#5969=DIRECTION('ref_axis',(-0.102437371387114,0.994739455809057,3.03286322126527E-16));
#5970=DIRECTION('',(0.102437371387114,-0.994739455809057,-3.03286322126527E-16));
#5971=DIRECTION('',(-0.102437371387114,0.994739455809057,3.03286322126527E-16));
#5972=DIRECTION('',(0.,0.,1.));
#5973=DIRECTION('center_axis',(0.997914018299204,0.0645570451766165,0.));
#5974=DIRECTION('ref_axis',(-0.0645570451766165,0.997914018299204,3.14708315439166E-16));
#5975=DIRECTION('',(0.0645570451766165,-0.997914018299204,-3.14708315439166E-16));
#5976=DIRECTION('',(-0.0645570451766165,0.997914018299204,3.14708315439166E-16));
#5977=DIRECTION('',(0.,0.,1.));
#5978=DIRECTION('center_axis',(0.99965007205009,0.0264524753142339,0.));
#5979=DIRECTION('ref_axis',(-0.0264524753142339,0.99965007205009,3.25712545676358E-16));
#5980=DIRECTION('',(0.0264524753142339,-0.99965007205009,-3.25712545676358E-16));
#5981=DIRECTION('',(-0.0264524753142339,0.99965007205009,3.25712545676358E-16));
#5982=DIRECTION('',(0.,0.,1.));
#5983=DIRECTION('center_axis',(0.999930247735507,-0.0118109975703745,0.));
#5984=DIRECTION('ref_axis',(0.0118109975703745,0.999930247735507,3.36275349468854E-16));
#5985=DIRECTION('',(-0.0118109975703745,-0.999930247735507,-3.36275349468854E-16));
#5986=DIRECTION('',(0.0118109975703745,0.999930247735507,3.36275349468854E-16));
#5987=DIRECTION('',(0.,0.,1.));
#5988=DIRECTION('center_axis',(0.998740339371461,-0.0501770317194968,0.));
#5989=DIRECTION('ref_axis',(0.0501770317194968,0.998740339371461,3.46376579284575E-16));
#5990=DIRECTION('',(-0.0501770317194968,-0.998740339371461,-3.46376579284575E-16));
#5991=DIRECTION('',(0.0501770317194968,0.998740339371461,3.46376579284575E-16));
#5992=DIRECTION('',(0.,0.,1.));
#5993=DIRECTION('center_axis',(0.996066175391943,-0.088612494830395,0.));
#5994=DIRECTION('ref_axis',(0.088612494830395,0.996066175391943,3.56002449525976E-16));
#5995=DIRECTION('',(-0.088612494830395,-0.996066175391943,-3.56002449525976E-16));
#5996=DIRECTION('',(0.088612494830395,0.996066175391943,3.56002449525976E-16));
#5997=DIRECTION('',(0.,0.,1.));
#5998=DIRECTION('center_axis',(0.991895924613857,-0.127053039060154,0.));
#5999=DIRECTION('ref_axis',(0.127053039060154,0.991895924613857,3.65131413038039E-16));
#6000=DIRECTION('',(-0.127053039060154,-0.991895924613857,-3.65131413038039E-16));
#6001=DIRECTION('',(0.127053039060154,0.991895924613857,3.65131413038039E-16));
#6002=DIRECTION('',(0.,0.,1.));
#6003=DIRECTION('center_axis',(0.986220228191043,-0.165437787421157,0.));
#6004=DIRECTION('ref_axis',(0.165437787421157,0.986220228191043,3.73743695799831E-16));
#6005=DIRECTION('',(-0.165437787421157,-0.986220228191043,-3.73743695799831E-16));
#6006=DIRECTION('',(0.165437787421157,0.986220228191043,3.73743695799831E-16));
#6007=DIRECTION('',(0.,0.,1.));
#6008=DIRECTION('center_axis',(0.979031061796181,-0.203711020905207,0.));
#6009=DIRECTION('ref_axis',(0.203711020905207,0.979031061796181,3.81821379578583E-16));
#6010=DIRECTION('',(-0.203711020905207,-0.979031061796181,-3.81821379578583E-16));
#6011=DIRECTION('',(0.203711020905207,0.979031061796181,3.81821379578583E-16));
#6012=DIRECTION('',(0.,0.,1.));
#6013=DIRECTION('center_axis',(0.970332521745373,-0.241774269191877,0.));
#6014=DIRECTION('ref_axis',(0.241774269191877,0.970332521745373,3.8933888569694E-16));
#6015=DIRECTION('',(-0.241774269191877,-0.970332521745373,-3.8933888569694E-16));
#6016=DIRECTION('',(0.241774269191877,0.970332521745373,3.8933888569694E-16));
#6017=DIRECTION('',(0.,0.,1.));
#6018=DIRECTION('center_axis',(0.96011749000492,-0.279596862261816,0.));
#6019=DIRECTION('ref_axis',(0.279596862261816,0.96011749000492,3.96285451574918E-16));
#6020=DIRECTION('',(-0.279596862261816,-0.96011749000492,-3.96285451574918E-16));
#6021=DIRECTION('',(0.279596862261816,0.96011749000492,3.96285451574918E-16));
#6022=DIRECTION('',(0.,0.,1.));
#6023=DIRECTION('center_axis',(0.954500074096286,-0.298210678129045,0.));
#6024=DIRECTION('ref_axis',(0.298210678129045,0.954500074096286,3.99507508306808E-16));
#6025=DIRECTION('',(-0.298210678129045,-0.954500074096286,-3.99507508306808E-16));
#6026=DIRECTION('',(0.298210678129045,0.954500074096286,3.99507508306808E-16));
#6027=DIRECTION('',(0.,0.,1.));
#6028=DIRECTION('center_axis',(0.948251014667071,-0.317521673563979,0.));
#6029=DIRECTION('ref_axis',(0.31752167356398,0.948251014667071,4.02709944753349E-16));
#6030=DIRECTION('',(-0.31752167356398,-0.948251014667071,-4.02709944753349E-16));
#6031=DIRECTION('',(0.31752167356398,0.948251014667071,4.02709944753349E-16));
#6032=DIRECTION('',(0.,0.,1.));
#6033=DIRECTION('center_axis',(0.934606269845813,-0.355684017584283,0.));
#6034=DIRECTION('ref_axis',(0.355684017584283,0.934606269845813,4.08607147893062E-16));
#6035=DIRECTION('',(-0.355684017584283,-0.934606269845813,-4.08607147893062E-16));
#6036=DIRECTION('',(0.355684017584283,0.934606269845813,4.08607147893062E-16));
#6037=DIRECTION('',(0.,0.,1.));
#6038=DIRECTION('center_axis',(0.919478901172492,-0.393139352264088,0.));
#6039=DIRECTION('ref_axis',(0.393139352264088,0.919478901172492,4.1381708924286E-16));
#6040=DIRECTION('',(-0.393139352264088,-0.919478901172492,-4.1381708924286E-16));
#6041=DIRECTION('',(0.393139352264088,0.919478901172492,4.1381708924286E-16));
#6042=DIRECTION('',(0.,0.,1.));
#6043=DIRECTION('center_axis',(0.902904161388211,-0.429841919021227,0.));
#6044=DIRECTION('ref_axis',(0.429841919021227,0.902904161388211,4.18338990058155E-16));
#6045=DIRECTION('',(-0.429841919021227,-0.902904161388211,-4.18338990058155E-16));
#6046=DIRECTION('',(0.429841919021227,0.902904161388211,4.18338990058155E-16));
#6047=DIRECTION('',(0.,0.,1.));
#6048=DIRECTION('center_axis',(0.884925631991123,-0.465732354303533,0.));
#6049=DIRECTION('ref_axis',(0.465732354303533,0.884925631991123,4.22171123094455E-16));
#6050=DIRECTION('',(-0.465732354303533,-0.884925631991123,-4.22171123094455E-16));
#6051=DIRECTION('',(0.465732354303533,0.884925631991123,4.22171123094455E-16));
#6052=DIRECTION('',(0.,0.,1.));
#6053=DIRECTION('center_axis',(0.865605869995773,-0.500725950824262,0.));
#6054=DIRECTION('ref_axis',(0.500725950824262,0.865605869995773,4.25311146780403E-16));
#6055=DIRECTION('',(-0.500725950824262,-0.865605869995773,-4.25311146780403E-16));
#6056=DIRECTION('',(0.500725950824262,0.865605869995773,4.25311146780403E-16));
#6057=DIRECTION('',(0.,0.,1.));
#6058=DIRECTION('center_axis',(0.844979452214028,-0.534798770881236,0.));
#6059=DIRECTION('ref_axis',(0.534798770881236,0.844979452214028,4.2776402777689E-16));
#6060=DIRECTION('',(-0.534798770881236,-0.844979452214028,-4.2776402777689E-16));
#6061=DIRECTION('',(0.534798770881236,0.844979452214028,4.2776402777689E-16));
#6062=DIRECTION('',(0.,0.,1.));
#6063=DIRECTION('center_axis',(0.823094343784028,-0.567904658574607,0.));
#6064=DIRECTION('ref_axis',(0.567904658574607,0.823094343784028,4.29533112705744E-16));
#6065=DIRECTION('',(-0.567904658574607,-0.823094343784028,-4.29533112705744E-16));
#6066=DIRECTION('',(0.567904658574607,0.823094343784028,4.29533112705744E-16));
#6067=DIRECTION('',(0.,0.,1.));
#6068=DIRECTION('center_axis',(0.800002247244311,-0.599997003662562,0.));
#6069=DIRECTION('ref_axis',(0.599997003662562,0.800002247244311,4.30622868678097E-16));
#6070=DIRECTION('',(-0.599997003662562,-0.800002247244311,-4.30622868678097E-16));
#6071=DIRECTION('',(0.599997003662562,0.800002247244311,4.30622868678097E-16));
#6072=DIRECTION('',(0.,0.,1.));
#6073=DIRECTION('center_axis',(0.775741194842812,-0.631051185423057,0.));
#6074=DIRECTION('ref_axis',(0.631051185423057,0.775741194842812,4.31039226361292E-16));
#6075=DIRECTION('',(-0.631051185423057,-0.775741194842812,-4.31039226361292E-16));
#6076=DIRECTION('',(0.631051185423057,0.775741194842812,4.31039226361292E-16));
#6077=DIRECTION('',(0.,0.,1.));
#6078=DIRECTION('center_axis',(0.750365437205768,-0.661023230035826,0.));
#6079=DIRECTION('ref_axis',(0.661023230035826,0.750365437205768,4.3078822291645E-16));
#6080=DIRECTION('',(-0.661023230035826,-0.750365437205768,-4.3078822291645E-16));
#6081=DIRECTION('',(0.661023230035826,0.750365437205768,4.3078822291645E-16));
#6082=DIRECTION('',(0.,0.,1.));
#6083=DIRECTION('center_axis',(0.723893453953932,-0.689911782275565,0.));
#6084=DIRECTION('ref_axis',(0.689911782275565,0.723893453953932,4.29875642482799E-16));
#6085=DIRECTION('',(-0.689911782275565,-0.723893453953932,-4.29875642482799E-16));
#6086=DIRECTION('',(0.689911782275565,0.723893453953932,4.29875642482799E-16));
#6087=DIRECTION('',(0.,0.,1.));
#6088=DIRECTION('center_axis',(0.696385794003836,-0.717667629135972,0.));
#6089=DIRECTION('ref_axis',(0.717667629135972,0.696385794003836,4.28308186450027E-16));
#6090=DIRECTION('',(-0.717667629135972,-0.696385794003836,-4.28308186450027E-16));
#6091=DIRECTION('',(0.717667629135972,0.696385794003836,4.28308186450027E-16));
#6092=DIRECTION('',(0.,0.,1.));
#6093=DIRECTION('center_axis',(0.667874202363179,-0.744274176508729,0.));
#6094=DIRECTION('ref_axis',(0.744274176508729,0.667874202363179,4.26091887621272E-16));
#6095=DIRECTION('',(-0.744274176508729,-0.667874202363179,-4.26091887621272E-16));
#6096=DIRECTION('',(0.744274176508729,0.667874202363179,4.26091887621272E-16));
#6097=DIRECTION('',(0.,0.,1.));
#6098=DIRECTION('center_axis',(0.638377789658133,-0.76972319548731,0.));
#6099=DIRECTION('ref_axis',(0.76972319548731,0.638377789658133,4.23230859555752E-16));
#6100=DIRECTION('',(-0.76972319548731,-0.638377789658133,-4.23230859555752E-16));
#6101=DIRECTION('',(0.76972319548731,0.638377789658133,4.23230859555752E-16));
#6102=DIRECTION('',(0.,0.,1.));
#6103=DIRECTION('center_axis',(0.607938340792717,-0.793984240268155,0.));
#6104=DIRECTION('ref_axis',(0.793984240268155,0.607938340792717,4.19730688972669E-16));
#6105=DIRECTION('',(-0.793984240268155,-0.607938340792717,-4.19730688972669E-16));
#6106=DIRECTION('',(0.793984240268155,0.607938340792717,4.19730688972669E-16));
#6107=DIRECTION('',(0.,0.,1.));
#6108=DIRECTION('center_axis',(0.57658671282284,-0.81703596162969,0.));
#6109=DIRECTION('ref_axis',(0.81703596162969,0.57658671282284,4.15595811854209E-16));
#6110=DIRECTION('',(-0.81703596162969,-0.57658671282284,-4.15595811854209E-16));
#6111=DIRECTION('',(0.81703596162969,0.57658671282284,4.15595811854209E-16));
#6112=DIRECTION('',(0.,0.,1.));
#6113=DIRECTION('center_axis',(0.544357177401438,-0.838853541097335,0.));
#6114=DIRECTION('ref_axis',(0.838853541097335,0.544357177401438,4.10830852229776E-16));
#6115=DIRECTION('',(-0.838853541097335,-0.544357177401438,-4.10830852229776E-16));
#6116=DIRECTION('',(0.838853541097335,0.544357177401438,4.10830852229776E-16));
#6117=DIRECTION('',(0.,0.,1.));
#6118=DIRECTION('center_axis',(0.511277499725346,-0.85941568421492,0.));
#6119=DIRECTION('ref_axis',(0.85941568421492,0.511277499725346,4.05439231270287E-16));
#6120=DIRECTION('',(-0.85941568421492,-0.511277499725346,-4.05439231270287E-16));
#6121=DIRECTION('',(0.85941568421492,0.511277499725346,4.05439231270287E-16));
#6122=DIRECTION('',(0.,0.,1.));
#6123=DIRECTION('center_axis',(0.477364972112622,-0.878705117431278,0.));
#6124=DIRECTION('ref_axis',(0.878705117431278,0.477364972112622,3.99421982160016E-16));
#6125=DIRECTION('',(-0.878705117431278,-0.477364972112622,-3.99421982160016E-16));
#6126=DIRECTION('',(0.878705117431278,0.477364972112622,3.99421982160016E-16));
#6127=DIRECTION('',(0.,0.,1.));
#6128=DIRECTION('center_axis',(0.442674364914759,-0.896682444707888,0.));
#6129=DIRECTION('ref_axis',(0.896682444707888,0.442674364914759,3.92786567716279E-16));
#6130=DIRECTION('',(-0.896682444707888,-0.442674364914759,-3.92786567716279E-16));
#6131=DIRECTION('',(0.896682444707888,0.442674364914759,3.92786567716279E-16));
#6132=DIRECTION('',(0.,0.,1.));
#6133=DIRECTION('center_axis',(0.40720110818331,-0.913338522944414,0.));
#6134=DIRECTION('ref_axis',(0.913338522944414,0.40720110818331,3.85528964144772E-16));
#6135=DIRECTION('',(-0.913338522944414,-0.40720110818331,-3.85528964144772E-16));
#6136=DIRECTION('',(0.913338522944414,0.40720110818331,3.85528964144772E-16));
#6137=DIRECTION('',(0.,0.,1.));
#6138=DIRECTION('center_axis',(0.371020041997953,-0.928624858829354,0.));
#6139=DIRECTION('ref_axis',(0.928624858829354,0.371020041997953,3.77660829668482E-16));
#6140=DIRECTION('',(-0.928624858829354,-0.371020041997953,-3.77660829668482E-16));
#6141=DIRECTION('',(0.928624858829354,0.371020041997953,3.77660829668482E-16));
#6142=DIRECTION('',(0.,0.,1.));
#6143=DIRECTION('center_axis',(0.334152020115928,-0.94251919208706,0.));
#6144=DIRECTION('ref_axis',(0.94251919208706,0.334152020115928,3.69183019223156E-16));
#6145=DIRECTION('',(-0.94251919208706,-0.334152020115928,-3.69183019223156E-16));
#6146=DIRECTION('',(0.94251919208706,0.334152020115928,3.69183019223156E-16));
#6147=DIRECTION('',(0.,0.,1.));
#6148=DIRECTION('center_axis',(0.296611540410328,-0.954998216802216,0.));
#6149=DIRECTION('ref_axis',(0.954998216802216,0.296611540410328,3.60093984706444E-16));
#6150=DIRECTION('',(-0.954998216802216,-0.296611540410328,-3.60093984706444E-16));
#6151=DIRECTION('',(0.954998216802216,0.296611540410328,3.60093984706444E-16));
#6152=DIRECTION('',(0.,0.,1.));
#6153=DIRECTION('center_axis',(0.258498985845209,-0.966011529080786,0.));
#6154=DIRECTION('ref_axis',(0.966011529080786,0.258498985845209,3.50413369065481E-16));
#6155=DIRECTION('',(-0.966011529080786,-0.258498985845209,-3.50413369065481E-16));
#6156=DIRECTION('',(0.966011529080786,0.258498985845209,3.50413369065481E-16));
#6157=DIRECTION('',(0.,0.,1.));
#6158=DIRECTION('center_axis',(0.219811789118227,-0.975542299116058,0.));
#6159=DIRECTION('ref_axis',(0.975542299116058,0.219811789118227,3.40135712317635E-16));
#6160=DIRECTION('',(-0.975542299116058,-0.219811789118227,-3.40135712317635E-16));
#6161=DIRECTION('',(0.975542299116058,0.219811789118227,3.40135712317635E-16));
#6162=DIRECTION('',(0.,0.,1.));
#6163=DIRECTION('center_axis',(0.180636757009413,-0.9835498777475,0.));
#6164=DIRECTION('ref_axis',(0.9835498777475,0.180636757009413,3.29278804680557E-16));
#6165=DIRECTION('',(-0.9835498777475,-0.180636757009413,-3.29278804680557E-16));
#6166=DIRECTION('',(0.9835498777475,0.180636757009413,3.29278804680557E-16));
#6167=DIRECTION('',(0.,0.,1.));
#6168=DIRECTION('center_axis',(0.141029010857635,-0.990005463670033,0.));
#6169=DIRECTION('ref_axis',(0.990005463670033,0.141029010857635,3.17853124759146E-16));
#6170=DIRECTION('',(-0.990005463670033,-0.141029010857635,-3.17853124759146E-16));
#6171=DIRECTION('',(0.990005463670033,0.141029010857635,3.17853124759146E-16));
#6172=DIRECTION('',(0.,0.,1.));
#6173=DIRECTION('center_axis',(0.101040945388875,-0.994882268087497,0.));
#6174=DIRECTION('ref_axis',(0.994882268087497,0.101040945388875,3.05868793667796E-16));
#6175=DIRECTION('',(-0.994882268087497,-0.101040945388875,-3.05868793667796E-16));
#6176=DIRECTION('',(0.994882268087497,0.101040945388875,3.05868793667796E-16));
#6177=DIRECTION('',(0.,0.,1.));
#6178=DIRECTION('center_axis',(0.0607679750392158,-0.998151918902946,0.));
#6179=DIRECTION('ref_axis',(0.998151918902946,0.0607679750392158,2.93349827746765E-16));
#6180=DIRECTION('',(-0.998151918902946,-0.0607679750392158,-2.93349827746765E-16));
#6181=DIRECTION('',(0.998151918902946,0.0607679750392158,2.93349827746765E-16));
#6182=DIRECTION('',(0.,0.,1.));
#6183=DIRECTION('center_axis',(0.0202702521290788,-0.999794537331858,0.));
#6184=DIRECTION('ref_axis',(0.999794537331858,0.0202702521290788,2.8031082259604E-16));
#6185=DIRECTION('',(-0.999794537331858,-0.0202702521290788,-2.8031082259604E-16));
#6186=DIRECTION('',(0.999794537331858,0.0202702521290788,2.8031082259604E-16));
#6187=DIRECTION('',(0.,0.,1.));
#6188=DIRECTION('center_axis',(0.,-1.,0.));
#6189=DIRECTION('ref_axis',(1.,0.,2.736156902172E-16));
#6190=DIRECTION('',(-1.,0.,-2.736156902172E-16));
#6191=DIRECTION('',(1.,0.,2.736156902172E-16));
#6192=DIRECTION('',(0.,0.,1.));
#6193=DIRECTION('center_axis',(-0.0202689718933702,-0.999794563287071,0.));
#6194=DIRECTION('ref_axis',(0.999794563287071,-0.0202689718933702,2.66808555724747E-16));
#6195=DIRECTION('',(-0.999794563287071,0.0202689718933702,-2.66808555724747E-16));
#6196=DIRECTION('',(0.999794563287071,-0.0202689718933702,2.66808555724747E-16));
#6197=DIRECTION('',(0.,0.,1.));
#6198=DIRECTION('center_axis',(-0.0607646689646651,-0.99815212017288,0.));
#6199=DIRECTION('ref_axis',(0.99815212017288,-0.0607646689646651,2.52871380932378E-16));
#6200=DIRECTION('',(-0.99815212017288,0.0607646689646651,-2.52871380932378E-16));
#6201=DIRECTION('',(0.99815212017288,-0.0607646689646651,2.52871380932378E-16));
#6202=DIRECTION('',(0.,0.,1.));
#6203=DIRECTION('center_axis',(-0.120999310642816,-0.992652591203974,0.));
#6204=DIRECTION('ref_axis',(0.992652591203974,-0.120999310642816,2.31304457696345E-16));
#6205=DIRECTION('',(-0.992652591203974,0.120999310642816,-2.31304457696345E-16));
#6206=DIRECTION('',(0.992652591203974,-0.120999310642816,2.31304457696345E-16));
#6207=DIRECTION('',(0.,0.,1.));
#6208=DIRECTION('center_axis',(-0.200216174215221,-0.979751745894142,0.));
#6209=DIRECTION('ref_axis',(0.979751745894142,-0.200216174215221,2.01390068239512E-16));
#6210=DIRECTION('',(-0.979751745894142,0.200216174215221,-2.01390068239512E-16));
#6211=DIRECTION('',(0.979751745894142,-0.200216174215221,2.01390068239512E-16));
#6212=DIRECTION('',(0.,0.,1.));
#6213=DIRECTION('center_axis',(-0.277569962052492,-0.960705426322855,0.));
#6214=DIRECTION('ref_axis',(0.960705426322855,-0.277569962052492,1.70414709474248E-16));
#6215=DIRECTION('',(-0.960705426322855,0.277569962052492,-1.70414709474248E-16));
#6216=DIRECTION('',(0.960705426322855,-0.277569962052492,1.70414709474248E-16));
#6217=DIRECTION('',(0.,0.,1.));
#6218=DIRECTION('center_axis',(-0.352625834389738,-0.93576440460243,0.));
#6219=DIRECTION('ref_axis',(0.93576440460243,-0.352625834389738,1.38591827320854E-16));
#6220=DIRECTION('',(-0.93576440460243,0.352625834389738,-1.38591827320854E-16));
#6221=DIRECTION('',(0.93576440460243,-0.352625834389738,1.38591827320854E-16));
#6222=DIRECTION('',(0.,0.,1.));
#6223=DIRECTION('center_axis',(-0.424999087194193,-0.905193778085169,0.));
#6224=DIRECTION('ref_axis',(0.905193778085169,-0.424999087194193,1.06122088756808E-16));
#6225=DIRECTION('',(-0.905193778085169,0.424999087194193,-1.06122088756808E-16));
#6226=DIRECTION('',(0.905193778085169,-0.424999087194193,1.06122088756808E-16));
#6227=DIRECTION('',(0.,0.,1.));
#6228=DIRECTION('center_axis',(-0.494405164831404,-0.869231576156798,0.));
#6229=DIRECTION('ref_axis',(0.869231576156798,-0.494405164831404,7.3165398421924E-17));
#6230=DIRECTION('',(-0.869231576156798,0.494405164831404,-7.3165398421924E-17));
#6231=DIRECTION('',(0.869231576156798,-0.494405164831404,7.3165398421924E-17));
#6232=DIRECTION('',(0.,0.,1.));
#6233=DIRECTION('center_axis',(-0.560575586129424,-0.828103261819233,0.));
#6234=DIRECTION('ref_axis',(0.828103261819233,-0.560575586129424,3.98728687247218E-17));
#6235=DIRECTION('',(-0.828103261819233,0.560575586129424,-3.98728687247218E-17));
#6236=DIRECTION('',(0.828103261819233,-0.560575586129424,3.98728687247218E-17));
#6237=DIRECTION('',(0.,0.,1.));
#6238=DIRECTION('center_axis',(-0.623278538492644,-0.781999912694672,0.));
#6239=DIRECTION('ref_axis',(0.781999912694672,-0.623278538492644,6.37399060499702E-18));
#6240=DIRECTION('',(-0.781999912694672,0.623278538492643,-6.37399060499702E-18));
#6241=DIRECTION('',(0.781999912694672,-0.623278538492643,6.37399060499702E-18));
#6242=DIRECTION('',(0.,0.,1.));
#6243=DIRECTION('center_axis',(-0.68226426690376,-0.731105649072879,0.));
#6244=DIRECTION('ref_axis',(0.731105649072879,-0.68226426690376,-2.71976726058654E-17));
#6245=DIRECTION('',(-0.731105649072879,0.68226426690376,2.71976726058654E-17));
#6246=DIRECTION('',(0.731105649072879,-0.68226426690376,-2.71976726058654E-17));
#6247=DIRECTION('',(0.,0.,1.));
#6248=DIRECTION('center_axis',(-0.737284267587343,-0.675582643921671,0.));
#6249=DIRECTION('ref_axis',(0.675582643921671,-0.737284267587343,-6.07149794553855E-17));
#6250=DIRECTION('',(-0.675582643921671,0.737284267587343,6.07149794553855E-17));
#6251=DIRECTION('',(0.675582643921671,-0.737284267587343,-6.07149794553855E-17));
#6252=DIRECTION('',(0.,0.,1.));
#6253=DIRECTION('center_axis',(-0.788041716722923,-0.615621842289882,0.));
#6254=DIRECTION('ref_axis',(0.615621842289882,-0.788041716722923,-9.40268221903101E-17));
#6255=DIRECTION('',(-0.615621842289882,0.788041716722923,9.40268221903101E-17));
#6256=DIRECTION('',(0.615621842289882,-0.788041716722923,-9.40268221903101E-17));
#6257=DIRECTION('',(0.,0.,1.));
#6258=DIRECTION('center_axis',(-0.834216993821317,-0.551436312931715,0.));
#6259=DIRECTION('ref_axis',(0.551436312931715,-0.834216993821317,-1.26968446848524E-16));
#6260=DIRECTION('',(-0.551436312931715,0.834216993821317,1.26968446848524E-16));
#6261=DIRECTION('',(0.551436312931715,-0.834216993821317,-1.26968446848524E-16));
#6262=DIRECTION('',(0.,0.,1.));
#6263=DIRECTION('center_axis',(-0.875459225229903,-0.483291987270489,0.));
#6264=DIRECTION('ref_axis',(0.483291987270489,-0.875459225229903,-1.59350226017724E-16));
#6265=DIRECTION('',(-0.483291987270489,0.875459225229903,1.59350226017724E-16));
#6266=DIRECTION('',(0.483291987270489,-0.875459225229903,-1.59350226017724E-16));
#6267=DIRECTION('',(0.,0.,1.));
#6268=DIRECTION('center_axis',(-0.911393333065589,-0.411536380461796,0.));
#6269=DIRECTION('ref_axis',(0.411536380461796,-0.911393333065589,-1.90952148068199E-16));
#6270=DIRECTION('',(-0.411536380461796,0.911393333065589,1.90952148068199E-16));
#6271=DIRECTION('',(0.411536380461796,-0.911393333065589,-1.90952148068199E-16));
#6272=DIRECTION('',(0.,0.,1.));
#6273=DIRECTION('center_axis',(-0.934603249846284,-0.355691952926636,0.));
#6274=DIRECTION('ref_axis',(0.355691952926636,-0.934603249846284,-2.13962514855884E-16));
#6275=DIRECTION('',(-0.355691952926636,0.934603249846284,2.13962514855884E-16));
#6276=DIRECTION('',(0.355691952926636,-0.934603249846284,-2.13962514855884E-16));
#6277=DIRECTION('',(0.,0.,1.));
#6278=DIRECTION('center_axis',(-0.948242862300266,-0.317546018864352,0.));
#6279=DIRECTION('ref_axis',(0.317546018864352,-0.948242862300266,-2.28942744471327E-16));
#6280=DIRECTION('',(-0.317546018864352,0.948242862300266,2.28942744471327E-16));
#6281=DIRECTION('',(0.317546018864352,-0.948242862300266,-2.28942744471327E-16));
#6282=DIRECTION('',(0.,0.,1.));
#6283=DIRECTION('center_axis',(-0.954501384205779,-0.298206484753856,0.));
#6284=DIRECTION('ref_axis',(0.298206484753856,-0.954501384205779,-2.36318850981336E-16));
#6285=DIRECTION('',(-0.298206484753856,0.954501384205779,2.36318850981336E-16));
#6286=DIRECTION('',(0.298206484753856,-0.954501384205779,-2.36318850981336E-16));
#6287=DIRECTION('',(0.,0.,1.));
#6288=DIRECTION('center_axis',(-0.965424114207561,-0.260684252893315,0.));
#6289=DIRECTION('ref_axis',(0.260684252893315,-0.965424114207561,-2.5022352225227E-16));
#6290=DIRECTION('',(-0.260684252893315,0.965424114207561,2.5022352225227E-16));
#6291=DIRECTION('',(0.260684252893315,-0.965424114207561,-2.5022352225227E-16));
#6292=DIRECTION('',(0.,0.,1.));
#6293=DIRECTION('center_axis',(-0.982815024997707,-0.184593138113954,0.));
#6294=DIRECTION('ref_axis',(0.184593138113954,-0.982815024997707,-2.76835582015546E-16));
#6295=DIRECTION('',(-0.184593138113954,0.982815024997707,2.76835582015546E-16));
#6296=DIRECTION('',(0.184593138113954,-0.982815024997707,-2.76835582015546E-16));
#6297=DIRECTION('',(0.,0.,1.));
#6298=DIRECTION('center_axis',(-0.994164758239782,-0.107872301699904,0.));
#6299=DIRECTION('ref_axis',(0.107872301699904,-0.994164758239782,-3.01607827175629E-16));
#6300=DIRECTION('',(-0.107872301699904,0.994164758239782,3.01607827175629E-16));
#6301=DIRECTION('',(0.107872301699904,-0.994164758239782,-3.01607827175629E-16));
#6302=DIRECTION('',(0.,0.,1.));
#6303=DIRECTION('center_axis',(-0.999517579095208,-0.0310581564110641,0.));
#6304=DIRECTION('ref_axis',(0.0310581564110641,-0.999517579095208,-3.24408230045395E-16));
#6305=DIRECTION('',(-0.0310581564110641,0.999517579095208,3.24408230045395E-16));
#6306=DIRECTION('',(0.0310581564110641,-0.999517579095208,-3.24408230045395E-16));
#6307=DIRECTION('',(0.,0.,1.));
#6308=DIRECTION('center_axis',(-0.998967381287677,0.0454331500475222,0.));
#6309=DIRECTION('ref_axis',(-0.0454331500475222,-0.998967381287677,-3.45154198975471E-16));
#6310=DIRECTION('',(0.0454331500475222,0.998967381287677,3.45154198975471E-16));
#6311=DIRECTION('',(-0.0454331500475222,-0.998967381287677,-3.45154198975471E-16));
#6312=DIRECTION('',(0.,0.,1.));
#6313=DIRECTION('center_axis',(-0.992629821001147,0.121185966428592,0.));
#6314=DIRECTION('ref_axis',(-0.121185966428592,-0.992629821001146,-3.63770526510457E-16));
#6315=DIRECTION('',(0.121185966428592,0.992629821001146,3.63770526510457E-16));
#6316=DIRECTION('',(-0.121185966428592,-0.992629821001146,-3.63770526510457E-16));
#6317=DIRECTION('',(0.,0.,1.));
#6318=DIRECTION('center_axis',(-0.98062302726252,0.195904258255127,0.));
#6319=DIRECTION('ref_axis',(-0.195904258255127,-0.98062302726252,-3.80215557842261E-16));
#6320=DIRECTION('',(0.195904258255127,0.98062302726252,3.80215557842261E-16));
#6321=DIRECTION('',(-0.195904258255127,-0.98062302726252,-3.80215557842261E-16));
#6322=DIRECTION('',(0.,0.,1.));
#6323=DIRECTION('center_axis',(-0.963061082406713,0.269283032427983,0.));
#6324=DIRECTION('ref_axis',(-0.269283032427983,-0.963061082406713,-3.94443839124026E-16));
#6325=DIRECTION('',(0.269283032427983,0.963061082406713,3.94443839124026E-16));
#6326=DIRECTION('',(-0.269283032427983,-0.963061082406713,-3.94443839124026E-16));
#6327=DIRECTION('',(0.,0.,1.));
#6328=DIRECTION('center_axis',(-0.940043413459109,0.341054806170719,0.));
#6329=DIRECTION('ref_axis',(-0.341054806170719,-0.940043413459109,-4.06415298723109E-16));
#6330=DIRECTION('',(0.341054806170719,0.940043413459109,4.06415298723109E-16));
#6331=DIRECTION('',(-0.341054806170719,-0.940043413459109,-4.06415298723109E-16));
#6332=DIRECTION('',(0.,0.,1.));
#6333=DIRECTION('center_axis',(-0.911650580982326,0.410966200793433,0.));
#6334=DIRECTION('ref_axis',(-0.410966200793433,-0.911650580982326,-4.16087440311836E-16));
#6335=DIRECTION('',(0.410966200793433,0.911650580982326,4.16087440311836E-16));
#6336=DIRECTION('',(-0.410966200793433,-0.911650580982326,-4.16087440311836E-16));
#6337=DIRECTION('',(0.,0.,1.));
#6338=DIRECTION('center_axis',(-0.877958193250448,0.478737308870333,0.));
#6339=DIRECTION('ref_axis',(-0.478737308870333,-0.877958193250448,-4.23408859440725E-16));
#6340=DIRECTION('',(0.478737308870333,0.877958193250448,4.23408859440725E-16));
#6341=DIRECTION('',(-0.478737308870333,-0.877958193250448,-4.23408859440725E-16));
#6342=DIRECTION('',(0.,0.,1.));
#6343=DIRECTION('center_axis',(-0.839043285203868,0.544064670378716,0.));
#6344=DIRECTION('ref_axis',(-0.544064670378716,-0.839043285203868,-4.28322182475566E-16));
#6345=DIRECTION('',(0.544064670378716,0.839043285203868,4.28322182475566E-16));
#6346=DIRECTION('',(-0.544064670378716,-0.839043285203868,-4.28322182475566E-16));
#6347=DIRECTION('',(0.,0.,1.));
#6348=DIRECTION('center_axis',(-0.794994965539499,0.60661602745629,0.));
#6349=DIRECTION('ref_axis',(-0.60661602745629,-0.794994965539499,-4.30766177610142E-16));
#6350=DIRECTION('',(0.60661602745629,0.794994965539499,4.30766177610142E-16));
#6351=DIRECTION('',(-0.60661602745629,-0.794994965539499,-4.30766177610142E-16));
#6352=DIRECTION('',(0.,0.,1.));
#6353=DIRECTION('center_axis',(-0.745945471054289,0.666007022645854,0.));
#6354=DIRECTION('ref_axis',(-0.666007022645854,-0.745945471054289,-4.30679722314512E-16));
#6355=DIRECTION('',(0.666007022645854,0.745945471054289,4.30679722314512E-16));
#6356=DIRECTION('',(-0.666007022645854,-0.745945471054289,-4.30679722314512E-16));
#6357=DIRECTION('',(0.,0.,1.));
#6358=DIRECTION('center_axis',(-0.69206939250095,0.721830974649444,0.));
#6359=DIRECTION('ref_axis',(-0.721830974649444,-0.69206939250095,-4.28009692606699E-16));
#6360=DIRECTION('',(0.721830974649444,0.69206939250095,4.28009692606699E-16));
#6361=DIRECTION('',(-0.721830974649444,-0.69206939250095,-4.28009692606699E-16));
#6362=DIRECTION('',(0.,0.,1.));
#6363=DIRECTION('center_axis',(-0.633647773732128,0.77362167681905,0.));
#6364=DIRECTION('ref_axis',(-0.77362167681905,-0.633647773732128,-4.22722133439766E-16));
#6365=DIRECTION('',(0.77362167681905,0.633647773732128,4.22722133439766E-16));
#6366=DIRECTION('',(-0.77362167681905,-0.633647773732128,-4.22722133439766E-16));
#6367=DIRECTION('',(0.,0.,1.));
#6368=DIRECTION('center_axis',(-0.602856833725478,0.797849383048262,0.));
#6369=DIRECTION('ref_axis',(-0.797849383048262,-0.602856833725477,-4.19095770838482E-16));
#6370=DIRECTION('',(0.797849383048262,0.602856833725477,4.19095770838482E-16));
#6371=DIRECTION('',(-0.797849383048262,-0.602856833725477,-4.19095770838482E-16));
#6372=DIRECTION('',(0.,0.,1.));
#6373=DIRECTION('center_axis',(-0.586238309996058,0.810138657201942,0.));
#6374=DIRECTION('ref_axis',(-0.810138657201942,-0.586238309996058,-4.16923228764407E-16));
#6375=DIRECTION('',(0.810138657201942,0.586238309996058,4.16923228764407E-16));
#6376=DIRECTION('',(-0.810138657201942,-0.586238309996058,-4.16923228764407E-16));
#6377=DIRECTION('',(0.,0.,1.));
#6378=DIRECTION('center_axis',(-0.552206681934525,0.833707251034116,0.));
#6379=DIRECTION('ref_axis',(-0.833707251034116,-0.552206681934525,-4.12037156721429E-16));
#6380=DIRECTION('',(0.833707251034116,0.552206681934525,4.12037156721429E-16));
#6381=DIRECTION('',(-0.833707251034116,-0.552206681934525,-4.12037156721429E-16));
#6382=DIRECTION('',(0.,0.,1.));
#6383=DIRECTION('center_axis',(-0.499666129079913,0.866218078459631,0.));
#6384=DIRECTION('ref_axis',(-0.866218078459631,-0.499666129079913,-4.03433109755279E-16));
#6385=DIRECTION('',(0.866218078459631,0.499666129079913,4.03433109755279E-16));
#6386=DIRECTION('',(-0.866218078459631,-0.499666129079913,-4.03433109755279E-16));
#6387=DIRECTION('',(0.,0.,1.));
#6388=DIRECTION('center_axis',(-0.4270352298249,0.904234987427712,0.));
#6389=DIRECTION('ref_axis',(-0.904234987427712,-0.4270352298249,-3.89644183546864E-16));
#6390=DIRECTION('',(0.904234987427712,0.4270352298249,3.89644183546864E-16));
#6391=DIRECTION('',(-0.904234987427712,-0.4270352298249,-3.89644183546864E-16));
#6392=DIRECTION('',(0.,0.,1.));
#6393=DIRECTION('center_axis',(-0.352130852758843,0.935950779974743,0.));
#6394=DIRECTION('ref_axis',(-0.935950779974743,-0.352130852758843,-3.73373952796227E-16));
#6395=DIRECTION('',(0.935950779974743,0.352130852758843,3.73373952796227E-16));
#6396=DIRECTION('',(-0.935950779974743,-0.352130852758843,-3.73373952796227E-16));
#6397=DIRECTION('',(0.,0.,1.));
#6398=DIRECTION('center_axis',(-0.275503238130745,0.961300143440889,0.));
#6399=DIRECTION('ref_axis',(-0.961300143440889,-0.275503238130745,-3.54787813752921E-16));
#6400=DIRECTION('',(0.961300143440889,0.275503238130745,3.54787813752921E-16));
#6401=DIRECTION('',(-0.961300143440889,-0.275503238130745,-3.54787813752921E-16));
#6402=DIRECTION('',(0.,0.,1.));
#6403=DIRECTION('center_axis',(-0.19761454547445,0.980279802616032,0.));
#6404=DIRECTION('ref_axis',(-0.980279802616032,-0.19761454547445,-3.34038800314728E-16));
#6405=DIRECTION('',(0.980279802616032,0.19761454547445,3.34038800314728E-16));
#6406=DIRECTION('',(-0.980279802616032,-0.19761454547445,-3.34038800314728E-16));
#6407=DIRECTION('',(0.,0.,1.));
#6408=DIRECTION('center_axis',(-0.118893647608363,0.992906994918647,0.));
#6409=DIRECTION('ref_axis',(-0.992906994918647,-0.118893647608363,-3.11274472253088E-16));
#6410=DIRECTION('',(0.992906994918647,0.118893647608363,3.11274472253088E-16));
#6411=DIRECTION('',(-0.992906994918647,-0.118893647608363,-3.11274472253088E-16));
#6412=DIRECTION('',(0.,0.,1.));
#6413=DIRECTION('center_axis',(-0.0396822040377189,0.999212351145996,0.));
#6414=DIRECTION('ref_axis',(-0.999212351145996,-0.0396822040377189,-2.86617006109526E-16));
#6415=DIRECTION('',(0.999212351145996,0.0396822040377189,2.86617006109526E-16));
#6416=DIRECTION('',(-0.999212351145996,-0.0396822040377189,-2.86617006109526E-16));
#6417=DIRECTION('',(0.,0.,1.));
#6418=DIRECTION('center_axis',(0.0396820203545751,0.999212358440677,0.));
#6419=DIRECTION('ref_axis',(-0.999212358440677,0.0396820203545751,-2.60183411329916E-16));
#6420=DIRECTION('',(0.999212358440677,-0.0396820203545751,2.60183411329916E-16));
#6421=DIRECTION('',(-0.999212358440677,0.0396820203545751,-2.60183411329916E-16));
#6422=DIRECTION('',(0.,0.,1.));
#6423=DIRECTION('center_axis',(0.118894193757988,0.992906929520908,0.));
#6424=DIRECTION('ref_axis',(-0.992906929520908,0.118894193757988,-2.32075193421001E-16));
#6425=DIRECTION('',(0.992906929520908,-0.118894193757988,2.32075193421001E-16));
#6426=DIRECTION('',(-0.992906929520908,0.118894193757988,-2.32075193421001E-16));
#6427=DIRECTION('',(0.,0.,1.));
#6428=DIRECTION('center_axis',(0.197614545474447,0.980279802616033,0.));
#6429=DIRECTION('ref_axis',(-0.980279802616032,0.197614545474447,-2.02401069282806E-16));
#6430=DIRECTION('',(0.980279802616032,-0.197614545474447,2.02401069282806E-16));
#6431=DIRECTION('',(-0.980279802616032,0.197614545474447,-2.02401069282806E-16));
#6432=DIRECTION('',(0.,0.,1.));
#6433=DIRECTION('center_axis',(0.275503238130737,0.961300143440892,0.));
#6434=DIRECTION('ref_axis',(-0.961300143440891,0.275503238130737,-1.71265790754026E-16));
#6435=DIRECTION('',(0.961300143440891,-0.275503238130737,1.71265790754026E-16));
#6436=DIRECTION('',(-0.961300143440891,0.275503238130737,-1.71265790754026E-16));
#6437=DIRECTION('',(0.,0.,1.));
#6438=DIRECTION('center_axis',(0.352129347404104,0.935951346329904,0.));
#6439=DIRECTION('ref_axis',(-0.935951346329904,0.352129347404104,-1.38808340895511E-16));
#6440=DIRECTION('',(0.935951346329904,-0.352129347404104,1.38808340895511E-16));
#6441=DIRECTION('',(-0.935951346329904,0.352129347404104,-1.38808340895511E-16));
#6442=DIRECTION('',(0.,0.,1.));
#6443=DIRECTION('center_axis',(0.427036979812343,0.904234160974221,0.));
#6444=DIRECTION('ref_axis',(-0.904234160974221,0.427036979812343,-1.05180767866737E-16));
#6445=DIRECTION('',(0.904234160974221,-0.427036979812343,1.05180767866737E-16));
#6446=DIRECTION('',(-0.904234160974221,0.427036979812343,-1.05180767866737E-16));
#6447=DIRECTION('',(0.,0.,1.));
#6448=DIRECTION('center_axis',(0.499666129079882,0.866218078459649,0.));
#6449=DIRECTION('ref_axis',(-0.866218078459649,0.499666129079882,-7.05886050774337E-17));
#6450=DIRECTION('',(0.866218078459649,-0.499666129079882,7.05886050774337E-17));
#6451=DIRECTION('',(-0.866218078459649,0.499666129079882,-7.05886050774337E-17));
#6452=DIRECTION('',(0.,0.,1.));
#6453=DIRECTION('center_axis',(0.552202588434419,0.833709962352812,0.));
#6454=DIRECTION('ref_axis',(-0.833709962352812,0.552202588434419,-4.41957184088961E-17));
#6455=DIRECTION('',(0.833709962352812,-0.552202588434419,4.41957184088961E-17));
#6456=DIRECTION('',(-0.833709962352812,0.552202588434419,-4.41957184088961E-17));
#6457=DIRECTION('',(0.,0.,1.));
#6458=DIRECTION('center_axis',(0.586238309996059,0.810138657201941,0.));
#6459=DIRECTION('ref_axis',(-0.810138657201941,0.586238309996059,-2.64100669594827E-17));
#6460=DIRECTION('',(0.810138657201941,-0.586238309996059,2.64100669594827E-17));
#6461=DIRECTION('',(-0.810138657201941,0.586238309996059,-2.64100669594827E-17));
#6462=DIRECTION('',(0.,0.,1.));
#6463=DIRECTION('center_axis',(0.602856955502472,0.797849291033269,0.));
#6464=DIRECTION('ref_axis',(-0.797849291033269,0.602856955502472,-1.75123826891195E-17));
#6465=DIRECTION('',(0.797849291033269,-0.602856955502472,1.75123826891195E-17));
#6466=DIRECTION('',(-0.797849291033269,0.602856955502472,-1.75123826891195E-17));
#6467=DIRECTION('',(0.,0.,1.));
#6468=DIRECTION('center_axis',(0.618460016230373,0.785816268808636,0.));
#6469=DIRECTION('ref_axis',(-0.785816268808636,0.618460016230373,-9.02309582530646E-18));
#6470=DIRECTION('',(0.785816268808636,-0.618460016230373,9.02309582530646E-18));
#6471=DIRECTION('',(-0.785816268808636,0.618460016230373,-9.02309582530646E-18));
#6472=DIRECTION('',(0.,0.,1.));
#6473=DIRECTION('center_axis',(0.648744980625309,0.761005880472331,0.));
#6474=DIRECTION('ref_axis',(-0.761005880472331,0.648744980625309,7.85233513525076E-18));
#6475=DIRECTION('',(0.761005880472331,-0.648744980625309,-7.85233513525076E-18));
#6476=DIRECTION('',(-0.761005880472331,0.648744980625309,7.85233513525076E-18));
#6477=DIRECTION('center_axis',(0.,0.,1.));
#6478=DIRECTION('ref_axis',(1.,0.,0.));
#6479=DIRECTION('center_axis',(-2.736156902172E-16,-3.330669073875E-16,
1.));
#6480=DIRECTION('ref_axis',(1.,0.,2.736156902172E-16));
#6481=CARTESIAN_POINT('',(0.,0.,0.));
#6482=CARTESIAN_POINT('Origin',(117.500000521541,-62.000000923872,31.305));
#6483=CARTESIAN_POINT('',(118.500000521541,-62.000000923872,31.305));
#6484=CARTESIAN_POINT('Origin',(117.500000521541,-62.000000923872,31.305));
#6485=CARTESIAN_POINT('',(118.500000521541,-62.000000923872,33.305));
#6486=CARTESIAN_POINT('',(118.500000521541,-62.000000923872,31.305));
#6487=CARTESIAN_POINT('Origin',(117.500000521541,-62.000000923872,33.305));
#6488=CARTESIAN_POINT('Origin',(101.799998860061,-110.299997530133,31.305));
#6489=CARTESIAN_POINT('',(102.799998860061,-110.299997530133,31.305));
#6490=CARTESIAN_POINT('Origin',(101.799998860061,-110.299997530133,31.305));
#6491=CARTESIAN_POINT('',(102.799998860061,-110.299997530133,33.305));
#6492=CARTESIAN_POINT('',(102.799998860061,-110.299997530133,31.305));
#6493=CARTESIAN_POINT('Origin',(101.799998860061,-110.299997530133,33.305));
#6494=CARTESIAN_POINT('Origin',(50.9999988600612,-110.299997530133,31.305));
#6495=CARTESIAN_POINT('',(51.9999988600612,-110.299997530133,31.305));
#6496=CARTESIAN_POINT('Origin',(50.9999988600612,-110.299997530133,31.305));
#6497=CARTESIAN_POINT('',(51.9999988600612,-110.299997530133,33.305));
#6498=CARTESIAN_POINT('',(51.9999988600612,-110.299997530133,31.305));
#6499=CARTESIAN_POINT('Origin',(50.9999988600612,-110.299997530133,33.305));
#6500=CARTESIAN_POINT('Origin',(35.2000005215406,-62.000000923872,31.305));
#6501=CARTESIAN_POINT('',(36.2000005215406,-62.000000923872,31.305));
#6502=CARTESIAN_POINT('Origin',(35.2000005215406,-62.000000923872,31.305));
#6503=CARTESIAN_POINT('',(36.2000005215406,-62.000000923872,33.305));
#6504=CARTESIAN_POINT('',(36.2000005215406,-62.000000923872,31.305));
#6505=CARTESIAN_POINT('Origin',(35.2000005215406,-62.000000923872,33.305));
#6506=CARTESIAN_POINT('Origin',(76.2999982945621,-29.9999993249774,31.305));
#6507=CARTESIAN_POINT('',(77.2999982945621,-29.9999993249774,31.305));
#6508=CARTESIAN_POINT('Origin',(76.2999982945621,-29.9999993249774,31.305));
#6509=CARTESIAN_POINT('',(77.2999982945621,-29.9999993249774,33.305));
#6510=CARTESIAN_POINT('',(77.2999982945621,-29.9999993249774,31.305));
#6511=CARTESIAN_POINT('Origin',(76.2999982945621,-29.9999993249774,33.305));
#6512=CARTESIAN_POINT('Origin',(66.8579693229485,-42.3738499102121,33.305));
#6513=CARTESIAN_POINT('',(66.8579693229485,-42.3738499102121,33.305));
#6514=CARTESIAN_POINT('',(66.9027108183989,-42.4598926839357,33.305));
#6515=CARTESIAN_POINT('',(73.6938617326837,-55.5200163020492,33.305));
#6516=CARTESIAN_POINT('',(66.8579693229485,-42.3738499102121,33.105));
#6517=CARTESIAN_POINT('',(66.8579693229485,-42.3738499102121,33.305));
#6518=CARTESIAN_POINT('',(66.9027108183989,-42.4598926839357,33.105));
#6519=CARTESIAN_POINT('',(66.8579693229485,-42.3738499102121,33.105));
#6520=CARTESIAN_POINT('',(66.9027108183989,-42.4598926839357,33.305));
#6521=CARTESIAN_POINT('Origin',(68.617581112334,-40.614212383541,33.305));
#6522=CARTESIAN_POINT('',(68.617581112334,-40.614212383541,33.305));
#6523=CARTESIAN_POINT('',(62.9764490824912,-46.2554269244395,33.305));
#6524=CARTESIAN_POINT('',(68.617581112334,-40.614212383541,33.105));
#6525=CARTESIAN_POINT('',(68.617581112334,-40.614212383541,33.305));
#6526=CARTESIAN_POINT('',(68.617581112334,-40.614212383541,33.105));
#6527=CARTESIAN_POINT('Origin',(66.2164871604729,-40.9547832863654,33.305));
#6528=CARTESIAN_POINT('',(66.2164871604729,-40.9547832863654,33.305));
#6529=CARTESIAN_POINT('',(69.0809544523608,-40.5484875598058,33.305));
#6530=CARTESIAN_POINT('',(66.2164871604729,-40.9547832863654,33.105));
#6531=CARTESIAN_POINT('',(66.2164871604729,-40.9547832863654,33.305));
#6532=CARTESIAN_POINT('',(66.2164871604729,-40.9547832863654,33.105));
#6533=CARTESIAN_POINT('Origin',(66.1240418584634,-40.9679335253562,33.305));
#6534=CARTESIAN_POINT('',(66.1240418584634,-40.9679335253562,33.305));
#6535=CARTESIAN_POINT('',(69.0284108784167,-40.5547903379841,33.305));
#6536=CARTESIAN_POINT('',(66.1240418584634,-40.9679335253562,33.105));
#6537=CARTESIAN_POINT('',(66.1240418584634,-40.9679335253562,33.305));
#6538=CARTESIAN_POINT('',(66.1240418584634,-40.9679335253562,33.105));
#6539=CARTESIAN_POINT('Origin',(66.0807295393436,-40.8851714985694,33.305));
#6540=CARTESIAN_POINT('',(66.0807295393436,-40.8851714985694,33.305));
#6541=CARTESIAN_POINT('',(73.3375726975065,-54.7516893865302,33.305));
#6542=CARTESIAN_POINT('',(66.0807295393436,-40.8851714985694,33.105));
#6543=CARTESIAN_POINT('',(66.0807295393436,-40.8851714985694,33.305));
#6544=CARTESIAN_POINT('',(66.0807295393436,-40.8851714985694,33.105));
#6545=CARTESIAN_POINT('Origin',(64.9414075286675,-38.7018563645209,33.305));
#6546=CARTESIAN_POINT('',(64.9414075286675,-38.7018563645209,33.305));
#6547=CARTESIAN_POINT('',(72.7528393605332,-53.6711250851173,33.305));
#6548=CARTESIAN_POINT('',(64.9414075286675,-38.7018563645209,33.105));
#6549=CARTESIAN_POINT('',(64.9414075286675,-38.7018563645209,33.305));
#6550=CARTESIAN_POINT('',(64.9414075286675,-38.7018563645209,33.105));
#6551=CARTESIAN_POINT('Origin',(64.6028461527317,-41.0870487110938,33.305));
#6552=CARTESIAN_POINT('',(64.6028461527317,-41.0870487110938,33.305));
#6553=CARTESIAN_POINT('',(62.6468036254069,-54.8675269267479,33.305));
#6554=CARTESIAN_POINT('',(64.6028461527317,-41.0870487110938,33.105));
#6555=CARTESIAN_POINT('',(64.6028461527317,-41.0870487110938,33.305));
#6556=CARTESIAN_POINT('',(64.6028461527317,-41.0870487110938,33.105));
#6557=CARTESIAN_POINT('Origin',(64.5887703807641,-41.1855266309902,33.305));
#6558=CARTESIAN_POINT('',(64.5887703807641,-41.1855266309902,33.305));
#6559=CARTESIAN_POINT('',(62.6274753253353,-54.9072790014276,33.305));
#6560=CARTESIAN_POINT('',(64.5887703807641,-41.1855266309902,33.105));
#6561=CARTESIAN_POINT('',(64.5887703807641,-41.1855266309902,33.305));
#6562=CARTESIAN_POINT('',(64.5887703807641,-41.1855266309902,33.105));
#6563=CARTESIAN_POINT('Origin',(64.4902924608676,-41.1996024029578,33.305));
#6564=CARTESIAN_POINT('',(64.4902924608676,-41.1996024029578,33.305));
#6565=CARTESIAN_POINT('',(68.200825321864,-40.6692437755163,33.305));
#6566=CARTESIAN_POINT('',(64.4902924608676,-41.1996024029578,33.105));
#6567=CARTESIAN_POINT('',(64.4902924608676,-41.1996024029578,33.305));
#6568=CARTESIAN_POINT('',(64.4902924608676,-41.1996024029578,33.105));
#6569=CARTESIAN_POINT('Origin',(62.1052858264733,-41.5379780667151,33.305));
#6570=CARTESIAN_POINT('',(62.1052858264733,-41.5379780667151,33.305));
#6571=CARTESIAN_POINT('',(67.0247866322899,-40.8400180164088,33.305));
#6572=CARTESIAN_POINT('',(62.1052858264733,-41.5379780667151,33.105));
#6573=CARTESIAN_POINT('',(62.1052858264733,-41.5379780667151,33.305));
#6574=CARTESIAN_POINT('',(62.1052858264733,-41.5379780667151,33.105));
#6575=CARTESIAN_POINT('Origin',(64.2884152483432,-42.6774857895697,33.305));
#6576=CARTESIAN_POINT('',(64.2884152483432,-42.6774857895697,33.305));
#6577=CARTESIAN_POINT('',(74.7906041964689,-48.1592154998575,33.305));
#6578=CARTESIAN_POINT('',(64.2884152483432,-42.6774857895697,33.105));
#6579=CARTESIAN_POINT('',(64.2884152483432,-42.6774857895697,33.305));
#6580=CARTESIAN_POINT('',(64.2884152483432,-42.6774857895697,33.105));
#6581=CARTESIAN_POINT('Origin',(64.37117727513,-42.7207981086895,33.305));
#6582=CARTESIAN_POINT('',(64.37117727513,-42.7207981086895,33.305));
#6583=CARTESIAN_POINT('',(74.835347813559,-48.1970716036775,33.305));
#6584=CARTESIAN_POINT('',(64.37117727513,-42.7207981086895,33.105));
#6585=CARTESIAN_POINT('',(64.37117727513,-42.7207981086895,33.305));
#6586=CARTESIAN_POINT('',(64.37117727513,-42.7207981086895,33.105));
#6587=CARTESIAN_POINT('Origin',(64.3580270361392,-42.8132434106991,33.305));
#6588=CARTESIAN_POINT('',(64.3580270361392,-42.8132434106991,33.305));
#6589=CARTESIAN_POINT('',(62.5209535522589,-55.7277473334154,33.305));
#6590=CARTESIAN_POINT('',(64.3580270361392,-42.8132434106991,33.105));
#6591=CARTESIAN_POINT('',(64.3580270361392,-42.8132434106991,33.305));
#6592=CARTESIAN_POINT('',(64.3580270361392,-42.8132434106991,33.105));
#6593=CARTESIAN_POINT('Origin',(64.0174561333148,-45.2143373625602,33.305));
#6594=CARTESIAN_POINT('',(64.0174561333148,-45.2143373625602,33.305));
#6595=CARTESIAN_POINT('',(62.355401514286,-56.9321595849436,33.305));
#6596=CARTESIAN_POINT('',(64.0174561333148,-45.2143373625602,33.105));
#6597=CARTESIAN_POINT('',(64.0174561333148,-45.2143373625602,33.305));
#6598=CARTESIAN_POINT('',(64.0174561333148,-45.2143373625602,33.105));
#6599=CARTESIAN_POINT('Origin',(65.7770941646386,-43.4547260778273,33.305));
#6600=CARTESIAN_POINT('',(65.7770941646386,-43.4547260778273,33.305));
#6601=CARTESIAN_POINT('',(61.5562803970566,-47.6754756888174,33.305));
#6602=CARTESIAN_POINT('',(65.7770941646386,-43.4547260778273,33.105));
#6603=CARTESIAN_POINT('',(65.7770941646386,-43.4547260778273,33.305));
#6604=CARTESIAN_POINT('',(65.7770941646386,-43.4547260778273,33.105));
#6605=CARTESIAN_POINT('Origin',(65.8631364337095,-43.499467068625,33.305));
#6606=CARTESIAN_POINT('',(65.8631364337095,-43.499467068625,33.305));
#6607=CARTESIAN_POINT('',(75.5724303091515,-48.5481882683754,33.305));
#6608=CARTESIAN_POINT('',(65.8631364337095,-43.499467068625,33.105));
#6609=CARTESIAN_POINT('',(65.8631364337095,-43.499467068625,33.305));
#6610=CARTESIAN_POINT('',(65.8631364337095,-43.499467068625,33.105));
#6611=CARTESIAN_POINT('Origin',(68.0382227014987,-44.6349789517249,33.305));
#6612=CARTESIAN_POINT('',(68.0382227014987,-44.6349789517249,33.305));
#6613=CARTESIAN_POINT('',(76.6657587925467,-49.139016285019,33.305));
#6614=CARTESIAN_POINT('',(68.0382227014987,-44.6349789517249,33.105));
#6615=CARTESIAN_POINT('',(68.0382227014987,-44.6349789517249,33.305));
#6616=CARTESIAN_POINT('',(68.0382227014987,-44.6349789517249,33.105));
#6617=CARTESIAN_POINT('Origin',(66.9027108183989,-42.4598926839357,33.305));
#6618=CARTESIAN_POINT('',(73.7356806126641,-55.5485260914097,33.305));
#6619=CARTESIAN_POINT('',(66.9027108183989,-42.4598926839357,33.105));
#6620=CARTESIAN_POINT('Origin',(65.3614334694037,-41.9580968635405,33.105));
#6621=CARTESIAN_POINT('Origin',(72.5825209847578,-45.8234874384726,33.305));
#6622=CARTESIAN_POINT('',(72.5825209847578,-45.8234874384726,33.305));
#6623=CARTESIAN_POINT('',(72.5854580632338,-45.9202722486978,33.305));
#6624=CARTESIAN_POINT('',(72.9638295019391,-58.3886513504882,33.305));
#6625=CARTESIAN_POINT('',(72.5825209847578,-45.8234874384726,33.105));
#6626=CARTESIAN_POINT('',(72.5825209847578,-45.8234874384726,33.305));
#6627=CARTESIAN_POINT('',(72.5854580632338,-45.9202722486978,33.105));
#6628=CARTESIAN_POINT('',(72.5825209847578,-45.8234874384726,33.105));
#6629=CARTESIAN_POINT('',(72.5854580632338,-45.9202722486978,33.305));
#6630=CARTESIAN_POINT('Origin',(75.4384520701059,-44.8150016761944,33.305));
#6631=CARTESIAN_POINT('',(75.4384520701059,-44.8150016761944,33.305));
#6632=CARTESIAN_POINT('',(71.733496045287,-46.123294940015,33.305));
#6633=CARTESIAN_POINT('',(75.4384520701059,-44.8150016761944,33.105));
#6634=CARTESIAN_POINT('',(75.4384520701059,-44.8150016761944,33.305));
#6635=CARTESIAN_POINT('',(75.4384520701059,-44.8150016761944,33.105));
#6636=CARTESIAN_POINT('Origin',(72.6137685727565,-43.9463743425533,33.305));
#6637=CARTESIAN_POINT('',(72.6137685727565,-43.9463743425533,33.305));
#6638=CARTESIAN_POINT('',(78.0802263372881,-45.6273820154208,33.305));
#6639=CARTESIAN_POINT('',(72.6137685727565,-43.9463743425533,33.105));
#6640=CARTESIAN_POINT('',(72.6137685727565,-43.9463743425533,33.305));
#6641=CARTESIAN_POINT('',(72.6137685727565,-43.9463743425533,33.105));
#6642=CARTESIAN_POINT('Origin',(72.5231485994149,-43.9186462021992,33.305));
#6643=CARTESIAN_POINT('',(72.5231485994149,-43.9186462021992,33.305));
#6644=CARTESIAN_POINT('',(78.0207744349907,-45.6008243706779,33.305));
#6645=CARTESIAN_POINT('',(72.5231485994149,-43.9186462021992,33.105));
#6646=CARTESIAN_POINT('',(72.5231485994149,-43.9186462021992,33.305));
#6647=CARTESIAN_POINT('',(72.5231485994149,-43.9186462021992,33.105));
#6648=CARTESIAN_POINT('Origin',(72.5205027055232,-43.824216605934,33.305));
#6649=CARTESIAN_POINT('',(72.5205027055232,-43.824216605934,33.305));
#6650=CARTESIAN_POINT('',(72.9005139676397,-57.3864800704832,33.305));
#6651=CARTESIAN_POINT('',(72.5205027055232,-43.824216605934,33.105));
#6652=CARTESIAN_POINT('',(72.5205027055232,-43.824216605934,33.305));
#6653=CARTESIAN_POINT('',(72.5205027055232,-43.824216605934,33.105));
#6654=CARTESIAN_POINT('Origin',(72.4280044149845,-40.8424153066799,33.305));
#6655=CARTESIAN_POINT('',(72.4280044149845,-40.8424153066799,33.305));
#6656=CARTESIAN_POINT('',(72.895069203262,-55.8988491543711,33.305));
#6657=CARTESIAN_POINT('',(72.4280044149845,-40.8424153066799,33.105));
#6658=CARTESIAN_POINT('',(72.4280044149845,-40.8424153066799,33.305));
#6659=CARTESIAN_POINT('',(72.4280044149845,-40.8424153066799,33.105));
#6660=CARTESIAN_POINT('Origin',(70.7797825884311,-43.2844663637007,33.305));
#6661=CARTESIAN_POINT('',(70.7797825884311,-43.2844663637007,33.305));
#6662=CARTESIAN_POINT('',(65.2497330434912,-51.4779407607957,33.305));
#6663=CARTESIAN_POINT('',(70.7797825884311,-43.2844663637007,33.105));
#6664=CARTESIAN_POINT('',(70.7797825884311,-43.2844663637007,33.305));
#6665=CARTESIAN_POINT('',(70.7797825884311,-43.2844663637007,33.105));
#6666=CARTESIAN_POINT('Origin',(70.7249081722387,-43.3657729722187,33.305));
#6667=CARTESIAN_POINT('',(70.7249081722387,-43.3657729722187,33.305));
#6668=CARTESIAN_POINT('',(65.2223425772855,-51.5188427944988,33.305));
#6669=CARTESIAN_POINT('',(70.7249081722387,-43.3657729722187,33.105));
#6670=CARTESIAN_POINT('',(70.7249081722387,-43.3657729722187,33.305));
#6671=CARTESIAN_POINT('',(70.7249081722387,-43.3657729722187,33.105));
#6672=CARTESIAN_POINT('Origin',(70.6314041089504,-43.3368538515891,33.305));
#6673=CARTESIAN_POINT('',(70.6314041089504,-43.3368538515891,33.305));
#6674=CARTESIAN_POINT('',(77.1048221187755,-45.3389653078027,33.305));
#6675=CARTESIAN_POINT('',(70.6314041089504,-43.3368538515891,33.105));
#6676=CARTESIAN_POINT('',(70.6314041089504,-43.3368538515891,33.305));
#6677=CARTESIAN_POINT('',(70.6314041089504,-43.3368538515891,33.105));
#6678=CARTESIAN_POINT('Origin',(67.8154437851398,-42.4711903430149,33.305));
#6679=CARTESIAN_POINT('',(67.8154437851398,-42.4711903430149,33.305));
#6680=CARTESIAN_POINT('',(75.680158452557,-44.8889078212634,33.305));
#6681=CARTESIAN_POINT('',(67.8154437851398,-42.4711903430149,33.105));
#6682=CARTESIAN_POINT('',(67.8154437851398,-42.4711903430149,33.305));
#6683=CARTESIAN_POINT('',(67.8154437851398,-42.4711903430149,33.105));
#6684=CARTESIAN_POINT('Origin',(69.615589276104,-44.8500058985874,33.305));
#6685=CARTESIAN_POINT('',(69.615589276104,-44.8500058985874,33.305));
#6686=CARTESIAN_POINT('',(77.0919443337535,-54.7296905126312,33.305));
#6687=CARTESIAN_POINT('',(69.615589276104,-44.8500058985874,33.105));
#6688=CARTESIAN_POINT('',(69.615589276104,-44.8500058985874,33.305));
#6689=CARTESIAN_POINT('',(69.615589276104,-44.8500058985874,33.105));
#6690=CARTESIAN_POINT('Origin',(69.6725807102013,-44.9252269006893,33.305));
#6691=CARTESIAN_POINT('',(69.6725807102013,-44.9252269006893,33.305));
#6692=CARTESIAN_POINT('',(77.124354298204,-54.7605624314473,33.305));
#6693=CARTESIAN_POINT('',(69.6725807102013,-44.9252269006893,33.105));
#6694=CARTESIAN_POINT('',(69.6725807102013,-44.9252269006893,33.305));
#6695=CARTESIAN_POINT('',(69.6725807102013,-44.9252269006893,33.105));
#6696=CARTESIAN_POINT('Origin',(69.6196905882645,-45.0036494192605,33.305));
#6697=CARTESIAN_POINT('',(69.6196905882645,-45.0036494192605,33.305));
#6698=CARTESIAN_POINT('',(64.6703786792867,-52.3422126685636,33.305));
#6699=CARTESIAN_POINT('',(69.6196905882645,-45.0036494192605,33.105));
#6700=CARTESIAN_POINT('',(69.6196905882645,-45.0036494192605,33.305));
#6701=CARTESIAN_POINT('',(69.6196905882645,-45.0036494192605,33.105));
#6702=CARTESIAN_POINT('Origin',(67.9667850803821,-47.453373719963,33.305));
#6703=CARTESIAN_POINT('',(67.9667850803821,-47.453373719963,33.305));
#6704=CARTESIAN_POINT('',(63.8435590735722,-53.5642898600578,33.305));
#6705=CARTESIAN_POINT('',(67.9667850803821,-47.453373719963,33.105));
#6706=CARTESIAN_POINT('',(67.9667850803821,-47.453373719963,33.305));
#6707=CARTESIAN_POINT('',(67.9667850803821,-47.453373719963,33.105));
#6708=CARTESIAN_POINT('Origin',(70.8227244924991,-46.4448879576847,33.305));
#6709=CARTESIAN_POINT('',(70.8227244924991,-46.4448879576847,33.305));
#6710=CARTESIAN_POINT('',(69.4256396360997,-46.9382248192426,33.305));
#6711=CARTESIAN_POINT('',(70.8227244924991,-46.4448879576847,33.105));
#6712=CARTESIAN_POINT('',(70.8227244924991,-46.4448879576847,33.305));
#6713=CARTESIAN_POINT('',(70.8227244924991,-46.4448879576847,33.105));
#6714=CARTESIAN_POINT('Origin',(70.8811970821508,-46.5220670121039,33.305));
#6715=CARTESIAN_POINT('',(70.8811970821508,-46.5220670121039,33.305));
#6716=CARTESIAN_POINT('',(77.7281551543255,-55.5594938270553,33.305));
#6717=CARTESIAN_POINT('',(70.8811970821508,-46.5220670121039,33.105));
#6718=CARTESIAN_POINT('',(70.8811970821508,-46.5220670121039,33.305));
#6719=CARTESIAN_POINT('',(70.8811970821508,-46.5220670121039,33.105));
#6720=CARTESIAN_POINT('Origin',(72.6782737802951,-48.8967632141834,33.305));
#6721=CARTESIAN_POINT('',(72.6782737802951,-48.8967632141834,33.305));
#6722=CARTESIAN_POINT('',(78.6234561852411,-56.752856441742,33.305));
#6723=CARTESIAN_POINT('',(72.6782737802951,-48.8967632141834,33.105));
#6724=CARTESIAN_POINT('',(72.6782737802951,-48.8967632141834,33.305));
#6725=CARTESIAN_POINT('',(72.6782737802951,-48.8967632141834,33.105));
#6726=CARTESIAN_POINT('Origin',(72.5854580632338,-45.9202722486978,33.305));
#6727=CARTESIAN_POINT('',(72.9757960720952,-58.4379534523389,33.305));
#6728=CARTESIAN_POINT('',(72.5854580632338,-45.9202722486978,33.105));
#6729=CARTESIAN_POINT('Origin',(71.6269479276229,-44.8695892604317,33.105));
#6730=CARTESIAN_POINT('Origin',(73.7865604094156,-39.5020093974596,33.305));
#6731=CARTESIAN_POINT('',(73.7865604094156,-39.5020093974596,33.305));
#6732=CARTESIAN_POINT('',(73.7919049334018,-39.5980266309902,33.305));
#6733=CARTESIAN_POINT('',(74.6605898994596,-55.2044169224763,33.305));
#6734=CARTESIAN_POINT('',(73.7865604094156,-39.5020093974596,33.105));
#6735=CARTESIAN_POINT('',(73.7865604094156,-39.5020093974596,33.305));
#6736=CARTESIAN_POINT('',(73.7919049334018,-39.5980266309902,33.105));
#6737=CARTESIAN_POINT('',(73.7865604094156,-39.5020093974596,33.105));
#6738=CARTESIAN_POINT('',(73.7919049334018,-39.5980266309902,33.305));
#6739=CARTESIAN_POINT('Origin',(75.5578928829718,-38.8157332556571,33.305));
#6740=CARTESIAN_POINT('',(75.5578928829718,-38.8157332556571,33.305));
#6741=CARTESIAN_POINT('',(70.4837835046657,-40.7816206648325,33.305));
#6742=CARTESIAN_POINT('',(75.5578928829718,-38.8157332556571,33.105));
#6743=CARTESIAN_POINT('',(75.5578928829718,-38.8157332556571,33.305));
#6744=CARTESIAN_POINT('',(75.5578928829718,-38.8157332556571,33.105));
#6745=CARTESIAN_POINT('Origin',(73.8143680325636,-38.3543263015275,33.305));
#6746=CARTESIAN_POINT('',(73.8143680325636,-38.3543263015275,33.305));
#6747=CARTESIAN_POINT('',(78.9973896300786,-39.7259627355807,33.305));
#6748=CARTESIAN_POINT('',(73.8143680325636,-38.3543263015275,33.105));
#6749=CARTESIAN_POINT('',(73.8143680325636,-38.3543263015275,33.305));
#6750=CARTESIAN_POINT('',(73.8143680325636,-38.3543263015275,33.105));
#6751=CARTESIAN_POINT('Origin',(73.721499326973,-38.3298789081102,33.305));
#6752=CARTESIAN_POINT('',(73.721499326973,-38.3298789081102,33.305));
#6753=CARTESIAN_POINT('',(78.9333381079389,-39.7018790054074,33.305));
#6754=CARTESIAN_POINT('',(73.721499326973,-38.3298789081102,33.105));
#6755=CARTESIAN_POINT('',(73.721499326973,-38.3298789081102,33.305));
#6756=CARTESIAN_POINT('',(73.721499326973,-38.3298789081102,33.105));
#6757=CARTESIAN_POINT('Origin',(73.7161548029868,-38.2338616745795,33.305));
#6758=CARTESIAN_POINT('',(73.7161548029868,-38.2338616745795,33.305));
#6759=CARTESIAN_POINT('',(74.6254779150131,-54.5703380058699,33.305));
#6760=CARTESIAN_POINT('',(73.7161548029868,-38.2338616745795,33.105));
#6761=CARTESIAN_POINT('',(73.7161548029868,-38.2338616745795,33.305));
#6762=CARTESIAN_POINT('',(73.7161548029868,-38.2338616745795,33.105));
#6763=CARTESIAN_POINT('Origin',(73.616459913203,-36.4331338144466,33.305));
#6764=CARTESIAN_POINT('',(73.616459913203,-36.4331338144466,33.305));
#6765=CARTESIAN_POINT('',(74.5707630947828,-53.6701289082743,33.305));
#6766=CARTESIAN_POINT('',(73.616459913203,-36.4331338144466,33.105));
#6767=CARTESIAN_POINT('',(73.616459913203,-36.4331338144466,33.305));
#6768=CARTESIAN_POINT('',(73.616459913203,-36.4331338144466,33.105));
#6769=CARTESIAN_POINT('Origin',(72.6385863812257,-37.948641075405,33.305));
#6770=CARTESIAN_POINT('',(72.6385863812257,-37.948641075405,33.305));
#6771=CARTESIAN_POINT('',(65.6795081876192,-48.7338123548256,33.305));
#6772=CARTESIAN_POINT('',(72.6385863812257,-37.948641075405,33.105));
#6773=CARTESIAN_POINT('',(72.6385863812257,-37.948641075405,33.305));
#6774=CARTESIAN_POINT('',(72.6385863812257,-37.948641075405,33.105));
#6775=CARTESIAN_POINT('Origin',(72.586489573269,-38.0294975337511,33.305));
#6776=CARTESIAN_POINT('',(72.586489573269,-38.0294975337511,33.305));
#6777=CARTESIAN_POINT('',(65.6568351011669,-48.7846155563736,33.305));
#6778=CARTESIAN_POINT('',(72.586489573269,-38.0294975337511,33.105));
#6779=CARTESIAN_POINT('',(72.586489573269,-38.0294975337511,33.305));
#6780=CARTESIAN_POINT('',(72.586489573269,-38.0294975337511,33.105));
#6781=CARTESIAN_POINT('Origin',(72.4935416372109,-38.0048381862169,33.305));
#6782=CARTESIAN_POINT('',(72.4935416372109,-38.0048381862169,33.305));
#6783=CARTESIAN_POINT('',(78.3452216322589,-39.5573052637709,33.305));
#6784=CARTESIAN_POINT('',(72.4935416372109,-38.0048381862169,33.105));
#6785=CARTESIAN_POINT('',(72.4935416372109,-38.0048381862169,33.305));
#6786=CARTESIAN_POINT('',(72.4935416372109,-38.0048381862169,33.105));
#6787=CARTESIAN_POINT('Origin',(70.7500963957597,-37.5436431862042,33.305));
#6788=CARTESIAN_POINT('',(70.7500963957597,-37.5436431862042,33.305));
#6789=CARTESIAN_POINT('',(77.4638821264329,-39.3196464334101,33.305));
#6790=CARTESIAN_POINT('',(70.7500963957597,-37.5436431862042,33.105));
#6791=CARTESIAN_POINT('',(70.7500963957597,-37.5436431862042,33.305));
#6792=CARTESIAN_POINT('',(70.7500963957597,-37.5436431862042,33.105));
#6793=CARTESIAN_POINT('Origin',(71.8894184064357,-38.9416218893851,33.305));
#6794=CARTESIAN_POINT('',(71.8894184064357,-38.9416218893851,33.305));
#6795=CARTESIAN_POINT('',(80.5866086000834,-49.6133078168947,33.305));
#6796=CARTESIAN_POINT('',(71.8894184064357,-38.9416218893851,33.105));
#6797=CARTESIAN_POINT('',(71.8894184064357,-38.9416218893851,33.305));
#6798=CARTESIAN_POINT('',(71.8894184064357,-38.9416218893851,33.105));
#6799=CARTESIAN_POINT('Origin',(71.95016697958,-39.0161550499127,33.305));
#6800=CARTESIAN_POINT('',(71.95016697958,-39.0161550499127,33.305));
#6801=CARTESIAN_POINT('',(80.6172293297715,-49.6498788727736,33.305));
#6802=CARTESIAN_POINT('',(71.95016697958,-39.0161550499127,33.105));
#6803=CARTESIAN_POINT('',(71.95016697958,-39.0161550499127,33.305));
#6804=CARTESIAN_POINT('',(71.95016697958,-39.0161550499127,33.105));
#6805=CARTESIAN_POINT('Origin',(71.8979909411558,-39.0967733122036,33.305));
#6806=CARTESIAN_POINT('',(71.8979909411558,-39.0967733122036,33.305));
#6807=CARTESIAN_POINT('',(65.3030661769766,-49.2867262194265,33.305));
#6808=CARTESIAN_POINT('',(71.8979909411558,-39.0967733122036,33.105));
#6809=CARTESIAN_POINT('',(71.8979909411558,-39.0967733122036,33.305));
#6810=CARTESIAN_POINT('',(71.8979909411558,-39.0967733122036,33.105));
#6811=CARTESIAN_POINT('Origin',(70.9204348357011,-40.6124390340969,33.305));
#6812=CARTESIAN_POINT('',(70.9204348357011,-40.6124390340969,33.305));
#6813=CARTESIAN_POINT('',(64.8214020231652,-50.068770920401,33.305));
#6814=CARTESIAN_POINT('',(70.9204348357011,-40.6124390340969,33.105));
#6815=CARTESIAN_POINT('',(70.9204348357011,-40.6124390340969,33.305));
#6816=CARTESIAN_POINT('',(70.9204348357011,-40.6124390340969,33.105));
#6817=CARTESIAN_POINT('Origin',(72.6917676877468,-39.9261628922944,33.305));
#6818=CARTESIAN_POINT('',(72.6917676877468,-39.9261628922944,33.305));
#6819=CARTESIAN_POINT('',(69.0507205559883,-41.3368315731233,33.305));
#6820=CARTESIAN_POINT('',(72.6917676877468,-39.9261628922944,33.105));
#6821=CARTESIAN_POINT('',(72.6917676877468,-39.9261628922944,33.305));
#6822=CARTESIAN_POINT('',(72.6917676877468,-39.9261628922944,33.105));
#6823=CARTESIAN_POINT('Origin',(72.7525157562384,-40.0007222947603,33.305));
#6824=CARTESIAN_POINT('',(72.7525157562384,-40.0007222947603,33.305));
#6825=CARTESIAN_POINT('',(81.0175090725893,-50.14479729751,33.305));
#6826=CARTESIAN_POINT('',(72.7525157562384,-40.0007222947603,33.105));
#6827=CARTESIAN_POINT('',(72.7525157562384,-40.0007222947603,33.305));
#6828=CARTESIAN_POINT('',(72.7525157562384,-40.0007222947603,33.105));
#6829=CARTESIAN_POINT('Origin',(73.8919175020346,-41.3989402033016,33.305));
#6830=CARTESIAN_POINT('',(73.8919175020346,-41.3989402033016,33.305));
#6831=CARTESIAN_POINT('',(81.5876039305684,-50.8427089377225,33.305));
#6832=CARTESIAN_POINT('',(73.8919175020346,-41.3989402033016,33.105));
#6833=CARTESIAN_POINT('',(73.8919175020346,-41.3989402033016,33.305));
#6834=CARTESIAN_POINT('',(73.8919175020346,-41.3989402033016,33.105));
#6835=CARTESIAN_POINT('Origin',(73.7919049334018,-39.5980266309902,33.305));
#6836=CARTESIAN_POINT('',(74.661265268309,-55.2524873429477,33.305));
#6837=CARTESIAN_POINT('',(73.7919049334018,-39.5980266309902,33.105));
#6838=CARTESIAN_POINT('Origin',(73.1539946393657,-38.9160370088741,33.105));
#6839=CARTESIAN_POINT('Origin',(61.097429617246,-50.2057235360145,33.305));
#6840=CARTESIAN_POINT('',(61.097429617246,-50.2057235360145,33.305));
#6841=CARTESIAN_POINT('',(61.068246058623,-50.29795738856,33.305));
#6842=CARTESIAN_POINT('',(58.8184966555793,-57.4082299014159,33.305));
#6843=CARTESIAN_POINT('',(61.097429617246,-50.2057235360145,33.105));
#6844=CARTESIAN_POINT('',(61.097429617246,-50.2057235360145,33.305));
#6845=CARTESIAN_POINT('',(61.068246058623,-50.29795738856,33.105));
#6846=CARTESIAN_POINT('',(61.097429617246,-50.2057235360145,33.105));
#6847=CARTESIAN_POINT('',(61.068246058623,-50.29795738856,33.305));
#6848=CARTESIAN_POINT('Origin',(65.5994922578335,-50.2057235360146,33.305));
#6849=CARTESIAN_POINT('',(65.5994922578335,-50.2057235360146,33.305));
#6850=CARTESIAN_POINT('',(70.9512498051484,-50.2057235360146,33.305));
#6851=CARTESIAN_POINT('',(65.5994922578335,-50.2057235360146,33.105));
#6852=CARTESIAN_POINT('',(65.5994922578335,-50.2057235360146,33.305));
#6853=CARTESIAN_POINT('',(65.5994922578335,-50.2057235360146,33.105));
#6854=CARTESIAN_POINT('Origin',(62.0333137770494,-47.5629857420921,33.305));
#6855=CARTESIAN_POINT('',(62.0333137770494,-47.5629857420921,33.305));
#6856=CARTESIAN_POINT('',(72.2120587911171,-55.1060053324806,33.305));
#6857=CARTESIAN_POINT('',(62.0333137770494,-47.5629857420921,33.105));
#6858=CARTESIAN_POINT('',(62.0333137770494,-47.5629857420921,33.305));
#6859=CARTESIAN_POINT('',(62.0333137770494,-47.5629857420921,33.105));
#6860=CARTESIAN_POINT('Origin',(61.9573254505793,-47.5066559076309,33.305));
#6861=CARTESIAN_POINT('',(61.9573254505793,-47.5066559076309,33.305));
#6862=CARTESIAN_POINT('',(72.173532265572,-55.0798880795085,33.305));
#6863=CARTESIAN_POINT('',(61.9573254505793,-47.5066559076309,33.105));
#6864=CARTESIAN_POINT('',(61.9573254505793,-47.5066559076309,33.305));
#6865=CARTESIAN_POINT('',(61.9573254505793,-47.5066559076309,33.105));
#6866=CARTESIAN_POINT('Origin',(61.9860063751539,-47.4164860844612,33.305));
#6867=CARTESIAN_POINT('',(61.9860063751539,-47.4164860844612,33.305));
#6868=CARTESIAN_POINT('',(59.2572634897031,-55.9953679408389,33.305));
#6869=CARTESIAN_POINT('',(61.9860063751539,-47.4164860844612,33.105));
#6870=CARTESIAN_POINT('',(61.9860063751539,-47.4164860844612,33.305));
#6871=CARTESIAN_POINT('',(61.9860063751539,-47.4164860844612,33.105));
#6872=CARTESIAN_POINT('Origin',(63.3466523885727,-43.1451589663823,33.305));
#6873=CARTESIAN_POINT('',(63.3466523885727,-43.1451589663823,33.305));
#6874=CARTESIAN_POINT('',(59.9352367906818,-53.8542426006307,33.305));
#6875=CARTESIAN_POINT('',(63.3466523885727,-43.1451589663823,33.105));
#6876=CARTESIAN_POINT('',(63.3466523885727,-43.1451589663823,33.305));
#6877=CARTESIAN_POINT('',(63.3466523885727,-43.1451589663823,33.105));
#6878=CARTESIAN_POINT('Origin',(59.7879538695018,-45.7822073062261,33.305));
#6879=CARTESIAN_POINT('',(59.7879538695018,-45.7822073062261,33.305));
#6880=CARTESIAN_POINT('',(59.1195131946377,-46.277531752084,33.305));
#6881=CARTESIAN_POINT('',(59.7879538695018,-45.7822073062261,33.105));
#6882=CARTESIAN_POINT('',(59.7879538695018,-45.7822073062261,33.305));
#6883=CARTESIAN_POINT('',(59.7879538695018,-45.7822073062261,33.105));
#6884=CARTESIAN_POINT('Origin',(59.7091609358788,-45.8406016747157,33.305));
#6885=CARTESIAN_POINT('',(59.7091609358788,-45.8406016747157,33.305));
#6886=CARTESIAN_POINT('',(59.0793941141587,-46.3073292625727,33.305));
#6887=CARTESIAN_POINT('',(59.7091609358788,-45.8406016747157,33.105));
#6888=CARTESIAN_POINT('',(59.7091609358788,-45.8406016747157,33.305));
#6889=CARTESIAN_POINT('',(59.7091609358788,-45.8406016747157,33.105));
#6890=CARTESIAN_POINT('Origin',(59.6303412556648,-45.7822073062261,33.305));
#6891=CARTESIAN_POINT('',(59.6303412556648,-45.7822073062261,33.305));
#6892=CARTESIAN_POINT('',(71.0111287018086,-54.2137804111679,33.305));
#6893=CARTESIAN_POINT('',(59.6303412556648,-45.7822073062261,33.105));
#6894=CARTESIAN_POINT('',(59.6303412556648,-45.7822073062261,33.305));
#6895=CARTESIAN_POINT('',(59.6303412556648,-45.7822073062261,33.105));
#6896=CARTESIAN_POINT('Origin',(56.0719076792399,-43.1451589663823,33.305));
#6897=CARTESIAN_POINT('',(56.0719076792399,-43.1451589663823,33.305));
#6898=CARTESIAN_POINT('',(69.2313264300765,-52.8972093067646,33.305));
#6899=CARTESIAN_POINT('',(56.0719076792399,-43.1451589663823,33.105));
#6900=CARTESIAN_POINT('',(56.0719076792399,-43.1451589663823,33.305));
#6901=CARTESIAN_POINT('',(56.0719076792399,-43.1451589663823,33.105));
#6902=CARTESIAN_POINT('Origin',(57.4322887500127,-47.4164860844612,33.305));
#6903=CARTESIAN_POINT('',(57.4322887500127,-47.4164860844612,33.305));
#6904=CARTESIAN_POINT('',(61.6912869420363,-60.78889684809,33.305));
#6905=CARTESIAN_POINT('',(57.4322887500127,-47.4164860844612,33.105));
#6906=CARTESIAN_POINT('',(57.4322887500127,-47.4164860844612,33.305));
#6907=CARTESIAN_POINT('',(57.4322887500127,-47.4164860844612,33.105));
#6908=CARTESIAN_POINT('Origin',(57.4609701792399,-47.5066559076309,33.305));
#6909=CARTESIAN_POINT('',(57.4609701792399,-47.5066559076309,33.305));
#6910=CARTESIAN_POINT('',(61.7000482551756,-60.8336389349335,33.305));
#6911=CARTESIAN_POINT('',(57.4609701792399,-47.5066559076309,33.105));
#6912=CARTESIAN_POINT('',(57.4609701792399,-47.5066559076309,33.305));
#6913=CARTESIAN_POINT('',(57.4609701792399,-47.5066559076309,33.105));
#6914=CARTESIAN_POINT('Origin',(57.3850078423818,-47.5629857420921,33.305));
#6915=CARTESIAN_POINT('',(57.3850078423818,-47.5629857420921,33.305));
#6916=CARTESIAN_POINT('',(57.9137864179634,-47.1708702430024,33.305));
#6917=CARTESIAN_POINT('',(57.3850078423818,-47.5629857420921,33.105));
#6918=CARTESIAN_POINT('',(57.3850078423818,-47.5629857420921,33.305));
#6919=CARTESIAN_POINT('',(57.3850078423818,-47.5629857420921,33.105));
#6920=CARTESIAN_POINT('Origin',(53.8188212871552,-50.2057235360145,33.305));
#6921=CARTESIAN_POINT('',(53.8188212871552,-50.2057235360145,33.305));
#6922=CARTESIAN_POINT('',(56.134668274079,-48.4895552249891,33.305));
#6923=CARTESIAN_POINT('',(53.8188212871552,-50.2057235360145,33.105));
#6924=CARTESIAN_POINT('',(53.8188212871552,-50.2057235360145,33.305));
#6925=CARTESIAN_POINT('',(53.8188212871552,-50.2057235360145,33.105));
#6926=CARTESIAN_POINT('Origin',(58.3208655079206,-50.2057235360145,33.305));
#6927=CARTESIAN_POINT('',(58.3208655079206,-50.2057235360145,33.305));
#6928=CARTESIAN_POINT('',(67.3119364301919,-50.2057235360145,33.305));
#6929=CARTESIAN_POINT('',(58.3208655079206,-50.2057235360145,33.105));
#6930=CARTESIAN_POINT('',(58.3208655079206,-50.2057235360145,33.305));
#6931=CARTESIAN_POINT('',(58.3208655079206,-50.2057235360145,33.105));
#6932=CARTESIAN_POINT('Origin',(58.3500758131345,-50.29795738856,33.305));
#6933=CARTESIAN_POINT('',(58.3500758131345,-50.29795738856,33.305));
#6934=CARTESIAN_POINT('',(62.1280929476389,-62.2273457583801,33.305));
#6935=CARTESIAN_POINT('',(58.3500758131345,-50.29795738856,33.105));
#6936=CARTESIAN_POINT('',(58.3500758131345,-50.29795738856,33.305));
#6937=CARTESIAN_POINT('',(58.3500758131345,-50.29795738856,33.105));
#6938=CARTESIAN_POINT('Origin',(59.7091609358788,-54.5643688427905,33.305));
#6939=CARTESIAN_POINT('',(59.7091609358788,-54.5643688427905,33.305));
#6940=CARTESIAN_POINT('',(62.8305309589943,-64.3629080193673,33.305));
#6941=CARTESIAN_POINT('',(59.7091609358788,-54.5643688427905,33.105));
#6942=CARTESIAN_POINT('',(59.7091609358788,-54.5643688427905,33.305));
#6943=CARTESIAN_POINT('',(59.7091609358788,-54.5643688427905,33.105));
#6944=CARTESIAN_POINT('Origin',(61.068246058623,-50.29795738856,33.305));
#6945=CARTESIAN_POINT('',(58.7960939855145,-57.430649423986,33.305));
#6946=CARTESIAN_POINT('',(61.068246058623,-50.29795738856,33.105));
#6947=CARTESIAN_POINT('Origin',(59.7091567724943,-48.8547639045864,33.105));
#6948=CARTESIAN_POINT('Origin',(73.98,-84.57,29.195));
#6949=CARTESIAN_POINT('',(73.98,-80.87,33.305));
#6950=CARTESIAN_POINT('',(73.98,-84.57,33.305));
#6951=CARTESIAN_POINT('',(73.98,-77.7170271673992,33.305));
#6952=CARTESIAN_POINT('',(73.98,-80.87,31.305));
#6953=CARTESIAN_POINT('',(73.98,-80.87,29.195));
#6954=CARTESIAN_POINT('',(73.98,-84.57,31.305));
#6955=CARTESIAN_POINT('',(73.98,-77.7170271673992,31.305));
#6956=CARTESIAN_POINT('',(73.98,-84.57,29.195));
#6957=CARTESIAN_POINT('Origin',(73.58,-84.57,29.195));
#6958=CARTESIAN_POINT('',(73.58,-84.97,33.305));
#6959=CARTESIAN_POINT('Origin',(73.58,-84.57,33.305));
#6960=CARTESIAN_POINT('',(73.58,-84.97,31.305));
#6961=CARTESIAN_POINT('Origin',(73.58,-84.57,31.305));
#6962=CARTESIAN_POINT('',(73.58,-84.97,29.195));
#6963=CARTESIAN_POINT('Origin',(69.88,-84.97,29.195));
#6964=CARTESIAN_POINT('',(69.88,-84.97,33.305));
#6965=CARTESIAN_POINT('',(73.0915036762316,-84.97,33.305));
#6966=CARTESIAN_POINT('',(69.88,-84.97,31.305));
#6967=CARTESIAN_POINT('',(73.0915036762316,-84.97,31.305));
#6968=CARTESIAN_POINT('',(69.88,-84.97,29.195));
#6969=CARTESIAN_POINT('Origin',(69.88,-84.57,29.195));
#6970=CARTESIAN_POINT('',(69.48,-84.57,33.305));
#6971=CARTESIAN_POINT('Origin',(69.88,-84.57,33.305));
#6972=CARTESIAN_POINT('',(69.48,-84.57,31.305));
#6973=CARTESIAN_POINT('Origin',(69.88,-84.57,31.305));
#6974=CARTESIAN_POINT('',(69.48,-84.57,29.195));
#6975=CARTESIAN_POINT('Origin',(69.48,-80.87,29.195));
#6976=CARTESIAN_POINT('',(69.48,-80.87,33.305));
#6977=CARTESIAN_POINT('',(69.48,-75.8670271673992,33.305));
#6978=CARTESIAN_POINT('',(69.48,-80.87,31.305));
#6979=CARTESIAN_POINT('',(69.48,-75.8670271673992,31.305));
#6980=CARTESIAN_POINT('',(69.48,-80.87,29.195));
#6981=CARTESIAN_POINT('Origin',(69.88,-80.87,29.195));
#6982=CARTESIAN_POINT('',(69.88,-80.47,33.305));
#6983=CARTESIAN_POINT('Origin',(69.88,-80.87,33.305));
#6984=CARTESIAN_POINT('',(69.88,-80.47,31.305));
#6985=CARTESIAN_POINT('Origin',(69.88,-80.87,31.305));
#6986=CARTESIAN_POINT('',(69.88,-80.47,29.195));
#6987=CARTESIAN_POINT('Origin',(73.58,-80.47,29.195));
#6988=CARTESIAN_POINT('',(73.58,-80.47,33.305));
#6989=CARTESIAN_POINT('',(74.9415036762316,-80.47,33.305));
#6990=CARTESIAN_POINT('',(73.58,-80.47,31.305));
#6991=CARTESIAN_POINT('',(74.9415036762316,-80.47,31.305));
#6992=CARTESIAN_POINT('',(73.58,-80.47,29.195));
#6993=CARTESIAN_POINT('Origin',(73.58,-80.87,29.195));
#6994=CARTESIAN_POINT('Origin',(73.58,-80.87,33.305));
#6995=CARTESIAN_POINT('Origin',(73.58,-80.87,31.305));
#6996=CARTESIAN_POINT('Origin',(83.94,-80.47,29.195));
#6997=CARTESIAN_POINT('',(80.24,-80.47,33.305));
#6998=CARTESIAN_POINT('',(83.94,-80.47,33.305));
#6999=CARTESIAN_POINT('',(80.1215036762316,-80.47,33.305));
#7000=CARTESIAN_POINT('',(80.24,-80.47,31.305));
#7001=CARTESIAN_POINT('',(80.24,-80.47,29.195));
#7002=CARTESIAN_POINT('',(83.94,-80.47,31.305));
#7003=CARTESIAN_POINT('',(80.1215036762316,-80.47,31.305));
#7004=CARTESIAN_POINT('',(83.94,-80.47,29.195));
#7005=CARTESIAN_POINT('Origin',(83.94,-80.87,29.195));
#7006=CARTESIAN_POINT('',(84.34,-80.87,33.305));
#7007=CARTESIAN_POINT('Origin',(83.94,-80.87,33.305));
#7008=CARTESIAN_POINT('',(84.34,-80.87,31.305));
#7009=CARTESIAN_POINT('Origin',(83.94,-80.87,31.305));
#7010=CARTESIAN_POINT('',(84.34,-80.87,29.195));
#7011=CARTESIAN_POINT('Origin',(84.34,-84.57,29.195));
#7012=CARTESIAN_POINT('',(84.34,-84.57,33.305));
#7013=CARTESIAN_POINT('',(84.34,-77.7170271673992,33.305));
#7014=CARTESIAN_POINT('',(84.34,-84.57,31.305));
#7015=CARTESIAN_POINT('',(84.34,-77.7170271673992,31.305));
#7016=CARTESIAN_POINT('',(84.34,-84.57,29.195));
#7017=CARTESIAN_POINT('Origin',(83.94,-84.57,29.195));
#7018=CARTESIAN_POINT('',(83.94,-84.97,33.305));
#7019=CARTESIAN_POINT('Origin',(83.94,-84.57,33.305));
#7020=CARTESIAN_POINT('',(83.94,-84.97,31.305));
#7021=CARTESIAN_POINT('Origin',(83.94,-84.57,31.305));
#7022=CARTESIAN_POINT('',(83.94,-84.97,29.195));
#7023=CARTESIAN_POINT('Origin',(80.24,-84.97,29.195));
#7024=CARTESIAN_POINT('',(80.24,-84.97,33.305));
#7025=CARTESIAN_POINT('',(78.2715036762316,-84.97,33.305));
#7026=CARTESIAN_POINT('',(80.24,-84.97,31.305));
#7027=CARTESIAN_POINT('',(78.2715036762316,-84.97,31.305));
#7028=CARTESIAN_POINT('',(80.24,-84.97,29.195));
#7029=CARTESIAN_POINT('Origin',(80.24,-84.57,29.195));
#7030=CARTESIAN_POINT('',(79.84,-84.57,33.305));
#7031=CARTESIAN_POINT('Origin',(80.24,-84.57,33.305));
#7032=CARTESIAN_POINT('',(79.84,-84.57,31.305));
#7033=CARTESIAN_POINT('Origin',(80.24,-84.57,31.305));
#7034=CARTESIAN_POINT('',(79.84,-84.57,29.195));
#7035=CARTESIAN_POINT('Origin',(79.84,-80.87,29.195));
#7036=CARTESIAN_POINT('',(79.84,-80.87,33.305));
#7037=CARTESIAN_POINT('',(79.84,-75.8670271673992,33.305));
#7038=CARTESIAN_POINT('',(79.84,-80.87,31.305));
#7039=CARTESIAN_POINT('',(79.84,-75.8670271673992,31.305));
#7040=CARTESIAN_POINT('',(79.84,-80.87,29.195));
#7041=CARTESIAN_POINT('Origin',(80.24,-80.87,29.195));
#7042=CARTESIAN_POINT('Origin',(80.24,-80.87,33.305));
#7043=CARTESIAN_POINT('Origin',(80.24,-80.87,31.305));
#7044=CARTESIAN_POINT('Origin',(60.84,-84.97,29.195));
#7045=CARTESIAN_POINT('',(64.54,-84.97,33.305));
#7046=CARTESIAN_POINT('',(60.84,-84.97,33.305));
#7047=CARTESIAN_POINT('',(68.5715036762316,-84.97,33.305));
#7048=CARTESIAN_POINT('',(64.54,-84.97,31.305));
#7049=CARTESIAN_POINT('',(64.54,-84.97,29.195));
#7050=CARTESIAN_POINT('',(60.84,-84.97,31.305));
#7051=CARTESIAN_POINT('',(68.5715036762316,-84.97,31.305));
#7052=CARTESIAN_POINT('',(60.84,-84.97,29.195));
#7053=CARTESIAN_POINT('Origin',(60.84,-84.57,29.195));
#7054=CARTESIAN_POINT('',(60.44,-84.57,33.305));
#7055=CARTESIAN_POINT('Origin',(60.84,-84.57,33.305));
#7056=CARTESIAN_POINT('',(60.44,-84.57,31.305));
#7057=CARTESIAN_POINT('Origin',(60.84,-84.57,31.305));
#7058=CARTESIAN_POINT('',(60.44,-84.57,29.195));
#7059=CARTESIAN_POINT('Origin',(60.44,-80.87,29.195));
#7060=CARTESIAN_POINT('',(60.44,-80.87,33.305));
#7061=CARTESIAN_POINT('',(60.44,-75.8670271673992,33.305));
#7062=CARTESIAN_POINT('',(60.44,-80.87,31.305));
#7063=CARTESIAN_POINT('',(60.44,-75.8670271673992,31.305));
#7064=CARTESIAN_POINT('',(60.44,-80.87,29.195));
#7065=CARTESIAN_POINT('Origin',(60.84,-80.87,29.195));
#7066=CARTESIAN_POINT('',(60.84,-80.47,33.305));
#7067=CARTESIAN_POINT('Origin',(60.84,-80.87,33.305));
#7068=CARTESIAN_POINT('',(60.84,-80.47,31.305));
#7069=CARTESIAN_POINT('Origin',(60.84,-80.87,31.305));
#7070=CARTESIAN_POINT('',(60.84,-80.47,29.195));
#7071=CARTESIAN_POINT('Origin',(64.54,-80.47,29.195));
#7072=CARTESIAN_POINT('',(64.54,-80.47,33.305));
#7073=CARTESIAN_POINT('',(70.4215036762316,-80.47,33.305));
#7074=CARTESIAN_POINT('',(64.54,-80.47,31.305));
#7075=CARTESIAN_POINT('',(70.4215036762316,-80.47,31.305));
#7076=CARTESIAN_POINT('',(64.54,-80.47,29.195));
#7077=CARTESIAN_POINT('Origin',(64.54,-80.87,29.195));
#7078=CARTESIAN_POINT('',(64.94,-80.87,33.305));
#7079=CARTESIAN_POINT('Origin',(64.54,-80.87,33.305));
#7080=CARTESIAN_POINT('',(64.94,-80.87,31.305));
#7081=CARTESIAN_POINT('Origin',(64.54,-80.87,31.305));
#7082=CARTESIAN_POINT('',(64.94,-80.87,29.195));
#7083=CARTESIAN_POINT('Origin',(64.94,-84.57,29.195));
#7084=CARTESIAN_POINT('',(64.94,-84.57,33.305));
#7085=CARTESIAN_POINT('',(64.94,-77.7170271673992,33.305));
#7086=CARTESIAN_POINT('',(64.94,-84.57,31.305));
#7087=CARTESIAN_POINT('',(64.94,-77.7170271673992,31.305));
#7088=CARTESIAN_POINT('',(64.94,-84.57,29.195));
#7089=CARTESIAN_POINT('Origin',(64.54,-84.57,29.195));
#7090=CARTESIAN_POINT('Origin',(64.54,-84.57,33.305));
#7091=CARTESIAN_POINT('Origin',(64.54,-84.57,31.305));
#7092=CARTESIAN_POINT('Origin',(93.41,-80.6,29.195));
#7093=CARTESIAN_POINT('',(89.71,-80.6,33.305));
#7094=CARTESIAN_POINT('',(93.41,-80.6,33.305));
#7095=CARTESIAN_POINT('',(84.8565036762316,-80.6,33.305));
#7096=CARTESIAN_POINT('',(89.71,-80.6,31.305));
#7097=CARTESIAN_POINT('',(89.71,-80.6,29.195));
#7098=CARTESIAN_POINT('',(93.41,-80.6,31.305));
#7099=CARTESIAN_POINT('',(84.8565036762316,-80.6,31.305));
#7100=CARTESIAN_POINT('',(93.41,-80.6,29.195));
#7101=CARTESIAN_POINT('Origin',(93.41,-81.,29.195));
#7102=CARTESIAN_POINT('',(93.81,-81.,33.305));
#7103=CARTESIAN_POINT('Origin',(93.41,-81.,33.305));
#7104=CARTESIAN_POINT('',(93.81,-81.,31.305));
#7105=CARTESIAN_POINT('Origin',(93.41,-81.,31.305));
#7106=CARTESIAN_POINT('',(93.81,-81.,29.195));
#7107=CARTESIAN_POINT('Origin',(93.81,-84.7,29.195));
#7108=CARTESIAN_POINT('',(93.81,-84.7,33.305));
#7109=CARTESIAN_POINT('',(93.81,-77.7820271673992,33.305));
#7110=CARTESIAN_POINT('',(93.81,-84.7,31.305));
#7111=CARTESIAN_POINT('',(93.81,-77.7820271673992,31.305));
#7112=CARTESIAN_POINT('',(93.81,-84.7,29.195));
#7113=CARTESIAN_POINT('Origin',(93.41,-84.7,29.195));
#7114=CARTESIAN_POINT('',(93.41,-85.1,33.305));
#7115=CARTESIAN_POINT('Origin',(93.41,-84.7,33.305));
#7116=CARTESIAN_POINT('',(93.41,-85.1,31.305));
#7117=CARTESIAN_POINT('Origin',(93.41,-84.7,31.305));
#7118=CARTESIAN_POINT('',(93.41,-85.1,29.195));
#7119=CARTESIAN_POINT('Origin',(89.71,-85.1,29.195));
#7120=CARTESIAN_POINT('',(89.71,-85.1,33.305));
#7121=CARTESIAN_POINT('',(83.0065036762316,-85.1,33.305));
#7122=CARTESIAN_POINT('',(89.71,-85.1,31.305));
#7123=CARTESIAN_POINT('',(83.0065036762316,-85.1,31.305));
#7124=CARTESIAN_POINT('',(89.71,-85.1,29.195));
#7125=CARTESIAN_POINT('Origin',(89.71,-84.7,29.195));
#7126=CARTESIAN_POINT('',(89.31,-84.7,33.305));
#7127=CARTESIAN_POINT('Origin',(89.71,-84.7,33.305));
#7128=CARTESIAN_POINT('',(89.31,-84.7,31.305));
#7129=CARTESIAN_POINT('Origin',(89.71,-84.7,31.305));
#7130=CARTESIAN_POINT('',(89.31,-84.7,29.195));
#7131=CARTESIAN_POINT('Origin',(89.31,-81.,29.195));
#7132=CARTESIAN_POINT('',(89.31,-81.,33.305));
#7133=CARTESIAN_POINT('',(89.31,-75.9320271673992,33.305));
#7134=CARTESIAN_POINT('',(89.31,-81.,31.305));
#7135=CARTESIAN_POINT('',(89.31,-75.9320271673992,31.305));
#7136=CARTESIAN_POINT('',(89.31,-81.,29.195));
#7137=CARTESIAN_POINT('Origin',(89.71,-81.,29.195));
#7138=CARTESIAN_POINT('Origin',(89.71,-81.,33.305));
#7139=CARTESIAN_POINT('Origin',(89.71,-81.,31.305));
#7140=CARTESIAN_POINT('Origin',(63.45,-73.9,29.595));
#7141=CARTESIAN_POINT('',(90.45,-73.9,33.305));
#7142=CARTESIAN_POINT('',(63.45,-73.9,33.305));
#7143=CARTESIAN_POINT('',(69.8765036762316,-73.9,33.305));
#7144=CARTESIAN_POINT('',(90.45,-73.9,31.305));
#7145=CARTESIAN_POINT('',(90.45,-73.9,29.595));
#7146=CARTESIAN_POINT('',(63.45,-73.9,31.305));
#7147=CARTESIAN_POINT('',(69.8765036762316,-73.9,31.305));
#7148=CARTESIAN_POINT('',(63.45,-73.9,29.595));
#7149=CARTESIAN_POINT('Origin',(63.45,-54.9,29.595));
#7150=CARTESIAN_POINT('',(63.45,-54.9,33.305));
#7151=CARTESIAN_POINT('',(63.45,-62.8820271673992,33.305));
#7152=CARTESIAN_POINT('',(63.45,-54.9,31.305));
#7153=CARTESIAN_POINT('',(63.45,-62.8820271673992,31.305));
#7154=CARTESIAN_POINT('',(63.45,-54.9,29.595));
#7155=CARTESIAN_POINT('Origin',(90.45,-54.9,29.595));
#7156=CARTESIAN_POINT('',(90.45,-54.9,33.305));
#7157=CARTESIAN_POINT('',(83.3765036762316,-54.9,33.305));
#7158=CARTESIAN_POINT('',(90.45,-54.9,31.305));
#7159=CARTESIAN_POINT('',(83.3765036762316,-54.9,31.305));
#7160=CARTESIAN_POINT('',(90.45,-54.9,29.595));
#7161=CARTESIAN_POINT('Origin',(90.45,-73.9,29.595));
#7162=CARTESIAN_POINT('',(90.45,-72.3820271673992,33.305));
#7163=CARTESIAN_POINT('',(90.45,-72.3820271673992,31.305));
#7164=CARTESIAN_POINT('Origin',(116.307591687559,-57.1393380118875,31.305));
#7165=CARTESIAN_POINT('',(116.086622010039,-56.9355560335571,31.305));
#7166=CARTESIAN_POINT('',(116.307591687559,-57.1393380118875,31.305));
#7167=CARTESIAN_POINT('',(108.918330965279,-50.3248366500376,31.305));
#7168=CARTESIAN_POINT('',(116.086622010039,-56.9355560335571,33.305));
#7169=CARTESIAN_POINT('',(116.086622010039,-56.9355560335571,31.305));
#7170=CARTESIAN_POINT('',(116.307591687559,-57.1393380118875,33.305));
#7171=CARTESIAN_POINT('',(108.918330965279,-50.3248366500376,33.305));
#7172=CARTESIAN_POINT('',(116.307591687559,-57.1393380118875,31.305));
#7173=CARTESIAN_POINT('Origin',(116.519678872137,-57.3507762026784,31.305));
#7174=CARTESIAN_POINT('',(116.519678872137,-57.3507762026784,31.305));
#7175=CARTESIAN_POINT('',(109.813001501753,-50.6646214864786,31.305));
#7176=CARTESIAN_POINT('',(116.519678872137,-57.3507762026784,33.305));
#7177=CARTESIAN_POINT('',(109.813001501753,-50.6646214864786,33.305));
#7178=CARTESIAN_POINT('',(116.519678872137,-57.3507762026784,31.305));
#7179=CARTESIAN_POINT('Origin',(116.722620879568,-57.5694316685608,31.305));
#7180=CARTESIAN_POINT('',(116.722620879568,-57.5694316685608,31.305));
#7181=CARTESIAN_POINT('',(110.684351435553,-51.0636291729868,31.305));
#7182=CARTESIAN_POINT('',(116.722620879568,-57.5694316685608,33.305));
#7183=CARTESIAN_POINT('',(110.684351435553,-51.0636291729868,33.305));
#7184=CARTESIAN_POINT('',(116.722620879568,-57.5694316685608,31.305));
#7185=CARTESIAN_POINT('Origin',(116.916240982051,-57.7949191488668,31.305));
#7186=CARTESIAN_POINT('',(116.916240982051,-57.7949191488668,31.305));
#7187=CARTESIAN_POINT('',(111.527817692899,-51.5196307118055,31.305));
#7188=CARTESIAN_POINT('',(116.916240982051,-57.7949191488668,33.305));
#7189=CARTESIAN_POINT('',(111.527817692899,-51.5196307118055,33.305));
#7190=CARTESIAN_POINT('',(116.916240982051,-57.7949191488668,31.305));
#7191=CARTESIAN_POINT('Origin',(117.100400181674,-58.0268917042266,31.305));
#7192=CARTESIAN_POINT('',(117.100400181674,-58.0268917042266,31.305));
#7193=CARTESIAN_POINT('',(112.339971006515,-52.0305096465903,31.305));
#7194=CARTESIAN_POINT('',(117.100400181674,-58.0268917042266,33.305));
#7195=CARTESIAN_POINT('',(112.339971006515,-52.0305096465903,33.305));
#7196=CARTESIAN_POINT('',(117.100400181674,-58.0268917042266,31.305));
#7197=CARTESIAN_POINT('Origin',(117.274931102836,-58.2649495223568,31.305));
#7198=CARTESIAN_POINT('',(117.274931102836,-58.2649495223568,31.305));
#7199=CARTESIAN_POINT('',(113.117047021958,-52.593651819079,31.305));
#7200=CARTESIAN_POINT('',(117.274931102836,-58.2649495223568,33.305));
#7201=CARTESIAN_POINT('',(113.117047021958,-52.593651819079,33.305));
#7202=CARTESIAN_POINT('',(117.274931102836,-58.2649495223568,31.305));
#7203=CARTESIAN_POINT('Origin',(117.439742634033,-58.5087770824797,31.305));
#7204=CARTESIAN_POINT('',(117.439742634033,-58.5087770824797,31.305));
#7205=CARTESIAN_POINT('',(113.855557155656,-53.2062160670629,31.305));
#7206=CARTESIAN_POINT('',(117.439742634033,-58.5087770824797,33.305));
#7207=CARTESIAN_POINT('',(113.855557155656,-53.2062160670629,33.305));
#7208=CARTESIAN_POINT('',(117.439742634033,-58.5087770824797,31.305));
#7209=CARTESIAN_POINT('Origin',(117.594706166842,-58.7580147698095,31.305));
#7210=CARTESIAN_POINT('',(117.594706166842,-58.7580147698095,31.305));
#7211=CARTESIAN_POINT('',(114.55291605656,-53.8657106341986,31.305));
#7212=CARTESIAN_POINT('',(117.594706166842,-58.7580147698095,33.305));
#7213=CARTESIAN_POINT('',(114.55291605656,-53.8657106341986,33.305));
#7214=CARTESIAN_POINT('',(117.594706166842,-58.7580147698095,31.305));
#7215=CARTESIAN_POINT('Origin',(117.739730931051,-59.0123328996475,31.305));
#7216=CARTESIAN_POINT('',(117.739730931051,-59.0123328996475,31.305));
#7217=CARTESIAN_POINT('',(115.20569165153,-54.5685943835444,31.305));
#7218=CARTESIAN_POINT('',(117.739730931051,-59.0123328996475,33.305));
#7219=CARTESIAN_POINT('',(115.20569165153,-54.5685943835444,33.305));
#7220=CARTESIAN_POINT('',(117.739730931051,-59.0123328996475,31.305));
#7221=CARTESIAN_POINT('Origin',(117.874749463504,-59.2714683945124,31.305));
#7222=CARTESIAN_POINT('',(117.874749463504,-59.2714683945124,31.305));
#7223=CARTESIAN_POINT('',(115.811938775221,-55.3124010071837,31.305));
#7224=CARTESIAN_POINT('',(117.874749463504,-59.2714683945124,33.305));
#7225=CARTESIAN_POINT('',(115.811938775221,-55.3124010071837,33.305));
#7226=CARTESIAN_POINT('',(117.874749463504,-59.2714683945124,31.305));
#7227=CARTESIAN_POINT('Origin',(117.999637089889,-59.5350401664878,31.305));
#7228=CARTESIAN_POINT('',(117.999637089889,-59.5350401664878,31.305));
#7229=CARTESIAN_POINT('',(116.369019588726,-56.0936684578677,31.305));
#7230=CARTESIAN_POINT('',(117.999637089889,-59.5350401664878,33.305));
#7231=CARTESIAN_POINT('',(116.369019588726,-56.0936684578677,33.305));
#7232=CARTESIAN_POINT('',(117.999637089889,-59.5350401664878,31.305));
#7233=CARTESIAN_POINT('Origin',(118.114342689879,-59.8028049329033,31.305));
#7234=CARTESIAN_POINT('',(118.114342689879,-59.8028049329033,31.305));
#7235=CARTESIAN_POINT('',(116.87463950143,-56.9088848914537,31.305));
#7236=CARTESIAN_POINT('',(118.114342689879,-59.8028049329033,33.305));
#7237=CARTESIAN_POINT('',(116.87463950143,-56.9088848914537,33.305));
#7238=CARTESIAN_POINT('',(118.114342689879,-59.8028049329033,31.305));
#7239=CARTESIAN_POINT('Origin',(118.218783219463,-60.0744934607455,31.305));
#7240=CARTESIAN_POINT('',(118.218783219463,-60.0744934607455,31.305));
#7241=CARTESIAN_POINT('',(117.327325866622,-57.7554824714884,31.305));
#7242=CARTESIAN_POINT('',(118.218783219463,-60.0744934607455,33.305));
#7243=CARTESIAN_POINT('',(117.327325866622,-57.7554824714884,33.305));
#7244=CARTESIAN_POINT('',(118.218783219463,-60.0744934607455,31.305));
#7245=CARTESIAN_POINT('Origin',(118.312865735878,-60.3497920236451,31.305));
#7246=CARTESIAN_POINT('',(118.312865735878,-60.3497920236451,31.305));
#7247=CARTESIAN_POINT('',(117.724949128607,-58.6294660454172,31.305));
#7248=CARTESIAN_POINT('',(118.312865735878,-60.3497920236451,33.305));
#7249=CARTESIAN_POINT('',(117.724949128607,-58.6294660454172,33.305));
#7250=CARTESIAN_POINT('',(118.312865735878,-60.3497920236451,31.305));
#7251=CARTESIAN_POINT('Origin',(118.396510041255,-60.6284482857538,31.305));
#7252=CARTESIAN_POINT('',(118.396510041255,-60.6284482857538,31.305));
#7253=CARTESIAN_POINT('',(118.066132238267,-59.5278133620777,31.305));
#7254=CARTESIAN_POINT('',(118.396510041255,-60.6284482857538,33.305));
#7255=CARTESIAN_POINT('',(118.066132238267,-59.5278133620777,33.305));
#7256=CARTESIAN_POINT('',(118.396510041255,-60.6284482857538,31.305));
#7257=CARTESIAN_POINT('Origin',(118.469627440538,-60.9101925585236,31.305));
#7258=CARTESIAN_POINT('',(118.469627440538,-60.9101925585236,31.305));
#7259=CARTESIAN_POINT('',(118.349383171476,-60.4468536751124,31.305));
#7260=CARTESIAN_POINT('',(118.469627440538,-60.9101925585236,33.305));
#7261=CARTESIAN_POINT('',(118.349383171476,-60.4468536751124,33.305));
#7262=CARTESIAN_POINT('',(118.469627440538,-60.9101925585236,31.305));
#7263=CARTESIAN_POINT('Origin',(118.532120581203,-61.194751572712,31.305));
#7264=CARTESIAN_POINT('',(118.532120581203,-61.194751572712,31.305));
#7265=CARTESIAN_POINT('',(118.57351948002,-61.3832591386679,31.305));
#7266=CARTESIAN_POINT('',(118.532120581203,-61.194751572712,33.305));
#7267=CARTESIAN_POINT('',(118.57351948002,-61.3832591386679,33.305));
#7268=CARTESIAN_POINT('',(118.532120581203,-61.194751572712,31.305));
#7269=CARTESIAN_POINT('Origin',(118.583889307134,-61.4818430252568,31.305));
#7270=CARTESIAN_POINT('',(118.583889307134,-61.4818430252568,31.305));
#7271=CARTESIAN_POINT('',(118.737405895483,-62.3331929386723,31.305));
#7272=CARTESIAN_POINT('',(118.583889307134,-61.4818430252568,33.305));
#7273=CARTESIAN_POINT('',(118.737405895483,-62.3331929386723,33.305));
#7274=CARTESIAN_POINT('',(118.583889307134,-61.4818430252568,31.305));
#7275=CARTESIAN_POINT('Origin',(118.624831477024,-61.7712111108229,31.305));
#7276=CARTESIAN_POINT('',(118.624831477024,-61.7712111108229,31.305));
#7277=CARTESIAN_POINT('',(118.840167287548,-63.2931458644621,31.305));
#7278=CARTESIAN_POINT('',(118.624831477024,-61.7712111108229,33.305));
#7279=CARTESIAN_POINT('',(118.840167287548,-63.2931458644621,33.305));
#7280=CARTESIAN_POINT('',(118.624831477024,-61.7712111108229,31.305));
#7281=CARTESIAN_POINT('Origin',(118.654827946998,-62.0624980875736,31.305));
#7282=CARTESIAN_POINT('',(118.654827946998,-62.0624980875736,31.305));
#7283=CARTESIAN_POINT('',(118.88105299897,-64.2593036287732,31.305));
#7284=CARTESIAN_POINT('',(118.654827946998,-62.0624980875736,33.305));
#7285=CARTESIAN_POINT('',(118.88105299897,-64.2593036287732,33.305));
#7286=CARTESIAN_POINT('',(118.654827946998,-62.0624980875736,31.305));
#7287=CARTESIAN_POINT('Origin',(118.673778386899,-62.355431408461,31.305));
#7288=CARTESIAN_POINT('',(118.673778386899,-62.355431408461,31.305));
#7289=CARTESIAN_POINT('',(118.859558789514,-65.2271995878756,31.305));
#7290=CARTESIAN_POINT('',(118.673778386899,-62.355431408461,33.305));
#7291=CARTESIAN_POINT('',(118.859558789514,-65.2271995878756,33.305));
#7292=CARTESIAN_POINT('',(118.673778386899,-62.355431408461,31.305));
#7293=CARTESIAN_POINT('Origin',(118.681566300273,-62.6497399022093,31.305));
#7294=CARTESIAN_POINT('',(118.681566300273,-62.6497399022093,31.305));
#7295=CARTESIAN_POINT('',(118.775345909776,-66.1937104487319,31.305));
#7296=CARTESIAN_POINT('',(118.681566300273,-62.6497399022093,33.305));
#7297=CARTESIAN_POINT('',(118.775345909776,-66.1937104487319,33.305));
#7298=CARTESIAN_POINT('',(118.681566300273,-62.6497399022093,31.305));
#7299=CARTESIAN_POINT('Origin',(118.678078632322,-62.9450091762627,31.305));
#7300=CARTESIAN_POINT('',(118.678078632322,-62.9450091762627,31.305));
#7301=CARTESIAN_POINT('',(118.628360328692,-67.1542078802077,31.305));
#7302=CARTESIAN_POINT('',(118.678078632322,-62.9450091762627,33.305));
#7303=CARTESIAN_POINT('',(118.628360328692,-67.1542078802077,33.305));
#7304=CARTESIAN_POINT('',(118.678078632322,-62.9450091762627,31.305));
#7305=CARTESIAN_POINT('Origin',(118.663212700584,-63.2409056292826,31.305));
#7306=CARTESIAN_POINT('',(118.663212700584,-63.2409056292826,31.305));
#7307=CARTESIAN_POINT('',(118.418874252398,-68.1042994232125,31.305));
#7308=CARTESIAN_POINT('',(118.663212700584,-63.2409056292826,33.305));
#7309=CARTESIAN_POINT('',(118.418874252398,-68.1042994232125,33.305));
#7310=CARTESIAN_POINT('',(118.663212700584,-63.2409056292826,31.305));
#7311=CARTESIAN_POINT('Origin',(118.636864529205,-63.5370774315139,31.305));
#7312=CARTESIAN_POINT('',(118.636864529205,-63.5370774315139,31.305));
#7313=CARTESIAN_POINT('',(118.147304307152,-69.040075388381,31.305));
#7314=CARTESIAN_POINT('',(118.636864529205,-63.5370774315139,33.305));
#7315=CARTESIAN_POINT('',(118.147304307152,-69.040075388381,33.305));
#7316=CARTESIAN_POINT('',(118.636864529205,-63.5370774315139,31.305));
#7317=CARTESIAN_POINT('Origin',(118.598946493224,-63.8331014041541,31.305));
#7318=CARTESIAN_POINT('',(118.598946493224,-63.8331014041541,31.305));
#7319=CARTESIAN_POINT('',(117.814533661312,-69.9569682313012,31.305));
#7320=CARTESIAN_POINT('',(118.598946493224,-63.8331014041541,33.305));
#7321=CARTESIAN_POINT('',(117.814533661312,-69.9569682313012,33.305));
#7322=CARTESIAN_POINT('',(118.598946493224,-63.8331014041541,31.305));
#7323=CARTESIAN_POINT('Origin',(118.5493806513,-64.1285770430311,31.305));
#7324=CARTESIAN_POINT('',(118.5493806513,-64.1285770430311,31.305));
#7325=CARTESIAN_POINT('',(117.421772369388,-70.8505606625696,31.305));
#7326=CARTESIAN_POINT('',(118.5493806513,-64.1285770430311,33.305));
#7327=CARTESIAN_POINT('',(117.421772369388,-70.8505606625696,33.305));
#7328=CARTESIAN_POINT('',(118.5493806513,-64.1285770430311,31.305));
#7329=CARTESIAN_POINT('Origin',(118.488117015096,-64.4230088441959,31.305));
#7330=CARTESIAN_POINT('',(118.488117015096,-64.4230088441959,31.305));
#7331=CARTESIAN_POINT('',(116.970515198171,-71.7165725974272,31.305));
#7332=CARTESIAN_POINT('',(118.488117015096,-64.4230088441959,33.305));
#7333=CARTESIAN_POINT('',(116.970515198171,-71.7165725974272,33.305));
#7334=CARTESIAN_POINT('',(118.488117015096,-64.4230088441959,31.305));
#7335=CARTESIAN_POINT('Origin',(118.415121639567,-64.7159671769812,31.305));
#7336=CARTESIAN_POINT('',(118.415121639567,-64.7159671769812,31.305));
#7337=CARTESIAN_POINT('',(116.463119049582,-72.550099410841,31.305));
#7338=CARTESIAN_POINT('',(118.415121639567,-64.7159671769812,33.305));
#7339=CARTESIAN_POINT('',(116.463119049582,-72.550099410841,33.305));
#7340=CARTESIAN_POINT('',(118.415121639567,-64.7159671769812,31.305));
#7341=CARTESIAN_POINT('Origin',(118.344230316712,-64.9594033815652,31.305));
#7342=CARTESIAN_POINT('',(118.344230316712,-64.9594033815652,31.305));
#7343=CARTESIAN_POINT('',(115.908417027772,-73.3238282258921,31.305));
#7344=CARTESIAN_POINT('',(118.344230316712,-64.9594033815652,33.305));
#7345=CARTESIAN_POINT('',(115.908417027772,-73.3238282258921,33.305));
#7346=CARTESIAN_POINT('',(118.344230316712,-64.9594033815652,31.305));
#7347=CARTESIAN_POINT('Origin',(105.032519689496,-107.566961433285,31.305));
#7348=CARTESIAN_POINT('',(105.032519689496,-107.566961433285,31.305));
#7349=CARTESIAN_POINT('',(108.97866408654,-94.9363100327256,31.305));
#7350=CARTESIAN_POINT('',(105.032519689496,-107.566961433285,33.305));
#7351=CARTESIAN_POINT('',(108.97866408654,-94.9363100327256,33.305));
#7352=CARTESIAN_POINT('',(105.032519689496,-107.566961433285,31.305));
#7353=CARTESIAN_POINT('Origin',(104.94904692728,-107.816245617827,31.305));
#7354=CARTESIAN_POINT('',(104.94904692728,-107.816245617827,31.305));
#7355=CARTESIAN_POINT('',(109.067972123256,-95.5154317786262,31.305));
#7356=CARTESIAN_POINT('',(104.94904692728,-107.816245617827,33.305));
#7357=CARTESIAN_POINT('',(109.067972123256,-95.5154317786262,33.305));
#7358=CARTESIAN_POINT('',(104.94904692728,-107.816245617827,31.305));
#7359=CARTESIAN_POINT('Origin',(104.837922564076,-108.108239414142,31.305));
#7360=CARTESIAN_POINT('',(104.837922564076,-108.108239414142,31.305));
#7361=CARTESIAN_POINT('',(109.223370559625,-96.5849013103942,31.305));
#7362=CARTESIAN_POINT('',(104.837922564076,-108.108239414142,33.305));
#7363=CARTESIAN_POINT('',(109.223370559625,-96.5849013103942,33.305));
#7364=CARTESIAN_POINT('',(104.837922564076,-108.108239414142,31.305));
#7365=CARTESIAN_POINT('Origin',(104.715605619152,-108.394315711174,31.305));
#7366=CARTESIAN_POINT('',(104.715605619152,-108.394315711174,31.305));
#7367=CARTESIAN_POINT('',(109.303182729705,-97.6648368727849,31.305));
#7368=CARTESIAN_POINT('',(104.715605619152,-108.394315711174,33.305));
#7369=CARTESIAN_POINT('',(109.303182729705,-97.6648368727849,33.305));
#7370=CARTESIAN_POINT('',(104.715605619152,-108.394315711174,31.305));
#7371=CARTESIAN_POINT('Origin',(104.582392722232,-108.674135974526,31.305));
#7372=CARTESIAN_POINT('',(104.582392722232,-108.674135974526,31.305));
#7373=CARTESIAN_POINT('',(109.307046335631,-98.749767922266,31.305));
#7374=CARTESIAN_POINT('',(104.582392722232,-108.674135974526,33.305));
#7375=CARTESIAN_POINT('',(109.307046335631,-98.749767922266,33.305));
#7376=CARTESIAN_POINT('',(104.582392722232,-108.674135974526,31.305));
#7377=CARTESIAN_POINT('Origin',(104.438647583532,-108.947262280942,31.305));
#7378=CARTESIAN_POINT('',(104.438647583532,-108.947262280942,31.305));
#7379=CARTESIAN_POINT('',(109.235022249691,-99.8337986284876,31.305));
#7380=CARTESIAN_POINT('',(104.438647583532,-108.947262280942,33.305));
#7381=CARTESIAN_POINT('',(109.235022249691,-99.8337986284876,33.305));
#7382=CARTESIAN_POINT('',(104.438647583532,-108.947262280942,31.305));
#7383=CARTESIAN_POINT('Origin',(104.284723030399,-109.213351938386,31.305));
#7384=CARTESIAN_POINT('',(104.284723030399,-109.213351938386,31.305));
#7385=CARTESIAN_POINT('',(109.08773790729,-100.910371307425,31.305));
#7386=CARTESIAN_POINT('',(104.284723030399,-109.213351938386,33.305));
#7387=CARTESIAN_POINT('',(109.08773790729,-100.910371307425,33.305));
#7388=CARTESIAN_POINT('',(104.284723030399,-109.213351938386,31.305));
#7389=CARTESIAN_POINT('Origin',(104.120924102874,-109.472153445775,31.305));
#7390=CARTESIAN_POINT('',(104.120924102874,-109.472153445775,31.305));
#7391=CARTESIAN_POINT('',(108.866210376541,-101.974624254533,31.305));
#7392=CARTESIAN_POINT('',(104.120924102874,-109.472153445775,33.305));
#7393=CARTESIAN_POINT('',(108.866210376541,-101.974624254533,33.305));
#7394=CARTESIAN_POINT('',(104.120924102874,-109.472153445775,31.305));
#7395=CARTESIAN_POINT('Origin',(103.94760182588,-109.723358614972,31.305));
#7396=CARTESIAN_POINT('',(103.94760182588,-109.723358614972,31.305));
#7397=CARTESIAN_POINT('',(108.571873288261,-103.021156709531,31.305));
#7398=CARTESIAN_POINT('',(103.94760182588,-109.723358614972,33.305));
#7399=CARTESIAN_POINT('',(108.571873288261,-103.021156709531,33.305));
#7400=CARTESIAN_POINT('',(103.94760182588,-109.723358614972,31.305));
#7401=CARTESIAN_POINT('Origin',(103.76508461667,-109.966716792826,31.305));
#7402=CARTESIAN_POINT('',(103.76508461667,-109.966716792826,31.305));
#7403=CARTESIAN_POINT('',(108.206578566237,-104.044678650826,31.305));
#7404=CARTESIAN_POINT('',(103.76508461667,-109.966716792826,33.305));
#7405=CARTESIAN_POINT('',(108.206578566237,-104.044678650826,33.305));
#7406=CARTESIAN_POINT('',(103.76508461667,-109.966716792826,31.305));
#7407=CARTESIAN_POINT('Origin',(103.573703173651,-110.201978959679,31.305));
#7408=CARTESIAN_POINT('',(103.573703173651,-110.201978959679,31.305));
#7409=CARTESIAN_POINT('',(107.772352927376,-105.040645533933,31.305));
#7410=CARTESIAN_POINT('',(103.573703173651,-110.201978959679,33.305));
#7411=CARTESIAN_POINT('',(107.772352927376,-105.040645533933,33.305));
#7412=CARTESIAN_POINT('',(103.573703173651,-110.201978959679,31.305));
#7413=CARTESIAN_POINT('Origin',(103.373746427861,-110.428961347226,31.305));
#7414=CARTESIAN_POINT('',(103.373746427861,-110.428961347226,31.305));
#7415=CARTESIAN_POINT('',(107.271718238729,-106.004149647463,31.305));
#7416=CARTESIAN_POINT('',(103.373746427861,-110.428961347226,33.305));
#7417=CARTESIAN_POINT('',(107.271718238729,-106.004149647463,33.305));
#7418=CARTESIAN_POINT('',(103.373746427861,-110.428961347226,31.305));
#7419=CARTESIAN_POINT('Origin',(103.165507168425,-110.64745745156,31.305));
#7420=CARTESIAN_POINT('',(103.165507168425,-110.64745745156,31.305));
#7421=CARTESIAN_POINT('',(106.706889877367,-106.931643594182,31.305));
#7422=CARTESIAN_POINT('',(103.165507168425,-110.64745745156,33.305));
#7423=CARTESIAN_POINT('',(106.706889877367,-106.931643594182,33.305));
#7424=CARTESIAN_POINT('',(103.165507168425,-110.64745745156,31.305));
#7425=CARTESIAN_POINT('Origin',(102.94932322965,-110.857230635891,31.305));
#7426=CARTESIAN_POINT('',(102.94932322965,-110.857230635891,31.305));
#7427=CARTESIAN_POINT('',(106.081038705133,-107.818383571528,31.305));
#7428=CARTESIAN_POINT('',(102.94932322965,-110.857230635891,33.305));
#7429=CARTESIAN_POINT('',(106.081038705133,-107.818383571528,33.305));
#7430=CARTESIAN_POINT('',(102.94932322965,-110.857230635891,31.305));
#7431=CARTESIAN_POINT('Origin',(102.725424504607,-111.05814608764,31.305));
#7432=CARTESIAN_POINT('',(102.725424504607,-111.05814608764,31.305));
#7433=CARTESIAN_POINT('',(105.397024274449,-108.660786859503,31.305));
#7434=CARTESIAN_POINT('',(102.725424504607,-111.05814608764,33.305));
#7435=CARTESIAN_POINT('',(105.397024274449,-108.660786859503,33.305));
#7436=CARTESIAN_POINT('',(102.725424504607,-111.05814608764,31.305));
#7437=CARTESIAN_POINT('Origin',(102.49406200228,-111.250028940737,31.305));
#7438=CARTESIAN_POINT('',(102.49406200228,-111.250028940737,31.305));
#7439=CARTESIAN_POINT('',(104.657618019359,-109.455661671982,31.305));
#7440=CARTESIAN_POINT('',(102.49406200228,-111.250028940737,33.305));
#7441=CARTESIAN_POINT('',(104.657618019359,-109.455661671982,33.305));
#7442=CARTESIAN_POINT('',(102.49406200228,-111.250028940737,31.305));
#7443=CARTESIAN_POINT('Origin',(102.255520142309,-111.432675818604,31.305));
#7444=CARTESIAN_POINT('',(102.255520142309,-111.432675818604,31.305));
#7445=CARTESIAN_POINT('',(103.866249881258,-110.199371282696,31.305));
#7446=CARTESIAN_POINT('',(102.255520142309,-111.432675818604,33.305));
#7447=CARTESIAN_POINT('',(103.866249881258,-110.199371282696,33.305));
#7448=CARTESIAN_POINT('',(102.255520142309,-111.432675818604,31.305));
#7449=CARTESIAN_POINT('Origin',(102.010063345991,-111.605896012054,31.305));
#7450=CARTESIAN_POINT('',(102.010063345991,-111.605896012054,31.305));
#7451=CARTESIAN_POINT('',(103.026298946919,-110.888733032564,31.305));
#7452=CARTESIAN_POINT('',(102.010063345991,-111.605896012054,33.305));
#7453=CARTESIAN_POINT('',(103.026298946919,-110.888733032564,33.305));
#7454=CARTESIAN_POINT('',(102.010063345991,-111.605896012054,31.305));
#7455=CARTESIAN_POINT('Origin',(101.75794999028,-111.769499916641,31.305));
#7456=CARTESIAN_POINT('',(101.75794999028,-111.769499916641,31.305));
#7457=CARTESIAN_POINT('',(102.141391674939,-111.520673127537,31.305));
#7458=CARTESIAN_POINT('',(101.75794999028,-111.769499916641,33.305));
#7459=CARTESIAN_POINT('',(102.141391674939,-111.520673127537,33.305));
#7460=CARTESIAN_POINT('',(101.75794999028,-111.769499916641,31.305));
#7461=CARTESIAN_POINT('Origin',(101.499394071385,-111.923318174999,31.305));
#7462=CARTESIAN_POINT('',(101.499394071385,-111.923318174999,31.305));
#7463=CARTESIAN_POINT('',(101.215145696292,-112.092421207661,31.305));
#7464=CARTESIAN_POINT('',(101.499394071385,-111.923318174999,33.305));
#7465=CARTESIAN_POINT('',(101.215145696292,-112.092421207661,33.305));
#7466=CARTESIAN_POINT('',(101.499394071385,-111.923318174999,31.305));
#7467=CARTESIAN_POINT('Origin',(101.234676523215,-112.067128518757,31.305));
#7468=CARTESIAN_POINT('',(101.234676523215,-112.067128518757,31.305));
#7469=CARTESIAN_POINT('',(100.251106329498,-112.601462448059,31.305));
#7470=CARTESIAN_POINT('',(101.234676523215,-112.067128518757,33.305));
#7471=CARTESIAN_POINT('',(100.251106329498,-112.601462448059,33.305));
#7472=CARTESIAN_POINT('',(101.234676523215,-112.067128518757,31.305));
#7473=CARTESIAN_POINT('Origin',(100.964027758014,-112.200742454167,31.305));
#7474=CARTESIAN_POINT('',(100.964027758014,-112.200742454167,31.305));
#7475=CARTESIAN_POINT('',(99.2538696618217,-113.045013638022,31.305));
#7476=CARTESIAN_POINT('',(100.964027758014,-112.200742454167,33.305));
#7477=CARTESIAN_POINT('',(99.2538696618217,-113.045013638022,33.305));
#7478=CARTESIAN_POINT('',(100.964027758014,-112.200742454167,31.305));
#7479=CARTESIAN_POINT('Origin',(100.687719536318,-112.32393118567,31.305));
#7480=CARTESIAN_POINT('',(100.687719536318,-112.32393118567,31.305));
#7481=CARTESIAN_POINT('',(98.2267338138848,-113.421132374741,31.305));
#7482=CARTESIAN_POINT('',(100.687719536318,-112.32393118567,33.305));
#7483=CARTESIAN_POINT('',(98.2267338138848,-113.421132374741,33.305));
#7484=CARTESIAN_POINT('',(100.687719536318,-112.32393118567,31.305));
#7485=CARTESIAN_POINT('Origin',(100.406098571568,-112.436449196766,31.305));
#7486=CARTESIAN_POINT('',(100.406098571568,-112.436449196766,31.305));
#7487=CARTESIAN_POINT('',(97.1751628908407,-113.727327725979,31.305));
#7488=CARTESIAN_POINT('',(100.406098571568,-112.436449196766,33.305));
#7489=CARTESIAN_POINT('',(97.1751628908407,-113.727327725979,33.305));
#7490=CARTESIAN_POINT('',(100.406098571568,-112.436449196766,31.305));
#7491=CARTESIAN_POINT('Origin',(100.119353113801,-112.538109274116,31.305));
#7492=CARTESIAN_POINT('',(100.119353113801,-112.538109274116,31.305));
#7493=CARTESIAN_POINT('',(96.1033291097982,-113.961913208336,31.305));
#7494=CARTESIAN_POINT('',(100.119353113801,-112.538109274116,33.305));
#7495=CARTESIAN_POINT('',(96.1033291097982,-113.961913208336,33.305));
#7496=CARTESIAN_POINT('',(100.119353113801,-112.538109274116,31.305));
#7497=CARTESIAN_POINT('Origin',(99.8278695719318,-112.628640733586,31.305));
#7498=CARTESIAN_POINT('',(99.8278695719318,-112.628640733586,31.305));
#7499=CARTESIAN_POINT('',(95.0154696970733,-114.12331717888,31.305));
#7500=CARTESIAN_POINT('',(99.8278695719318,-112.628640733586,33.305));
#7501=CARTESIAN_POINT('',(95.0154696970733,-114.12331717888,33.305));
#7502=CARTESIAN_POINT('',(99.8278695719318,-112.628640733586,31.305));
#7503=CARTESIAN_POINT('Origin',(99.531999710204,-112.707813762992,31.305));
#7504=CARTESIAN_POINT('',(99.531999710204,-112.707813762992,31.305));
#7505=CARTESIAN_POINT('',(93.9180695701705,-114.21006834704,31.305));
#7506=CARTESIAN_POINT('',(99.531999710204,-112.707813762992,33.305));
#7507=CARTESIAN_POINT('',(93.9180695701705,-114.21006834704,33.305));
#7508=CARTESIAN_POINT('',(99.531999710204,-112.707813762992,31.305));
#7509=CARTESIAN_POINT('Origin',(99.2320516746485,-112.775398853252,31.305));
#7510=CARTESIAN_POINT('',(99.2320516746485,-112.775398853252,31.305));
#7511=CARTESIAN_POINT('',(92.8151075938955,-114.221281784561,31.305));
#7512=CARTESIAN_POINT('',(99.2320516746485,-112.775398853252,33.305));
#7513=CARTESIAN_POINT('',(92.8151075938955,-114.221281784561,33.305));
#7514=CARTESIAN_POINT('',(99.2320516746485,-112.775398853252,31.305));
#7515=CARTESIAN_POINT('Origin',(98.9284833163467,-112.831151596468,31.305));
#7516=CARTESIAN_POINT('',(98.9284833163467,-112.831151596468,31.305));
#7517=CARTESIAN_POINT('',(91.7129235083059,-114.156346539013,31.305));
#7518=CARTESIAN_POINT('',(98.9284833163467,-112.831151596468,33.305));
#7519=CARTESIAN_POINT('',(91.7129235083059,-114.156346539013,33.305));
#7520=CARTESIAN_POINT('',(98.9284833163467,-112.831151596468,31.305));
#7521=CARTESIAN_POINT('Origin',(98.6216675140477,-112.874858354362,31.305));
#7522=CARTESIAN_POINT('',(98.6216675140477,-112.874858354362,31.305));
#7523=CARTESIAN_POINT('',(90.6170509219967,-114.015138081795,31.305));
#7524=CARTESIAN_POINT('',(98.6216675140477,-112.874858354362,33.305));
#7525=CARTESIAN_POINT('',(90.6170509219967,-114.015138081795,33.305));
#7526=CARTESIAN_POINT('',(98.6216675140477,-112.874858354362,31.305));
#7527=CARTESIAN_POINT('Origin',(98.3120734745422,-112.906300943542,31.305));
#7528=CARTESIAN_POINT('',(98.3120734745422,-112.906300943542,31.305));
#7529=CARTESIAN_POINT('',(89.5330128309094,-113.797908539247,31.305));
#7530=CARTESIAN_POINT('',(98.3120734745422,-112.906300943542,33.305));
#7531=CARTESIAN_POINT('',(89.5330128309094,-113.797908539247,33.305));
#7532=CARTESIAN_POINT('',(98.3120734745422,-112.906300943542,31.305));
#7533=CARTESIAN_POINT('Origin',(98.0001938062697,-112.925288329668,31.305));
#7534=CARTESIAN_POINT('',(98.0001938062697,-112.925288329668,31.305));
#7535=CARTESIAN_POINT('',(88.4672878704633,-113.505656286677,31.305));
#7536=CARTESIAN_POINT('',(98.0001938062697,-112.925288329668,33.305));
#7537=CARTESIAN_POINT('',(88.4672878704633,-113.505656286677,33.305));
#7538=CARTESIAN_POINT('',(98.0001938062697,-112.925288329668,31.305));
#7539=CARTESIAN_POINT('Origin',(97.7374158368328,-112.930616,31.305));
#7540=CARTESIAN_POINT('',(97.7374158368328,-112.930616,31.305));
#7541=CARTESIAN_POINT('',(87.4508774195688,-113.139169577228,31.305));
#7542=CARTESIAN_POINT('',(97.7374158368328,-112.930616,33.305));
#7543=CARTESIAN_POINT('',(87.4508774195688,-113.139169577228,33.305));
#7544=CARTESIAN_POINT('',(97.7374158368328,-112.930616,31.305));
#7545=CARTESIAN_POINT('Origin',(54.871165364743,-112.930616,31.305));
#7546=CARTESIAN_POINT('',(54.871165364743,-112.930616,31.305));
#7547=CARTESIAN_POINT('',(65.5870863586031,-112.930616,31.305));
#7548=CARTESIAN_POINT('',(54.871165364743,-112.930616,33.305));
#7549=CARTESIAN_POINT('',(65.5870863586031,-112.930616,33.305));
#7550=CARTESIAN_POINT('',(54.871165364743,-112.930616,31.305));
#7551=CARTESIAN_POINT('Origin',(54.6083886725624,-112.925288692187,31.305));
#7552=CARTESIAN_POINT('',(54.6083886725624,-112.925288692187,31.305));
#7553=CARTESIAN_POINT('',(65.0250601819701,-113.136467298073,31.305));
#7554=CARTESIAN_POINT('',(54.6083886725624,-112.925288692187,33.305));
#7555=CARTESIAN_POINT('',(65.0250601819701,-113.136467298073,33.305));
#7556=CARTESIAN_POINT('',(54.6083886725624,-112.925288692187,31.305));
#7557=CARTESIAN_POINT('Origin',(54.24635306071,-112.903248991361,31.305));
#7558=CARTESIAN_POINT('',(54.24635306071,-112.903248991361,31.305));
#7559=CARTESIAN_POINT('',(63.9590711470569,-113.494531710033,31.305));
#7560=CARTESIAN_POINT('',(54.24635306071,-112.903248991361,33.305));
#7561=CARTESIAN_POINT('',(63.9590711470569,-113.494531710033,33.305));
#7562=CARTESIAN_POINT('',(54.24635306071,-112.903248991361,31.305));
#7563=CARTESIAN_POINT('Origin',(53.680223959504,-112.834240728463,31.305));
#7564=CARTESIAN_POINT('',(53.680223959504,-112.834240728463,31.305));
#7565=CARTESIAN_POINT('',(62.3054820533446,-113.885615895081,31.305));
#7566=CARTESIAN_POINT('',(53.680223959504,-112.834240728463,33.305));
#7567=CARTESIAN_POINT('',(62.3054820533446,-113.885615895081,33.305));
#7568=CARTESIAN_POINT('',(53.680223959504,-112.834240728463,31.305));
#7569=CARTESIAN_POINT('Origin',(53.0764345177688,-112.710853949554,31.305));
#7570=CARTESIAN_POINT('',(53.0764345177688,-112.710853949554,31.305));
#7571=CARTESIAN_POINT('',(60.1198057255589,-114.150194928237,31.305));
#7572=CARTESIAN_POINT('',(53.0764345177688,-112.710853949554,33.305));
#7573=CARTESIAN_POINT('',(60.1198057255589,-114.150194928237,33.305));
#7574=CARTESIAN_POINT('',(53.0764345177688,-112.710853949554,31.305));
#7575=CARTESIAN_POINT('Origin',(52.4887548053331,-112.541059722302,31.305));
#7576=CARTESIAN_POINT('',(52.4887548053331,-112.541059722302,31.305));
#7577=CARTESIAN_POINT('',(57.921638544768,-114.110745176419,31.305));
#7578=CARTESIAN_POINT('',(52.4887548053331,-112.541059722302,33.305));
#7579=CARTESIAN_POINT('',(57.921638544768,-114.110745176419,33.305));
#7580=CARTESIAN_POINT('',(52.4887548053331,-112.541059722302,31.305));
#7581=CARTESIAN_POINT('Origin',(51.9200521523981,-112.326754447892,31.305));
#7582=CARTESIAN_POINT('',(51.9200521523981,-112.326754447892,31.305));
#7583=CARTESIAN_POINT('',(55.7547596276048,-113.771794370799,31.305));
#7584=CARTESIAN_POINT('',(51.9200521523981,-112.326754447892,33.305));
#7585=CARTESIAN_POINT('',(55.7547596276048,-113.771794370799,33.305));
#7586=CARTESIAN_POINT('',(51.9200521523981,-112.326754447892,31.305));
#7587=CARTESIAN_POINT('Origin',(51.3728047450002,-112.069815376674,31.305));
#7588=CARTESIAN_POINT('',(51.3728047450002,-112.069815376674,31.305));
#7589=CARTESIAN_POINT('',(53.6603441359529,-113.143841929455,31.305));
#7590=CARTESIAN_POINT('',(51.3728047450002,-112.069815376674,33.305));
#7591=CARTESIAN_POINT('',(53.6603441359529,-113.143841929455,33.305));
#7592=CARTESIAN_POINT('',(51.3728047450002,-112.069815376674,31.305));
#7593=CARTESIAN_POINT('Origin',(50.8492086650059,-111.77200221234,31.305));
#7594=CARTESIAN_POINT('',(50.8492086650059,-111.77200221234,31.305));
#7595=CARTESIAN_POINT('',(51.6750416116562,-112.241722923496,31.305));
#7596=CARTESIAN_POINT('',(50.8492086650059,-111.77200221234,33.305));
#7597=CARTESIAN_POINT('',(51.6750416116562,-112.241722923496,33.305));
#7598=CARTESIAN_POINT('',(50.8492086650059,-111.77200221234,31.305));
#7599=CARTESIAN_POINT('Origin',(50.3513211312055,-111.434962607553,31.305));
#7600=CARTESIAN_POINT('',(50.3513211312055,-111.434962607553,31.305));
#7601=CARTESIAN_POINT('',(49.832769213884,-111.083934470853,31.305));
#7602=CARTESIAN_POINT('',(50.3513211312055,-111.434962607553,33.305));
#7603=CARTESIAN_POINT('',(49.832769213884,-111.083934470853,33.305));
#7604=CARTESIAN_POINT('',(50.3513211312055,-111.434962607553,31.305));
#7605=CARTESIAN_POINT('Origin',(49.8811589307015,-111.060228538625,31.305));
#7606=CARTESIAN_POINT('',(49.8811589307015,-111.060228538625,31.305));
#7607=CARTESIAN_POINT('',(48.1640710676858,-109.691655478258,31.305));
#7608=CARTESIAN_POINT('',(49.8811589307015,-111.060228538625,33.305));
#7609=CARTESIAN_POINT('',(48.1640710676858,-109.691655478258,33.305));
#7610=CARTESIAN_POINT('',(49.8811589307015,-111.060228538625,31.305));
#7611=CARTESIAN_POINT('Origin',(49.4407764656397,-110.649265745404,31.305));
#7612=CARTESIAN_POINT('',(49.4407764656397,-110.649265745404,31.305));
#7613=CARTESIAN_POINT('',(46.697339310893,-108.089103419271,31.305));
#7614=CARTESIAN_POINT('',(49.4407764656397,-110.649265745404,33.305));
#7615=CARTESIAN_POINT('',(46.697339310893,-108.089103419271,33.305));
#7616=CARTESIAN_POINT('',(49.4407764656397,-110.649265745404,31.305));
#7617=CARTESIAN_POINT('Origin',(49.0323583681342,-110.203546423575,31.305));
#7618=CARTESIAN_POINT('',(49.0323583681342,-110.203546423575,31.305));
#7619=CARTESIAN_POINT('',(45.4582520743866,-106.303013506139,31.305));
#7620=CARTESIAN_POINT('',(49.0323583681342,-110.203546423575,33.305));
#7621=CARTESIAN_POINT('',(45.4582520743866,-106.303013506139,33.305));
#7622=CARTESIAN_POINT('',(49.0323583681342,-110.203546423575,31.305));
#7623=CARTESIAN_POINT('Origin',(48.6582623870571,-109.724675761594,31.305));
#7624=CARTESIAN_POINT('',(48.6582623870571,-109.724675761594,31.305));
#7625=CARTESIAN_POINT('',(44.4704695653529,-104.363989675115,31.305));
#7626=CARTESIAN_POINT('',(48.6582623870571,-109.724675761594,33.305));
#7627=CARTESIAN_POINT('',(44.4704695653529,-104.363989675115,33.305));
#7628=CARTESIAN_POINT('',(48.6582623870571,-109.724675761594,31.305));
#7629=CARTESIAN_POINT('Origin',(48.3209872059673,-109.214443335725,31.305));
#7630=CARTESIAN_POINT('',(48.3209872059673,-109.214443335725,31.305));
#7631=CARTESIAN_POINT('',(43.7544757664781,-102.306190549382,31.305));
#7632=CARTESIAN_POINT('',(48.3209872059673,-109.214443335725,33.305));
#7633=CARTESIAN_POINT('',(43.7544757664781,-102.306190549382,33.305));
#7634=CARTESIAN_POINT('',(48.3209872059673,-109.214443335725,31.305));
#7635=CARTESIAN_POINT('Origin',(48.0231777822607,-108.67497648295,31.305));
#7636=CARTESIAN_POINT('',(48.0231777822607,-108.67497648295,31.305));
#7637=CARTESIAN_POINT('',(43.326907371443,-100.167917885631,31.305));
#7638=CARTESIAN_POINT('',(48.0231777822607,-108.67497648295,33.305));
#7639=CARTESIAN_POINT('',(43.326907371443,-100.167917885631,33.305));
#7640=CARTESIAN_POINT('',(48.0231777822607,-108.67497648295,31.305));
#7641=CARTESIAN_POINT('Origin',(47.7884940786635,-108.155243178697,31.305));
#7642=CARTESIAN_POINT('',(47.7884940786635,-108.155243178697,31.305));
#7643=CARTESIAN_POINT('',(43.2097030015908,-98.0149983321502,31.305));
#7644=CARTESIAN_POINT('',(47.7884940786635,-108.155243178697,33.305));
#7645=CARTESIAN_POINT('',(43.2097030015908,-98.0149983321502,33.305));
#7646=CARTESIAN_POINT('',(47.7884940786635,-108.155243178697,31.305));
#7647=CARTESIAN_POINT('Origin',(47.6595086548248,-107.816325766283,31.305));
#7648=CARTESIAN_POINT('',(47.6595086548248,-107.816325766283,31.305));
#7649=CARTESIAN_POINT('',(43.3294124611335,-96.4387223612218,31.305));
#7650=CARTESIAN_POINT('',(47.6595086548248,-107.816325766283,33.305));
#7651=CARTESIAN_POINT('',(43.3294124611335,-96.4387223612218,33.305));
#7652=CARTESIAN_POINT('',(47.6595086548248,-107.816325766283,31.305));
#7653=CARTESIAN_POINT('Origin',(47.5760189651163,-107.567012288429,31.305));
#7654=CARTESIAN_POINT('',(47.5760189651163,-107.567012288429,31.305));
#7655=CARTESIAN_POINT('',(43.4985411898434,-95.39101584414,31.305));
#7656=CARTESIAN_POINT('',(47.5760189651163,-107.567012288429,33.305));
#7657=CARTESIAN_POINT('',(43.4985411898434,-95.39101584414,33.305));
#7658=CARTESIAN_POINT('',(47.5760189651163,-107.567012288429,31.305));
#7659=CARTESIAN_POINT('Origin',(34.2498469564182,-64.9125085174402,31.305));
#7660=CARTESIAN_POINT('',(34.2498469564182,-64.9125085174402,31.305));
#7661=CARTESIAN_POINT('',(36.9666994595178,-73.6086288483983,31.305));
#7662=CARTESIAN_POINT('',(34.2498469564182,-64.9125085174402,33.305));
#7663=CARTESIAN_POINT('',(36.9666994595178,-73.6086288483983,33.305));
#7664=CARTESIAN_POINT('',(34.2498469564182,-64.9125085174402,31.305));
#7665=CARTESIAN_POINT('Origin',(34.1178755484645,-64.423762541378,31.305));
#7666=CARTESIAN_POINT('',(34.1178755484645,-64.423762541378,31.305));
#7667=CARTESIAN_POINT('',(36.361664756459,-72.7334635860479,31.305));
#7668=CARTESIAN_POINT('',(34.1178755484645,-64.423762541378,33.305));
#7669=CARTESIAN_POINT('',(36.361664756459,-72.7334635860479,33.305));
#7670=CARTESIAN_POINT('',(34.1178755484645,-64.423762541378,31.305));
#7671=CARTESIAN_POINT('Origin',(34.0070802605056,-63.8338637248911,31.305));
#7672=CARTESIAN_POINT('',(34.0070802605056,-63.8338637248911,31.305));
#7673=CARTESIAN_POINT('',(35.3654010102355,-71.0658662534826,31.305));
#7674=CARTESIAN_POINT('',(34.0070802605056,-63.8338637248911,33.305));
#7675=CARTESIAN_POINT('',(35.3654010102355,-71.0658662534826,33.305));
#7676=CARTESIAN_POINT('',(34.0070802605056,-63.8338637248911,31.305));
#7677=CARTESIAN_POINT('Origin',(33.9428212686778,-63.2416447394009,31.305));
#7678=CARTESIAN_POINT('',(33.9428212686778,-63.2416447394009,31.305));
#7679=CARTESIAN_POINT('',(34.5980064414817,-69.2799140509708,31.305));
#7680=CARTESIAN_POINT('',(33.9428212686778,-63.2416447394009,33.305));
#7681=CARTESIAN_POINT('',(34.5980064414817,-69.2799140509708,33.305));
#7682=CARTESIAN_POINT('',(33.9428212686778,-63.2416447394009,31.305));
#7683=CARTESIAN_POINT('Origin',(33.9244484046534,-62.6503668693417,31.305));
#7684=CARTESIAN_POINT('',(33.9244484046534,-62.6503668693417,31.305));
#7685=CARTESIAN_POINT('',(34.0723772377657,-67.4110315782787,31.305));
#7686=CARTESIAN_POINT('',(33.9244484046534,-62.6503668693417,33.305));
#7687=CARTESIAN_POINT('',(34.0723772377657,-67.4110315782787,33.305));
#7688=CARTESIAN_POINT('',(33.9244484046534,-62.6503668693417,31.305));
#7689=CARTESIAN_POINT('Origin',(33.9511626185363,-62.0629845668195,31.305));
#7690=CARTESIAN_POINT('',(33.9511626185363,-62.0629845668195,31.305));
#7691=CARTESIAN_POINT('',(33.7951496359466,-65.4933406064396,31.305));
#7692=CARTESIAN_POINT('',(33.9511626185363,-62.0629845668195,33.305));
#7693=CARTESIAN_POINT('',(33.7951496359466,-65.4933406064396,33.305));
#7694=CARTESIAN_POINT('',(33.9511626185363,-62.0629845668195,31.305));
#7695=CARTESIAN_POINT('Origin',(34.0220747574923,-61.4821458288602,31.305));
#7696=CARTESIAN_POINT('',(34.0220747574923,-61.4821458288602,31.305));
#7697=CARTESIAN_POINT('',(33.7682564172892,-63.5611625750035,31.305));
#7698=CARTESIAN_POINT('',(34.0220747574923,-61.4821458288602,33.305));
#7699=CARTESIAN_POINT('',(33.7682564172892,-63.5611625750035,33.305));
#7700=CARTESIAN_POINT('',(34.0220747574923,-61.4821458288602,31.305));
#7701=CARTESIAN_POINT('Origin',(34.1363301605147,-60.9102262586025,31.305));
#7702=CARTESIAN_POINT('',(34.1363301605147,-60.9102262586025,31.305));
#7703=CARTESIAN_POINT('',(33.9893704847585,-61.645851116424,31.305));
#7704=CARTESIAN_POINT('',(34.1363301605147,-60.9102262586025,33.305));
#7705=CARTESIAN_POINT('',(33.9893704847585,-61.645851116424,33.305));
#7706=CARTESIAN_POINT('',(34.1363301605147,-60.9102262586025,31.305));
#7707=CARTESIAN_POINT('Origin',(34.2931089386536,-60.3495242403154,31.305));
#7708=CARTESIAN_POINT('',(34.2931089386536,-60.3495242403154,31.305));
#7709=CARTESIAN_POINT('',(34.4528500709149,-59.77822768905,31.305));
#7710=CARTESIAN_POINT('',(34.2931089386536,-60.3495242403154,33.305));
#7711=CARTESIAN_POINT('',(34.4528500709149,-59.77822768905,33.305));
#7712=CARTESIAN_POINT('',(34.2931089386536,-60.3495242403154,31.305));
#7713=CARTESIAN_POINT('Origin',(34.4916791872102,-59.802208527746,31.305));
#7714=CARTESIAN_POINT('',(34.4916791872102,-59.802208527746,31.305));
#7715=CARTESIAN_POINT('',(35.1501433217403,-57.987295318887,31.305));
#7716=CARTESIAN_POINT('',(34.4916791872102,-59.802208527746,33.305));
#7717=CARTESIAN_POINT('',(35.1501433217403,-57.987295318887,33.305));
#7718=CARTESIAN_POINT('',(34.4916791872102,-59.802208527746,31.305));
#7719=CARTESIAN_POINT('Origin',(34.7313769650503,-59.2704844638054,31.305));
#7720=CARTESIAN_POINT('',(34.7313769650503,-59.2704844638054,31.305));
#7721=CARTESIAN_POINT('',(36.0701507950249,-56.3006686065793,31.305));
#7722=CARTESIAN_POINT('',(34.7313769650503,-59.2704844638054,33.305));
#7723=CARTESIAN_POINT('',(36.0701507950249,-56.3006686065793,33.305));
#7724=CARTESIAN_POINT('',(34.7313769650503,-59.2704844638054,31.305));
#7725=CARTESIAN_POINT('Origin',(35.0115464708897,-58.75668052876,31.305));
#7726=CARTESIAN_POINT('',(35.0115464708897,-58.75668052876,31.305));
#7727=CARTESIAN_POINT('',(37.1988959975852,-54.7452918133154,31.305));
#7728=CARTESIAN_POINT('',(35.0115464708897,-58.75668052876,33.305));
#7729=CARTESIAN_POINT('',(37.1988959975852,-54.7452918133154,33.305));
#7730=CARTESIAN_POINT('',(35.0115464708897,-58.75668052876,31.305));
#7731=CARTESIAN_POINT('Origin',(35.3314981725883,-58.2632588060943,31.305));
#7732=CARTESIAN_POINT('',(35.3314981725883,-58.2632588060943,31.305));
#7733=CARTESIAN_POINT('',(38.5193193645223,-53.3470785960084,31.305));
#7734=CARTESIAN_POINT('',(35.3314981725883,-58.2632588060943,33.305));
#7735=CARTESIAN_POINT('',(38.5193193645223,-53.3470785960084,33.305));
#7736=CARTESIAN_POINT('',(35.3314981725883,-58.2632588060943,31.305));
#7737=CARTESIAN_POINT('Origin',(35.6904092825369,-57.792891205222,31.305));
#7738=CARTESIAN_POINT('',(35.6904092825369,-57.792891205222,31.305));
#7739=CARTESIAN_POINT('',(40.0109542985522,-52.1306413129433,31.305));
#7740=CARTESIAN_POINT('',(35.6904092825369,-57.792891205222,33.305));
#7741=CARTESIAN_POINT('',(40.0109542985522,-52.1306413129433,33.305));
#7742=CARTESIAN_POINT('',(35.6904092825369,-57.792891205222,31.305));
#7743=CARTESIAN_POINT('Origin',(36.0872391057041,-57.3484313132004,31.305));
#7744=CARTESIAN_POINT('',(36.0872391057041,-57.3484313132004,31.305));
#7745=CARTESIAN_POINT('',(41.6490858272889,-51.1190159593168,31.305));
#7746=CARTESIAN_POINT('',(36.0872391057041,-57.3484313132004,33.305));
#7747=CARTESIAN_POINT('',(41.6490858272889,-51.1190159593168,33.305));
#7748=CARTESIAN_POINT('',(36.0872391057041,-57.3484313132004,31.305));
#7749=CARTESIAN_POINT('Origin',(36.520583922504,-56.9329535980029,31.305));
#7750=CARTESIAN_POINT('',(36.520583922504,-56.9329535980029,31.305));
#7751=CARTESIAN_POINT('',(43.4050096886269,-50.332377389712,31.305));
#7752=CARTESIAN_POINT('',(36.520583922504,-56.9329535980029,33.305));
#7753=CARTESIAN_POINT('',(43.4050096886269,-50.332377389712,33.305));
#7754=CARTESIAN_POINT('',(36.520583922504,-56.9329535980029,31.305));
#7755=CARTESIAN_POINT('Origin',(36.912475705048,-56.6119680788613,31.305));
#7756=CARTESIAN_POINT('',(36.912475705048,-56.6119680788613,31.305));
#7757=CARTESIAN_POINT('',(45.2066927983647,-49.8184508423214,31.305));
#7758=CARTESIAN_POINT('',(36.912475705048,-56.6119680788613,33.305));
#7759=CARTESIAN_POINT('',(45.2066927983647,-49.8184508423214,33.305));
#7760=CARTESIAN_POINT('',(36.912475705048,-56.6119680788613,31.305));
#7761=CARTESIAN_POINT('Origin',(71.6962546171995,-30.3292645191116,31.305));
#7762=CARTESIAN_POINT('',(71.6962546171995,-30.3292645191116,31.305));
#7763=CARTESIAN_POINT('',(63.4141072037245,-36.5872742039209,31.305));
#7764=CARTESIAN_POINT('',(71.6962546171995,-30.3292645191116,33.305));
#7765=CARTESIAN_POINT('',(63.4141072037245,-36.5872742039209,33.305));
#7766=CARTESIAN_POINT('',(71.6962546171995,-30.3292645191116,31.305));
#7767=CARTESIAN_POINT('Origin',(71.9137197014314,-30.171900884714,31.305));
#7768=CARTESIAN_POINT('',(71.9137197014314,-30.171900884714,31.305));
#7769=CARTESIAN_POINT('',(63.6910684703465,-36.1220343816724,31.305));
#7770=CARTESIAN_POINT('',(71.9137197014314,-30.171900884714,33.305));
#7771=CARTESIAN_POINT('',(63.6910684703465,-36.1220343816724,33.305));
#7772=CARTESIAN_POINT('',(71.9137197014314,-30.171900884714,31.305));
#7773=CARTESIAN_POINT('Origin',(72.2226208961729,-29.967299924866,31.305));
#7774=CARTESIAN_POINT('',(72.2226208961729,-29.967299924866,31.305));
#7775=CARTESIAN_POINT('',(64.2266958575684,-35.2634074363314,31.305));
#7776=CARTESIAN_POINT('',(72.2226208961729,-29.967299924866,33.305));
#7777=CARTESIAN_POINT('',(64.2266958575684,-35.2634074363314,33.305));
#7778=CARTESIAN_POINT('',(72.2226208961729,-29.967299924866,31.305));
#7779=CARTESIAN_POINT('Origin',(72.7272155975363,-29.6762313274144,31.305));
#7780=CARTESIAN_POINT('',(72.7272155975363,-29.6762313274144,31.305));
#7781=CARTESIAN_POINT('',(65.1552808701606,-34.0439989934986,31.305));
#7782=CARTESIAN_POINT('',(72.7272155975363,-29.6762313274144,33.305));
#7783=CARTESIAN_POINT('',(65.1552808701606,-34.0439989934986,33.305));
#7784=CARTESIAN_POINT('',(72.7272155975363,-29.6762313274144,31.305));
#7785=CARTESIAN_POINT('Origin',(73.296248331773,-29.4074991639599,31.305));
#7786=CARTESIAN_POINT('',(73.296248331773,-29.4074991639599,31.305));
#7787=CARTESIAN_POINT('',(66.5214517636525,-32.6069736918304,31.305));
#7788=CARTESIAN_POINT('',(73.296248331773,-29.4074991639599,33.305));
#7789=CARTESIAN_POINT('',(66.5214517636525,-32.6069736918304,33.305));
#7790=CARTESIAN_POINT('',(73.296248331773,-29.4074991639599,31.305));
#7791=CARTESIAN_POINT('Origin',(73.8806591993022,-29.1876274553748,31.305));
#7792=CARTESIAN_POINT('',(73.8806591993022,-29.1876274553748,31.305));
#7793=CARTESIAN_POINT('',(68.0738534492887,-31.3723101377402,31.305));
#7794=CARTESIAN_POINT('',(73.8806591993022,-29.1876274553748,33.305));
#7795=CARTESIAN_POINT('',(68.0738534492887,-31.3723101377402,33.305));
#7796=CARTESIAN_POINT('',(73.8806591993022,-29.1876274553748,31.305));
#7797=CARTESIAN_POINT('Origin',(74.4768320643323,-29.0167676506383,31.305));
#7798=CARTESIAN_POINT('',(74.4768320643323,-29.0167676506383,31.305));
#7799=CARTESIAN_POINT('',(69.7791695465131,-30.363091422808,31.305));
#7800=CARTESIAN_POINT('',(74.4768320643323,-29.0167676506383,33.305));
#7801=CARTESIAN_POINT('',(69.7791695465131,-30.363091422808,33.305));
#7802=CARTESIAN_POINT('',(74.4768320643323,-29.0167676506383,31.305));
#7803=CARTESIAN_POINT('Origin',(75.0814611029324,-28.8948805197143,31.305));
#7804=CARTESIAN_POINT('',(75.0814611029324,-28.8948805197143,31.305));
#7805=CARTESIAN_POINT('',(71.6032999019793,-29.5960428235575,31.305));
#7806=CARTESIAN_POINT('',(75.0814611029324,-28.8948805197143,33.305));
#7807=CARTESIAN_POINT('',(71.6032999019793,-29.5960428235575,33.305));
#7808=CARTESIAN_POINT('',(75.0814611029324,-28.8948805197143,31.305));
#7809=CARTESIAN_POINT('Origin',(75.6915425806651,-28.8218275423487,31.305));
#7810=CARTESIAN_POINT('',(75.6915425806651,-28.8218275423487,31.305));
#7811=CARTESIAN_POINT('',(73.5114037603672,-29.0828838728654,31.305));
#7812=CARTESIAN_POINT('',(75.6915425806651,-28.8218275423487,33.305));
#7813=CARTESIAN_POINT('',(73.5114037603672,-29.0828838728654,33.305));
#7814=CARTESIAN_POINT('',(75.6915425806651,-28.8218275423487,31.305));
#7815=CARTESIAN_POINT('Origin',(76.3043035400679,-28.7974926695967,31.305));
#7816=CARTESIAN_POINT('',(76.3043035400679,-28.7974926695967,31.305));
#7817=CARTESIAN_POINT('',(75.4696669339293,-28.830638997366,31.305));
#7818=CARTESIAN_POINT('',(76.3043035400679,-28.7974926695967,33.305));
#7819=CARTESIAN_POINT('',(75.4696669339293,-28.830638997366,33.305));
#7820=CARTESIAN_POINT('',(76.3043035400679,-28.7974926695967,31.305));
#7821=CARTESIAN_POINT('Origin',(76.9170673385205,-28.8218275422765,31.305));
#7822=CARTESIAN_POINT('',(76.9170673385205,-28.8218275422765,31.305));
#7823=CARTESIAN_POINT('',(77.4440240445682,-28.8427547321363,31.305));
#7824=CARTESIAN_POINT('',(76.9170673385205,-28.8218275422765,33.305));
#7825=CARTESIAN_POINT('',(77.4440240445682,-28.8427547321363,33.305));
#7826=CARTESIAN_POINT('',(76.9170673385205,-28.8218275422765,31.305));
#7827=CARTESIAN_POINT('Origin',(77.5271482472233,-28.8948807918921,31.305));
#7828=CARTESIAN_POINT('',(77.5271482472233,-28.8948807918921,31.305));
#7829=CARTESIAN_POINT('',(79.400978624295,-29.1192598805029,31.305));
#7830=CARTESIAN_POINT('',(77.5271482472233,-28.8948807918921,33.305));
#7831=CARTESIAN_POINT('',(79.400978624295,-29.1192598805029,33.305));
#7832=CARTESIAN_POINT('',(77.5271482472233,-28.8948807918921,31.305));
#7833=CARTESIAN_POINT('Origin',(78.1317759356677,-29.0167676506383,31.305));
#7834=CARTESIAN_POINT('',(78.1317759356677,-29.0167676506383,31.305));
#7835=CARTESIAN_POINT('',(81.3063766058262,-29.6567352056385,31.305));
#7836=CARTESIAN_POINT('',(78.1317759356677,-29.0167676506383,33.305));
#7837=CARTESIAN_POINT('',(81.3063766058262,-29.6567352056385,33.305));
#7838=CARTESIAN_POINT('',(78.1317759356677,-29.0167676506383,31.305));
#7839=CARTESIAN_POINT('Origin',(78.7279449290791,-29.1876263457906,31.305));
#7840=CARTESIAN_POINT('',(78.7279449290791,-29.1876263457906,31.305));
#7841=CARTESIAN_POINT('',(83.1263247208413,-30.4481773645618,31.305));
#7842=CARTESIAN_POINT('',(78.7279449290791,-29.1876263457906,33.305));
#7843=CARTESIAN_POINT('',(83.1263247208413,-30.4481773645618,33.305));
#7844=CARTESIAN_POINT('',(78.7279449290791,-29.1876263457906,31.305));
#7845=CARTESIAN_POINT('Origin',(79.3123615622715,-29.4074991505738,31.305));
#7846=CARTESIAN_POINT('',(79.3123615622715,-29.4074991505738,31.305));
#7847=CARTESIAN_POINT('',(84.8257985166692,-31.4817981665628,31.305));
#7848=CARTESIAN_POINT('',(79.3123615622715,-29.4074991505738,33.305));
#7849=CARTESIAN_POINT('',(84.8257985166692,-31.4817981665628,33.305));
#7850=CARTESIAN_POINT('',(79.3123615622715,-29.4074991505738,31.305));
#7851=CARTESIAN_POINT('Origin',(79.8813966005497,-29.6762337490233,31.305));
#7852=CARTESIAN_POINT('',(79.8813966005497,-29.6762337490233,31.305));
#7853=CARTESIAN_POINT('',(86.3706424195017,-32.7408690563197,31.305));
#7854=CARTESIAN_POINT('',(79.8813966005497,-29.6762337490233,33.305));
#7855=CARTESIAN_POINT('',(86.3706424195017,-32.7408690563197,33.305));
#7856=CARTESIAN_POINT('',(79.8813966005497,-29.6762337490233,31.305));
#7857=CARTESIAN_POINT('Origin',(80.3859764608675,-29.9672937856193,31.305));
#7858=CARTESIAN_POINT('',(80.3859764608675,-29.9672937856193,31.305));
#7859=CARTESIAN_POINT('',(87.7046462406198,-34.1889690078285,31.305));
#7860=CARTESIAN_POINT('',(80.3859764608675,-29.9672937856193,33.305));
#7861=CARTESIAN_POINT('',(87.7046462406198,-34.1889690078285,33.305));
#7862=CARTESIAN_POINT('',(80.3859764608675,-29.9672937856193,31.305));
#7863=CARTESIAN_POINT('Origin',(80.6948793498763,-30.1718936855703,31.305));
#7864=CARTESIAN_POINT('',(80.6948793498763,-30.1718936855703,31.305));
#7865=CARTESIAN_POINT('',(88.5354083981027,-35.3650191496195,31.305));
#7866=CARTESIAN_POINT('',(80.6948793498763,-30.1718936855703,33.305));
#7867=CARTESIAN_POINT('',(88.5354083981027,-35.3650191496195,33.305));
#7868=CARTESIAN_POINT('',(80.6948793498763,-30.1718936855703,31.305));
#7869=CARTESIAN_POINT('Origin',(80.9123546919654,-30.3292647428317,31.305));
#7870=CARTESIAN_POINT('',(80.9123546919654,-30.3292647428317,31.305));
#7871=CARTESIAN_POINT('',(89.0254218764568,-36.2001002508515,31.305));
#7872=CARTESIAN_POINT('',(80.9123546919654,-30.3292647428317,33.305));
#7873=CARTESIAN_POINT('',(89.0254218764568,-36.2001002508515,33.305));
#7874=CARTESIAN_POINT('',(80.9123546919654,-30.3292647428317,31.305));
#7875=CARTESIAN_POINT('Origin',(115.657262817631,-56.5826057776094,31.305));
#7876=CARTESIAN_POINT('',(115.657262817631,-56.5826057776094,31.305));
#7877=CARTESIAN_POINT('',(106.566131482408,-49.7133237961363,31.305));
#7878=CARTESIAN_POINT('',(115.657262817631,-56.5826057776094,33.305));
#7879=CARTESIAN_POINT('',(106.566131482408,-49.7133237961363,33.305));
#7880=CARTESIAN_POINT('',(115.657262817631,-56.5826057776094,31.305));
#7881=CARTESIAN_POINT('Origin',(115.856963887937,-56.7397762665455,31.305));
#7882=CARTESIAN_POINT('',(115.856963887937,-56.7397762665455,31.305));
#7883=CARTESIAN_POINT('',(107.076708163714,-49.8294623506189,31.305));
#7884=CARTESIAN_POINT('',(115.856963887937,-56.7397762665455,33.305));
#7885=CARTESIAN_POINT('',(107.076708163714,-49.8294623506189,33.305));
#7886=CARTESIAN_POINT('',(115.856963887937,-56.7397762665455,31.305));
#7887=CARTESIAN_POINT('Origin',(116.086622010039,-56.9355560335571,31.305));
#7888=CARTESIAN_POINT('',(108.004921690853,-50.0460396033611,31.305));
#7889=CARTESIAN_POINT('',(108.004921690853,-50.0460396033611,33.305));
#7890=CARTESIAN_POINT('Origin',(76.3030073524632,-70.8640543347984,33.305));
#7891=CARTESIAN_POINT('Origin',(76.3030073524632,-70.8640543347984,31.305));
#7892=UNCERTAINTY_MEASURE_WITH_UNIT(LENGTH_MEASURE(0.01),#7896,
'DISTANCE_ACCURACY_VALUE',
'Maximum model space distance between geometric entities at asserted c
onnectivities');
#7893=UNCERTAINTY_MEASURE_WITH_UNIT(LENGTH_MEASURE(0.01),#7896,
'DISTANCE_ACCURACY_VALUE',
'Maximum model space distance between geometric entities at asserted c
onnectivities');
#7894=(
GEOMETRIC_REPRESENTATION_CONTEXT(3)
GLOBAL_UNCERTAINTY_ASSIGNED_CONTEXT((#7892))
GLOBAL_UNIT_ASSIGNED_CONTEXT((#7896,#7898,#7899))
REPRESENTATION_CONTEXT('','3D')
);
#7895=(
GEOMETRIC_REPRESENTATION_CONTEXT(3)
GLOBAL_UNCERTAINTY_ASSIGNED_CONTEXT((#7893))
GLOBAL_UNIT_ASSIGNED_CONTEXT((#7896,#7898,#7899))
REPRESENTATION_CONTEXT('','3D')
);
#7896=(
LENGTH_UNIT()
NAMED_UNIT(*)
SI_UNIT(.MILLI.,.METRE.)
);
#7897=(
LENGTH_UNIT()
NAMED_UNIT(*)
SI_UNIT($,.METRE.)
);
#7898=(
NAMED_UNIT(*)
PLANE_ANGLE_UNIT()
SI_UNIT($,.RADIAN.)
);
#7899=(
NAMED_UNIT(*)
SI_UNIT($,.STERADIAN.)
SOLID_ANGLE_UNIT()
);
#7900=SHAPE_DEFINITION_REPRESENTATION(#7901,#7902);
#7901=PRODUCT_DEFINITION_SHAPE('',$,#7904);
#7902=SHAPE_REPRESENTATION('',(#4972),#7894);
#7903=PRODUCT_DEFINITION_CONTEXT('part definition',#7908,'design');
#7904=PRODUCT_DEFINITION('2026-05-25-22-13-16-598',
'tamagotchi-top-case',#7905,#7903);
#7905=PRODUCT_DEFINITION_FORMATION('',$,#7910);
#7906=PRODUCT_RELATED_PRODUCT_CATEGORY('tamagotchi-top-case',
'tamagotchi-top-case',(#7910));
#7907=APPLICATION_PROTOCOL_DEFINITION('international standard',
'automotive_design',2009,#7908);
#7908=APPLICATION_CONTEXT(
'Core Data for Automotive Mechanical Design Process');
#7909=PRODUCT_CONTEXT('part definition',#7908,'mechanical');
#7910=PRODUCT('2026-05-25-22-13-16-598','tamagotchi-top-case',$,(#7909));
#7911=PRESENTATION_STYLE_ASSIGNMENT((#7913));
#7912=PRESENTATION_STYLE_ASSIGNMENT((#7914));
#7913=SURFACE_STYLE_USAGE(.BOTH.,#7915);
#7914=SURFACE_STYLE_USAGE(.BOTH.,#7916);
#7915=SURFACE_SIDE_STYLE('',(#7917));
#7916=SURFACE_SIDE_STYLE('',(#7918));
#7917=SURFACE_STYLE_FILL_AREA(#7919);
#7918=SURFACE_STYLE_FILL_AREA(#7920);
#7919=FILL_AREA_STYLE('Steel - Satin',(#7921));
#7920=FILL_AREA_STYLE('Powder Coat (Blue) (1)',(#7922));
#7921=FILL_AREA_STYLE_COLOUR('Steel - Satin',#7923);
#7922=FILL_AREA_STYLE_COLOUR('Powder Coat (Blue) (1)',#7924);
#7923=COLOUR_RGB('Steel - Satin',0.627450980392157,0.627450980392157,0.627450980392157);
#7924=COLOUR_RGB('Powder Coat (Blue) (1)',0.372549019607843,0.427450980392157,
0.690196078431373);
ENDSEC;
END-ISO-10303-21;
