ISO-10303-21;
HEADER;
/* Generated by software containing ST-Developer
 * from STEP Tools, Inc. (www.steptools.com) 
 */

FILE_DESCRIPTION(
/* description */ (''),
/* implementation_level */ '2;1');

FILE_NAME(
/* name */ 'tamagotchi-keycaps.step',
/* time_stamp */ '2026-06-05T20:29:34+05:30',
/* author */ (''),
/* organization */ (''),
/* preprocessor_version */ 'ST-DEVELOPER v20.1',
/* originating_system */ 'Autodesk Translation Framework v15.8.0.0',
/* authorisation */ '');

FILE_SCHEMA (('AUTOMOTIVE_DESIGN { 1 0 10303 214 3 1 1 }'));
ENDSEC;

DATA;
#10=MECHANICAL_DESIGN_GEOMETRIC_PRESENTATION_REPRESENTATION('',(#13,#14,
#15,#16),#4640);
#11=SHAPE_REPRESENTATION_RELATIONSHIP('SRR','None',#4647,#12);
#12=ADVANCED_BREP_SHAPE_REPRESENTATION('',(#17,#18,#19,#20),#4639);
#13=STYLED_ITEM('',(#4657),#17);
#14=STYLED_ITEM('',(#4657),#18);
#15=STYLED_ITEM('',(#4657),#19);
#16=STYLED_ITEM('',(#4657),#20);
#17=MANIFOLD_SOLID_BREP('Body37',#2841);
#18=MANIFOLD_SOLID_BREP('Body43',#2842);
#19=MANIFOLD_SOLID_BREP('Body44',#2843);
#20=MANIFOLD_SOLID_BREP('Body45',#2844);
#21=CYLINDRICAL_SURFACE('',#2865,1.05);
#22=CYLINDRICAL_SURFACE('',#2917,1.05);
#23=CYLINDRICAL_SURFACE('',#2969,1.05);
#24=CYLINDRICAL_SURFACE('',#3021,1.05);
#25=FACE_BOUND('',#264,.T.);
#26=FACE_BOUND('',#278,.T.);
#27=FACE_BOUND('',#294,.T.);
#28=FACE_BOUND('',#305,.T.);
#29=FACE_BOUND('',#319,.T.);
#30=FACE_BOUND('',#335,.T.);
#31=FACE_BOUND('',#346,.T.);
#32=FACE_BOUND('',#360,.T.);
#33=FACE_BOUND('',#376,.T.);
#34=FACE_BOUND('',#387,.T.);
#35=FACE_BOUND('',#401,.T.);
#36=FACE_BOUND('',#417,.T.);
#37=CIRCLE('',#2860,0.180149365907634);
#38=CIRCLE('',#2862,1.05);
#39=CIRCLE('',#2866,1.05);
#40=CIRCLE('',#2867,1.05);
#41=CIRCLE('',#2868,1.05);
#42=CIRCLE('',#2869,1.05);
#43=CIRCLE('',#2870,1.05);
#44=CIRCLE('',#2871,1.05);
#45=CIRCLE('',#2872,1.05);
#46=CIRCLE('',#2873,1.05);
#47=CIRCLE('',#2874,1.05);
#48=CIRCLE('',#2900,0.180149365907642);
#49=CIRCLE('',#2901,0.180149365907642);
#50=CIRCLE('',#2902,0.180149365907634);
#51=CIRCLE('',#2912,0.180149365907634);
#52=CIRCLE('',#2914,1.05);
#53=CIRCLE('',#2918,1.05);
#54=CIRCLE('',#2919,1.05);
#55=CIRCLE('',#2920,1.05);
#56=CIRCLE('',#2921,1.05);
#57=CIRCLE('',#2922,1.05);
#58=CIRCLE('',#2923,1.05);
#59=CIRCLE('',#2924,1.05);
#60=CIRCLE('',#2925,1.05);
#61=CIRCLE('',#2926,1.05);
#62=CIRCLE('',#2952,0.180149365907642);
#63=CIRCLE('',#2953,0.180149365907642);
#64=CIRCLE('',#2954,0.180149365907634);
#65=CIRCLE('',#2964,0.180149365907634);
#66=CIRCLE('',#2966,1.05);
#67=CIRCLE('',#2970,1.05);
#68=CIRCLE('',#2971,1.05);
#69=CIRCLE('',#2972,1.05);
#70=CIRCLE('',#2973,1.05);
#71=CIRCLE('',#2974,1.05);
#72=CIRCLE('',#2975,1.05);
#73=CIRCLE('',#2976,1.05);
#74=CIRCLE('',#2977,1.05);
#75=CIRCLE('',#2978,1.05);
#76=CIRCLE('',#3004,0.180149365907642);
#77=CIRCLE('',#3005,0.180149365907642);
#78=CIRCLE('',#3006,0.180149365907634);
#79=CIRCLE('',#3016,0.180149365907634);
#80=CIRCLE('',#3018,1.05);
#81=CIRCLE('',#3022,1.05);
#82=CIRCLE('',#3023,1.05);
#83=CIRCLE('',#3024,1.05);
#84=CIRCLE('',#3025,1.05);
#85=CIRCLE('',#3026,1.05);
#86=CIRCLE('',#3027,1.05);
#87=CIRCLE('',#3028,1.05);
#88=CIRCLE('',#3029,1.05);
#89=CIRCLE('',#3030,1.05);
#90=CIRCLE('',#3056,0.180149365907642);
#91=CIRCLE('',#3057,0.180149365907642);
#92=CIRCLE('',#3058,0.180149365907634);
#93=CONICAL_SURFACE('',#2859,0.399999999999991,0.0523598775598299);
#94=CONICAL_SURFACE('',#2905,0.4,0.0523598775598299);
#95=CONICAL_SURFACE('',#2907,0.399999999999991,0.0523598775598299);
#96=CONICAL_SURFACE('',#2909,0.4,0.0523598775598299);
#97=CONICAL_SURFACE('',#2911,0.399999999999991,0.0523598775598299);
#98=CONICAL_SURFACE('',#2957,0.4,0.0523598775598299);
#99=CONICAL_SURFACE('',#2959,0.399999999999991,0.0523598775598299);
#100=CONICAL_SURFACE('',#2961,0.4,0.0523598775598299);
#101=CONICAL_SURFACE('',#2963,0.399999999999991,0.0523598775598299);
#102=CONICAL_SURFACE('',#3009,0.4,0.0523598775598299);
#103=CONICAL_SURFACE('',#3011,0.399999999999991,0.0523598775598299);
#104=CONICAL_SURFACE('',#3013,0.4,0.0523598775598299);
#105=CONICAL_SURFACE('',#3015,0.399999999999991,0.0523598775598299);
#106=CONICAL_SURFACE('',#3061,0.4,0.0523598775598299);
#107=CONICAL_SURFACE('',#3063,0.399999999999991,0.0523598775598299);
#108=CONICAL_SURFACE('',#3065,0.4,0.0523598775598299);
#109=FACE_OUTER_BOUND('',#261,.T.);
#110=FACE_OUTER_BOUND('',#262,.T.);
#111=FACE_OUTER_BOUND('',#263,.T.);
#112=FACE_OUTER_BOUND('',#265,.T.);
#113=FACE_OUTER_BOUND('',#266,.T.);
#114=FACE_OUTER_BOUND('',#267,.T.);
#115=FACE_OUTER_BOUND('',#268,.T.);
#116=FACE_OUTER_BOUND('',#269,.T.);
#117=FACE_OUTER_BOUND('',#270,.T.);
#118=FACE_OUTER_BOUND('',#271,.T.);
#119=FACE_OUTER_BOUND('',#272,.T.);
#120=FACE_OUTER_BOUND('',#273,.T.);
#121=FACE_OUTER_BOUND('',#274,.T.);
#122=FACE_OUTER_BOUND('',#275,.T.);
#123=FACE_OUTER_BOUND('',#276,.T.);
#124=FACE_OUTER_BOUND('',#277,.T.);
#125=FACE_OUTER_BOUND('',#279,.T.);
#126=FACE_OUTER_BOUND('',#280,.T.);
#127=FACE_OUTER_BOUND('',#281,.T.);
#128=FACE_OUTER_BOUND('',#282,.T.);
#129=FACE_OUTER_BOUND('',#283,.T.);
#130=FACE_OUTER_BOUND('',#284,.T.);
#131=FACE_OUTER_BOUND('',#285,.T.);
#132=FACE_OUTER_BOUND('',#286,.T.);
#133=FACE_OUTER_BOUND('',#287,.T.);
#134=FACE_OUTER_BOUND('',#288,.T.);
#135=FACE_OUTER_BOUND('',#289,.T.);
#136=FACE_OUTER_BOUND('',#290,.T.);
#137=FACE_OUTER_BOUND('',#291,.T.);
#138=FACE_OUTER_BOUND('',#292,.T.);
#139=FACE_OUTER_BOUND('',#293,.T.);
#140=FACE_OUTER_BOUND('',#295,.T.);
#141=FACE_OUTER_BOUND('',#296,.T.);
#142=FACE_OUTER_BOUND('',#297,.T.);
#143=FACE_OUTER_BOUND('',#298,.T.);
#144=FACE_OUTER_BOUND('',#299,.T.);
#145=FACE_OUTER_BOUND('',#300,.T.);
#146=FACE_OUTER_BOUND('',#301,.T.);
#147=FACE_OUTER_BOUND('',#302,.T.);
#148=FACE_OUTER_BOUND('',#303,.T.);
#149=FACE_OUTER_BOUND('',#304,.T.);
#150=FACE_OUTER_BOUND('',#306,.T.);
#151=FACE_OUTER_BOUND('',#307,.T.);
#152=FACE_OUTER_BOUND('',#308,.T.);
#153=FACE_OUTER_BOUND('',#309,.T.);
#154=FACE_OUTER_BOUND('',#310,.T.);
#155=FACE_OUTER_BOUND('',#311,.T.);
#156=FACE_OUTER_BOUND('',#312,.T.);
#157=FACE_OUTER_BOUND('',#313,.T.);
#158=FACE_OUTER_BOUND('',#314,.T.);
#159=FACE_OUTER_BOUND('',#315,.T.);
#160=FACE_OUTER_BOUND('',#316,.T.);
#161=FACE_OUTER_BOUND('',#317,.T.);
#162=FACE_OUTER_BOUND('',#318,.T.);
#163=FACE_OUTER_BOUND('',#320,.T.);
#164=FACE_OUTER_BOUND('',#321,.T.);
#165=FACE_OUTER_BOUND('',#322,.T.);
#166=FACE_OUTER_BOUND('',#323,.T.);
#167=FACE_OUTER_BOUND('',#324,.T.);
#168=FACE_OUTER_BOUND('',#325,.T.);
#169=FACE_OUTER_BOUND('',#326,.T.);
#170=FACE_OUTER_BOUND('',#327,.T.);
#171=FACE_OUTER_BOUND('',#328,.T.);
#172=FACE_OUTER_BOUND('',#329,.T.);
#173=FACE_OUTER_BOUND('',#330,.T.);
#174=FACE_OUTER_BOUND('',#331,.T.);
#175=FACE_OUTER_BOUND('',#332,.T.);
#176=FACE_OUTER_BOUND('',#333,.T.);
#177=FACE_OUTER_BOUND('',#334,.T.);
#178=FACE_OUTER_BOUND('',#336,.T.);
#179=FACE_OUTER_BOUND('',#337,.T.);
#180=FACE_OUTER_BOUND('',#338,.T.);
#181=FACE_OUTER_BOUND('',#339,.T.);
#182=FACE_OUTER_BOUND('',#340,.T.);
#183=FACE_OUTER_BOUND('',#341,.T.);
#184=FACE_OUTER_BOUND('',#342,.T.);
#185=FACE_OUTER_BOUND('',#343,.T.);
#186=FACE_OUTER_BOUND('',#344,.T.);
#187=FACE_OUTER_BOUND('',#345,.T.);
#188=FACE_OUTER_BOUND('',#347,.T.);
#189=FACE_OUTER_BOUND('',#348,.T.);
#190=FACE_OUTER_BOUND('',#349,.T.);
#191=FACE_OUTER_BOUND('',#350,.T.);
#192=FACE_OUTER_BOUND('',#351,.T.);
#193=FACE_OUTER_BOUND('',#352,.T.);
#194=FACE_OUTER_BOUND('',#353,.T.);
#195=FACE_OUTER_BOUND('',#354,.T.);
#196=FACE_OUTER_BOUND('',#355,.T.);
#197=FACE_OUTER_BOUND('',#356,.T.);
#198=FACE_OUTER_BOUND('',#357,.T.);
#199=FACE_OUTER_BOUND('',#358,.T.);
#200=FACE_OUTER_BOUND('',#359,.T.);
#201=FACE_OUTER_BOUND('',#361,.T.);
#202=FACE_OUTER_BOUND('',#362,.T.);
#203=FACE_OUTER_BOUND('',#363,.T.);
#204=FACE_OUTER_BOUND('',#364,.T.);
#205=FACE_OUTER_BOUND('',#365,.T.);
#206=FACE_OUTER_BOUND('',#366,.T.);
#207=FACE_OUTER_BOUND('',#367,.T.);
#208=FACE_OUTER_BOUND('',#368,.T.);
#209=FACE_OUTER_BOUND('',#369,.T.);
#210=FACE_OUTER_BOUND('',#370,.T.);
#211=FACE_OUTER_BOUND('',#371,.T.);
#212=FACE_OUTER_BOUND('',#372,.T.);
#213=FACE_OUTER_BOUND('',#373,.T.);
#214=FACE_OUTER_BOUND('',#374,.T.);
#215=FACE_OUTER_BOUND('',#375,.T.);
#216=FACE_OUTER_BOUND('',#377,.T.);
#217=FACE_OUTER_BOUND('',#378,.T.);
#218=FACE_OUTER_BOUND('',#379,.T.);
#219=FACE_OUTER_BOUND('',#380,.T.);
#220=FACE_OUTER_BOUND('',#381,.T.);
#221=FACE_OUTER_BOUND('',#382,.T.);
#222=FACE_OUTER_BOUND('',#383,.T.);
#223=FACE_OUTER_BOUND('',#384,.T.);
#224=FACE_OUTER_BOUND('',#385,.T.);
#225=FACE_OUTER_BOUND('',#386,.T.);
#226=FACE_OUTER_BOUND('',#388,.T.);
#227=FACE_OUTER_BOUND('',#389,.T.);
#228=FACE_OUTER_BOUND('',#390,.T.);
#229=FACE_OUTER_BOUND('',#391,.T.);
#230=FACE_OUTER_BOUND('',#392,.T.);
#231=FACE_OUTER_BOUND('',#393,.T.);
#232=FACE_OUTER_BOUND('',#394,.T.);
#233=FACE_OUTER_BOUND('',#395,.T.);
#234=FACE_OUTER_BOUND('',#396,.T.);
#235=FACE_OUTER_BOUND('',#397,.T.);
#236=FACE_OUTER_BOUND('',#398,.T.);
#237=FACE_OUTER_BOUND('',#399,.T.);
#238=FACE_OUTER_BOUND('',#400,.T.);
#239=FACE_OUTER_BOUND('',#402,.T.);
#240=FACE_OUTER_BOUND('',#403,.T.);
#241=FACE_OUTER_BOUND('',#404,.T.);
#242=FACE_OUTER_BOUND('',#405,.T.);
#243=FACE_OUTER_BOUND('',#406,.T.);
#244=FACE_OUTER_BOUND('',#407,.T.);
#245=FACE_OUTER_BOUND('',#408,.T.);
#246=FACE_OUTER_BOUND('',#409,.T.);
#247=FACE_OUTER_BOUND('',#410,.T.);
#248=FACE_OUTER_BOUND('',#411,.T.);
#249=FACE_OUTER_BOUND('',#412,.T.);
#250=FACE_OUTER_BOUND('',#413,.T.);
#251=FACE_OUTER_BOUND('',#414,.T.);
#252=FACE_OUTER_BOUND('',#415,.T.);
#253=FACE_OUTER_BOUND('',#416,.T.);
#254=FACE_OUTER_BOUND('',#418,.T.);
#255=FACE_OUTER_BOUND('',#419,.T.);
#256=FACE_OUTER_BOUND('',#420,.T.);
#257=FACE_OUTER_BOUND('',#421,.T.);
#258=FACE_OUTER_BOUND('',#422,.T.);
#259=FACE_OUTER_BOUND('',#423,.T.);
#260=FACE_OUTER_BOUND('',#424,.T.);
#261=EDGE_LOOP('',(#1765,#1766,#1767,#1768));
#262=EDGE_LOOP('',(#1769,#1770,#1771));
#263=EDGE_LOOP('',(#1772,#1773,#1774,#1775));
#264=EDGE_LOOP('',(#1776));
#265=EDGE_LOOP('',(#1777,#1778,#1779,#1780));
#266=EDGE_LOOP('',(#1781,#1782,#1783,#1784));
#267=EDGE_LOOP('',(#1785,#1786,#1787,#1788,#1789,#1790,#1791,#1792,#1793,
#1794,#1795,#1796,#1797,#1798,#1799,#1800,#1801,#1802,#1803,#1804));
#268=EDGE_LOOP('',(#1805,#1806,#1807,#1808));
#269=EDGE_LOOP('',(#1809,#1810,#1811,#1812));
#270=EDGE_LOOP('',(#1813,#1814));
#271=EDGE_LOOP('',(#1815,#1816,#1817,#1818));
#272=EDGE_LOOP('',(#1819,#1820,#1821,#1822));
#273=EDGE_LOOP('',(#1823,#1824,#1825,#1826));
#274=EDGE_LOOP('',(#1827,#1828,#1829,#1830));
#275=EDGE_LOOP('',(#1831,#1832,#1833,#1834));
#276=EDGE_LOOP('',(#1835,#1836,#1837,#1838));
#277=EDGE_LOOP('',(#1839,#1840,#1841,#1842));
#278=EDGE_LOOP('',(#1843,#1844,#1845,#1846));
#279=EDGE_LOOP('',(#1847,#1848));
#280=EDGE_LOOP('',(#1849,#1850,#1851,#1852,#1853,#1854));
#281=EDGE_LOOP('',(#1855,#1856,#1857,#1858,#1859,#1860,#1861));
#282=EDGE_LOOP('',(#1862,#1863,#1864,#1865));
#283=EDGE_LOOP('',(#1866,#1867,#1868,#1869));
#284=EDGE_LOOP('',(#1870,#1871,#1872,#1873));
#285=EDGE_LOOP('',(#1874,#1875,#1876,#1877));
#286=EDGE_LOOP('',(#1878,#1879,#1880,#1881));
#287=EDGE_LOOP('',(#1882,#1883,#1884,#1885));
#288=EDGE_LOOP('',(#1886,#1887,#1888,#1889));
#289=EDGE_LOOP('',(#1890,#1891,#1892,#1893));
#290=EDGE_LOOP('',(#1894,#1895,#1896,#1897));
#291=EDGE_LOOP('',(#1898,#1899,#1900,#1901));
#292=EDGE_LOOP('',(#1902,#1903,#1904,#1905,#1906,#1907,#1908,#1909,#1910,
#1911,#1912,#1913,#1914,#1915,#1916,#1917));
#293=EDGE_LOOP('',(#1918,#1919,#1920,#1921,#1922,#1923,#1924,#1925));
#294=EDGE_LOOP('',(#1926,#1927,#1928,#1929));
#295=EDGE_LOOP('',(#1930,#1931,#1932,#1933,#1934,#1935));
#296=EDGE_LOOP('',(#1936,#1937,#1938,#1939,#1940,#1941));
#297=EDGE_LOOP('',(#1942,#1943,#1944));
#298=EDGE_LOOP('',(#1945,#1946,#1947,#1948,#1949,#1950));
#299=EDGE_LOOP('',(#1951,#1952,#1953));
#300=EDGE_LOOP('',(#1954,#1955,#1956,#1957,#1958,#1959));
#301=EDGE_LOOP('',(#1960,#1961,#1962));
#302=EDGE_LOOP('',(#1963,#1964,#1965,#1966));
#303=EDGE_LOOP('',(#1967,#1968,#1969));
#304=EDGE_LOOP('',(#1970,#1971,#1972,#1973));
#305=EDGE_LOOP('',(#1974));
#306=EDGE_LOOP('',(#1975,#1976,#1977,#1978));
#307=EDGE_LOOP('',(#1979,#1980,#1981,#1982));
#308=EDGE_LOOP('',(#1983,#1984,#1985,#1986,#1987,#1988,#1989,#1990,#1991,
#1992,#1993,#1994,#1995,#1996,#1997,#1998,#1999,#2000,#2001,#2002));
#309=EDGE_LOOP('',(#2003,#2004,#2005,#2006));
#310=EDGE_LOOP('',(#2007,#2008,#2009,#2010));
#311=EDGE_LOOP('',(#2011,#2012));
#312=EDGE_LOOP('',(#2013,#2014,#2015,#2016));
#313=EDGE_LOOP('',(#2017,#2018,#2019,#2020));
#314=EDGE_LOOP('',(#2021,#2022,#2023,#2024));
#315=EDGE_LOOP('',(#2025,#2026,#2027,#2028));
#316=EDGE_LOOP('',(#2029,#2030,#2031,#2032));
#317=EDGE_LOOP('',(#2033,#2034,#2035,#2036));
#318=EDGE_LOOP('',(#2037,#2038,#2039,#2040));
#319=EDGE_LOOP('',(#2041,#2042,#2043,#2044));
#320=EDGE_LOOP('',(#2045,#2046));
#321=EDGE_LOOP('',(#2047,#2048,#2049,#2050,#2051,#2052));
#322=EDGE_LOOP('',(#2053,#2054,#2055,#2056,#2057,#2058,#2059));
#323=EDGE_LOOP('',(#2060,#2061,#2062,#2063));
#324=EDGE_LOOP('',(#2064,#2065,#2066,#2067));
#325=EDGE_LOOP('',(#2068,#2069,#2070,#2071));
#326=EDGE_LOOP('',(#2072,#2073,#2074,#2075));
#327=EDGE_LOOP('',(#2076,#2077,#2078,#2079));
#328=EDGE_LOOP('',(#2080,#2081,#2082,#2083));
#329=EDGE_LOOP('',(#2084,#2085,#2086,#2087));
#330=EDGE_LOOP('',(#2088,#2089,#2090,#2091));
#331=EDGE_LOOP('',(#2092,#2093,#2094,#2095));
#332=EDGE_LOOP('',(#2096,#2097,#2098,#2099));
#333=EDGE_LOOP('',(#2100,#2101,#2102,#2103,#2104,#2105,#2106,#2107,#2108,
#2109,#2110,#2111,#2112,#2113,#2114,#2115));
#334=EDGE_LOOP('',(#2116,#2117,#2118,#2119,#2120,#2121,#2122,#2123));
#335=EDGE_LOOP('',(#2124,#2125,#2126,#2127));
#336=EDGE_LOOP('',(#2128,#2129,#2130,#2131,#2132,#2133));
#337=EDGE_LOOP('',(#2134,#2135,#2136,#2137,#2138,#2139));
#338=EDGE_LOOP('',(#2140,#2141,#2142));
#339=EDGE_LOOP('',(#2143,#2144,#2145,#2146,#2147,#2148));
#340=EDGE_LOOP('',(#2149,#2150,#2151));
#341=EDGE_LOOP('',(#2152,#2153,#2154,#2155,#2156,#2157));
#342=EDGE_LOOP('',(#2158,#2159,#2160));
#343=EDGE_LOOP('',(#2161,#2162,#2163,#2164));
#344=EDGE_LOOP('',(#2165,#2166,#2167));
#345=EDGE_LOOP('',(#2168,#2169,#2170,#2171));
#346=EDGE_LOOP('',(#2172));
#347=EDGE_LOOP('',(#2173,#2174,#2175,#2176));
#348=EDGE_LOOP('',(#2177,#2178,#2179,#2180));
#349=EDGE_LOOP('',(#2181,#2182,#2183,#2184,#2185,#2186,#2187,#2188,#2189,
#2190,#2191,#2192,#2193,#2194,#2195,#2196,#2197,#2198,#2199,#2200));
#350=EDGE_LOOP('',(#2201,#2202,#2203,#2204));
#351=EDGE_LOOP('',(#2205,#2206,#2207,#2208));
#352=EDGE_LOOP('',(#2209,#2210));
#353=EDGE_LOOP('',(#2211,#2212,#2213,#2214));
#354=EDGE_LOOP('',(#2215,#2216,#2217,#2218));
#355=EDGE_LOOP('',(#2219,#2220,#2221,#2222));
#356=EDGE_LOOP('',(#2223,#2224,#2225,#2226));
#357=EDGE_LOOP('',(#2227,#2228,#2229,#2230));
#358=EDGE_LOOP('',(#2231,#2232,#2233,#2234));
#359=EDGE_LOOP('',(#2235,#2236,#2237,#2238));
#360=EDGE_LOOP('',(#2239,#2240,#2241,#2242));
#361=EDGE_LOOP('',(#2243,#2244));
#362=EDGE_LOOP('',(#2245,#2246,#2247,#2248,#2249,#2250));
#363=EDGE_LOOP('',(#2251,#2252,#2253,#2254,#2255,#2256,#2257));
#364=EDGE_LOOP('',(#2258,#2259,#2260,#2261));
#365=EDGE_LOOP('',(#2262,#2263,#2264,#2265));
#366=EDGE_LOOP('',(#2266,#2267,#2268,#2269));
#367=EDGE_LOOP('',(#2270,#2271,#2272,#2273));
#368=EDGE_LOOP('',(#2274,#2275,#2276,#2277));
#369=EDGE_LOOP('',(#2278,#2279,#2280,#2281));
#370=EDGE_LOOP('',(#2282,#2283,#2284,#2285));
#371=EDGE_LOOP('',(#2286,#2287,#2288,#2289));
#372=EDGE_LOOP('',(#2290,#2291,#2292,#2293));
#373=EDGE_LOOP('',(#2294,#2295,#2296,#2297));
#374=EDGE_LOOP('',(#2298,#2299,#2300,#2301,#2302,#2303,#2304,#2305,#2306,
#2307,#2308,#2309,#2310,#2311,#2312,#2313));
#375=EDGE_LOOP('',(#2314,#2315,#2316,#2317,#2318,#2319,#2320,#2321));
#376=EDGE_LOOP('',(#2322,#2323,#2324,#2325));
#377=EDGE_LOOP('',(#2326,#2327,#2328,#2329,#2330,#2331));
#378=EDGE_LOOP('',(#2332,#2333,#2334,#2335,#2336,#2337));
#379=EDGE_LOOP('',(#2338,#2339,#2340));
#380=EDGE_LOOP('',(#2341,#2342,#2343,#2344,#2345,#2346));
#381=EDGE_LOOP('',(#2347,#2348,#2349));
#382=EDGE_LOOP('',(#2350,#2351,#2352,#2353,#2354,#2355));
#383=EDGE_LOOP('',(#2356,#2357,#2358));
#384=EDGE_LOOP('',(#2359,#2360,#2361,#2362));
#385=EDGE_LOOP('',(#2363,#2364,#2365));
#386=EDGE_LOOP('',(#2366,#2367,#2368,#2369));
#387=EDGE_LOOP('',(#2370));
#388=EDGE_LOOP('',(#2371,#2372,#2373,#2374));
#389=EDGE_LOOP('',(#2375,#2376,#2377,#2378));
#390=EDGE_LOOP('',(#2379,#2380,#2381,#2382,#2383,#2384,#2385,#2386,#2387,
#2388,#2389,#2390,#2391,#2392,#2393,#2394,#2395,#2396,#2397,#2398));
#391=EDGE_LOOP('',(#2399,#2400,#2401,#2402));
#392=EDGE_LOOP('',(#2403,#2404,#2405,#2406));
#393=EDGE_LOOP('',(#2407,#2408));
#394=EDGE_LOOP('',(#2409,#2410,#2411,#2412));
#395=EDGE_LOOP('',(#2413,#2414,#2415,#2416));
#396=EDGE_LOOP('',(#2417,#2418,#2419,#2420));
#397=EDGE_LOOP('',(#2421,#2422,#2423,#2424));
#398=EDGE_LOOP('',(#2425,#2426,#2427,#2428));
#399=EDGE_LOOP('',(#2429,#2430,#2431,#2432));
#400=EDGE_LOOP('',(#2433,#2434,#2435,#2436));
#401=EDGE_LOOP('',(#2437,#2438,#2439,#2440));
#402=EDGE_LOOP('',(#2441,#2442));
#403=EDGE_LOOP('',(#2443,#2444,#2445,#2446,#2447,#2448));
#404=EDGE_LOOP('',(#2449,#2450,#2451,#2452,#2453,#2454,#2455));
#405=EDGE_LOOP('',(#2456,#2457,#2458,#2459));
#406=EDGE_LOOP('',(#2460,#2461,#2462,#2463));
#407=EDGE_LOOP('',(#2464,#2465,#2466,#2467));
#408=EDGE_LOOP('',(#2468,#2469,#2470,#2471));
#409=EDGE_LOOP('',(#2472,#2473,#2474,#2475));
#410=EDGE_LOOP('',(#2476,#2477,#2478,#2479));
#411=EDGE_LOOP('',(#2480,#2481,#2482,#2483));
#412=EDGE_LOOP('',(#2484,#2485,#2486,#2487));
#413=EDGE_LOOP('',(#2488,#2489,#2490,#2491));
#414=EDGE_LOOP('',(#2492,#2493,#2494,#2495));
#415=EDGE_LOOP('',(#2496,#2497,#2498,#2499,#2500,#2501,#2502,#2503,#2504,
#2505,#2506,#2507,#2508,#2509,#2510,#2511));
#416=EDGE_LOOP('',(#2512,#2513,#2514,#2515,#2516,#2517,#2518,#2519));
#417=EDGE_LOOP('',(#2520,#2521,#2522,#2523));
#418=EDGE_LOOP('',(#2524,#2525,#2526,#2527,#2528,#2529));
#419=EDGE_LOOP('',(#2530,#2531,#2532,#2533,#2534,#2535));
#420=EDGE_LOOP('',(#2536,#2537,#2538));
#421=EDGE_LOOP('',(#2539,#2540,#2541,#2542,#2543,#2544));
#422=EDGE_LOOP('',(#2545,#2546,#2547));
#423=EDGE_LOOP('',(#2548,#2549,#2550,#2551,#2552,#2553));
#424=EDGE_LOOP('',(#2554,#2555,#2556));
#425=LINE('',#3828,#765);
#426=LINE('',#3830,#766);
#427=LINE('',#3832,#767);
#428=LINE('',#3833,#768);
#429=LINE('',#3839,#769);
#430=LINE('',#3840,#770);
#431=LINE('',#3844,#771);
#432=LINE('',#3846,#772);
#433=LINE('',#3848,#773);
#434=LINE('',#3849,#774);
#435=LINE('',#3855,#775);
#436=LINE('',#3856,#776);
#437=LINE('',#3857,#777);
#438=LINE('',#3860,#778);
#439=LINE('',#3861,#779);
#440=LINE('',#3864,#780);
#441=LINE('',#3868,#781);
#442=LINE('',#3872,#782);
#443=LINE('',#3876,#783);
#444=LINE('',#3880,#784);
#445=LINE('',#3884,#785);
#446=LINE('',#3888,#786);
#447=LINE('',#3892,#787);
#448=LINE('',#3896,#788);
#449=LINE('',#3900,#789);
#450=LINE('',#3901,#790);
#451=LINE('',#3903,#791);
#452=LINE('',#3905,#792);
#453=LINE('',#3909,#793);
#454=LINE('',#3911,#794);
#455=LINE('',#3913,#795);
#456=LINE('',#3914,#796);
#457=LINE('',#3917,#797);
#458=LINE('',#3919,#798);
#459=LINE('',#3920,#799);
#460=LINE('',#3924,#800);
#461=LINE('',#3926,#801);
#462=LINE('',#3928,#802);
#463=LINE('',#3929,#803);
#464=LINE('',#3932,#804);
#465=LINE('',#3934,#805);
#466=LINE('',#3935,#806);
#467=LINE('',#3938,#807);
#468=LINE('',#3940,#808);
#469=LINE('',#3941,#809);
#470=LINE('',#3943,#810);
#471=LINE('',#3944,#811);
#472=LINE('',#3947,#812);
#473=LINE('',#3948,#813);
#474=LINE('',#3950,#814);
#475=LINE('',#3952,#815);
#476=LINE('',#3955,#816);
#477=LINE('',#3957,#817);
#478=LINE('',#3959,#818);
#479=LINE('',#3961,#819);
#480=LINE('',#3962,#820);
#481=LINE('',#3964,#821);
#482=LINE('',#3966,#822);
#483=LINE('',#3969,#823);
#484=LINE('',#3970,#824);
#485=LINE('',#3972,#825);
#486=LINE('',#3974,#826);
#487=LINE('',#3977,#827);
#488=LINE('',#3978,#828);
#489=LINE('',#3981,#829);
#490=LINE('',#3982,#830);
#491=LINE('',#3985,#831);
#492=LINE('',#3986,#832);
#493=LINE('',#3989,#833);
#494=LINE('',#3990,#834);
#495=LINE('',#3992,#835);
#496=LINE('',#3998,#836);
#497=LINE('',#4000,#837);
#498=LINE('',#4004,#838);
#499=LINE('',#4007,#839);
#500=LINE('',#4009,#840);
#501=LINE('',#4011,#841);
#502=LINE('',#4012,#842);
#503=LINE('',#4015,#843);
#504=LINE('',#4016,#844);
#505=LINE('',#4018,#845);
#506=LINE('',#4019,#846);
#507=LINE('',#4021,#847);
#508=LINE('',#4023,#848);
#509=LINE('',#4026,#849);
#510=LINE('',#4031,#850);
#511=LINE('',#4033,#851);
#512=LINE('',#4035,#852);
#513=LINE('',#4036,#853);
#514=LINE('',#4042,#854);
#515=LINE('',#4043,#855);
#516=LINE('',#4047,#856);
#517=LINE('',#4049,#857);
#518=LINE('',#4051,#858);
#519=LINE('',#4052,#859);
#520=LINE('',#4058,#860);
#521=LINE('',#4059,#861);
#522=LINE('',#4060,#862);
#523=LINE('',#4063,#863);
#524=LINE('',#4064,#864);
#525=LINE('',#4067,#865);
#526=LINE('',#4071,#866);
#527=LINE('',#4075,#867);
#528=LINE('',#4079,#868);
#529=LINE('',#4083,#869);
#530=LINE('',#4087,#870);
#531=LINE('',#4091,#871);
#532=LINE('',#4095,#872);
#533=LINE('',#4099,#873);
#534=LINE('',#4103,#874);
#535=LINE('',#4104,#875);
#536=LINE('',#4106,#876);
#537=LINE('',#4108,#877);
#538=LINE('',#4112,#878);
#539=LINE('',#4114,#879);
#540=LINE('',#4116,#880);
#541=LINE('',#4117,#881);
#542=LINE('',#4120,#882);
#543=LINE('',#4122,#883);
#544=LINE('',#4123,#884);
#545=LINE('',#4127,#885);
#546=LINE('',#4129,#886);
#547=LINE('',#4131,#887);
#548=LINE('',#4132,#888);
#549=LINE('',#4135,#889);
#550=LINE('',#4137,#890);
#551=LINE('',#4138,#891);
#552=LINE('',#4141,#892);
#553=LINE('',#4143,#893);
#554=LINE('',#4144,#894);
#555=LINE('',#4146,#895);
#556=LINE('',#4147,#896);
#557=LINE('',#4150,#897);
#558=LINE('',#4151,#898);
#559=LINE('',#4153,#899);
#560=LINE('',#4155,#900);
#561=LINE('',#4158,#901);
#562=LINE('',#4160,#902);
#563=LINE('',#4162,#903);
#564=LINE('',#4164,#904);
#565=LINE('',#4165,#905);
#566=LINE('',#4167,#906);
#567=LINE('',#4169,#907);
#568=LINE('',#4172,#908);
#569=LINE('',#4173,#909);
#570=LINE('',#4175,#910);
#571=LINE('',#4177,#911);
#572=LINE('',#4180,#912);
#573=LINE('',#4181,#913);
#574=LINE('',#4184,#914);
#575=LINE('',#4185,#915);
#576=LINE('',#4188,#916);
#577=LINE('',#4189,#917);
#578=LINE('',#4192,#918);
#579=LINE('',#4193,#919);
#580=LINE('',#4195,#920);
#581=LINE('',#4201,#921);
#582=LINE('',#4203,#922);
#583=LINE('',#4207,#923);
#584=LINE('',#4210,#924);
#585=LINE('',#4212,#925);
#586=LINE('',#4214,#926);
#587=LINE('',#4215,#927);
#588=LINE('',#4218,#928);
#589=LINE('',#4219,#929);
#590=LINE('',#4221,#930);
#591=LINE('',#4222,#931);
#592=LINE('',#4224,#932);
#593=LINE('',#4226,#933);
#594=LINE('',#4229,#934);
#595=LINE('',#4234,#935);
#596=LINE('',#4236,#936);
#597=LINE('',#4238,#937);
#598=LINE('',#4239,#938);
#599=LINE('',#4245,#939);
#600=LINE('',#4246,#940);
#601=LINE('',#4250,#941);
#602=LINE('',#4252,#942);
#603=LINE('',#4254,#943);
#604=LINE('',#4255,#944);
#605=LINE('',#4261,#945);
#606=LINE('',#4262,#946);
#607=LINE('',#4263,#947);
#608=LINE('',#4266,#948);
#609=LINE('',#4267,#949);
#610=LINE('',#4270,#950);
#611=LINE('',#4274,#951);
#612=LINE('',#4278,#952);
#613=LINE('',#4282,#953);
#614=LINE('',#4286,#954);
#615=LINE('',#4290,#955);
#616=LINE('',#4294,#956);
#617=LINE('',#4298,#957);
#618=LINE('',#4302,#958);
#619=LINE('',#4306,#959);
#620=LINE('',#4307,#960);
#621=LINE('',#4309,#961);
#622=LINE('',#4311,#962);
#623=LINE('',#4315,#963);
#624=LINE('',#4317,#964);
#625=LINE('',#4319,#965);
#626=LINE('',#4320,#966);
#627=LINE('',#4323,#967);
#628=LINE('',#4325,#968);
#629=LINE('',#4326,#969);
#630=LINE('',#4330,#970);
#631=LINE('',#4332,#971);
#632=LINE('',#4334,#972);
#633=LINE('',#4335,#973);
#634=LINE('',#4338,#974);
#635=LINE('',#4340,#975);
#636=LINE('',#4341,#976);
#637=LINE('',#4344,#977);
#638=LINE('',#4346,#978);
#639=LINE('',#4347,#979);
#640=LINE('',#4349,#980);
#641=LINE('',#4350,#981);
#642=LINE('',#4353,#982);
#643=LINE('',#4354,#983);
#644=LINE('',#4356,#984);
#645=LINE('',#4358,#985);
#646=LINE('',#4361,#986);
#647=LINE('',#4363,#987);
#648=LINE('',#4365,#988);
#649=LINE('',#4367,#989);
#650=LINE('',#4368,#990);
#651=LINE('',#4370,#991);
#652=LINE('',#4372,#992);
#653=LINE('',#4375,#993);
#654=LINE('',#4376,#994);
#655=LINE('',#4378,#995);
#656=LINE('',#4380,#996);
#657=LINE('',#4383,#997);
#658=LINE('',#4384,#998);
#659=LINE('',#4387,#999);
#660=LINE('',#4388,#1000);
#661=LINE('',#4391,#1001);
#662=LINE('',#4392,#1002);
#663=LINE('',#4395,#1003);
#664=LINE('',#4396,#1004);
#665=LINE('',#4398,#1005);
#666=LINE('',#4404,#1006);
#667=LINE('',#4406,#1007);
#668=LINE('',#4410,#1008);
#669=LINE('',#4413,#1009);
#670=LINE('',#4415,#1010);
#671=LINE('',#4417,#1011);
#672=LINE('',#4418,#1012);
#673=LINE('',#4421,#1013);
#674=LINE('',#4422,#1014);
#675=LINE('',#4424,#1015);
#676=LINE('',#4425,#1016);
#677=LINE('',#4427,#1017);
#678=LINE('',#4429,#1018);
#679=LINE('',#4432,#1019);
#680=LINE('',#4437,#1020);
#681=LINE('',#4439,#1021);
#682=LINE('',#4441,#1022);
#683=LINE('',#4442,#1023);
#684=LINE('',#4448,#1024);
#685=LINE('',#4449,#1025);
#686=LINE('',#4453,#1026);
#687=LINE('',#4455,#1027);
#688=LINE('',#4457,#1028);
#689=LINE('',#4458,#1029);
#690=LINE('',#4464,#1030);
#691=LINE('',#4465,#1031);
#692=LINE('',#4466,#1032);
#693=LINE('',#4469,#1033);
#694=LINE('',#4470,#1034);
#695=LINE('',#4473,#1035);
#696=LINE('',#4477,#1036);
#697=LINE('',#4481,#1037);
#698=LINE('',#4485,#1038);
#699=LINE('',#4489,#1039);
#700=LINE('',#4493,#1040);
#701=LINE('',#4497,#1041);
#702=LINE('',#4501,#1042);
#703=LINE('',#4505,#1043);
#704=LINE('',#4509,#1044);
#705=LINE('',#4510,#1045);
#706=LINE('',#4512,#1046);
#707=LINE('',#4514,#1047);
#708=LINE('',#4518,#1048);
#709=LINE('',#4520,#1049);
#710=LINE('',#4522,#1050);
#711=LINE('',#4523,#1051);
#712=LINE('',#4526,#1052);
#713=LINE('',#4528,#1053);
#714=LINE('',#4529,#1054);
#715=LINE('',#4533,#1055);
#716=LINE('',#4535,#1056);
#717=LINE('',#4537,#1057);
#718=LINE('',#4538,#1058);
#719=LINE('',#4541,#1059);
#720=LINE('',#4543,#1060);
#721=LINE('',#4544,#1061);
#722=LINE('',#4547,#1062);
#723=LINE('',#4549,#1063);
#724=LINE('',#4550,#1064);
#725=LINE('',#4552,#1065);
#726=LINE('',#4553,#1066);
#727=LINE('',#4556,#1067);
#728=LINE('',#4557,#1068);
#729=LINE('',#4559,#1069);
#730=LINE('',#4561,#1070);
#731=LINE('',#4564,#1071);
#732=LINE('',#4566,#1072);
#733=LINE('',#4568,#1073);
#734=LINE('',#4570,#1074);
#735=LINE('',#4571,#1075);
#736=LINE('',#4573,#1076);
#737=LINE('',#4575,#1077);
#738=LINE('',#4578,#1078);
#739=LINE('',#4579,#1079);
#740=LINE('',#4581,#1080);
#741=LINE('',#4583,#1081);
#742=LINE('',#4586,#1082);
#743=LINE('',#4587,#1083);
#744=LINE('',#4590,#1084);
#745=LINE('',#4591,#1085);
#746=LINE('',#4594,#1086);
#747=LINE('',#4595,#1087);
#748=LINE('',#4598,#1088);
#749=LINE('',#4599,#1089);
#750=LINE('',#4601,#1090);
#751=LINE('',#4607,#1091);
#752=LINE('',#4609,#1092);
#753=LINE('',#4613,#1093);
#754=LINE('',#4616,#1094);
#755=LINE('',#4618,#1095);
#756=LINE('',#4620,#1096);
#757=LINE('',#4621,#1097);
#758=LINE('',#4624,#1098);
#759=LINE('',#4625,#1099);
#760=LINE('',#4627,#1100);
#761=LINE('',#4628,#1101);
#762=LINE('',#4630,#1102);
#763=LINE('',#4632,#1103);
#764=LINE('',#4635,#1104);
#765=VECTOR('',#3070,10.);
#766=VECTOR('',#3071,10.);
#767=VECTOR('',#3072,10.);
#768=VECTOR('',#3073,10.);
#769=VECTOR('',#3078,10.);
#770=VECTOR('',#3079,10.);
#771=VECTOR('',#3082,10.);
#772=VECTOR('',#3083,10.);
#773=VECTOR('',#3084,10.);
#774=VECTOR('',#3085,10.);
#775=VECTOR('',#3090,10.);
#776=VECTOR('',#3091,10.);
#777=VECTOR('',#3092,10.);
#778=VECTOR('',#3095,10.);
#779=VECTOR('',#3096,10.);
#780=VECTOR('',#3099,1.05);
#781=VECTOR('',#3102,10.);
#782=VECTOR('',#3105,10.);
#783=VECTOR('',#3108,10.);
#784=VECTOR('',#3111,10.);
#785=VECTOR('',#3114,10.);
#786=VECTOR('',#3117,10.);
#787=VECTOR('',#3120,10.);
#788=VECTOR('',#3123,10.);
#789=VECTOR('',#3128,10.);
#790=VECTOR('',#3129,10.);
#791=VECTOR('',#3132,10.);
#792=VECTOR('',#3135,10.);
#793=VECTOR('',#3138,10.);
#794=VECTOR('',#3139,10.);
#795=VECTOR('',#3140,10.);
#796=VECTOR('',#3141,10.);
#797=VECTOR('',#3144,10.);
#798=VECTOR('',#3145,10.);
#799=VECTOR('',#3146,10.);
#800=VECTOR('',#3149,10.);
#801=VECTOR('',#3150,10.);
#802=VECTOR('',#3151,10.);
#803=VECTOR('',#3152,10.);
#804=VECTOR('',#3155,10.);
#805=VECTOR('',#3156,10.);
#806=VECTOR('',#3157,10.);
#807=VECTOR('',#3160,10.);
#808=VECTOR('',#3161,10.);
#809=VECTOR('',#3162,10.);
#810=VECTOR('',#3165,10.);
#811=VECTOR('',#3166,10.);
#812=VECTOR('',#3169,10.);
#813=VECTOR('',#3170,10.);
#814=VECTOR('',#3173,10.);
#815=VECTOR('',#3176,10.);
#816=VECTOR('',#3179,10.);
#817=VECTOR('',#3180,10.);
#818=VECTOR('',#3181,10.);
#819=VECTOR('',#3182,10.);
#820=VECTOR('',#3183,10.);
#821=VECTOR('',#3186,10.);
#822=VECTOR('',#3189,10.);
#823=VECTOR('',#3192,10.);
#824=VECTOR('',#3193,10.);
#825=VECTOR('',#3196,10.);
#826=VECTOR('',#3199,10.);
#827=VECTOR('',#3202,10.);
#828=VECTOR('',#3203,10.);
#829=VECTOR('',#3206,10.);
#830=VECTOR('',#3207,10.);
#831=VECTOR('',#3210,10.);
#832=VECTOR('',#3211,10.);
#833=VECTOR('',#3214,10.);
#834=VECTOR('',#3215,10.);
#835=VECTOR('',#3218,10.);
#836=VECTOR('',#3225,10.);
#837=VECTOR('',#3226,10.);
#838=VECTOR('',#3229,10.);
#839=VECTOR('',#3232,10.);
#840=VECTOR('',#3235,10.);
#841=VECTOR('',#3236,10.);
#842=VECTOR('',#3237,10.);
#843=VECTOR('',#3240,10.);
#844=VECTOR('',#3241,10.);
#845=VECTOR('',#3242,10.);
#846=VECTOR('',#3243,10.);
#847=VECTOR('',#3246,10.);
#848=VECTOR('',#3249,10.);
#849=VECTOR('',#3254,10.);
#850=VECTOR('',#3259,10.);
#851=VECTOR('',#3260,10.);
#852=VECTOR('',#3261,10.);
#853=VECTOR('',#3262,10.);
#854=VECTOR('',#3267,10.);
#855=VECTOR('',#3268,10.);
#856=VECTOR('',#3271,10.);
#857=VECTOR('',#3272,10.);
#858=VECTOR('',#3273,10.);
#859=VECTOR('',#3274,10.);
#860=VECTOR('',#3279,10.);
#861=VECTOR('',#3280,10.);
#862=VECTOR('',#3281,10.);
#863=VECTOR('',#3284,10.);
#864=VECTOR('',#3285,10.);
#865=VECTOR('',#3288,1.05);
#866=VECTOR('',#3291,10.);
#867=VECTOR('',#3294,10.);
#868=VECTOR('',#3297,10.);
#869=VECTOR('',#3300,10.);
#870=VECTOR('',#3303,10.);
#871=VECTOR('',#3306,10.);
#872=VECTOR('',#3309,10.);
#873=VECTOR('',#3312,10.);
#874=VECTOR('',#3317,10.);
#875=VECTOR('',#3318,10.);
#876=VECTOR('',#3321,10.);
#877=VECTOR('',#3324,10.);
#878=VECTOR('',#3327,10.);
#879=VECTOR('',#3328,10.);
#880=VECTOR('',#3329,10.);
#881=VECTOR('',#3330,10.);
#882=VECTOR('',#3333,10.);
#883=VECTOR('',#3334,10.);
#884=VECTOR('',#3335,10.);
#885=VECTOR('',#3338,10.);
#886=VECTOR('',#3339,10.);
#887=VECTOR('',#3340,10.);
#888=VECTOR('',#3341,10.);
#889=VECTOR('',#3344,10.);
#890=VECTOR('',#3345,10.);
#891=VECTOR('',#3346,10.);
#892=VECTOR('',#3349,10.);
#893=VECTOR('',#3350,10.);
#894=VECTOR('',#3351,10.);
#895=VECTOR('',#3354,10.);
#896=VECTOR('',#3355,10.);
#897=VECTOR('',#3358,10.);
#898=VECTOR('',#3359,10.);
#899=VECTOR('',#3362,10.);
#900=VECTOR('',#3365,10.);
#901=VECTOR('',#3368,10.);
#902=VECTOR('',#3369,10.);
#903=VECTOR('',#3370,10.);
#904=VECTOR('',#3371,10.);
#905=VECTOR('',#3372,10.);
#906=VECTOR('',#3375,10.);
#907=VECTOR('',#3378,10.);
#908=VECTOR('',#3381,10.);
#909=VECTOR('',#3382,10.);
#910=VECTOR('',#3385,10.);
#911=VECTOR('',#3388,10.);
#912=VECTOR('',#3391,10.);
#913=VECTOR('',#3392,10.);
#914=VECTOR('',#3395,10.);
#915=VECTOR('',#3396,10.);
#916=VECTOR('',#3399,10.);
#917=VECTOR('',#3400,10.);
#918=VECTOR('',#3403,10.);
#919=VECTOR('',#3404,10.);
#920=VECTOR('',#3407,10.);
#921=VECTOR('',#3414,10.);
#922=VECTOR('',#3415,10.);
#923=VECTOR('',#3418,10.);
#924=VECTOR('',#3421,10.);
#925=VECTOR('',#3424,10.);
#926=VECTOR('',#3425,10.);
#927=VECTOR('',#3426,10.);
#928=VECTOR('',#3429,10.);
#929=VECTOR('',#3430,10.);
#930=VECTOR('',#3431,10.);
#931=VECTOR('',#3432,10.);
#932=VECTOR('',#3435,10.);
#933=VECTOR('',#3438,10.);
#934=VECTOR('',#3443,10.);
#935=VECTOR('',#3448,10.);
#936=VECTOR('',#3449,10.);
#937=VECTOR('',#3450,10.);
#938=VECTOR('',#3451,10.);
#939=VECTOR('',#3456,10.);
#940=VECTOR('',#3457,10.);
#941=VECTOR('',#3460,10.);
#942=VECTOR('',#3461,10.);
#943=VECTOR('',#3462,10.);
#944=VECTOR('',#3463,10.);
#945=VECTOR('',#3468,10.);
#946=VECTOR('',#3469,10.);
#947=VECTOR('',#3470,10.);
#948=VECTOR('',#3473,10.);
#949=VECTOR('',#3474,10.);
#950=VECTOR('',#3477,1.05);
#951=VECTOR('',#3480,10.);
#952=VECTOR('',#3483,10.);
#953=VECTOR('',#3486,10.);
#954=VECTOR('',#3489,10.);
#955=VECTOR('',#3492,10.);
#956=VECTOR('',#3495,10.);
#957=VECTOR('',#3498,10.);
#958=VECTOR('',#3501,10.);
#959=VECTOR('',#3506,10.);
#960=VECTOR('',#3507,10.);
#961=VECTOR('',#3510,10.);
#962=VECTOR('',#3513,10.);
#963=VECTOR('',#3516,10.);
#964=VECTOR('',#3517,10.);
#965=VECTOR('',#3518,10.);
#966=VECTOR('',#3519,10.);
#967=VECTOR('',#3522,10.);
#968=VECTOR('',#3523,10.);
#969=VECTOR('',#3524,10.);
#970=VECTOR('',#3527,10.);
#971=VECTOR('',#3528,10.);
#972=VECTOR('',#3529,10.);
#973=VECTOR('',#3530,10.);
#974=VECTOR('',#3533,10.);
#975=VECTOR('',#3534,10.);
#976=VECTOR('',#3535,10.);
#977=VECTOR('',#3538,10.);
#978=VECTOR('',#3539,10.);
#979=VECTOR('',#3540,10.);
#980=VECTOR('',#3543,10.);
#981=VECTOR('',#3544,10.);
#982=VECTOR('',#3547,10.);
#983=VECTOR('',#3548,10.);
#984=VECTOR('',#3551,10.);
#985=VECTOR('',#3554,10.);
#986=VECTOR('',#3557,10.);
#987=VECTOR('',#3558,10.);
#988=VECTOR('',#3559,10.);
#989=VECTOR('',#3560,10.);
#990=VECTOR('',#3561,10.);
#991=VECTOR('',#3564,10.);
#992=VECTOR('',#3567,10.);
#993=VECTOR('',#3570,10.);
#994=VECTOR('',#3571,10.);
#995=VECTOR('',#3574,10.);
#996=VECTOR('',#3577,10.);
#997=VECTOR('',#3580,10.);
#998=VECTOR('',#3581,10.);
#999=VECTOR('',#3584,10.);
#1000=VECTOR('',#3585,10.);
#1001=VECTOR('',#3588,10.);
#1002=VECTOR('',#3589,10.);
#1003=VECTOR('',#3592,10.);
#1004=VECTOR('',#3593,10.);
#1005=VECTOR('',#3596,10.);
#1006=VECTOR('',#3603,10.);
#1007=VECTOR('',#3604,10.);
#1008=VECTOR('',#3607,10.);
#1009=VECTOR('',#3610,10.);
#1010=VECTOR('',#3613,10.);
#1011=VECTOR('',#3614,10.);
#1012=VECTOR('',#3615,10.);
#1013=VECTOR('',#3618,10.);
#1014=VECTOR('',#3619,10.);
#1015=VECTOR('',#3620,10.);
#1016=VECTOR('',#3621,10.);
#1017=VECTOR('',#3624,10.);
#1018=VECTOR('',#3627,10.);
#1019=VECTOR('',#3632,10.);
#1020=VECTOR('',#3637,10.);
#1021=VECTOR('',#3638,10.);
#1022=VECTOR('',#3639,10.);
#1023=VECTOR('',#3640,10.);
#1024=VECTOR('',#3645,10.);
#1025=VECTOR('',#3646,10.);
#1026=VECTOR('',#3649,10.);
#1027=VECTOR('',#3650,10.);
#1028=VECTOR('',#3651,10.);
#1029=VECTOR('',#3652,10.);
#1030=VECTOR('',#3657,10.);
#1031=VECTOR('',#3658,10.);
#1032=VECTOR('',#3659,10.);
#1033=VECTOR('',#3662,10.);
#1034=VECTOR('',#3663,10.);
#1035=VECTOR('',#3666,1.05);
#1036=VECTOR('',#3669,10.);
#1037=VECTOR('',#3672,10.);
#1038=VECTOR('',#3675,10.);
#1039=VECTOR('',#3678,10.);
#1040=VECTOR('',#3681,10.);
#1041=VECTOR('',#3684,10.);
#1042=VECTOR('',#3687,10.);
#1043=VECTOR('',#3690,10.);
#1044=VECTOR('',#3695,10.);
#1045=VECTOR('',#3696,10.);
#1046=VECTOR('',#3699,10.);
#1047=VECTOR('',#3702,10.);
#1048=VECTOR('',#3705,10.);
#1049=VECTOR('',#3706,10.);
#1050=VECTOR('',#3707,10.);
#1051=VECTOR('',#3708,10.);
#1052=VECTOR('',#3711,10.);
#1053=VECTOR('',#3712,10.);
#1054=VECTOR('',#3713,10.);
#1055=VECTOR('',#3716,10.);
#1056=VECTOR('',#3717,10.);
#1057=VECTOR('',#3718,10.);
#1058=VECTOR('',#3719,10.);
#1059=VECTOR('',#3722,10.);
#1060=VECTOR('',#3723,10.);
#1061=VECTOR('',#3724,10.);
#1062=VECTOR('',#3727,10.);
#1063=VECTOR('',#3728,10.);
#1064=VECTOR('',#3729,10.);
#1065=VECTOR('',#3732,10.);
#1066=VECTOR('',#3733,10.);
#1067=VECTOR('',#3736,10.);
#1068=VECTOR('',#3737,10.);
#1069=VECTOR('',#3740,10.);
#1070=VECTOR('',#3743,10.);
#1071=VECTOR('',#3746,10.);
#1072=VECTOR('',#3747,10.);
#1073=VECTOR('',#3748,10.);
#1074=VECTOR('',#3749,10.);
#1075=VECTOR('',#3750,10.);
#1076=VECTOR('',#3753,10.);
#1077=VECTOR('',#3756,10.);
#1078=VECTOR('',#3759,10.);
#1079=VECTOR('',#3760,10.);
#1080=VECTOR('',#3763,10.);
#1081=VECTOR('',#3766,10.);
#1082=VECTOR('',#3769,10.);
#1083=VECTOR('',#3770,10.);
#1084=VECTOR('',#3773,10.);
#1085=VECTOR('',#3774,10.);
#1086=VECTOR('',#3777,10.);
#1087=VECTOR('',#3778,10.);
#1088=VECTOR('',#3781,10.);
#1089=VECTOR('',#3782,10.);
#1090=VECTOR('',#3785,10.);
#1091=VECTOR('',#3792,10.);
#1092=VECTOR('',#3793,10.);
#1093=VECTOR('',#3796,10.);
#1094=VECTOR('',#3799,10.);
#1095=VECTOR('',#3802,10.);
#1096=VECTOR('',#3803,10.);
#1097=VECTOR('',#3804,10.);
#1098=VECTOR('',#3807,10.);
#1099=VECTOR('',#3808,10.);
#1100=VECTOR('',#3809,10.);
#1101=VECTOR('',#3810,10.);
#1102=VECTOR('',#3813,10.);
#1103=VECTOR('',#3816,10.);
#1104=VECTOR('',#3821,10.);
#1105=VERTEX_POINT('',#3826);
#1106=VERTEX_POINT('',#3827);
#1107=VERTEX_POINT('',#3829);
#1108=VERTEX_POINT('',#3831);
#1109=VERTEX_POINT('',#3835);
#1110=VERTEX_POINT('',#3836);
#1111=VERTEX_POINT('',#3838);
#1112=VERTEX_POINT('',#3842);
#1113=VERTEX_POINT('',#3843);
#1114=VERTEX_POINT('',#3845);
#1115=VERTEX_POINT('',#3847);
#1116=VERTEX_POINT('',#3850);
#1117=VERTEX_POINT('',#3853);
#1118=VERTEX_POINT('',#3854);
#1119=VERTEX_POINT('',#3859);
#1120=VERTEX_POINT('',#3863);
#1121=VERTEX_POINT('',#3865);
#1122=VERTEX_POINT('',#3867);
#1123=VERTEX_POINT('',#3869);
#1124=VERTEX_POINT('',#3871);
#1125=VERTEX_POINT('',#3873);
#1126=VERTEX_POINT('',#3875);
#1127=VERTEX_POINT('',#3877);
#1128=VERTEX_POINT('',#3879);
#1129=VERTEX_POINT('',#3881);
#1130=VERTEX_POINT('',#3883);
#1131=VERTEX_POINT('',#3885);
#1132=VERTEX_POINT('',#3887);
#1133=VERTEX_POINT('',#3889);
#1134=VERTEX_POINT('',#3891);
#1135=VERTEX_POINT('',#3893);
#1136=VERTEX_POINT('',#3895);
#1137=VERTEX_POINT('',#3899);
#1138=VERTEX_POINT('',#3907);
#1139=VERTEX_POINT('',#3908);
#1140=VERTEX_POINT('',#3910);
#1141=VERTEX_POINT('',#3912);
#1142=VERTEX_POINT('',#3916);
#1143=VERTEX_POINT('',#3918);
#1144=VERTEX_POINT('',#3922);
#1145=VERTEX_POINT('',#3923);
#1146=VERTEX_POINT('',#3925);
#1147=VERTEX_POINT('',#3927);
#1148=VERTEX_POINT('',#3931);
#1149=VERTEX_POINT('',#3933);
#1150=VERTEX_POINT('',#3937);
#1151=VERTEX_POINT('',#3939);
#1152=VERTEX_POINT('',#3946);
#1153=VERTEX_POINT('',#3954);
#1154=VERTEX_POINT('',#3956);
#1155=VERTEX_POINT('',#3958);
#1156=VERTEX_POINT('',#3960);
#1157=VERTEX_POINT('',#3968);
#1158=VERTEX_POINT('',#3976);
#1159=VERTEX_POINT('',#3980);
#1160=VERTEX_POINT('',#3984);
#1161=VERTEX_POINT('',#3988);
#1162=VERTEX_POINT('',#3995);
#1163=VERTEX_POINT('',#3996);
#1164=VERTEX_POINT('',#3999);
#1165=VERTEX_POINT('',#4001);
#1166=VERTEX_POINT('',#4003);
#1167=VERTEX_POINT('',#4005);
#1168=VERTEX_POINT('',#4010);
#1169=VERTEX_POINT('',#4014);
#1170=VERTEX_POINT('',#4017);
#1171=VERTEX_POINT('',#4029);
#1172=VERTEX_POINT('',#4030);
#1173=VERTEX_POINT('',#4032);
#1174=VERTEX_POINT('',#4034);
#1175=VERTEX_POINT('',#4038);
#1176=VERTEX_POINT('',#4039);
#1177=VERTEX_POINT('',#4041);
#1178=VERTEX_POINT('',#4045);
#1179=VERTEX_POINT('',#4046);
#1180=VERTEX_POINT('',#4048);
#1181=VERTEX_POINT('',#4050);
#1182=VERTEX_POINT('',#4053);
#1183=VERTEX_POINT('',#4056);
#1184=VERTEX_POINT('',#4057);
#1185=VERTEX_POINT('',#4062);
#1186=VERTEX_POINT('',#4066);
#1187=VERTEX_POINT('',#4068);
#1188=VERTEX_POINT('',#4070);
#1189=VERTEX_POINT('',#4072);
#1190=VERTEX_POINT('',#4074);
#1191=VERTEX_POINT('',#4076);
#1192=VERTEX_POINT('',#4078);
#1193=VERTEX_POINT('',#4080);
#1194=VERTEX_POINT('',#4082);
#1195=VERTEX_POINT('',#4084);
#1196=VERTEX_POINT('',#4086);
#1197=VERTEX_POINT('',#4088);
#1198=VERTEX_POINT('',#4090);
#1199=VERTEX_POINT('',#4092);
#1200=VERTEX_POINT('',#4094);
#1201=VERTEX_POINT('',#4096);
#1202=VERTEX_POINT('',#4098);
#1203=VERTEX_POINT('',#4102);
#1204=VERTEX_POINT('',#4110);
#1205=VERTEX_POINT('',#4111);
#1206=VERTEX_POINT('',#4113);
#1207=VERTEX_POINT('',#4115);
#1208=VERTEX_POINT('',#4119);
#1209=VERTEX_POINT('',#4121);
#1210=VERTEX_POINT('',#4125);
#1211=VERTEX_POINT('',#4126);
#1212=VERTEX_POINT('',#4128);
#1213=VERTEX_POINT('',#4130);
#1214=VERTEX_POINT('',#4134);
#1215=VERTEX_POINT('',#4136);
#1216=VERTEX_POINT('',#4140);
#1217=VERTEX_POINT('',#4142);
#1218=VERTEX_POINT('',#4149);
#1219=VERTEX_POINT('',#4157);
#1220=VERTEX_POINT('',#4159);
#1221=VERTEX_POINT('',#4161);
#1222=VERTEX_POINT('',#4163);
#1223=VERTEX_POINT('',#4171);
#1224=VERTEX_POINT('',#4179);
#1225=VERTEX_POINT('',#4183);
#1226=VERTEX_POINT('',#4187);
#1227=VERTEX_POINT('',#4191);
#1228=VERTEX_POINT('',#4198);
#1229=VERTEX_POINT('',#4199);
#1230=VERTEX_POINT('',#4202);
#1231=VERTEX_POINT('',#4204);
#1232=VERTEX_POINT('',#4206);
#1233=VERTEX_POINT('',#4208);
#1234=VERTEX_POINT('',#4213);
#1235=VERTEX_POINT('',#4217);
#1236=VERTEX_POINT('',#4220);
#1237=VERTEX_POINT('',#4232);
#1238=VERTEX_POINT('',#4233);
#1239=VERTEX_POINT('',#4235);
#1240=VERTEX_POINT('',#4237);
#1241=VERTEX_POINT('',#4241);
#1242=VERTEX_POINT('',#4242);
#1243=VERTEX_POINT('',#4244);
#1244=VERTEX_POINT('',#4248);
#1245=VERTEX_POINT('',#4249);
#1246=VERTEX_POINT('',#4251);
#1247=VERTEX_POINT('',#4253);
#1248=VERTEX_POINT('',#4256);
#1249=VERTEX_POINT('',#4259);
#1250=VERTEX_POINT('',#4260);
#1251=VERTEX_POINT('',#4265);
#1252=VERTEX_POINT('',#4269);
#1253=VERTEX_POINT('',#4271);
#1254=VERTEX_POINT('',#4273);
#1255=VERTEX_POINT('',#4275);
#1256=VERTEX_POINT('',#4277);
#1257=VERTEX_POINT('',#4279);
#1258=VERTEX_POINT('',#4281);
#1259=VERTEX_POINT('',#4283);
#1260=VERTEX_POINT('',#4285);
#1261=VERTEX_POINT('',#4287);
#1262=VERTEX_POINT('',#4289);
#1263=VERTEX_POINT('',#4291);
#1264=VERTEX_POINT('',#4293);
#1265=VERTEX_POINT('',#4295);
#1266=VERTEX_POINT('',#4297);
#1267=VERTEX_POINT('',#4299);
#1268=VERTEX_POINT('',#4301);
#1269=VERTEX_POINT('',#4305);
#1270=VERTEX_POINT('',#4313);
#1271=VERTEX_POINT('',#4314);
#1272=VERTEX_POINT('',#4316);
#1273=VERTEX_POINT('',#4318);
#1274=VERTEX_POINT('',#4322);
#1275=VERTEX_POINT('',#4324);
#1276=VERTEX_POINT('',#4328);
#1277=VERTEX_POINT('',#4329);
#1278=VERTEX_POINT('',#4331);
#1279=VERTEX_POINT('',#4333);
#1280=VERTEX_POINT('',#4337);
#1281=VERTEX_POINT('',#4339);
#1282=VERTEX_POINT('',#4343);
#1283=VERTEX_POINT('',#4345);
#1284=VERTEX_POINT('',#4352);
#1285=VERTEX_POINT('',#4360);
#1286=VERTEX_POINT('',#4362);
#1287=VERTEX_POINT('',#4364);
#1288=VERTEX_POINT('',#4366);
#1289=VERTEX_POINT('',#4374);
#1290=VERTEX_POINT('',#4382);
#1291=VERTEX_POINT('',#4386);
#1292=VERTEX_POINT('',#4390);
#1293=VERTEX_POINT('',#4394);
#1294=VERTEX_POINT('',#4401);
#1295=VERTEX_POINT('',#4402);
#1296=VERTEX_POINT('',#4405);
#1297=VERTEX_POINT('',#4407);
#1298=VERTEX_POINT('',#4409);
#1299=VERTEX_POINT('',#4411);
#1300=VERTEX_POINT('',#4416);
#1301=VERTEX_POINT('',#4420);
#1302=VERTEX_POINT('',#4423);
#1303=VERTEX_POINT('',#4435);
#1304=VERTEX_POINT('',#4436);
#1305=VERTEX_POINT('',#4438);
#1306=VERTEX_POINT('',#4440);
#1307=VERTEX_POINT('',#4444);
#1308=VERTEX_POINT('',#4445);
#1309=VERTEX_POINT('',#4447);
#1310=VERTEX_POINT('',#4451);
#1311=VERTEX_POINT('',#4452);
#1312=VERTEX_POINT('',#4454);
#1313=VERTEX_POINT('',#4456);
#1314=VERTEX_POINT('',#4459);
#1315=VERTEX_POINT('',#4462);
#1316=VERTEX_POINT('',#4463);
#1317=VERTEX_POINT('',#4468);
#1318=VERTEX_POINT('',#4472);
#1319=VERTEX_POINT('',#4474);
#1320=VERTEX_POINT('',#4476);
#1321=VERTEX_POINT('',#4478);
#1322=VERTEX_POINT('',#4480);
#1323=VERTEX_POINT('',#4482);
#1324=VERTEX_POINT('',#4484);
#1325=VERTEX_POINT('',#4486);
#1326=VERTEX_POINT('',#4488);
#1327=VERTEX_POINT('',#4490);
#1328=VERTEX_POINT('',#4492);
#1329=VERTEX_POINT('',#4494);
#1330=VERTEX_POINT('',#4496);
#1331=VERTEX_POINT('',#4498);
#1332=VERTEX_POINT('',#4500);
#1333=VERTEX_POINT('',#4502);
#1334=VERTEX_POINT('',#4504);
#1335=VERTEX_POINT('',#4508);
#1336=VERTEX_POINT('',#4516);
#1337=VERTEX_POINT('',#4517);
#1338=VERTEX_POINT('',#4519);
#1339=VERTEX_POINT('',#4521);
#1340=VERTEX_POINT('',#4525);
#1341=VERTEX_POINT('',#4527);
#1342=VERTEX_POINT('',#4531);
#1343=VERTEX_POINT('',#4532);
#1344=VERTEX_POINT('',#4534);
#1345=VERTEX_POINT('',#4536);
#1346=VERTEX_POINT('',#4540);
#1347=VERTEX_POINT('',#4542);
#1348=VERTEX_POINT('',#4546);
#1349=VERTEX_POINT('',#4548);
#1350=VERTEX_POINT('',#4555);
#1351=VERTEX_POINT('',#4563);
#1352=VERTEX_POINT('',#4565);
#1353=VERTEX_POINT('',#4567);
#1354=VERTEX_POINT('',#4569);
#1355=VERTEX_POINT('',#4577);
#1356=VERTEX_POINT('',#4585);
#1357=VERTEX_POINT('',#4589);
#1358=VERTEX_POINT('',#4593);
#1359=VERTEX_POINT('',#4597);
#1360=VERTEX_POINT('',#4604);
#1361=VERTEX_POINT('',#4605);
#1362=VERTEX_POINT('',#4608);
#1363=VERTEX_POINT('',#4610);
#1364=VERTEX_POINT('',#4612);
#1365=VERTEX_POINT('',#4614);
#1366=VERTEX_POINT('',#4619);
#1367=VERTEX_POINT('',#4623);
#1368=VERTEX_POINT('',#4626);
#1369=EDGE_CURVE('',#1105,#1106,#425,.T.);
#1370=EDGE_CURVE('',#1107,#1105,#426,.T.);
#1371=EDGE_CURVE('',#1108,#1107,#427,.T.);
#1372=EDGE_CURVE('',#1106,#1108,#428,.T.);
#1373=EDGE_CURVE('',#1109,#1110,#37,.T.);
#1374=EDGE_CURVE('',#1110,#1111,#429,.T.);
#1375=EDGE_CURVE('',#1109,#1111,#430,.T.);
#1376=EDGE_CURVE('',#1112,#1113,#431,.T.);
#1377=EDGE_CURVE('',#1113,#1114,#432,.T.);
#1378=EDGE_CURVE('',#1114,#1115,#433,.T.);
#1379=EDGE_CURVE('',#1115,#1112,#434,.T.);
#1380=EDGE_CURVE('',#1116,#1116,#38,.T.);
#1381=EDGE_CURVE('',#1117,#1118,#435,.T.);
#1382=EDGE_CURVE('',#1118,#1115,#436,.T.);
#1383=EDGE_CURVE('',#1117,#1114,#437,.F.);
#1384=EDGE_CURVE('',#1119,#1117,#438,.T.);
#1385=EDGE_CURVE('',#1119,#1113,#439,.F.);
#1386=EDGE_CURVE('',#1116,#1120,#440,.T.);
#1387=EDGE_CURVE('',#1120,#1121,#39,.T.);
#1388=EDGE_CURVE('',#1121,#1122,#441,.T.);
#1389=EDGE_CURVE('',#1122,#1123,#40,.T.);
#1390=EDGE_CURVE('',#1123,#1124,#442,.T.);
#1391=EDGE_CURVE('',#1124,#1125,#41,.T.);
#1392=EDGE_CURVE('',#1125,#1126,#443,.T.);
#1393=EDGE_CURVE('',#1126,#1127,#42,.T.);
#1394=EDGE_CURVE('',#1127,#1128,#444,.T.);
#1395=EDGE_CURVE('',#1128,#1129,#43,.T.);
#1396=EDGE_CURVE('',#1129,#1130,#445,.T.);
#1397=EDGE_CURVE('',#1130,#1131,#44,.T.);
#1398=EDGE_CURVE('',#1131,#1132,#446,.T.);
#1399=EDGE_CURVE('',#1132,#1133,#45,.T.);
#1400=EDGE_CURVE('',#1133,#1134,#447,.T.);
#1401=EDGE_CURVE('',#1134,#1135,#46,.T.);
#1402=EDGE_CURVE('',#1135,#1136,#448,.T.);
#1403=EDGE_CURVE('',#1136,#1120,#47,.T.);
#1404=EDGE_CURVE('',#1137,#1119,#449,.T.);
#1405=EDGE_CURVE('',#1137,#1112,#450,.F.);
#1406=EDGE_CURVE('',#1118,#1137,#451,.T.);
#1407=EDGE_CURVE('',#1133,#1132,#452,.T.);
#1408=EDGE_CURVE('',#1138,#1139,#453,.T.);
#1409=EDGE_CURVE('',#1139,#1140,#454,.T.);
#1410=EDGE_CURVE('',#1140,#1141,#455,.T.);
#1411=EDGE_CURVE('',#1138,#1141,#456,.T.);
#1412=EDGE_CURVE('',#1142,#1138,#457,.T.);
#1413=EDGE_CURVE('',#1141,#1143,#458,.T.);
#1414=EDGE_CURVE('',#1142,#1143,#459,.T.);
#1415=EDGE_CURVE('',#1144,#1145,#460,.T.);
#1416=EDGE_CURVE('',#1145,#1146,#461,.T.);
#1417=EDGE_CURVE('',#1146,#1147,#462,.T.);
#1418=EDGE_CURVE('',#1147,#1144,#463,.T.);
#1419=EDGE_CURVE('',#1148,#1144,#464,.T.);
#1420=EDGE_CURVE('',#1147,#1149,#465,.T.);
#1421=EDGE_CURVE('',#1148,#1149,#466,.T.);
#1422=EDGE_CURVE('',#1150,#1148,#467,.T.);
#1423=EDGE_CURVE('',#1149,#1151,#468,.T.);
#1424=EDGE_CURVE('',#1150,#1151,#469,.T.);
#1425=EDGE_CURVE('',#1127,#1150,#470,.T.);
#1426=EDGE_CURVE('',#1151,#1128,#471,.T.);
#1427=EDGE_CURVE('',#1143,#1152,#472,.T.);
#1428=EDGE_CURVE('',#1152,#1140,#473,.T.);
#1429=EDGE_CURVE('',#1125,#1124,#474,.T.);
#1430=EDGE_CURVE('',#1129,#1146,#475,.T.);
#1431=EDGE_CURVE('',#1153,#1136,#476,.T.);
#1432=EDGE_CURVE('',#1154,#1153,#477,.T.);
#1433=EDGE_CURVE('',#1155,#1154,#478,.T.);
#1434=EDGE_CURVE('',#1156,#1155,#479,.T.);
#1435=EDGE_CURVE('',#1121,#1156,#480,.T.);
#1436=EDGE_CURVE('',#1145,#1130,#481,.T.);
#1437=EDGE_CURVE('',#1131,#1134,#482,.T.);
#1438=EDGE_CURVE('',#1139,#1157,#483,.T.);
#1439=EDGE_CURVE('',#1157,#1152,#484,.T.);
#1440=EDGE_CURVE('',#1157,#1142,#485,.T.);
#1441=EDGE_CURVE('',#1123,#1126,#486,.T.);
#1442=EDGE_CURVE('',#1158,#1122,#487,.T.);
#1443=EDGE_CURVE('',#1158,#1156,#488,.T.);
#1444=EDGE_CURVE('',#1159,#1158,#489,.T.);
#1445=EDGE_CURVE('',#1159,#1155,#490,.T.);
#1446=EDGE_CURVE('',#1160,#1159,#491,.T.);
#1447=EDGE_CURVE('',#1160,#1154,#492,.T.);
#1448=EDGE_CURVE('',#1135,#1161,#493,.T.);
#1449=EDGE_CURVE('',#1161,#1153,#494,.T.);
#1450=EDGE_CURVE('',#1161,#1160,#495,.T.);
#1451=EDGE_CURVE('',#1162,#1163,#48,.T.);
#1452=EDGE_CURVE('',#1110,#1162,#496,.T.);
#1453=EDGE_CURVE('',#1164,#1109,#497,.T.);
#1454=EDGE_CURVE('',#1165,#1164,#49,.T.);
#1455=EDGE_CURVE('',#1166,#1165,#498,.T.);
#1456=EDGE_CURVE('',#1167,#1166,#50,.T.);
#1457=EDGE_CURVE('',#1163,#1167,#499,.T.);
#1458=EDGE_CURVE('',#1111,#1106,#500,.T.);
#1459=EDGE_CURVE('',#1168,#1108,#501,.T.);
#1460=EDGE_CURVE('',#1164,#1168,#502,.T.);
#1461=EDGE_CURVE('',#1167,#1169,#503,.T.);
#1462=EDGE_CURVE('',#1169,#1107,#504,.T.);
#1463=EDGE_CURVE('',#1170,#1105,#505,.T.);
#1464=EDGE_CURVE('',#1163,#1170,#506,.T.);
#1465=EDGE_CURVE('',#1165,#1168,#507,.T.);
#1466=EDGE_CURVE('',#1166,#1169,#508,.T.);
#1467=EDGE_CURVE('',#1162,#1170,#509,.T.);
#1468=EDGE_CURVE('',#1171,#1172,#510,.T.);
#1469=EDGE_CURVE('',#1173,#1171,#511,.T.);
#1470=EDGE_CURVE('',#1174,#1173,#512,.T.);
#1471=EDGE_CURVE('',#1172,#1174,#513,.T.);
#1472=EDGE_CURVE('',#1175,#1176,#51,.T.);
#1473=EDGE_CURVE('',#1176,#1177,#514,.T.);
#1474=EDGE_CURVE('',#1175,#1177,#515,.T.);
#1475=EDGE_CURVE('',#1178,#1179,#516,.T.);
#1476=EDGE_CURVE('',#1179,#1180,#517,.T.);
#1477=EDGE_CURVE('',#1180,#1181,#518,.T.);
#1478=EDGE_CURVE('',#1181,#1178,#519,.T.);
#1479=EDGE_CURVE('',#1182,#1182,#52,.T.);
#1480=EDGE_CURVE('',#1183,#1184,#520,.T.);
#1481=EDGE_CURVE('',#1184,#1181,#521,.T.);
#1482=EDGE_CURVE('',#1183,#1180,#522,.F.);
#1483=EDGE_CURVE('',#1185,#1183,#523,.T.);
#1484=EDGE_CURVE('',#1185,#1179,#524,.F.);
#1485=EDGE_CURVE('',#1182,#1186,#525,.T.);
#1486=EDGE_CURVE('',#1186,#1187,#53,.T.);
#1487=EDGE_CURVE('',#1187,#1188,#526,.T.);
#1488=EDGE_CURVE('',#1188,#1189,#54,.T.);
#1489=EDGE_CURVE('',#1189,#1190,#527,.T.);
#1490=EDGE_CURVE('',#1190,#1191,#55,.T.);
#1491=EDGE_CURVE('',#1191,#1192,#528,.T.);
#1492=EDGE_CURVE('',#1192,#1193,#56,.T.);
#1493=EDGE_CURVE('',#1193,#1194,#529,.T.);
#1494=EDGE_CURVE('',#1194,#1195,#57,.T.);
#1495=EDGE_CURVE('',#1195,#1196,#530,.T.);
#1496=EDGE_CURVE('',#1196,#1197,#58,.T.);
#1497=EDGE_CURVE('',#1197,#1198,#531,.T.);
#1498=EDGE_CURVE('',#1198,#1199,#59,.T.);
#1499=EDGE_CURVE('',#1199,#1200,#532,.T.);
#1500=EDGE_CURVE('',#1200,#1201,#60,.T.);
#1501=EDGE_CURVE('',#1201,#1202,#533,.T.);
#1502=EDGE_CURVE('',#1202,#1186,#61,.T.);
#1503=EDGE_CURVE('',#1203,#1185,#534,.T.);
#1504=EDGE_CURVE('',#1203,#1178,#535,.F.);
#1505=EDGE_CURVE('',#1184,#1203,#536,.T.);
#1506=EDGE_CURVE('',#1199,#1198,#537,.T.);
#1507=EDGE_CURVE('',#1204,#1205,#538,.T.);
#1508=EDGE_CURVE('',#1205,#1206,#539,.T.);
#1509=EDGE_CURVE('',#1206,#1207,#540,.T.);
#1510=EDGE_CURVE('',#1204,#1207,#541,.T.);
#1511=EDGE_CURVE('',#1208,#1204,#542,.T.);
#1512=EDGE_CURVE('',#1207,#1209,#543,.T.);
#1513=EDGE_CURVE('',#1208,#1209,#544,.T.);
#1514=EDGE_CURVE('',#1210,#1211,#545,.T.);
#1515=EDGE_CURVE('',#1211,#1212,#546,.T.);
#1516=EDGE_CURVE('',#1212,#1213,#547,.T.);
#1517=EDGE_CURVE('',#1213,#1210,#548,.T.);
#1518=EDGE_CURVE('',#1214,#1210,#549,.T.);
#1519=EDGE_CURVE('',#1213,#1215,#550,.T.);
#1520=EDGE_CURVE('',#1214,#1215,#551,.T.);
#1521=EDGE_CURVE('',#1216,#1214,#552,.T.);
#1522=EDGE_CURVE('',#1215,#1217,#553,.T.);
#1523=EDGE_CURVE('',#1216,#1217,#554,.T.);
#1524=EDGE_CURVE('',#1193,#1216,#555,.T.);
#1525=EDGE_CURVE('',#1217,#1194,#556,.T.);
#1526=EDGE_CURVE('',#1209,#1218,#557,.T.);
#1527=EDGE_CURVE('',#1218,#1206,#558,.T.);
#1528=EDGE_CURVE('',#1191,#1190,#559,.T.);
#1529=EDGE_CURVE('',#1195,#1212,#560,.T.);
#1530=EDGE_CURVE('',#1219,#1202,#561,.T.);
#1531=EDGE_CURVE('',#1220,#1219,#562,.T.);
#1532=EDGE_CURVE('',#1221,#1220,#563,.T.);
#1533=EDGE_CURVE('',#1222,#1221,#564,.T.);
#1534=EDGE_CURVE('',#1187,#1222,#565,.T.);
#1535=EDGE_CURVE('',#1211,#1196,#566,.T.);
#1536=EDGE_CURVE('',#1197,#1200,#567,.T.);
#1537=EDGE_CURVE('',#1205,#1223,#568,.T.);
#1538=EDGE_CURVE('',#1223,#1218,#569,.T.);
#1539=EDGE_CURVE('',#1223,#1208,#570,.T.);
#1540=EDGE_CURVE('',#1189,#1192,#571,.T.);
#1541=EDGE_CURVE('',#1224,#1188,#572,.T.);
#1542=EDGE_CURVE('',#1224,#1222,#573,.T.);
#1543=EDGE_CURVE('',#1225,#1224,#574,.T.);
#1544=EDGE_CURVE('',#1225,#1221,#575,.T.);
#1545=EDGE_CURVE('',#1226,#1225,#576,.T.);
#1546=EDGE_CURVE('',#1226,#1220,#577,.T.);
#1547=EDGE_CURVE('',#1201,#1227,#578,.T.);
#1548=EDGE_CURVE('',#1227,#1219,#579,.T.);
#1549=EDGE_CURVE('',#1227,#1226,#580,.T.);
#1550=EDGE_CURVE('',#1228,#1229,#62,.T.);
#1551=EDGE_CURVE('',#1176,#1228,#581,.T.);
#1552=EDGE_CURVE('',#1230,#1175,#582,.T.);
#1553=EDGE_CURVE('',#1231,#1230,#63,.T.);
#1554=EDGE_CURVE('',#1232,#1231,#583,.T.);
#1555=EDGE_CURVE('',#1233,#1232,#64,.T.);
#1556=EDGE_CURVE('',#1229,#1233,#584,.T.);
#1557=EDGE_CURVE('',#1177,#1172,#585,.T.);
#1558=EDGE_CURVE('',#1234,#1174,#586,.T.);
#1559=EDGE_CURVE('',#1230,#1234,#587,.T.);
#1560=EDGE_CURVE('',#1233,#1235,#588,.T.);
#1561=EDGE_CURVE('',#1235,#1173,#589,.T.);
#1562=EDGE_CURVE('',#1236,#1171,#590,.T.);
#1563=EDGE_CURVE('',#1229,#1236,#591,.T.);
#1564=EDGE_CURVE('',#1231,#1234,#592,.T.);
#1565=EDGE_CURVE('',#1232,#1235,#593,.T.);
#1566=EDGE_CURVE('',#1228,#1236,#594,.T.);
#1567=EDGE_CURVE('',#1237,#1238,#595,.T.);
#1568=EDGE_CURVE('',#1239,#1237,#596,.T.);
#1569=EDGE_CURVE('',#1240,#1239,#597,.T.);
#1570=EDGE_CURVE('',#1238,#1240,#598,.T.);
#1571=EDGE_CURVE('',#1241,#1242,#65,.T.);
#1572=EDGE_CURVE('',#1242,#1243,#599,.T.);
#1573=EDGE_CURVE('',#1241,#1243,#600,.T.);
#1574=EDGE_CURVE('',#1244,#1245,#601,.T.);
#1575=EDGE_CURVE('',#1245,#1246,#602,.T.);
#1576=EDGE_CURVE('',#1246,#1247,#603,.T.);
#1577=EDGE_CURVE('',#1247,#1244,#604,.T.);
#1578=EDGE_CURVE('',#1248,#1248,#66,.T.);
#1579=EDGE_CURVE('',#1249,#1250,#605,.T.);
#1580=EDGE_CURVE('',#1250,#1247,#606,.T.);
#1581=EDGE_CURVE('',#1249,#1246,#607,.F.);
#1582=EDGE_CURVE('',#1251,#1249,#608,.T.);
#1583=EDGE_CURVE('',#1251,#1245,#609,.F.);
#1584=EDGE_CURVE('',#1248,#1252,#610,.T.);
#1585=EDGE_CURVE('',#1252,#1253,#67,.T.);
#1586=EDGE_CURVE('',#1253,#1254,#611,.T.);
#1587=EDGE_CURVE('',#1254,#1255,#68,.T.);
#1588=EDGE_CURVE('',#1255,#1256,#612,.T.);
#1589=EDGE_CURVE('',#1256,#1257,#69,.T.);
#1590=EDGE_CURVE('',#1257,#1258,#613,.T.);
#1591=EDGE_CURVE('',#1258,#1259,#70,.T.);
#1592=EDGE_CURVE('',#1259,#1260,#614,.T.);
#1593=EDGE_CURVE('',#1260,#1261,#71,.T.);
#1594=EDGE_CURVE('',#1261,#1262,#615,.T.);
#1595=EDGE_CURVE('',#1262,#1263,#72,.T.);
#1596=EDGE_CURVE('',#1263,#1264,#616,.T.);
#1597=EDGE_CURVE('',#1264,#1265,#73,.T.);
#1598=EDGE_CURVE('',#1265,#1266,#617,.T.);
#1599=EDGE_CURVE('',#1266,#1267,#74,.T.);
#1600=EDGE_CURVE('',#1267,#1268,#618,.T.);
#1601=EDGE_CURVE('',#1268,#1252,#75,.T.);
#1602=EDGE_CURVE('',#1269,#1251,#619,.T.);
#1603=EDGE_CURVE('',#1269,#1244,#620,.F.);
#1604=EDGE_CURVE('',#1250,#1269,#621,.T.);
#1605=EDGE_CURVE('',#1265,#1264,#622,.T.);
#1606=EDGE_CURVE('',#1270,#1271,#623,.T.);
#1607=EDGE_CURVE('',#1271,#1272,#624,.T.);
#1608=EDGE_CURVE('',#1272,#1273,#625,.T.);
#1609=EDGE_CURVE('',#1270,#1273,#626,.T.);
#1610=EDGE_CURVE('',#1274,#1270,#627,.T.);
#1611=EDGE_CURVE('',#1273,#1275,#628,.T.);
#1612=EDGE_CURVE('',#1274,#1275,#629,.T.);
#1613=EDGE_CURVE('',#1276,#1277,#630,.T.);
#1614=EDGE_CURVE('',#1277,#1278,#631,.T.);
#1615=EDGE_CURVE('',#1278,#1279,#632,.T.);
#1616=EDGE_CURVE('',#1279,#1276,#633,.T.);
#1617=EDGE_CURVE('',#1280,#1276,#634,.T.);
#1618=EDGE_CURVE('',#1279,#1281,#635,.T.);
#1619=EDGE_CURVE('',#1280,#1281,#636,.T.);
#1620=EDGE_CURVE('',#1282,#1280,#637,.T.);
#1621=EDGE_CURVE('',#1281,#1283,#638,.T.);
#1622=EDGE_CURVE('',#1282,#1283,#639,.T.);
#1623=EDGE_CURVE('',#1259,#1282,#640,.T.);
#1624=EDGE_CURVE('',#1283,#1260,#641,.T.);
#1625=EDGE_CURVE('',#1275,#1284,#642,.T.);
#1626=EDGE_CURVE('',#1284,#1272,#643,.T.);
#1627=EDGE_CURVE('',#1257,#1256,#644,.T.);
#1628=EDGE_CURVE('',#1261,#1278,#645,.T.);
#1629=EDGE_CURVE('',#1285,#1268,#646,.T.);
#1630=EDGE_CURVE('',#1286,#1285,#647,.T.);
#1631=EDGE_CURVE('',#1287,#1286,#648,.T.);
#1632=EDGE_CURVE('',#1288,#1287,#649,.T.);
#1633=EDGE_CURVE('',#1253,#1288,#650,.T.);
#1634=EDGE_CURVE('',#1277,#1262,#651,.T.);
#1635=EDGE_CURVE('',#1263,#1266,#652,.T.);
#1636=EDGE_CURVE('',#1271,#1289,#653,.T.);
#1637=EDGE_CURVE('',#1289,#1284,#654,.T.);
#1638=EDGE_CURVE('',#1289,#1274,#655,.T.);
#1639=EDGE_CURVE('',#1255,#1258,#656,.T.);
#1640=EDGE_CURVE('',#1290,#1254,#657,.T.);
#1641=EDGE_CURVE('',#1290,#1288,#658,.T.);
#1642=EDGE_CURVE('',#1291,#1290,#659,.T.);
#1643=EDGE_CURVE('',#1291,#1287,#660,.T.);
#1644=EDGE_CURVE('',#1292,#1291,#661,.T.);
#1645=EDGE_CURVE('',#1292,#1286,#662,.T.);
#1646=EDGE_CURVE('',#1267,#1293,#663,.T.);
#1647=EDGE_CURVE('',#1293,#1285,#664,.T.);
#1648=EDGE_CURVE('',#1293,#1292,#665,.T.);
#1649=EDGE_CURVE('',#1294,#1295,#76,.T.);
#1650=EDGE_CURVE('',#1242,#1294,#666,.T.);
#1651=EDGE_CURVE('',#1296,#1241,#667,.T.);
#1652=EDGE_CURVE('',#1297,#1296,#77,.T.);
#1653=EDGE_CURVE('',#1298,#1297,#668,.T.);
#1654=EDGE_CURVE('',#1299,#1298,#78,.T.);
#1655=EDGE_CURVE('',#1295,#1299,#669,.T.);
#1656=EDGE_CURVE('',#1243,#1238,#670,.T.);
#1657=EDGE_CURVE('',#1300,#1240,#671,.T.);
#1658=EDGE_CURVE('',#1296,#1300,#672,.T.);
#1659=EDGE_CURVE('',#1299,#1301,#673,.T.);
#1660=EDGE_CURVE('',#1301,#1239,#674,.T.);
#1661=EDGE_CURVE('',#1302,#1237,#675,.T.);
#1662=EDGE_CURVE('',#1295,#1302,#676,.T.);
#1663=EDGE_CURVE('',#1297,#1300,#677,.T.);
#1664=EDGE_CURVE('',#1298,#1301,#678,.T.);
#1665=EDGE_CURVE('',#1294,#1302,#679,.T.);
#1666=EDGE_CURVE('',#1303,#1304,#680,.T.);
#1667=EDGE_CURVE('',#1305,#1303,#681,.T.);
#1668=EDGE_CURVE('',#1306,#1305,#682,.T.);
#1669=EDGE_CURVE('',#1304,#1306,#683,.T.);
#1670=EDGE_CURVE('',#1307,#1308,#79,.T.);
#1671=EDGE_CURVE('',#1308,#1309,#684,.T.);
#1672=EDGE_CURVE('',#1307,#1309,#685,.T.);
#1673=EDGE_CURVE('',#1310,#1311,#686,.T.);
#1674=EDGE_CURVE('',#1311,#1312,#687,.T.);
#1675=EDGE_CURVE('',#1312,#1313,#688,.T.);
#1676=EDGE_CURVE('',#1313,#1310,#689,.T.);
#1677=EDGE_CURVE('',#1314,#1314,#80,.T.);
#1678=EDGE_CURVE('',#1315,#1316,#690,.T.);
#1679=EDGE_CURVE('',#1316,#1313,#691,.T.);
#1680=EDGE_CURVE('',#1315,#1312,#692,.F.);
#1681=EDGE_CURVE('',#1317,#1315,#693,.T.);
#1682=EDGE_CURVE('',#1317,#1311,#694,.F.);
#1683=EDGE_CURVE('',#1314,#1318,#695,.T.);
#1684=EDGE_CURVE('',#1318,#1319,#81,.T.);
#1685=EDGE_CURVE('',#1319,#1320,#696,.T.);
#1686=EDGE_CURVE('',#1320,#1321,#82,.T.);
#1687=EDGE_CURVE('',#1321,#1322,#697,.T.);
#1688=EDGE_CURVE('',#1322,#1323,#83,.T.);
#1689=EDGE_CURVE('',#1323,#1324,#698,.T.);
#1690=EDGE_CURVE('',#1324,#1325,#84,.T.);
#1691=EDGE_CURVE('',#1325,#1326,#699,.T.);
#1692=EDGE_CURVE('',#1326,#1327,#85,.T.);
#1693=EDGE_CURVE('',#1327,#1328,#700,.T.);
#1694=EDGE_CURVE('',#1328,#1329,#86,.T.);
#1695=EDGE_CURVE('',#1329,#1330,#701,.T.);
#1696=EDGE_CURVE('',#1330,#1331,#87,.T.);
#1697=EDGE_CURVE('',#1331,#1332,#702,.T.);
#1698=EDGE_CURVE('',#1332,#1333,#88,.T.);
#1699=EDGE_CURVE('',#1333,#1334,#703,.T.);
#1700=EDGE_CURVE('',#1334,#1318,#89,.T.);
#1701=EDGE_CURVE('',#1335,#1317,#704,.T.);
#1702=EDGE_CURVE('',#1335,#1310,#705,.F.);
#1703=EDGE_CURVE('',#1316,#1335,#706,.T.);
#1704=EDGE_CURVE('',#1331,#1330,#707,.T.);
#1705=EDGE_CURVE('',#1336,#1337,#708,.T.);
#1706=EDGE_CURVE('',#1337,#1338,#709,.T.);
#1707=EDGE_CURVE('',#1338,#1339,#710,.T.);
#1708=EDGE_CURVE('',#1336,#1339,#711,.T.);
#1709=EDGE_CURVE('',#1340,#1336,#712,.T.);
#1710=EDGE_CURVE('',#1339,#1341,#713,.T.);
#1711=EDGE_CURVE('',#1340,#1341,#714,.T.);
#1712=EDGE_CURVE('',#1342,#1343,#715,.T.);
#1713=EDGE_CURVE('',#1343,#1344,#716,.T.);
#1714=EDGE_CURVE('',#1344,#1345,#717,.T.);
#1715=EDGE_CURVE('',#1345,#1342,#718,.T.);
#1716=EDGE_CURVE('',#1346,#1342,#719,.T.);
#1717=EDGE_CURVE('',#1345,#1347,#720,.T.);
#1718=EDGE_CURVE('',#1346,#1347,#721,.T.);
#1719=EDGE_CURVE('',#1348,#1346,#722,.T.);
#1720=EDGE_CURVE('',#1347,#1349,#723,.T.);
#1721=EDGE_CURVE('',#1348,#1349,#724,.T.);
#1722=EDGE_CURVE('',#1325,#1348,#725,.T.);
#1723=EDGE_CURVE('',#1349,#1326,#726,.T.);
#1724=EDGE_CURVE('',#1341,#1350,#727,.T.);
#1725=EDGE_CURVE('',#1350,#1338,#728,.T.);
#1726=EDGE_CURVE('',#1323,#1322,#729,.T.);
#1727=EDGE_CURVE('',#1327,#1344,#730,.T.);
#1728=EDGE_CURVE('',#1351,#1334,#731,.T.);
#1729=EDGE_CURVE('',#1352,#1351,#732,.T.);
#1730=EDGE_CURVE('',#1353,#1352,#733,.T.);
#1731=EDGE_CURVE('',#1354,#1353,#734,.T.);
#1732=EDGE_CURVE('',#1319,#1354,#735,.T.);
#1733=EDGE_CURVE('',#1343,#1328,#736,.T.);
#1734=EDGE_CURVE('',#1329,#1332,#737,.T.);
#1735=EDGE_CURVE('',#1337,#1355,#738,.T.);
#1736=EDGE_CURVE('',#1355,#1350,#739,.T.);
#1737=EDGE_CURVE('',#1355,#1340,#740,.T.);
#1738=EDGE_CURVE('',#1321,#1324,#741,.T.);
#1739=EDGE_CURVE('',#1356,#1320,#742,.T.);
#1740=EDGE_CURVE('',#1356,#1354,#743,.T.);
#1741=EDGE_CURVE('',#1357,#1356,#744,.T.);
#1742=EDGE_CURVE('',#1357,#1353,#745,.T.);
#1743=EDGE_CURVE('',#1358,#1357,#746,.T.);
#1744=EDGE_CURVE('',#1358,#1352,#747,.T.);
#1745=EDGE_CURVE('',#1333,#1359,#748,.T.);
#1746=EDGE_CURVE('',#1359,#1351,#749,.T.);
#1747=EDGE_CURVE('',#1359,#1358,#750,.T.);
#1748=EDGE_CURVE('',#1360,#1361,#90,.T.);
#1749=EDGE_CURVE('',#1308,#1360,#751,.T.);
#1750=EDGE_CURVE('',#1362,#1307,#752,.T.);
#1751=EDGE_CURVE('',#1363,#1362,#91,.T.);
#1752=EDGE_CURVE('',#1364,#1363,#753,.T.);
#1753=EDGE_CURVE('',#1365,#1364,#92,.T.);
#1754=EDGE_CURVE('',#1361,#1365,#754,.T.);
#1755=EDGE_CURVE('',#1309,#1304,#755,.T.);
#1756=EDGE_CURVE('',#1366,#1306,#756,.T.);
#1757=EDGE_CURVE('',#1362,#1366,#757,.T.);
#1758=EDGE_CURVE('',#1365,#1367,#758,.T.);
#1759=EDGE_CURVE('',#1367,#1305,#759,.T.);
#1760=EDGE_CURVE('',#1368,#1303,#760,.T.);
#1761=EDGE_CURVE('',#1361,#1368,#761,.T.);
#1762=EDGE_CURVE('',#1363,#1366,#762,.T.);
#1763=EDGE_CURVE('',#1364,#1367,#763,.T.);
#1764=EDGE_CURVE('',#1360,#1368,#764,.T.);
#1765=ORIENTED_EDGE('',*,*,#1369,.F.);
#1766=ORIENTED_EDGE('',*,*,#1370,.F.);
#1767=ORIENTED_EDGE('',*,*,#1371,.F.);
#1768=ORIENTED_EDGE('',*,*,#1372,.F.);
#1769=ORIENTED_EDGE('',*,*,#1373,.T.);
#1770=ORIENTED_EDGE('',*,*,#1374,.T.);
#1771=ORIENTED_EDGE('',*,*,#1375,.F.);
#1772=ORIENTED_EDGE('',*,*,#1376,.T.);
#1773=ORIENTED_EDGE('',*,*,#1377,.T.);
#1774=ORIENTED_EDGE('',*,*,#1378,.T.);
#1775=ORIENTED_EDGE('',*,*,#1379,.T.);
#1776=ORIENTED_EDGE('',*,*,#1380,.T.);
#1777=ORIENTED_EDGE('',*,*,#1381,.T.);
#1778=ORIENTED_EDGE('',*,*,#1382,.T.);
#1779=ORIENTED_EDGE('',*,*,#1378,.F.);
#1780=ORIENTED_EDGE('',*,*,#1383,.F.);
#1781=ORIENTED_EDGE('',*,*,#1384,.T.);
#1782=ORIENTED_EDGE('',*,*,#1383,.T.);
#1783=ORIENTED_EDGE('',*,*,#1377,.F.);
#1784=ORIENTED_EDGE('',*,*,#1385,.F.);
#1785=ORIENTED_EDGE('',*,*,#1380,.F.);
#1786=ORIENTED_EDGE('',*,*,#1386,.T.);
#1787=ORIENTED_EDGE('',*,*,#1387,.T.);
#1788=ORIENTED_EDGE('',*,*,#1388,.T.);
#1789=ORIENTED_EDGE('',*,*,#1389,.T.);
#1790=ORIENTED_EDGE('',*,*,#1390,.T.);
#1791=ORIENTED_EDGE('',*,*,#1391,.T.);
#1792=ORIENTED_EDGE('',*,*,#1392,.T.);
#1793=ORIENTED_EDGE('',*,*,#1393,.T.);
#1794=ORIENTED_EDGE('',*,*,#1394,.T.);
#1795=ORIENTED_EDGE('',*,*,#1395,.T.);
#1796=ORIENTED_EDGE('',*,*,#1396,.T.);
#1797=ORIENTED_EDGE('',*,*,#1397,.T.);
#1798=ORIENTED_EDGE('',*,*,#1398,.T.);
#1799=ORIENTED_EDGE('',*,*,#1399,.T.);
#1800=ORIENTED_EDGE('',*,*,#1400,.T.);
#1801=ORIENTED_EDGE('',*,*,#1401,.T.);
#1802=ORIENTED_EDGE('',*,*,#1402,.T.);
#1803=ORIENTED_EDGE('',*,*,#1403,.T.);
#1804=ORIENTED_EDGE('',*,*,#1386,.F.);
#1805=ORIENTED_EDGE('',*,*,#1404,.T.);
#1806=ORIENTED_EDGE('',*,*,#1385,.T.);
#1807=ORIENTED_EDGE('',*,*,#1376,.F.);
#1808=ORIENTED_EDGE('',*,*,#1405,.F.);
#1809=ORIENTED_EDGE('',*,*,#1406,.T.);
#1810=ORIENTED_EDGE('',*,*,#1405,.T.);
#1811=ORIENTED_EDGE('',*,*,#1379,.F.);
#1812=ORIENTED_EDGE('',*,*,#1382,.F.);
#1813=ORIENTED_EDGE('',*,*,#1399,.F.);
#1814=ORIENTED_EDGE('',*,*,#1407,.F.);
#1815=ORIENTED_EDGE('',*,*,#1408,.T.);
#1816=ORIENTED_EDGE('',*,*,#1409,.T.);
#1817=ORIENTED_EDGE('',*,*,#1410,.T.);
#1818=ORIENTED_EDGE('',*,*,#1411,.F.);
#1819=ORIENTED_EDGE('',*,*,#1412,.T.);
#1820=ORIENTED_EDGE('',*,*,#1411,.T.);
#1821=ORIENTED_EDGE('',*,*,#1413,.T.);
#1822=ORIENTED_EDGE('',*,*,#1414,.F.);
#1823=ORIENTED_EDGE('',*,*,#1415,.T.);
#1824=ORIENTED_EDGE('',*,*,#1416,.T.);
#1825=ORIENTED_EDGE('',*,*,#1417,.T.);
#1826=ORIENTED_EDGE('',*,*,#1418,.T.);
#1827=ORIENTED_EDGE('',*,*,#1419,.T.);
#1828=ORIENTED_EDGE('',*,*,#1418,.F.);
#1829=ORIENTED_EDGE('',*,*,#1420,.T.);
#1830=ORIENTED_EDGE('',*,*,#1421,.F.);
#1831=ORIENTED_EDGE('',*,*,#1422,.T.);
#1832=ORIENTED_EDGE('',*,*,#1421,.T.);
#1833=ORIENTED_EDGE('',*,*,#1423,.T.);
#1834=ORIENTED_EDGE('',*,*,#1424,.F.);
#1835=ORIENTED_EDGE('',*,*,#1425,.T.);
#1836=ORIENTED_EDGE('',*,*,#1424,.T.);
#1837=ORIENTED_EDGE('',*,*,#1426,.T.);
#1838=ORIENTED_EDGE('',*,*,#1394,.F.);
#1839=ORIENTED_EDGE('',*,*,#1427,.F.);
#1840=ORIENTED_EDGE('',*,*,#1413,.F.);
#1841=ORIENTED_EDGE('',*,*,#1410,.F.);
#1842=ORIENTED_EDGE('',*,*,#1428,.F.);
#1843=ORIENTED_EDGE('',*,*,#1384,.F.);
#1844=ORIENTED_EDGE('',*,*,#1404,.F.);
#1845=ORIENTED_EDGE('',*,*,#1406,.F.);
#1846=ORIENTED_EDGE('',*,*,#1381,.F.);
#1847=ORIENTED_EDGE('',*,*,#1391,.F.);
#1848=ORIENTED_EDGE('',*,*,#1429,.F.);
#1849=ORIENTED_EDGE('',*,*,#1395,.F.);
#1850=ORIENTED_EDGE('',*,*,#1426,.F.);
#1851=ORIENTED_EDGE('',*,*,#1423,.F.);
#1852=ORIENTED_EDGE('',*,*,#1420,.F.);
#1853=ORIENTED_EDGE('',*,*,#1417,.F.);
#1854=ORIENTED_EDGE('',*,*,#1430,.F.);
#1855=ORIENTED_EDGE('',*,*,#1403,.F.);
#1856=ORIENTED_EDGE('',*,*,#1431,.F.);
#1857=ORIENTED_EDGE('',*,*,#1432,.F.);
#1858=ORIENTED_EDGE('',*,*,#1433,.F.);
#1859=ORIENTED_EDGE('',*,*,#1434,.F.);
#1860=ORIENTED_EDGE('',*,*,#1435,.F.);
#1861=ORIENTED_EDGE('',*,*,#1387,.F.);
#1862=ORIENTED_EDGE('',*,*,#1436,.T.);
#1863=ORIENTED_EDGE('',*,*,#1396,.F.);
#1864=ORIENTED_EDGE('',*,*,#1430,.T.);
#1865=ORIENTED_EDGE('',*,*,#1416,.F.);
#1866=ORIENTED_EDGE('',*,*,#1437,.T.);
#1867=ORIENTED_EDGE('',*,*,#1400,.F.);
#1868=ORIENTED_EDGE('',*,*,#1407,.T.);
#1869=ORIENTED_EDGE('',*,*,#1398,.F.);
#1870=ORIENTED_EDGE('',*,*,#1438,.T.);
#1871=ORIENTED_EDGE('',*,*,#1439,.T.);
#1872=ORIENTED_EDGE('',*,*,#1428,.T.);
#1873=ORIENTED_EDGE('',*,*,#1409,.F.);
#1874=ORIENTED_EDGE('',*,*,#1440,.T.);
#1875=ORIENTED_EDGE('',*,*,#1414,.T.);
#1876=ORIENTED_EDGE('',*,*,#1427,.T.);
#1877=ORIENTED_EDGE('',*,*,#1439,.F.);
#1878=ORIENTED_EDGE('',*,*,#1441,.T.);
#1879=ORIENTED_EDGE('',*,*,#1392,.F.);
#1880=ORIENTED_EDGE('',*,*,#1429,.T.);
#1881=ORIENTED_EDGE('',*,*,#1390,.F.);
#1882=ORIENTED_EDGE('',*,*,#1442,.T.);
#1883=ORIENTED_EDGE('',*,*,#1388,.F.);
#1884=ORIENTED_EDGE('',*,*,#1435,.T.);
#1885=ORIENTED_EDGE('',*,*,#1443,.F.);
#1886=ORIENTED_EDGE('',*,*,#1444,.T.);
#1887=ORIENTED_EDGE('',*,*,#1443,.T.);
#1888=ORIENTED_EDGE('',*,*,#1434,.T.);
#1889=ORIENTED_EDGE('',*,*,#1445,.F.);
#1890=ORIENTED_EDGE('',*,*,#1446,.T.);
#1891=ORIENTED_EDGE('',*,*,#1445,.T.);
#1892=ORIENTED_EDGE('',*,*,#1433,.T.);
#1893=ORIENTED_EDGE('',*,*,#1447,.F.);
#1894=ORIENTED_EDGE('',*,*,#1448,.T.);
#1895=ORIENTED_EDGE('',*,*,#1449,.T.);
#1896=ORIENTED_EDGE('',*,*,#1431,.T.);
#1897=ORIENTED_EDGE('',*,*,#1402,.F.);
#1898=ORIENTED_EDGE('',*,*,#1450,.T.);
#1899=ORIENTED_EDGE('',*,*,#1447,.T.);
#1900=ORIENTED_EDGE('',*,*,#1432,.T.);
#1901=ORIENTED_EDGE('',*,*,#1449,.F.);
#1902=ORIENTED_EDGE('',*,*,#1425,.F.);
#1903=ORIENTED_EDGE('',*,*,#1393,.F.);
#1904=ORIENTED_EDGE('',*,*,#1441,.F.);
#1905=ORIENTED_EDGE('',*,*,#1389,.F.);
#1906=ORIENTED_EDGE('',*,*,#1442,.F.);
#1907=ORIENTED_EDGE('',*,*,#1444,.F.);
#1908=ORIENTED_EDGE('',*,*,#1446,.F.);
#1909=ORIENTED_EDGE('',*,*,#1450,.F.);
#1910=ORIENTED_EDGE('',*,*,#1448,.F.);
#1911=ORIENTED_EDGE('',*,*,#1401,.F.);
#1912=ORIENTED_EDGE('',*,*,#1437,.F.);
#1913=ORIENTED_EDGE('',*,*,#1397,.F.);
#1914=ORIENTED_EDGE('',*,*,#1436,.F.);
#1915=ORIENTED_EDGE('',*,*,#1415,.F.);
#1916=ORIENTED_EDGE('',*,*,#1419,.F.);
#1917=ORIENTED_EDGE('',*,*,#1422,.F.);
#1918=ORIENTED_EDGE('',*,*,#1451,.F.);
#1919=ORIENTED_EDGE('',*,*,#1452,.F.);
#1920=ORIENTED_EDGE('',*,*,#1373,.F.);
#1921=ORIENTED_EDGE('',*,*,#1453,.F.);
#1922=ORIENTED_EDGE('',*,*,#1454,.F.);
#1923=ORIENTED_EDGE('',*,*,#1455,.F.);
#1924=ORIENTED_EDGE('',*,*,#1456,.F.);
#1925=ORIENTED_EDGE('',*,*,#1457,.F.);
#1926=ORIENTED_EDGE('',*,*,#1412,.F.);
#1927=ORIENTED_EDGE('',*,*,#1440,.F.);
#1928=ORIENTED_EDGE('',*,*,#1438,.F.);
#1929=ORIENTED_EDGE('',*,*,#1408,.F.);
#1930=ORIENTED_EDGE('',*,*,#1453,.T.);
#1931=ORIENTED_EDGE('',*,*,#1375,.T.);
#1932=ORIENTED_EDGE('',*,*,#1458,.T.);
#1933=ORIENTED_EDGE('',*,*,#1372,.T.);
#1934=ORIENTED_EDGE('',*,*,#1459,.F.);
#1935=ORIENTED_EDGE('',*,*,#1460,.F.);
#1936=ORIENTED_EDGE('',*,*,#1457,.T.);
#1937=ORIENTED_EDGE('',*,*,#1461,.T.);
#1938=ORIENTED_EDGE('',*,*,#1462,.T.);
#1939=ORIENTED_EDGE('',*,*,#1370,.T.);
#1940=ORIENTED_EDGE('',*,*,#1463,.F.);
#1941=ORIENTED_EDGE('',*,*,#1464,.F.);
#1942=ORIENTED_EDGE('',*,*,#1454,.T.);
#1943=ORIENTED_EDGE('',*,*,#1460,.T.);
#1944=ORIENTED_EDGE('',*,*,#1465,.F.);
#1945=ORIENTED_EDGE('',*,*,#1455,.T.);
#1946=ORIENTED_EDGE('',*,*,#1465,.T.);
#1947=ORIENTED_EDGE('',*,*,#1459,.T.);
#1948=ORIENTED_EDGE('',*,*,#1371,.T.);
#1949=ORIENTED_EDGE('',*,*,#1462,.F.);
#1950=ORIENTED_EDGE('',*,*,#1466,.F.);
#1951=ORIENTED_EDGE('',*,*,#1456,.T.);
#1952=ORIENTED_EDGE('',*,*,#1466,.T.);
#1953=ORIENTED_EDGE('',*,*,#1461,.F.);
#1954=ORIENTED_EDGE('',*,*,#1452,.T.);
#1955=ORIENTED_EDGE('',*,*,#1467,.T.);
#1956=ORIENTED_EDGE('',*,*,#1463,.T.);
#1957=ORIENTED_EDGE('',*,*,#1369,.T.);
#1958=ORIENTED_EDGE('',*,*,#1458,.F.);
#1959=ORIENTED_EDGE('',*,*,#1374,.F.);
#1960=ORIENTED_EDGE('',*,*,#1451,.T.);
#1961=ORIENTED_EDGE('',*,*,#1464,.T.);
#1962=ORIENTED_EDGE('',*,*,#1467,.F.);
#1963=ORIENTED_EDGE('',*,*,#1468,.F.);
#1964=ORIENTED_EDGE('',*,*,#1469,.F.);
#1965=ORIENTED_EDGE('',*,*,#1470,.F.);
#1966=ORIENTED_EDGE('',*,*,#1471,.F.);
#1967=ORIENTED_EDGE('',*,*,#1472,.T.);
#1968=ORIENTED_EDGE('',*,*,#1473,.T.);
#1969=ORIENTED_EDGE('',*,*,#1474,.F.);
#1970=ORIENTED_EDGE('',*,*,#1475,.T.);
#1971=ORIENTED_EDGE('',*,*,#1476,.T.);
#1972=ORIENTED_EDGE('',*,*,#1477,.T.);
#1973=ORIENTED_EDGE('',*,*,#1478,.T.);
#1974=ORIENTED_EDGE('',*,*,#1479,.T.);
#1975=ORIENTED_EDGE('',*,*,#1480,.T.);
#1976=ORIENTED_EDGE('',*,*,#1481,.T.);
#1977=ORIENTED_EDGE('',*,*,#1477,.F.);
#1978=ORIENTED_EDGE('',*,*,#1482,.F.);
#1979=ORIENTED_EDGE('',*,*,#1483,.T.);
#1980=ORIENTED_EDGE('',*,*,#1482,.T.);
#1981=ORIENTED_EDGE('',*,*,#1476,.F.);
#1982=ORIENTED_EDGE('',*,*,#1484,.F.);
#1983=ORIENTED_EDGE('',*,*,#1479,.F.);
#1984=ORIENTED_EDGE('',*,*,#1485,.T.);
#1985=ORIENTED_EDGE('',*,*,#1486,.T.);
#1986=ORIENTED_EDGE('',*,*,#1487,.T.);
#1987=ORIENTED_EDGE('',*,*,#1488,.T.);
#1988=ORIENTED_EDGE('',*,*,#1489,.T.);
#1989=ORIENTED_EDGE('',*,*,#1490,.T.);
#1990=ORIENTED_EDGE('',*,*,#1491,.T.);
#1991=ORIENTED_EDGE('',*,*,#1492,.T.);
#1992=ORIENTED_EDGE('',*,*,#1493,.T.);
#1993=ORIENTED_EDGE('',*,*,#1494,.T.);
#1994=ORIENTED_EDGE('',*,*,#1495,.T.);
#1995=ORIENTED_EDGE('',*,*,#1496,.T.);
#1996=ORIENTED_EDGE('',*,*,#1497,.T.);
#1997=ORIENTED_EDGE('',*,*,#1498,.T.);
#1998=ORIENTED_EDGE('',*,*,#1499,.T.);
#1999=ORIENTED_EDGE('',*,*,#1500,.T.);
#2000=ORIENTED_EDGE('',*,*,#1501,.T.);
#2001=ORIENTED_EDGE('',*,*,#1502,.T.);
#2002=ORIENTED_EDGE('',*,*,#1485,.F.);
#2003=ORIENTED_EDGE('',*,*,#1503,.T.);
#2004=ORIENTED_EDGE('',*,*,#1484,.T.);
#2005=ORIENTED_EDGE('',*,*,#1475,.F.);
#2006=ORIENTED_EDGE('',*,*,#1504,.F.);
#2007=ORIENTED_EDGE('',*,*,#1505,.T.);
#2008=ORIENTED_EDGE('',*,*,#1504,.T.);
#2009=ORIENTED_EDGE('',*,*,#1478,.F.);
#2010=ORIENTED_EDGE('',*,*,#1481,.F.);
#2011=ORIENTED_EDGE('',*,*,#1498,.F.);
#2012=ORIENTED_EDGE('',*,*,#1506,.F.);
#2013=ORIENTED_EDGE('',*,*,#1507,.T.);
#2014=ORIENTED_EDGE('',*,*,#1508,.T.);
#2015=ORIENTED_EDGE('',*,*,#1509,.T.);
#2016=ORIENTED_EDGE('',*,*,#1510,.F.);
#2017=ORIENTED_EDGE('',*,*,#1511,.T.);
#2018=ORIENTED_EDGE('',*,*,#1510,.T.);
#2019=ORIENTED_EDGE('',*,*,#1512,.T.);
#2020=ORIENTED_EDGE('',*,*,#1513,.F.);
#2021=ORIENTED_EDGE('',*,*,#1514,.T.);
#2022=ORIENTED_EDGE('',*,*,#1515,.T.);
#2023=ORIENTED_EDGE('',*,*,#1516,.T.);
#2024=ORIENTED_EDGE('',*,*,#1517,.T.);
#2025=ORIENTED_EDGE('',*,*,#1518,.T.);
#2026=ORIENTED_EDGE('',*,*,#1517,.F.);
#2027=ORIENTED_EDGE('',*,*,#1519,.T.);
#2028=ORIENTED_EDGE('',*,*,#1520,.F.);
#2029=ORIENTED_EDGE('',*,*,#1521,.T.);
#2030=ORIENTED_EDGE('',*,*,#1520,.T.);
#2031=ORIENTED_EDGE('',*,*,#1522,.T.);
#2032=ORIENTED_EDGE('',*,*,#1523,.F.);
#2033=ORIENTED_EDGE('',*,*,#1524,.T.);
#2034=ORIENTED_EDGE('',*,*,#1523,.T.);
#2035=ORIENTED_EDGE('',*,*,#1525,.T.);
#2036=ORIENTED_EDGE('',*,*,#1493,.F.);
#2037=ORIENTED_EDGE('',*,*,#1526,.F.);
#2038=ORIENTED_EDGE('',*,*,#1512,.F.);
#2039=ORIENTED_EDGE('',*,*,#1509,.F.);
#2040=ORIENTED_EDGE('',*,*,#1527,.F.);
#2041=ORIENTED_EDGE('',*,*,#1483,.F.);
#2042=ORIENTED_EDGE('',*,*,#1503,.F.);
#2043=ORIENTED_EDGE('',*,*,#1505,.F.);
#2044=ORIENTED_EDGE('',*,*,#1480,.F.);
#2045=ORIENTED_EDGE('',*,*,#1490,.F.);
#2046=ORIENTED_EDGE('',*,*,#1528,.F.);
#2047=ORIENTED_EDGE('',*,*,#1494,.F.);
#2048=ORIENTED_EDGE('',*,*,#1525,.F.);
#2049=ORIENTED_EDGE('',*,*,#1522,.F.);
#2050=ORIENTED_EDGE('',*,*,#1519,.F.);
#2051=ORIENTED_EDGE('',*,*,#1516,.F.);
#2052=ORIENTED_EDGE('',*,*,#1529,.F.);
#2053=ORIENTED_EDGE('',*,*,#1502,.F.);
#2054=ORIENTED_EDGE('',*,*,#1530,.F.);
#2055=ORIENTED_EDGE('',*,*,#1531,.F.);
#2056=ORIENTED_EDGE('',*,*,#1532,.F.);
#2057=ORIENTED_EDGE('',*,*,#1533,.F.);
#2058=ORIENTED_EDGE('',*,*,#1534,.F.);
#2059=ORIENTED_EDGE('',*,*,#1486,.F.);
#2060=ORIENTED_EDGE('',*,*,#1535,.T.);
#2061=ORIENTED_EDGE('',*,*,#1495,.F.);
#2062=ORIENTED_EDGE('',*,*,#1529,.T.);
#2063=ORIENTED_EDGE('',*,*,#1515,.F.);
#2064=ORIENTED_EDGE('',*,*,#1536,.T.);
#2065=ORIENTED_EDGE('',*,*,#1499,.F.);
#2066=ORIENTED_EDGE('',*,*,#1506,.T.);
#2067=ORIENTED_EDGE('',*,*,#1497,.F.);
#2068=ORIENTED_EDGE('',*,*,#1537,.T.);
#2069=ORIENTED_EDGE('',*,*,#1538,.T.);
#2070=ORIENTED_EDGE('',*,*,#1527,.T.);
#2071=ORIENTED_EDGE('',*,*,#1508,.F.);
#2072=ORIENTED_EDGE('',*,*,#1539,.T.);
#2073=ORIENTED_EDGE('',*,*,#1513,.T.);
#2074=ORIENTED_EDGE('',*,*,#1526,.T.);
#2075=ORIENTED_EDGE('',*,*,#1538,.F.);
#2076=ORIENTED_EDGE('',*,*,#1540,.T.);
#2077=ORIENTED_EDGE('',*,*,#1491,.F.);
#2078=ORIENTED_EDGE('',*,*,#1528,.T.);
#2079=ORIENTED_EDGE('',*,*,#1489,.F.);
#2080=ORIENTED_EDGE('',*,*,#1541,.T.);
#2081=ORIENTED_EDGE('',*,*,#1487,.F.);
#2082=ORIENTED_EDGE('',*,*,#1534,.T.);
#2083=ORIENTED_EDGE('',*,*,#1542,.F.);
#2084=ORIENTED_EDGE('',*,*,#1543,.T.);
#2085=ORIENTED_EDGE('',*,*,#1542,.T.);
#2086=ORIENTED_EDGE('',*,*,#1533,.T.);
#2087=ORIENTED_EDGE('',*,*,#1544,.F.);
#2088=ORIENTED_EDGE('',*,*,#1545,.T.);
#2089=ORIENTED_EDGE('',*,*,#1544,.T.);
#2090=ORIENTED_EDGE('',*,*,#1532,.T.);
#2091=ORIENTED_EDGE('',*,*,#1546,.F.);
#2092=ORIENTED_EDGE('',*,*,#1547,.T.);
#2093=ORIENTED_EDGE('',*,*,#1548,.T.);
#2094=ORIENTED_EDGE('',*,*,#1530,.T.);
#2095=ORIENTED_EDGE('',*,*,#1501,.F.);
#2096=ORIENTED_EDGE('',*,*,#1549,.T.);
#2097=ORIENTED_EDGE('',*,*,#1546,.T.);
#2098=ORIENTED_EDGE('',*,*,#1531,.T.);
#2099=ORIENTED_EDGE('',*,*,#1548,.F.);
#2100=ORIENTED_EDGE('',*,*,#1524,.F.);
#2101=ORIENTED_EDGE('',*,*,#1492,.F.);
#2102=ORIENTED_EDGE('',*,*,#1540,.F.);
#2103=ORIENTED_EDGE('',*,*,#1488,.F.);
#2104=ORIENTED_EDGE('',*,*,#1541,.F.);
#2105=ORIENTED_EDGE('',*,*,#1543,.F.);
#2106=ORIENTED_EDGE('',*,*,#1545,.F.);
#2107=ORIENTED_EDGE('',*,*,#1549,.F.);
#2108=ORIENTED_EDGE('',*,*,#1547,.F.);
#2109=ORIENTED_EDGE('',*,*,#1500,.F.);
#2110=ORIENTED_EDGE('',*,*,#1536,.F.);
#2111=ORIENTED_EDGE('',*,*,#1496,.F.);
#2112=ORIENTED_EDGE('',*,*,#1535,.F.);
#2113=ORIENTED_EDGE('',*,*,#1514,.F.);
#2114=ORIENTED_EDGE('',*,*,#1518,.F.);
#2115=ORIENTED_EDGE('',*,*,#1521,.F.);
#2116=ORIENTED_EDGE('',*,*,#1550,.F.);
#2117=ORIENTED_EDGE('',*,*,#1551,.F.);
#2118=ORIENTED_EDGE('',*,*,#1472,.F.);
#2119=ORIENTED_EDGE('',*,*,#1552,.F.);
#2120=ORIENTED_EDGE('',*,*,#1553,.F.);
#2121=ORIENTED_EDGE('',*,*,#1554,.F.);
#2122=ORIENTED_EDGE('',*,*,#1555,.F.);
#2123=ORIENTED_EDGE('',*,*,#1556,.F.);
#2124=ORIENTED_EDGE('',*,*,#1511,.F.);
#2125=ORIENTED_EDGE('',*,*,#1539,.F.);
#2126=ORIENTED_EDGE('',*,*,#1537,.F.);
#2127=ORIENTED_EDGE('',*,*,#1507,.F.);
#2128=ORIENTED_EDGE('',*,*,#1552,.T.);
#2129=ORIENTED_EDGE('',*,*,#1474,.T.);
#2130=ORIENTED_EDGE('',*,*,#1557,.T.);
#2131=ORIENTED_EDGE('',*,*,#1471,.T.);
#2132=ORIENTED_EDGE('',*,*,#1558,.F.);
#2133=ORIENTED_EDGE('',*,*,#1559,.F.);
#2134=ORIENTED_EDGE('',*,*,#1556,.T.);
#2135=ORIENTED_EDGE('',*,*,#1560,.T.);
#2136=ORIENTED_EDGE('',*,*,#1561,.T.);
#2137=ORIENTED_EDGE('',*,*,#1469,.T.);
#2138=ORIENTED_EDGE('',*,*,#1562,.F.);
#2139=ORIENTED_EDGE('',*,*,#1563,.F.);
#2140=ORIENTED_EDGE('',*,*,#1553,.T.);
#2141=ORIENTED_EDGE('',*,*,#1559,.T.);
#2142=ORIENTED_EDGE('',*,*,#1564,.F.);
#2143=ORIENTED_EDGE('',*,*,#1554,.T.);
#2144=ORIENTED_EDGE('',*,*,#1564,.T.);
#2145=ORIENTED_EDGE('',*,*,#1558,.T.);
#2146=ORIENTED_EDGE('',*,*,#1470,.T.);
#2147=ORIENTED_EDGE('',*,*,#1561,.F.);
#2148=ORIENTED_EDGE('',*,*,#1565,.F.);
#2149=ORIENTED_EDGE('',*,*,#1555,.T.);
#2150=ORIENTED_EDGE('',*,*,#1565,.T.);
#2151=ORIENTED_EDGE('',*,*,#1560,.F.);
#2152=ORIENTED_EDGE('',*,*,#1551,.T.);
#2153=ORIENTED_EDGE('',*,*,#1566,.T.);
#2154=ORIENTED_EDGE('',*,*,#1562,.T.);
#2155=ORIENTED_EDGE('',*,*,#1468,.T.);
#2156=ORIENTED_EDGE('',*,*,#1557,.F.);
#2157=ORIENTED_EDGE('',*,*,#1473,.F.);
#2158=ORIENTED_EDGE('',*,*,#1550,.T.);
#2159=ORIENTED_EDGE('',*,*,#1563,.T.);
#2160=ORIENTED_EDGE('',*,*,#1566,.F.);
#2161=ORIENTED_EDGE('',*,*,#1567,.F.);
#2162=ORIENTED_EDGE('',*,*,#1568,.F.);
#2163=ORIENTED_EDGE('',*,*,#1569,.F.);
#2164=ORIENTED_EDGE('',*,*,#1570,.F.);
#2165=ORIENTED_EDGE('',*,*,#1571,.T.);
#2166=ORIENTED_EDGE('',*,*,#1572,.T.);
#2167=ORIENTED_EDGE('',*,*,#1573,.F.);
#2168=ORIENTED_EDGE('',*,*,#1574,.T.);
#2169=ORIENTED_EDGE('',*,*,#1575,.T.);
#2170=ORIENTED_EDGE('',*,*,#1576,.T.);
#2171=ORIENTED_EDGE('',*,*,#1577,.T.);
#2172=ORIENTED_EDGE('',*,*,#1578,.T.);
#2173=ORIENTED_EDGE('',*,*,#1579,.T.);
#2174=ORIENTED_EDGE('',*,*,#1580,.T.);
#2175=ORIENTED_EDGE('',*,*,#1576,.F.);
#2176=ORIENTED_EDGE('',*,*,#1581,.F.);
#2177=ORIENTED_EDGE('',*,*,#1582,.T.);
#2178=ORIENTED_EDGE('',*,*,#1581,.T.);
#2179=ORIENTED_EDGE('',*,*,#1575,.F.);
#2180=ORIENTED_EDGE('',*,*,#1583,.F.);
#2181=ORIENTED_EDGE('',*,*,#1578,.F.);
#2182=ORIENTED_EDGE('',*,*,#1584,.T.);
#2183=ORIENTED_EDGE('',*,*,#1585,.T.);
#2184=ORIENTED_EDGE('',*,*,#1586,.T.);
#2185=ORIENTED_EDGE('',*,*,#1587,.T.);
#2186=ORIENTED_EDGE('',*,*,#1588,.T.);
#2187=ORIENTED_EDGE('',*,*,#1589,.T.);
#2188=ORIENTED_EDGE('',*,*,#1590,.T.);
#2189=ORIENTED_EDGE('',*,*,#1591,.T.);
#2190=ORIENTED_EDGE('',*,*,#1592,.T.);
#2191=ORIENTED_EDGE('',*,*,#1593,.T.);
#2192=ORIENTED_EDGE('',*,*,#1594,.T.);
#2193=ORIENTED_EDGE('',*,*,#1595,.T.);
#2194=ORIENTED_EDGE('',*,*,#1596,.T.);
#2195=ORIENTED_EDGE('',*,*,#1597,.T.);
#2196=ORIENTED_EDGE('',*,*,#1598,.T.);
#2197=ORIENTED_EDGE('',*,*,#1599,.T.);
#2198=ORIENTED_EDGE('',*,*,#1600,.T.);
#2199=ORIENTED_EDGE('',*,*,#1601,.T.);
#2200=ORIENTED_EDGE('',*,*,#1584,.F.);
#2201=ORIENTED_EDGE('',*,*,#1602,.T.);
#2202=ORIENTED_EDGE('',*,*,#1583,.T.);
#2203=ORIENTED_EDGE('',*,*,#1574,.F.);
#2204=ORIENTED_EDGE('',*,*,#1603,.F.);
#2205=ORIENTED_EDGE('',*,*,#1604,.T.);
#2206=ORIENTED_EDGE('',*,*,#1603,.T.);
#2207=ORIENTED_EDGE('',*,*,#1577,.F.);
#2208=ORIENTED_EDGE('',*,*,#1580,.F.);
#2209=ORIENTED_EDGE('',*,*,#1597,.F.);
#2210=ORIENTED_EDGE('',*,*,#1605,.F.);
#2211=ORIENTED_EDGE('',*,*,#1606,.T.);
#2212=ORIENTED_EDGE('',*,*,#1607,.T.);
#2213=ORIENTED_EDGE('',*,*,#1608,.T.);
#2214=ORIENTED_EDGE('',*,*,#1609,.F.);
#2215=ORIENTED_EDGE('',*,*,#1610,.T.);
#2216=ORIENTED_EDGE('',*,*,#1609,.T.);
#2217=ORIENTED_EDGE('',*,*,#1611,.T.);
#2218=ORIENTED_EDGE('',*,*,#1612,.F.);
#2219=ORIENTED_EDGE('',*,*,#1613,.T.);
#2220=ORIENTED_EDGE('',*,*,#1614,.T.);
#2221=ORIENTED_EDGE('',*,*,#1615,.T.);
#2222=ORIENTED_EDGE('',*,*,#1616,.T.);
#2223=ORIENTED_EDGE('',*,*,#1617,.T.);
#2224=ORIENTED_EDGE('',*,*,#1616,.F.);
#2225=ORIENTED_EDGE('',*,*,#1618,.T.);
#2226=ORIENTED_EDGE('',*,*,#1619,.F.);
#2227=ORIENTED_EDGE('',*,*,#1620,.T.);
#2228=ORIENTED_EDGE('',*,*,#1619,.T.);
#2229=ORIENTED_EDGE('',*,*,#1621,.T.);
#2230=ORIENTED_EDGE('',*,*,#1622,.F.);
#2231=ORIENTED_EDGE('',*,*,#1623,.T.);
#2232=ORIENTED_EDGE('',*,*,#1622,.T.);
#2233=ORIENTED_EDGE('',*,*,#1624,.T.);
#2234=ORIENTED_EDGE('',*,*,#1592,.F.);
#2235=ORIENTED_EDGE('',*,*,#1625,.F.);
#2236=ORIENTED_EDGE('',*,*,#1611,.F.);
#2237=ORIENTED_EDGE('',*,*,#1608,.F.);
#2238=ORIENTED_EDGE('',*,*,#1626,.F.);
#2239=ORIENTED_EDGE('',*,*,#1582,.F.);
#2240=ORIENTED_EDGE('',*,*,#1602,.F.);
#2241=ORIENTED_EDGE('',*,*,#1604,.F.);
#2242=ORIENTED_EDGE('',*,*,#1579,.F.);
#2243=ORIENTED_EDGE('',*,*,#1589,.F.);
#2244=ORIENTED_EDGE('',*,*,#1627,.F.);
#2245=ORIENTED_EDGE('',*,*,#1593,.F.);
#2246=ORIENTED_EDGE('',*,*,#1624,.F.);
#2247=ORIENTED_EDGE('',*,*,#1621,.F.);
#2248=ORIENTED_EDGE('',*,*,#1618,.F.);
#2249=ORIENTED_EDGE('',*,*,#1615,.F.);
#2250=ORIENTED_EDGE('',*,*,#1628,.F.);
#2251=ORIENTED_EDGE('',*,*,#1601,.F.);
#2252=ORIENTED_EDGE('',*,*,#1629,.F.);
#2253=ORIENTED_EDGE('',*,*,#1630,.F.);
#2254=ORIENTED_EDGE('',*,*,#1631,.F.);
#2255=ORIENTED_EDGE('',*,*,#1632,.F.);
#2256=ORIENTED_EDGE('',*,*,#1633,.F.);
#2257=ORIENTED_EDGE('',*,*,#1585,.F.);
#2258=ORIENTED_EDGE('',*,*,#1634,.T.);
#2259=ORIENTED_EDGE('',*,*,#1594,.F.);
#2260=ORIENTED_EDGE('',*,*,#1628,.T.);
#2261=ORIENTED_EDGE('',*,*,#1614,.F.);
#2262=ORIENTED_EDGE('',*,*,#1635,.T.);
#2263=ORIENTED_EDGE('',*,*,#1598,.F.);
#2264=ORIENTED_EDGE('',*,*,#1605,.T.);
#2265=ORIENTED_EDGE('',*,*,#1596,.F.);
#2266=ORIENTED_EDGE('',*,*,#1636,.T.);
#2267=ORIENTED_EDGE('',*,*,#1637,.T.);
#2268=ORIENTED_EDGE('',*,*,#1626,.T.);
#2269=ORIENTED_EDGE('',*,*,#1607,.F.);
#2270=ORIENTED_EDGE('',*,*,#1638,.T.);
#2271=ORIENTED_EDGE('',*,*,#1612,.T.);
#2272=ORIENTED_EDGE('',*,*,#1625,.T.);
#2273=ORIENTED_EDGE('',*,*,#1637,.F.);
#2274=ORIENTED_EDGE('',*,*,#1639,.T.);
#2275=ORIENTED_EDGE('',*,*,#1590,.F.);
#2276=ORIENTED_EDGE('',*,*,#1627,.T.);
#2277=ORIENTED_EDGE('',*,*,#1588,.F.);
#2278=ORIENTED_EDGE('',*,*,#1640,.T.);
#2279=ORIENTED_EDGE('',*,*,#1586,.F.);
#2280=ORIENTED_EDGE('',*,*,#1633,.T.);
#2281=ORIENTED_EDGE('',*,*,#1641,.F.);
#2282=ORIENTED_EDGE('',*,*,#1642,.T.);
#2283=ORIENTED_EDGE('',*,*,#1641,.T.);
#2284=ORIENTED_EDGE('',*,*,#1632,.T.);
#2285=ORIENTED_EDGE('',*,*,#1643,.F.);
#2286=ORIENTED_EDGE('',*,*,#1644,.T.);
#2287=ORIENTED_EDGE('',*,*,#1643,.T.);
#2288=ORIENTED_EDGE('',*,*,#1631,.T.);
#2289=ORIENTED_EDGE('',*,*,#1645,.F.);
#2290=ORIENTED_EDGE('',*,*,#1646,.T.);
#2291=ORIENTED_EDGE('',*,*,#1647,.T.);
#2292=ORIENTED_EDGE('',*,*,#1629,.T.);
#2293=ORIENTED_EDGE('',*,*,#1600,.F.);
#2294=ORIENTED_EDGE('',*,*,#1648,.T.);
#2295=ORIENTED_EDGE('',*,*,#1645,.T.);
#2296=ORIENTED_EDGE('',*,*,#1630,.T.);
#2297=ORIENTED_EDGE('',*,*,#1647,.F.);
#2298=ORIENTED_EDGE('',*,*,#1623,.F.);
#2299=ORIENTED_EDGE('',*,*,#1591,.F.);
#2300=ORIENTED_EDGE('',*,*,#1639,.F.);
#2301=ORIENTED_EDGE('',*,*,#1587,.F.);
#2302=ORIENTED_EDGE('',*,*,#1640,.F.);
#2303=ORIENTED_EDGE('',*,*,#1642,.F.);
#2304=ORIENTED_EDGE('',*,*,#1644,.F.);
#2305=ORIENTED_EDGE('',*,*,#1648,.F.);
#2306=ORIENTED_EDGE('',*,*,#1646,.F.);
#2307=ORIENTED_EDGE('',*,*,#1599,.F.);
#2308=ORIENTED_EDGE('',*,*,#1635,.F.);
#2309=ORIENTED_EDGE('',*,*,#1595,.F.);
#2310=ORIENTED_EDGE('',*,*,#1634,.F.);
#2311=ORIENTED_EDGE('',*,*,#1613,.F.);
#2312=ORIENTED_EDGE('',*,*,#1617,.F.);
#2313=ORIENTED_EDGE('',*,*,#1620,.F.);
#2314=ORIENTED_EDGE('',*,*,#1649,.F.);
#2315=ORIENTED_EDGE('',*,*,#1650,.F.);
#2316=ORIENTED_EDGE('',*,*,#1571,.F.);
#2317=ORIENTED_EDGE('',*,*,#1651,.F.);
#2318=ORIENTED_EDGE('',*,*,#1652,.F.);
#2319=ORIENTED_EDGE('',*,*,#1653,.F.);
#2320=ORIENTED_EDGE('',*,*,#1654,.F.);
#2321=ORIENTED_EDGE('',*,*,#1655,.F.);
#2322=ORIENTED_EDGE('',*,*,#1610,.F.);
#2323=ORIENTED_EDGE('',*,*,#1638,.F.);
#2324=ORIENTED_EDGE('',*,*,#1636,.F.);
#2325=ORIENTED_EDGE('',*,*,#1606,.F.);
#2326=ORIENTED_EDGE('',*,*,#1651,.T.);
#2327=ORIENTED_EDGE('',*,*,#1573,.T.);
#2328=ORIENTED_EDGE('',*,*,#1656,.T.);
#2329=ORIENTED_EDGE('',*,*,#1570,.T.);
#2330=ORIENTED_EDGE('',*,*,#1657,.F.);
#2331=ORIENTED_EDGE('',*,*,#1658,.F.);
#2332=ORIENTED_EDGE('',*,*,#1655,.T.);
#2333=ORIENTED_EDGE('',*,*,#1659,.T.);
#2334=ORIENTED_EDGE('',*,*,#1660,.T.);
#2335=ORIENTED_EDGE('',*,*,#1568,.T.);
#2336=ORIENTED_EDGE('',*,*,#1661,.F.);
#2337=ORIENTED_EDGE('',*,*,#1662,.F.);
#2338=ORIENTED_EDGE('',*,*,#1652,.T.);
#2339=ORIENTED_EDGE('',*,*,#1658,.T.);
#2340=ORIENTED_EDGE('',*,*,#1663,.F.);
#2341=ORIENTED_EDGE('',*,*,#1653,.T.);
#2342=ORIENTED_EDGE('',*,*,#1663,.T.);
#2343=ORIENTED_EDGE('',*,*,#1657,.T.);
#2344=ORIENTED_EDGE('',*,*,#1569,.T.);
#2345=ORIENTED_EDGE('',*,*,#1660,.F.);
#2346=ORIENTED_EDGE('',*,*,#1664,.F.);
#2347=ORIENTED_EDGE('',*,*,#1654,.T.);
#2348=ORIENTED_EDGE('',*,*,#1664,.T.);
#2349=ORIENTED_EDGE('',*,*,#1659,.F.);
#2350=ORIENTED_EDGE('',*,*,#1650,.T.);
#2351=ORIENTED_EDGE('',*,*,#1665,.T.);
#2352=ORIENTED_EDGE('',*,*,#1661,.T.);
#2353=ORIENTED_EDGE('',*,*,#1567,.T.);
#2354=ORIENTED_EDGE('',*,*,#1656,.F.);
#2355=ORIENTED_EDGE('',*,*,#1572,.F.);
#2356=ORIENTED_EDGE('',*,*,#1649,.T.);
#2357=ORIENTED_EDGE('',*,*,#1662,.T.);
#2358=ORIENTED_EDGE('',*,*,#1665,.F.);
#2359=ORIENTED_EDGE('',*,*,#1666,.F.);
#2360=ORIENTED_EDGE('',*,*,#1667,.F.);
#2361=ORIENTED_EDGE('',*,*,#1668,.F.);
#2362=ORIENTED_EDGE('',*,*,#1669,.F.);
#2363=ORIENTED_EDGE('',*,*,#1670,.T.);
#2364=ORIENTED_EDGE('',*,*,#1671,.T.);
#2365=ORIENTED_EDGE('',*,*,#1672,.F.);
#2366=ORIENTED_EDGE('',*,*,#1673,.T.);
#2367=ORIENTED_EDGE('',*,*,#1674,.T.);
#2368=ORIENTED_EDGE('',*,*,#1675,.T.);
#2369=ORIENTED_EDGE('',*,*,#1676,.T.);
#2370=ORIENTED_EDGE('',*,*,#1677,.T.);
#2371=ORIENTED_EDGE('',*,*,#1678,.T.);
#2372=ORIENTED_EDGE('',*,*,#1679,.T.);
#2373=ORIENTED_EDGE('',*,*,#1675,.F.);
#2374=ORIENTED_EDGE('',*,*,#1680,.F.);
#2375=ORIENTED_EDGE('',*,*,#1681,.T.);
#2376=ORIENTED_EDGE('',*,*,#1680,.T.);
#2377=ORIENTED_EDGE('',*,*,#1674,.F.);
#2378=ORIENTED_EDGE('',*,*,#1682,.F.);
#2379=ORIENTED_EDGE('',*,*,#1677,.F.);
#2380=ORIENTED_EDGE('',*,*,#1683,.T.);
#2381=ORIENTED_EDGE('',*,*,#1684,.T.);
#2382=ORIENTED_EDGE('',*,*,#1685,.T.);
#2383=ORIENTED_EDGE('',*,*,#1686,.T.);
#2384=ORIENTED_EDGE('',*,*,#1687,.T.);
#2385=ORIENTED_EDGE('',*,*,#1688,.T.);
#2386=ORIENTED_EDGE('',*,*,#1689,.T.);
#2387=ORIENTED_EDGE('',*,*,#1690,.T.);
#2388=ORIENTED_EDGE('',*,*,#1691,.T.);
#2389=ORIENTED_EDGE('',*,*,#1692,.T.);
#2390=ORIENTED_EDGE('',*,*,#1693,.T.);
#2391=ORIENTED_EDGE('',*,*,#1694,.T.);
#2392=ORIENTED_EDGE('',*,*,#1695,.T.);
#2393=ORIENTED_EDGE('',*,*,#1696,.T.);
#2394=ORIENTED_EDGE('',*,*,#1697,.T.);
#2395=ORIENTED_EDGE('',*,*,#1698,.T.);
#2396=ORIENTED_EDGE('',*,*,#1699,.T.);
#2397=ORIENTED_EDGE('',*,*,#1700,.T.);
#2398=ORIENTED_EDGE('',*,*,#1683,.F.);
#2399=ORIENTED_EDGE('',*,*,#1701,.T.);
#2400=ORIENTED_EDGE('',*,*,#1682,.T.);
#2401=ORIENTED_EDGE('',*,*,#1673,.F.);
#2402=ORIENTED_EDGE('',*,*,#1702,.F.);
#2403=ORIENTED_EDGE('',*,*,#1703,.T.);
#2404=ORIENTED_EDGE('',*,*,#1702,.T.);
#2405=ORIENTED_EDGE('',*,*,#1676,.F.);
#2406=ORIENTED_EDGE('',*,*,#1679,.F.);
#2407=ORIENTED_EDGE('',*,*,#1696,.F.);
#2408=ORIENTED_EDGE('',*,*,#1704,.F.);
#2409=ORIENTED_EDGE('',*,*,#1705,.T.);
#2410=ORIENTED_EDGE('',*,*,#1706,.T.);
#2411=ORIENTED_EDGE('',*,*,#1707,.T.);
#2412=ORIENTED_EDGE('',*,*,#1708,.F.);
#2413=ORIENTED_EDGE('',*,*,#1709,.T.);
#2414=ORIENTED_EDGE('',*,*,#1708,.T.);
#2415=ORIENTED_EDGE('',*,*,#1710,.T.);
#2416=ORIENTED_EDGE('',*,*,#1711,.F.);
#2417=ORIENTED_EDGE('',*,*,#1712,.T.);
#2418=ORIENTED_EDGE('',*,*,#1713,.T.);
#2419=ORIENTED_EDGE('',*,*,#1714,.T.);
#2420=ORIENTED_EDGE('',*,*,#1715,.T.);
#2421=ORIENTED_EDGE('',*,*,#1716,.T.);
#2422=ORIENTED_EDGE('',*,*,#1715,.F.);
#2423=ORIENTED_EDGE('',*,*,#1717,.T.);
#2424=ORIENTED_EDGE('',*,*,#1718,.F.);
#2425=ORIENTED_EDGE('',*,*,#1719,.T.);
#2426=ORIENTED_EDGE('',*,*,#1718,.T.);
#2427=ORIENTED_EDGE('',*,*,#1720,.T.);
#2428=ORIENTED_EDGE('',*,*,#1721,.F.);
#2429=ORIENTED_EDGE('',*,*,#1722,.T.);
#2430=ORIENTED_EDGE('',*,*,#1721,.T.);
#2431=ORIENTED_EDGE('',*,*,#1723,.T.);
#2432=ORIENTED_EDGE('',*,*,#1691,.F.);
#2433=ORIENTED_EDGE('',*,*,#1724,.F.);
#2434=ORIENTED_EDGE('',*,*,#1710,.F.);
#2435=ORIENTED_EDGE('',*,*,#1707,.F.);
#2436=ORIENTED_EDGE('',*,*,#1725,.F.);
#2437=ORIENTED_EDGE('',*,*,#1681,.F.);
#2438=ORIENTED_EDGE('',*,*,#1701,.F.);
#2439=ORIENTED_EDGE('',*,*,#1703,.F.);
#2440=ORIENTED_EDGE('',*,*,#1678,.F.);
#2441=ORIENTED_EDGE('',*,*,#1688,.F.);
#2442=ORIENTED_EDGE('',*,*,#1726,.F.);
#2443=ORIENTED_EDGE('',*,*,#1692,.F.);
#2444=ORIENTED_EDGE('',*,*,#1723,.F.);
#2445=ORIENTED_EDGE('',*,*,#1720,.F.);
#2446=ORIENTED_EDGE('',*,*,#1717,.F.);
#2447=ORIENTED_EDGE('',*,*,#1714,.F.);
#2448=ORIENTED_EDGE('',*,*,#1727,.F.);
#2449=ORIENTED_EDGE('',*,*,#1700,.F.);
#2450=ORIENTED_EDGE('',*,*,#1728,.F.);
#2451=ORIENTED_EDGE('',*,*,#1729,.F.);
#2452=ORIENTED_EDGE('',*,*,#1730,.F.);
#2453=ORIENTED_EDGE('',*,*,#1731,.F.);
#2454=ORIENTED_EDGE('',*,*,#1732,.F.);
#2455=ORIENTED_EDGE('',*,*,#1684,.F.);
#2456=ORIENTED_EDGE('',*,*,#1733,.T.);
#2457=ORIENTED_EDGE('',*,*,#1693,.F.);
#2458=ORIENTED_EDGE('',*,*,#1727,.T.);
#2459=ORIENTED_EDGE('',*,*,#1713,.F.);
#2460=ORIENTED_EDGE('',*,*,#1734,.T.);
#2461=ORIENTED_EDGE('',*,*,#1697,.F.);
#2462=ORIENTED_EDGE('',*,*,#1704,.T.);
#2463=ORIENTED_EDGE('',*,*,#1695,.F.);
#2464=ORIENTED_EDGE('',*,*,#1735,.T.);
#2465=ORIENTED_EDGE('',*,*,#1736,.T.);
#2466=ORIENTED_EDGE('',*,*,#1725,.T.);
#2467=ORIENTED_EDGE('',*,*,#1706,.F.);
#2468=ORIENTED_EDGE('',*,*,#1737,.T.);
#2469=ORIENTED_EDGE('',*,*,#1711,.T.);
#2470=ORIENTED_EDGE('',*,*,#1724,.T.);
#2471=ORIENTED_EDGE('',*,*,#1736,.F.);
#2472=ORIENTED_EDGE('',*,*,#1738,.T.);
#2473=ORIENTED_EDGE('',*,*,#1689,.F.);
#2474=ORIENTED_EDGE('',*,*,#1726,.T.);
#2475=ORIENTED_EDGE('',*,*,#1687,.F.);
#2476=ORIENTED_EDGE('',*,*,#1739,.T.);
#2477=ORIENTED_EDGE('',*,*,#1685,.F.);
#2478=ORIENTED_EDGE('',*,*,#1732,.T.);
#2479=ORIENTED_EDGE('',*,*,#1740,.F.);
#2480=ORIENTED_EDGE('',*,*,#1741,.T.);
#2481=ORIENTED_EDGE('',*,*,#1740,.T.);
#2482=ORIENTED_EDGE('',*,*,#1731,.T.);
#2483=ORIENTED_EDGE('',*,*,#1742,.F.);
#2484=ORIENTED_EDGE('',*,*,#1743,.T.);
#2485=ORIENTED_EDGE('',*,*,#1742,.T.);
#2486=ORIENTED_EDGE('',*,*,#1730,.T.);
#2487=ORIENTED_EDGE('',*,*,#1744,.F.);
#2488=ORIENTED_EDGE('',*,*,#1745,.T.);
#2489=ORIENTED_EDGE('',*,*,#1746,.T.);
#2490=ORIENTED_EDGE('',*,*,#1728,.T.);
#2491=ORIENTED_EDGE('',*,*,#1699,.F.);
#2492=ORIENTED_EDGE('',*,*,#1747,.T.);
#2493=ORIENTED_EDGE('',*,*,#1744,.T.);
#2494=ORIENTED_EDGE('',*,*,#1729,.T.);
#2495=ORIENTED_EDGE('',*,*,#1746,.F.);
#2496=ORIENTED_EDGE('',*,*,#1722,.F.);
#2497=ORIENTED_EDGE('',*,*,#1690,.F.);
#2498=ORIENTED_EDGE('',*,*,#1738,.F.);
#2499=ORIENTED_EDGE('',*,*,#1686,.F.);
#2500=ORIENTED_EDGE('',*,*,#1739,.F.);
#2501=ORIENTED_EDGE('',*,*,#1741,.F.);
#2502=ORIENTED_EDGE('',*,*,#1743,.F.);
#2503=ORIENTED_EDGE('',*,*,#1747,.F.);
#2504=ORIENTED_EDGE('',*,*,#1745,.F.);
#2505=ORIENTED_EDGE('',*,*,#1698,.F.);
#2506=ORIENTED_EDGE('',*,*,#1734,.F.);
#2507=ORIENTED_EDGE('',*,*,#1694,.F.);
#2508=ORIENTED_EDGE('',*,*,#1733,.F.);
#2509=ORIENTED_EDGE('',*,*,#1712,.F.);
#2510=ORIENTED_EDGE('',*,*,#1716,.F.);
#2511=ORIENTED_EDGE('',*,*,#1719,.F.);
#2512=ORIENTED_EDGE('',*,*,#1748,.F.);
#2513=ORIENTED_EDGE('',*,*,#1749,.F.);
#2514=ORIENTED_EDGE('',*,*,#1670,.F.);
#2515=ORIENTED_EDGE('',*,*,#1750,.F.);
#2516=ORIENTED_EDGE('',*,*,#1751,.F.);
#2517=ORIENTED_EDGE('',*,*,#1752,.F.);
#2518=ORIENTED_EDGE('',*,*,#1753,.F.);
#2519=ORIENTED_EDGE('',*,*,#1754,.F.);
#2520=ORIENTED_EDGE('',*,*,#1709,.F.);
#2521=ORIENTED_EDGE('',*,*,#1737,.F.);
#2522=ORIENTED_EDGE('',*,*,#1735,.F.);
#2523=ORIENTED_EDGE('',*,*,#1705,.F.);
#2524=ORIENTED_EDGE('',*,*,#1750,.T.);
#2525=ORIENTED_EDGE('',*,*,#1672,.T.);
#2526=ORIENTED_EDGE('',*,*,#1755,.T.);
#2527=ORIENTED_EDGE('',*,*,#1669,.T.);
#2528=ORIENTED_EDGE('',*,*,#1756,.F.);
#2529=ORIENTED_EDGE('',*,*,#1757,.F.);
#2530=ORIENTED_EDGE('',*,*,#1754,.T.);
#2531=ORIENTED_EDGE('',*,*,#1758,.T.);
#2532=ORIENTED_EDGE('',*,*,#1759,.T.);
#2533=ORIENTED_EDGE('',*,*,#1667,.T.);
#2534=ORIENTED_EDGE('',*,*,#1760,.F.);
#2535=ORIENTED_EDGE('',*,*,#1761,.F.);
#2536=ORIENTED_EDGE('',*,*,#1751,.T.);
#2537=ORIENTED_EDGE('',*,*,#1757,.T.);
#2538=ORIENTED_EDGE('',*,*,#1762,.F.);
#2539=ORIENTED_EDGE('',*,*,#1752,.T.);
#2540=ORIENTED_EDGE('',*,*,#1762,.T.);
#2541=ORIENTED_EDGE('',*,*,#1756,.T.);
#2542=ORIENTED_EDGE('',*,*,#1668,.T.);
#2543=ORIENTED_EDGE('',*,*,#1759,.F.);
#2544=ORIENTED_EDGE('',*,*,#1763,.F.);
#2545=ORIENTED_EDGE('',*,*,#1753,.T.);
#2546=ORIENTED_EDGE('',*,*,#1763,.T.);
#2547=ORIENTED_EDGE('',*,*,#1758,.F.);
#2548=ORIENTED_EDGE('',*,*,#1749,.T.);
#2549=ORIENTED_EDGE('',*,*,#1764,.T.);
#2550=ORIENTED_EDGE('',*,*,#1760,.T.);
#2551=ORIENTED_EDGE('',*,*,#1666,.T.);
#2552=ORIENTED_EDGE('',*,*,#1755,.F.);
#2553=ORIENTED_EDGE('',*,*,#1671,.F.);
#2554=ORIENTED_EDGE('',*,*,#1748,.T.);
#2555=ORIENTED_EDGE('',*,*,#1761,.T.);
#2556=ORIENTED_EDGE('',*,*,#1764,.F.);
#2557=PLANE('',#2858);
#2558=PLANE('',#2861);
#2559=PLANE('',#2863);
#2560=PLANE('',#2864);
#2561=PLANE('',#2875);
#2562=PLANE('',#2876);
#2563=PLANE('',#2877);
#2564=PLANE('',#2878);
#2565=PLANE('',#2879);
#2566=PLANE('',#2880);
#2567=PLANE('',#2881);
#2568=PLANE('',#2882);
#2569=PLANE('',#2883);
#2570=PLANE('',#2884);
#2571=PLANE('',#2885);
#2572=PLANE('',#2886);
#2573=PLANE('',#2887);
#2574=PLANE('',#2888);
#2575=PLANE('',#2889);
#2576=PLANE('',#2890);
#2577=PLANE('',#2891);
#2578=PLANE('',#2892);
#2579=PLANE('',#2893);
#2580=PLANE('',#2894);
#2581=PLANE('',#2895);
#2582=PLANE('',#2896);
#2583=PLANE('',#2897);
#2584=PLANE('',#2898);
#2585=PLANE('',#2899);
#2586=PLANE('',#2903);
#2587=PLANE('',#2904);
#2588=PLANE('',#2906);
#2589=PLANE('',#2908);
#2590=PLANE('',#2910);
#2591=PLANE('',#2913);
#2592=PLANE('',#2915);
#2593=PLANE('',#2916);
#2594=PLANE('',#2927);
#2595=PLANE('',#2928);
#2596=PLANE('',#2929);
#2597=PLANE('',#2930);
#2598=PLANE('',#2931);
#2599=PLANE('',#2932);
#2600=PLANE('',#2933);
#2601=PLANE('',#2934);
#2602=PLANE('',#2935);
#2603=PLANE('',#2936);
#2604=PLANE('',#2937);
#2605=PLANE('',#2938);
#2606=PLANE('',#2939);
#2607=PLANE('',#2940);
#2608=PLANE('',#2941);
#2609=PLANE('',#2942);
#2610=PLANE('',#2943);
#2611=PLANE('',#2944);
#2612=PLANE('',#2945);
#2613=PLANE('',#2946);
#2614=PLANE('',#2947);
#2615=PLANE('',#2948);
#2616=PLANE('',#2949);
#2617=PLANE('',#2950);
#2618=PLANE('',#2951);
#2619=PLANE('',#2955);
#2620=PLANE('',#2956);
#2621=PLANE('',#2958);
#2622=PLANE('',#2960);
#2623=PLANE('',#2962);
#2624=PLANE('',#2965);
#2625=PLANE('',#2967);
#2626=PLANE('',#2968);
#2627=PLANE('',#2979);
#2628=PLANE('',#2980);
#2629=PLANE('',#2981);
#2630=PLANE('',#2982);
#2631=PLANE('',#2983);
#2632=PLANE('',#2984);
#2633=PLANE('',#2985);
#2634=PLANE('',#2986);
#2635=PLANE('',#2987);
#2636=PLANE('',#2988);
#2637=PLANE('',#2989);
#2638=PLANE('',#2990);
#2639=PLANE('',#2991);
#2640=PLANE('',#2992);
#2641=PLANE('',#2993);
#2642=PLANE('',#2994);
#2643=PLANE('',#2995);
#2644=PLANE('',#2996);
#2645=PLANE('',#2997);
#2646=PLANE('',#2998);
#2647=PLANE('',#2999);
#2648=PLANE('',#3000);
#2649=PLANE('',#3001);
#2650=PLANE('',#3002);
#2651=PLANE('',#3003);
#2652=PLANE('',#3007);
#2653=PLANE('',#3008);
#2654=PLANE('',#3010);
#2655=PLANE('',#3012);
#2656=PLANE('',#3014);
#2657=PLANE('',#3017);
#2658=PLANE('',#3019);
#2659=PLANE('',#3020);
#2660=PLANE('',#3031);
#2661=PLANE('',#3032);
#2662=PLANE('',#3033);
#2663=PLANE('',#3034);
#2664=PLANE('',#3035);
#2665=PLANE('',#3036);
#2666=PLANE('',#3037);
#2667=PLANE('',#3038);
#2668=PLANE('',#3039);
#2669=PLANE('',#3040);
#2670=PLANE('',#3041);
#2671=PLANE('',#3042);
#2672=PLANE('',#3043);
#2673=PLANE('',#3044);
#2674=PLANE('',#3045);
#2675=PLANE('',#3046);
#2676=PLANE('',#3047);
#2677=PLANE('',#3048);
#2678=PLANE('',#3049);
#2679=PLANE('',#3050);
#2680=PLANE('',#3051);
#2681=PLANE('',#3052);
#2682=PLANE('',#3053);
#2683=PLANE('',#3054);
#2684=PLANE('',#3055);
#2685=PLANE('',#3059);
#2686=PLANE('',#3060);
#2687=PLANE('',#3062);
#2688=PLANE('',#3064);
#2689=ADVANCED_FACE('',(#109),#2557,.T.);
#2690=ADVANCED_FACE('',(#110),#93,.T.);
#2691=ADVANCED_FACE('',(#111,#25),#2558,.F.);
#2692=ADVANCED_FACE('',(#112),#2559,.F.);
#2693=ADVANCED_FACE('',(#113),#2560,.F.);
#2694=ADVANCED_FACE('',(#114),#21,.T.);
#2695=ADVANCED_FACE('',(#115),#2561,.F.);
#2696=ADVANCED_FACE('',(#116),#2562,.F.);
#2697=ADVANCED_FACE('',(#117),#2563,.F.);
#2698=ADVANCED_FACE('',(#118),#2564,.F.);
#2699=ADVANCED_FACE('',(#119),#2565,.F.);
#2700=ADVANCED_FACE('',(#120),#2566,.F.);
#2701=ADVANCED_FACE('',(#121),#2567,.F.);
#2702=ADVANCED_FACE('',(#122),#2568,.F.);
#2703=ADVANCED_FACE('',(#123),#2569,.F.);
#2704=ADVANCED_FACE('',(#124,#26),#2570,.F.);
#2705=ADVANCED_FACE('',(#125),#2571,.F.);
#2706=ADVANCED_FACE('',(#126),#2572,.F.);
#2707=ADVANCED_FACE('',(#127),#2573,.F.);
#2708=ADVANCED_FACE('',(#128),#2574,.F.);
#2709=ADVANCED_FACE('',(#129),#2575,.F.);
#2710=ADVANCED_FACE('',(#130),#2576,.F.);
#2711=ADVANCED_FACE('',(#131),#2577,.F.);
#2712=ADVANCED_FACE('',(#132),#2578,.F.);
#2713=ADVANCED_FACE('',(#133),#2579,.F.);
#2714=ADVANCED_FACE('',(#134),#2580,.F.);
#2715=ADVANCED_FACE('',(#135),#2581,.F.);
#2716=ADVANCED_FACE('',(#136),#2582,.F.);
#2717=ADVANCED_FACE('',(#137),#2583,.F.);
#2718=ADVANCED_FACE('',(#138),#2584,.F.);
#2719=ADVANCED_FACE('',(#139,#27),#2585,.F.);
#2720=ADVANCED_FACE('',(#140),#2586,.T.);
#2721=ADVANCED_FACE('',(#141),#2587,.T.);
#2722=ADVANCED_FACE('',(#142),#94,.T.);
#2723=ADVANCED_FACE('',(#143),#2588,.T.);
#2724=ADVANCED_FACE('',(#144),#95,.T.);
#2725=ADVANCED_FACE('',(#145),#2589,.T.);
#2726=ADVANCED_FACE('',(#146),#96,.T.);
#2727=ADVANCED_FACE('',(#147),#2590,.T.);
#2728=ADVANCED_FACE('',(#148),#97,.T.);
#2729=ADVANCED_FACE('',(#149,#28),#2591,.F.);
#2730=ADVANCED_FACE('',(#150),#2592,.F.);
#2731=ADVANCED_FACE('',(#151),#2593,.F.);
#2732=ADVANCED_FACE('',(#152),#22,.T.);
#2733=ADVANCED_FACE('',(#153),#2594,.F.);
#2734=ADVANCED_FACE('',(#154),#2595,.F.);
#2735=ADVANCED_FACE('',(#155),#2596,.F.);
#2736=ADVANCED_FACE('',(#156),#2597,.F.);
#2737=ADVANCED_FACE('',(#157),#2598,.F.);
#2738=ADVANCED_FACE('',(#158),#2599,.F.);
#2739=ADVANCED_FACE('',(#159),#2600,.F.);
#2740=ADVANCED_FACE('',(#160),#2601,.F.);
#2741=ADVANCED_FACE('',(#161),#2602,.F.);
#2742=ADVANCED_FACE('',(#162,#29),#2603,.F.);
#2743=ADVANCED_FACE('',(#163),#2604,.F.);
#2744=ADVANCED_FACE('',(#164),#2605,.F.);
#2745=ADVANCED_FACE('',(#165),#2606,.F.);
#2746=ADVANCED_FACE('',(#166),#2607,.F.);
#2747=ADVANCED_FACE('',(#167),#2608,.F.);
#2748=ADVANCED_FACE('',(#168),#2609,.F.);
#2749=ADVANCED_FACE('',(#169),#2610,.F.);
#2750=ADVANCED_FACE('',(#170),#2611,.F.);
#2751=ADVANCED_FACE('',(#171),#2612,.F.);
#2752=ADVANCED_FACE('',(#172),#2613,.F.);
#2753=ADVANCED_FACE('',(#173),#2614,.F.);
#2754=ADVANCED_FACE('',(#174),#2615,.F.);
#2755=ADVANCED_FACE('',(#175),#2616,.F.);
#2756=ADVANCED_FACE('',(#176),#2617,.F.);
#2757=ADVANCED_FACE('',(#177,#30),#2618,.F.);
#2758=ADVANCED_FACE('',(#178),#2619,.T.);
#2759=ADVANCED_FACE('',(#179),#2620,.T.);
#2760=ADVANCED_FACE('',(#180),#98,.T.);
#2761=ADVANCED_FACE('',(#181),#2621,.T.);
#2762=ADVANCED_FACE('',(#182),#99,.T.);
#2763=ADVANCED_FACE('',(#183),#2622,.T.);
#2764=ADVANCED_FACE('',(#184),#100,.T.);
#2765=ADVANCED_FACE('',(#185),#2623,.T.);
#2766=ADVANCED_FACE('',(#186),#101,.T.);
#2767=ADVANCED_FACE('',(#187,#31),#2624,.F.);
#2768=ADVANCED_FACE('',(#188),#2625,.F.);
#2769=ADVANCED_FACE('',(#189),#2626,.F.);
#2770=ADVANCED_FACE('',(#190),#23,.T.);
#2771=ADVANCED_FACE('',(#191),#2627,.F.);
#2772=ADVANCED_FACE('',(#192),#2628,.F.);
#2773=ADVANCED_FACE('',(#193),#2629,.F.);
#2774=ADVANCED_FACE('',(#194),#2630,.F.);
#2775=ADVANCED_FACE('',(#195),#2631,.F.);
#2776=ADVANCED_FACE('',(#196),#2632,.F.);
#2777=ADVANCED_FACE('',(#197),#2633,.F.);
#2778=ADVANCED_FACE('',(#198),#2634,.F.);
#2779=ADVANCED_FACE('',(#199),#2635,.F.);
#2780=ADVANCED_FACE('',(#200,#32),#2636,.F.);
#2781=ADVANCED_FACE('',(#201),#2637,.F.);
#2782=ADVANCED_FACE('',(#202),#2638,.F.);
#2783=ADVANCED_FACE('',(#203),#2639,.F.);
#2784=ADVANCED_FACE('',(#204),#2640,.F.);
#2785=ADVANCED_FACE('',(#205),#2641,.F.);
#2786=ADVANCED_FACE('',(#206),#2642,.F.);
#2787=ADVANCED_FACE('',(#207),#2643,.F.);
#2788=ADVANCED_FACE('',(#208),#2644,.F.);
#2789=ADVANCED_FACE('',(#209),#2645,.F.);
#2790=ADVANCED_FACE('',(#210),#2646,.F.);
#2791=ADVANCED_FACE('',(#211),#2647,.F.);
#2792=ADVANCED_FACE('',(#212),#2648,.F.);
#2793=ADVANCED_FACE('',(#213),#2649,.F.);
#2794=ADVANCED_FACE('',(#214),#2650,.F.);
#2795=ADVANCED_FACE('',(#215,#33),#2651,.F.);
#2796=ADVANCED_FACE('',(#216),#2652,.T.);
#2797=ADVANCED_FACE('',(#217),#2653,.T.);
#2798=ADVANCED_FACE('',(#218),#102,.T.);
#2799=ADVANCED_FACE('',(#219),#2654,.T.);
#2800=ADVANCED_FACE('',(#220),#103,.T.);
#2801=ADVANCED_FACE('',(#221),#2655,.T.);
#2802=ADVANCED_FACE('',(#222),#104,.T.);
#2803=ADVANCED_FACE('',(#223),#2656,.T.);
#2804=ADVANCED_FACE('',(#224),#105,.T.);
#2805=ADVANCED_FACE('',(#225,#34),#2657,.F.);
#2806=ADVANCED_FACE('',(#226),#2658,.F.);
#2807=ADVANCED_FACE('',(#227),#2659,.F.);
#2808=ADVANCED_FACE('',(#228),#24,.T.);
#2809=ADVANCED_FACE('',(#229),#2660,.F.);
#2810=ADVANCED_FACE('',(#230),#2661,.F.);
#2811=ADVANCED_FACE('',(#231),#2662,.F.);
#2812=ADVANCED_FACE('',(#232),#2663,.F.);
#2813=ADVANCED_FACE('',(#233),#2664,.F.);
#2814=ADVANCED_FACE('',(#234),#2665,.F.);
#2815=ADVANCED_FACE('',(#235),#2666,.F.);
#2816=ADVANCED_FACE('',(#236),#2667,.F.);
#2817=ADVANCED_FACE('',(#237),#2668,.F.);
#2818=ADVANCED_FACE('',(#238,#35),#2669,.F.);
#2819=ADVANCED_FACE('',(#239),#2670,.F.);
#2820=ADVANCED_FACE('',(#240),#2671,.F.);
#2821=ADVANCED_FACE('',(#241),#2672,.F.);
#2822=ADVANCED_FACE('',(#242),#2673,.F.);
#2823=ADVANCED_FACE('',(#243),#2674,.F.);
#2824=ADVANCED_FACE('',(#244),#2675,.F.);
#2825=ADVANCED_FACE('',(#245),#2676,.F.);
#2826=ADVANCED_FACE('',(#246),#2677,.F.);
#2827=ADVANCED_FACE('',(#247),#2678,.F.);
#2828=ADVANCED_FACE('',(#248),#2679,.F.);
#2829=ADVANCED_FACE('',(#249),#2680,.F.);
#2830=ADVANCED_FACE('',(#250),#2681,.F.);
#2831=ADVANCED_FACE('',(#251),#2682,.F.);
#2832=ADVANCED_FACE('',(#252),#2683,.F.);
#2833=ADVANCED_FACE('',(#253,#36),#2684,.F.);
#2834=ADVANCED_FACE('',(#254),#2685,.T.);
#2835=ADVANCED_FACE('',(#255),#2686,.T.);
#2836=ADVANCED_FACE('',(#256),#106,.T.);
#2837=ADVANCED_FACE('',(#257),#2687,.T.);
#2838=ADVANCED_FACE('',(#258),#107,.T.);
#2839=ADVANCED_FACE('',(#259),#2688,.T.);
#2840=ADVANCED_FACE('',(#260),#108,.T.);
#2841=CLOSED_SHELL('',(#2689,#2690,#2691,#2692,#2693,#2694,#2695,#2696,
#2697,#2698,#2699,#2700,#2701,#2702,#2703,#2704,#2705,#2706,#2707,#2708,
#2709,#2710,#2711,#2712,#2713,#2714,#2715,#2716,#2717,#2718,#2719,#2720,
#2721,#2722,#2723,#2724,#2725,#2726));
#2842=CLOSED_SHELL('',(#2727,#2728,#2729,#2730,#2731,#2732,#2733,#2734,
#2735,#2736,#2737,#2738,#2739,#2740,#2741,#2742,#2743,#2744,#2745,#2746,
#2747,#2748,#2749,#2750,#2751,#2752,#2753,#2754,#2755,#2756,#2757,#2758,
#2759,#2760,#2761,#2762,#2763,#2764));
#2843=CLOSED_SHELL('',(#2765,#2766,#2767,#2768,#2769,#2770,#2771,#2772,
#2773,#2774,#2775,#2776,#2777,#2778,#2779,#2780,#2781,#2782,#2783,#2784,
#2785,#2786,#2787,#2788,#2789,#2790,#2791,#2792,#2793,#2794,#2795,#2796,
#2797,#2798,#2799,#2800,#2801,#2802));
#2844=CLOSED_SHELL('',(#2803,#2804,#2805,#2806,#2807,#2808,#2809,#2810,
#2811,#2812,#2813,#2814,#2815,#2816,#2817,#2818,#2819,#2820,#2821,#2822,
#2823,#2824,#2825,#2826,#2827,#2828,#2829,#2830,#2831,#2832,#2833,#2834,
#2835,#2836,#2837,#2838,#2839,#2840));
#2845=DERIVED_UNIT_ELEMENT(#2847,1.);
#2846=DERIVED_UNIT_ELEMENT(#4642,-3.);
#2847=(
MASS_UNIT()
NAMED_UNIT(*)
SI_UNIT(.KILO.,.GRAM.)
);
#2848=DERIVED_UNIT((#2845,#2846));
#2849=MEASURE_REPRESENTATION_ITEM('density measure',
POSITIVE_RATIO_MEASURE(7850.),#2848);
#2850=PROPERTY_DEFINITION_REPRESENTATION(#2855,#2852);
#2851=PROPERTY_DEFINITION_REPRESENTATION(#2856,#2853);
#2852=REPRESENTATION('material name',(#2854),#4639);
#2853=REPRESENTATION('density',(#2849),#4639);
#2854=DESCRIPTIVE_REPRESENTATION_ITEM('Steel','Steel');
#2855=PROPERTY_DEFINITION('material property','material name',#4649);
#2856=PROPERTY_DEFINITION('material property','density of part',#4649);
#2857=AXIS2_PLACEMENT_3D('',#3824,#3066,#3067);
#2858=AXIS2_PLACEMENT_3D('',#3825,#3068,#3069);
#2859=AXIS2_PLACEMENT_3D('',#3834,#3074,#3075);
#2860=AXIS2_PLACEMENT_3D('',#3837,#3076,#3077);
#2861=AXIS2_PLACEMENT_3D('',#3841,#3080,#3081);
#2862=AXIS2_PLACEMENT_3D('',#3851,#3086,#3087);
#2863=AXIS2_PLACEMENT_3D('',#3852,#3088,#3089);
#2864=AXIS2_PLACEMENT_3D('',#3858,#3093,#3094);
#2865=AXIS2_PLACEMENT_3D('',#3862,#3097,#3098);
#2866=AXIS2_PLACEMENT_3D('',#3866,#3100,#3101);
#2867=AXIS2_PLACEMENT_3D('',#3870,#3103,#3104);
#2868=AXIS2_PLACEMENT_3D('',#3874,#3106,#3107);
#2869=AXIS2_PLACEMENT_3D('',#3878,#3109,#3110);
#2870=AXIS2_PLACEMENT_3D('',#3882,#3112,#3113);
#2871=AXIS2_PLACEMENT_3D('',#3886,#3115,#3116);
#2872=AXIS2_PLACEMENT_3D('',#3890,#3118,#3119);
#2873=AXIS2_PLACEMENT_3D('',#3894,#3121,#3122);
#2874=AXIS2_PLACEMENT_3D('',#3897,#3124,#3125);
#2875=AXIS2_PLACEMENT_3D('',#3898,#3126,#3127);
#2876=AXIS2_PLACEMENT_3D('',#3902,#3130,#3131);
#2877=AXIS2_PLACEMENT_3D('',#3904,#3133,#3134);
#2878=AXIS2_PLACEMENT_3D('',#3906,#3136,#3137);
#2879=AXIS2_PLACEMENT_3D('',#3915,#3142,#3143);
#2880=AXIS2_PLACEMENT_3D('',#3921,#3147,#3148);
#2881=AXIS2_PLACEMENT_3D('',#3930,#3153,#3154);
#2882=AXIS2_PLACEMENT_3D('',#3936,#3158,#3159);
#2883=AXIS2_PLACEMENT_3D('',#3942,#3163,#3164);
#2884=AXIS2_PLACEMENT_3D('',#3945,#3167,#3168);
#2885=AXIS2_PLACEMENT_3D('',#3949,#3171,#3172);
#2886=AXIS2_PLACEMENT_3D('',#3951,#3174,#3175);
#2887=AXIS2_PLACEMENT_3D('',#3953,#3177,#3178);
#2888=AXIS2_PLACEMENT_3D('',#3963,#3184,#3185);
#2889=AXIS2_PLACEMENT_3D('',#3965,#3187,#3188);
#2890=AXIS2_PLACEMENT_3D('',#3967,#3190,#3191);
#2891=AXIS2_PLACEMENT_3D('',#3971,#3194,#3195);
#2892=AXIS2_PLACEMENT_3D('',#3973,#3197,#3198);
#2893=AXIS2_PLACEMENT_3D('',#3975,#3200,#3201);
#2894=AXIS2_PLACEMENT_3D('',#3979,#3204,#3205);
#2895=AXIS2_PLACEMENT_3D('',#3983,#3208,#3209);
#2896=AXIS2_PLACEMENT_3D('',#3987,#3212,#3213);
#2897=AXIS2_PLACEMENT_3D('',#3991,#3216,#3217);
#2898=AXIS2_PLACEMENT_3D('',#3993,#3219,#3220);
#2899=AXIS2_PLACEMENT_3D('',#3994,#3221,#3222);
#2900=AXIS2_PLACEMENT_3D('',#3997,#3223,#3224);
#2901=AXIS2_PLACEMENT_3D('',#4002,#3227,#3228);
#2902=AXIS2_PLACEMENT_3D('',#4006,#3230,#3231);
#2903=AXIS2_PLACEMENT_3D('',#4008,#3233,#3234);
#2904=AXIS2_PLACEMENT_3D('',#4013,#3238,#3239);
#2905=AXIS2_PLACEMENT_3D('',#4020,#3244,#3245);
#2906=AXIS2_PLACEMENT_3D('',#4022,#3247,#3248);
#2907=AXIS2_PLACEMENT_3D('',#4024,#3250,#3251);
#2908=AXIS2_PLACEMENT_3D('',#4025,#3252,#3253);
#2909=AXIS2_PLACEMENT_3D('',#4027,#3255,#3256);
#2910=AXIS2_PLACEMENT_3D('',#4028,#3257,#3258);
#2911=AXIS2_PLACEMENT_3D('',#4037,#3263,#3264);
#2912=AXIS2_PLACEMENT_3D('',#4040,#3265,#3266);
#2913=AXIS2_PLACEMENT_3D('',#4044,#3269,#3270);
#2914=AXIS2_PLACEMENT_3D('',#4054,#3275,#3276);
#2915=AXIS2_PLACEMENT_3D('',#4055,#3277,#3278);
#2916=AXIS2_PLACEMENT_3D('',#4061,#3282,#3283);
#2917=AXIS2_PLACEMENT_3D('',#4065,#3286,#3287);
#2918=AXIS2_PLACEMENT_3D('',#4069,#3289,#3290);
#2919=AXIS2_PLACEMENT_3D('',#4073,#3292,#3293);
#2920=AXIS2_PLACEMENT_3D('',#4077,#3295,#3296);
#2921=AXIS2_PLACEMENT_3D('',#4081,#3298,#3299);
#2922=AXIS2_PLACEMENT_3D('',#4085,#3301,#3302);
#2923=AXIS2_PLACEMENT_3D('',#4089,#3304,#3305);
#2924=AXIS2_PLACEMENT_3D('',#4093,#3307,#3308);
#2925=AXIS2_PLACEMENT_3D('',#4097,#3310,#3311);
#2926=AXIS2_PLACEMENT_3D('',#4100,#3313,#3314);
#2927=AXIS2_PLACEMENT_3D('',#4101,#3315,#3316);
#2928=AXIS2_PLACEMENT_3D('',#4105,#3319,#3320);
#2929=AXIS2_PLACEMENT_3D('',#4107,#3322,#3323);
#2930=AXIS2_PLACEMENT_3D('',#4109,#3325,#3326);
#2931=AXIS2_PLACEMENT_3D('',#4118,#3331,#3332);
#2932=AXIS2_PLACEMENT_3D('',#4124,#3336,#3337);
#2933=AXIS2_PLACEMENT_3D('',#4133,#3342,#3343);
#2934=AXIS2_PLACEMENT_3D('',#4139,#3347,#3348);
#2935=AXIS2_PLACEMENT_3D('',#4145,#3352,#3353);
#2936=AXIS2_PLACEMENT_3D('',#4148,#3356,#3357);
#2937=AXIS2_PLACEMENT_3D('',#4152,#3360,#3361);
#2938=AXIS2_PLACEMENT_3D('',#4154,#3363,#3364);
#2939=AXIS2_PLACEMENT_3D('',#4156,#3366,#3367);
#2940=AXIS2_PLACEMENT_3D('',#4166,#3373,#3374);
#2941=AXIS2_PLACEMENT_3D('',#4168,#3376,#3377);
#2942=AXIS2_PLACEMENT_3D('',#4170,#3379,#3380);
#2943=AXIS2_PLACEMENT_3D('',#4174,#3383,#3384);
#2944=AXIS2_PLACEMENT_3D('',#4176,#3386,#3387);
#2945=AXIS2_PLACEMENT_3D('',#4178,#3389,#3390);
#2946=AXIS2_PLACEMENT_3D('',#4182,#3393,#3394);
#2947=AXIS2_PLACEMENT_3D('',#4186,#3397,#3398);
#2948=AXIS2_PLACEMENT_3D('',#4190,#3401,#3402);
#2949=AXIS2_PLACEMENT_3D('',#4194,#3405,#3406);
#2950=AXIS2_PLACEMENT_3D('',#4196,#3408,#3409);
#2951=AXIS2_PLACEMENT_3D('',#4197,#3410,#3411);
#2952=AXIS2_PLACEMENT_3D('',#4200,#3412,#3413);
#2953=AXIS2_PLACEMENT_3D('',#4205,#3416,#3417);
#2954=AXIS2_PLACEMENT_3D('',#4209,#3419,#3420);
#2955=AXIS2_PLACEMENT_3D('',#4211,#3422,#3423);
#2956=AXIS2_PLACEMENT_3D('',#4216,#3427,#3428);
#2957=AXIS2_PLACEMENT_3D('',#4223,#3433,#3434);
#2958=AXIS2_PLACEMENT_3D('',#4225,#3436,#3437);
#2959=AXIS2_PLACEMENT_3D('',#4227,#3439,#3440);
#2960=AXIS2_PLACEMENT_3D('',#4228,#3441,#3442);
#2961=AXIS2_PLACEMENT_3D('',#4230,#3444,#3445);
#2962=AXIS2_PLACEMENT_3D('',#4231,#3446,#3447);
#2963=AXIS2_PLACEMENT_3D('',#4240,#3452,#3453);
#2964=AXIS2_PLACEMENT_3D('',#4243,#3454,#3455);
#2965=AXIS2_PLACEMENT_3D('',#4247,#3458,#3459);
#2966=AXIS2_PLACEMENT_3D('',#4257,#3464,#3465);
#2967=AXIS2_PLACEMENT_3D('',#4258,#3466,#3467);
#2968=AXIS2_PLACEMENT_3D('',#4264,#3471,#3472);
#2969=AXIS2_PLACEMENT_3D('',#4268,#3475,#3476);
#2970=AXIS2_PLACEMENT_3D('',#4272,#3478,#3479);
#2971=AXIS2_PLACEMENT_3D('',#4276,#3481,#3482);
#2972=AXIS2_PLACEMENT_3D('',#4280,#3484,#3485);
#2973=AXIS2_PLACEMENT_3D('',#4284,#3487,#3488);
#2974=AXIS2_PLACEMENT_3D('',#4288,#3490,#3491);
#2975=AXIS2_PLACEMENT_3D('',#4292,#3493,#3494);
#2976=AXIS2_PLACEMENT_3D('',#4296,#3496,#3497);
#2977=AXIS2_PLACEMENT_3D('',#4300,#3499,#3500);
#2978=AXIS2_PLACEMENT_3D('',#4303,#3502,#3503);
#2979=AXIS2_PLACEMENT_3D('',#4304,#3504,#3505);
#2980=AXIS2_PLACEMENT_3D('',#4308,#3508,#3509);
#2981=AXIS2_PLACEMENT_3D('',#4310,#3511,#3512);
#2982=AXIS2_PLACEMENT_3D('',#4312,#3514,#3515);
#2983=AXIS2_PLACEMENT_3D('',#4321,#3520,#3521);
#2984=AXIS2_PLACEMENT_3D('',#4327,#3525,#3526);
#2985=AXIS2_PLACEMENT_3D('',#4336,#3531,#3532);
#2986=AXIS2_PLACEMENT_3D('',#4342,#3536,#3537);
#2987=AXIS2_PLACEMENT_3D('',#4348,#3541,#3542);
#2988=AXIS2_PLACEMENT_3D('',#4351,#3545,#3546);
#2989=AXIS2_PLACEMENT_3D('',#4355,#3549,#3550);
#2990=AXIS2_PLACEMENT_3D('',#4357,#3552,#3553);
#2991=AXIS2_PLACEMENT_3D('',#4359,#3555,#3556);
#2992=AXIS2_PLACEMENT_3D('',#4369,#3562,#3563);
#2993=AXIS2_PLACEMENT_3D('',#4371,#3565,#3566);
#2994=AXIS2_PLACEMENT_3D('',#4373,#3568,#3569);
#2995=AXIS2_PLACEMENT_3D('',#4377,#3572,#3573);
#2996=AXIS2_PLACEMENT_3D('',#4379,#3575,#3576);
#2997=AXIS2_PLACEMENT_3D('',#4381,#3578,#3579);
#2998=AXIS2_PLACEMENT_3D('',#4385,#3582,#3583);
#2999=AXIS2_PLACEMENT_3D('',#4389,#3586,#3587);
#3000=AXIS2_PLACEMENT_3D('',#4393,#3590,#3591);
#3001=AXIS2_PLACEMENT_3D('',#4397,#3594,#3595);
#3002=AXIS2_PLACEMENT_3D('',#4399,#3597,#3598);
#3003=AXIS2_PLACEMENT_3D('',#4400,#3599,#3600);
#3004=AXIS2_PLACEMENT_3D('',#4403,#3601,#3602);
#3005=AXIS2_PLACEMENT_3D('',#4408,#3605,#3606);
#3006=AXIS2_PLACEMENT_3D('',#4412,#3608,#3609);
#3007=AXIS2_PLACEMENT_3D('',#4414,#3611,#3612);
#3008=AXIS2_PLACEMENT_3D('',#4419,#3616,#3617);
#3009=AXIS2_PLACEMENT_3D('',#4426,#3622,#3623);
#3010=AXIS2_PLACEMENT_3D('',#4428,#3625,#3626);
#3011=AXIS2_PLACEMENT_3D('',#4430,#3628,#3629);
#3012=AXIS2_PLACEMENT_3D('',#4431,#3630,#3631);
#3013=AXIS2_PLACEMENT_3D('',#4433,#3633,#3634);
#3014=AXIS2_PLACEMENT_3D('',#4434,#3635,#3636);
#3015=AXIS2_PLACEMENT_3D('',#4443,#3641,#3642);
#3016=AXIS2_PLACEMENT_3D('',#4446,#3643,#3644);
#3017=AXIS2_PLACEMENT_3D('',#4450,#3647,#3648);
#3018=AXIS2_PLACEMENT_3D('',#4460,#3653,#3654);
#3019=AXIS2_PLACEMENT_3D('',#4461,#3655,#3656);
#3020=AXIS2_PLACEMENT_3D('',#4467,#3660,#3661);
#3021=AXIS2_PLACEMENT_3D('',#4471,#3664,#3665);
#3022=AXIS2_PLACEMENT_3D('',#4475,#3667,#3668);
#3023=AXIS2_PLACEMENT_3D('',#4479,#3670,#3671);
#3024=AXIS2_PLACEMENT_3D('',#4483,#3673,#3674);
#3025=AXIS2_PLACEMENT_3D('',#4487,#3676,#3677);
#3026=AXIS2_PLACEMENT_3D('',#4491,#3679,#3680);
#3027=AXIS2_PLACEMENT_3D('',#4495,#3682,#3683);
#3028=AXIS2_PLACEMENT_3D('',#4499,#3685,#3686);
#3029=AXIS2_PLACEMENT_3D('',#4503,#3688,#3689);
#3030=AXIS2_PLACEMENT_3D('',#4506,#3691,#3692);
#3031=AXIS2_PLACEMENT_3D('',#4507,#3693,#3694);
#3032=AXIS2_PLACEMENT_3D('',#4511,#3697,#3698);
#3033=AXIS2_PLACEMENT_3D('',#4513,#3700,#3701);
#3034=AXIS2_PLACEMENT_3D('',#4515,#3703,#3704);
#3035=AXIS2_PLACEMENT_3D('',#4524,#3709,#3710);
#3036=AXIS2_PLACEMENT_3D('',#4530,#3714,#3715);
#3037=AXIS2_PLACEMENT_3D('',#4539,#3720,#3721);
#3038=AXIS2_PLACEMENT_3D('',#4545,#3725,#3726);
#3039=AXIS2_PLACEMENT_3D('',#4551,#3730,#3731);
#3040=AXIS2_PLACEMENT_3D('',#4554,#3734,#3735);
#3041=AXIS2_PLACEMENT_3D('',#4558,#3738,#3739);
#3042=AXIS2_PLACEMENT_3D('',#4560,#3741,#3742);
#3043=AXIS2_PLACEMENT_3D('',#4562,#3744,#3745);
#3044=AXIS2_PLACEMENT_3D('',#4572,#3751,#3752);
#3045=AXIS2_PLACEMENT_3D('',#4574,#3754,#3755);
#3046=AXIS2_PLACEMENT_3D('',#4576,#3757,#3758);
#3047=AXIS2_PLACEMENT_3D('',#4580,#3761,#3762);
#3048=AXIS2_PLACEMENT_3D('',#4582,#3764,#3765);
#3049=AXIS2_PLACEMENT_3D('',#4584,#3767,#3768);
#3050=AXIS2_PLACEMENT_3D('',#4588,#3771,#3772);
#3051=AXIS2_PLACEMENT_3D('',#4592,#3775,#3776);
#3052=AXIS2_PLACEMENT_3D('',#4596,#3779,#3780);
#3053=AXIS2_PLACEMENT_3D('',#4600,#3783,#3784);
#3054=AXIS2_PLACEMENT_3D('',#4602,#3786,#3787);
#3055=AXIS2_PLACEMENT_3D('',#4603,#3788,#3789);
#3056=AXIS2_PLACEMENT_3D('',#4606,#3790,#3791);
#3057=AXIS2_PLACEMENT_3D('',#4611,#3794,#3795);
#3058=AXIS2_PLACEMENT_3D('',#4615,#3797,#3798);
#3059=AXIS2_PLACEMENT_3D('',#4617,#3800,#3801);
#3060=AXIS2_PLACEMENT_3D('',#4622,#3805,#3806);
#3061=AXIS2_PLACEMENT_3D('',#4629,#3811,#3812);
#3062=AXIS2_PLACEMENT_3D('',#4631,#3814,#3815);
#3063=AXIS2_PLACEMENT_3D('',#4633,#3817,#3818);
#3064=AXIS2_PLACEMENT_3D('',#4634,#3819,#3820);
#3065=AXIS2_PLACEMENT_3D('',#4636,#3822,#3823);
#3066=DIRECTION('axis',(0.,0.,1.));
#3067=DIRECTION('refdir',(1.,0.,0.));
#3068=DIRECTION('center_axis',(0.,0.,1.));
#3069=DIRECTION('ref_axis',(1.,0.,0.));
#3070=DIRECTION('',(0.,1.,0.));
#3071=DIRECTION('',(-1.,0.,0.));
#3072=DIRECTION('',(0.,-1.,0.));
#3073=DIRECTION('',(1.,0.,0.));
#3074=DIRECTION('center_axis',(0.,0.,-1.));
#3075=DIRECTION('ref_axis',(0.,1.,0.));
#3076=DIRECTION('center_axis',(0.,0.,1.));
#3077=DIRECTION('ref_axis',(0.,1.,0.));
#3078=DIRECTION('',(0.0523359562429453,0.,0.998629534754574));
#3079=DIRECTION('',(1.16209167273385E-15,-0.0523359562429441,0.998629534754574));
#3080=DIRECTION('center_axis',(0.,0.,1.));
#3081=DIRECTION('ref_axis',(1.,0.,0.));
#3082=DIRECTION('',(0.,1.,0.));
#3083=DIRECTION('',(1.,0.,0.));
#3084=DIRECTION('',(0.,-1.,0.));
#3085=DIRECTION('',(-1.,0.,0.));
#3086=DIRECTION('center_axis',(0.,0.,1.));
#3087=DIRECTION('ref_axis',(-1.,0.,0.));
#3088=DIRECTION('center_axis',(0.998629534754574,0.,0.0523359562429453));
#3089=DIRECTION('ref_axis',(0.,1.,0.));
#3090=DIRECTION('',(0.,-1.,0.));
#3091=DIRECTION('',(-0.0522644276887153,0.0522644276887142,0.997264688634237));
#3092=DIRECTION('',(0.0522644276887153,0.0522644276887142,-0.997264688634237));
#3093=DIRECTION('center_axis',(0.,0.998629534754574,0.0523359562429441));
#3094=DIRECTION('ref_axis',(-1.,0.,0.));
#3095=DIRECTION('',(1.,0.,0.));
#3096=DIRECTION('',(-0.0522644276887153,0.0522644276887142,-0.997264688634237));
#3097=DIRECTION('center_axis',(0.,0.,1.));
#3098=DIRECTION('ref_axis',(-1.,0.,0.));
#3099=DIRECTION('',(0.,0.,-1.));
#3100=DIRECTION('center_axis',(0.,0.,1.));
#3101=DIRECTION('ref_axis',(-1.,0.,0.));
#3102=DIRECTION('',(0.,0.,-1.));
#3103=DIRECTION('center_axis',(0.,0.,1.));
#3104=DIRECTION('ref_axis',(-1.,0.,0.));
#3105=DIRECTION('',(0.,0.,1.));
#3106=DIRECTION('center_axis',(0.,0.,1.));
#3107=DIRECTION('ref_axis',(-1.,0.,0.));
#3108=DIRECTION('',(0.,0.,-1.));
#3109=DIRECTION('center_axis',(0.,0.,1.));
#3110=DIRECTION('ref_axis',(-1.,0.,0.));
#3111=DIRECTION('',(0.,0.,1.));
#3112=DIRECTION('center_axis',(0.,0.,1.));
#3113=DIRECTION('ref_axis',(-1.,0.,0.));
#3114=DIRECTION('',(0.,0.,-1.));
#3115=DIRECTION('center_axis',(0.,0.,1.));
#3116=DIRECTION('ref_axis',(-1.,0.,0.));
#3117=DIRECTION('',(0.,0.,1.));
#3118=DIRECTION('center_axis',(0.,0.,1.));
#3119=DIRECTION('ref_axis',(-1.,0.,0.));
#3120=DIRECTION('',(0.,0.,-1.));
#3121=DIRECTION('center_axis',(0.,0.,1.));
#3122=DIRECTION('ref_axis',(-1.,0.,0.));
#3123=DIRECTION('',(0.,0.,1.));
#3124=DIRECTION('center_axis',(0.,0.,1.));
#3125=DIRECTION('ref_axis',(-1.,0.,0.));
#3126=DIRECTION('center_axis',(-0.998629534754574,0.,0.0523359562429453));
#3127=DIRECTION('ref_axis',(0.,-1.,0.));
#3128=DIRECTION('',(0.,1.,0.));
#3129=DIRECTION('',(-0.0522644276887153,-0.0522644276887142,-0.997264688634237));
#3130=DIRECTION('center_axis',(0.,-0.998629534754574,0.0523359562429441));
#3131=DIRECTION('ref_axis',(1.,0.,0.));
#3132=DIRECTION('',(-1.,0.,0.));
#3133=DIRECTION('center_axis',(0.,0.,1.));
#3134=DIRECTION('ref_axis',(1.,0.,0.));
#3135=DIRECTION('',(-1.,0.,0.));
#3136=DIRECTION('center_axis',(0.,1.,0.));
#3137=DIRECTION('ref_axis',(-1.,0.,0.));
#3138=DIRECTION('',(1.,0.,0.));
#3139=DIRECTION('',(0.,0.,1.));
#3140=DIRECTION('',(-1.,0.,0.));
#3141=DIRECTION('',(0.,0.,1.));
#3142=DIRECTION('center_axis',(-1.,0.,0.));
#3143=DIRECTION('ref_axis',(0.,-1.,0.));
#3144=DIRECTION('',(0.,1.,0.));
#3145=DIRECTION('',(0.,-1.,0.));
#3146=DIRECTION('',(0.,0.,1.));
#3147=DIRECTION('center_axis',(0.,1.,0.));
#3148=DIRECTION('ref_axis',(-1.,0.,0.));
#3149=DIRECTION('',(1.,0.,0.));
#3150=DIRECTION('',(0.,0.,1.));
#3151=DIRECTION('',(-1.,0.,0.));
#3152=DIRECTION('',(0.,0.,-1.));
#3153=DIRECTION('center_axis',(1.,0.,0.));
#3154=DIRECTION('ref_axis',(0.,1.,0.));
#3155=DIRECTION('',(0.,-1.,0.));
#3156=DIRECTION('',(0.,1.,0.));
#3157=DIRECTION('',(0.,0.,1.));
#3158=DIRECTION('center_axis',(0.,-1.,0.));
#3159=DIRECTION('ref_axis',(1.,0.,0.));
#3160=DIRECTION('',(-1.,0.,0.));
#3161=DIRECTION('',(1.,0.,0.));
#3162=DIRECTION('',(0.,0.,1.));
#3163=DIRECTION('center_axis',(1.,0.,0.));
#3164=DIRECTION('ref_axis',(0.,1.,0.));
#3165=DIRECTION('',(0.,-1.,0.));
#3166=DIRECTION('',(0.,1.,0.));
#3167=DIRECTION('center_axis',(0.,0.,1.));
#3168=DIRECTION('ref_axis',(1.,0.,0.));
#3169=DIRECTION('',(1.,0.,0.));
#3170=DIRECTION('',(0.,1.,0.));
#3171=DIRECTION('center_axis',(0.,0.,1.));
#3172=DIRECTION('ref_axis',(1.,0.,0.));
#3173=DIRECTION('',(1.,0.,0.));
#3174=DIRECTION('center_axis',(0.,0.,1.));
#3175=DIRECTION('ref_axis',(1.,0.,0.));
#3176=DIRECTION('',(0.,1.,0.));
#3177=DIRECTION('center_axis',(0.,0.,1.));
#3178=DIRECTION('ref_axis',(1.,0.,0.));
#3179=DIRECTION('',(0.,-1.,0.));
#3180=DIRECTION('',(-1.,0.,0.));
#3181=DIRECTION('',(0.,-1.,0.));
#3182=DIRECTION('',(1.,0.,0.));
#3183=DIRECTION('',(0.,-1.,0.));
#3184=DIRECTION('center_axis',(1.,0.,0.));
#3185=DIRECTION('ref_axis',(0.,1.,0.));
#3186=DIRECTION('',(0.,-1.,0.));
#3187=DIRECTION('center_axis',(0.,1.,0.));
#3188=DIRECTION('ref_axis',(-1.,0.,0.));
#3189=DIRECTION('',(1.,0.,0.));
#3190=DIRECTION('center_axis',(1.,0.,0.));
#3191=DIRECTION('ref_axis',(0.,1.,0.));
#3192=DIRECTION('',(0.,-1.,0.));
#3193=DIRECTION('',(0.,0.,1.));
#3194=DIRECTION('center_axis',(0.,-1.,0.));
#3195=DIRECTION('ref_axis',(1.,0.,0.));
#3196=DIRECTION('',(-1.,0.,0.));
#3197=DIRECTION('center_axis',(0.,-1.,0.));
#3198=DIRECTION('ref_axis',(1.,0.,0.));
#3199=DIRECTION('',(-1.,0.,0.));
#3200=DIRECTION('center_axis',(-1.,0.,0.));
#3201=DIRECTION('ref_axis',(0.,-1.,0.));
#3202=DIRECTION('',(0.,1.,0.));
#3203=DIRECTION('',(0.,0.,1.));
#3204=DIRECTION('center_axis',(0.,-1.,0.));
#3205=DIRECTION('ref_axis',(1.,0.,0.));
#3206=DIRECTION('',(-1.,0.,0.));
#3207=DIRECTION('',(0.,0.,1.));
#3208=DIRECTION('center_axis',(-1.,0.,0.));
#3209=DIRECTION('ref_axis',(0.,-1.,0.));
#3210=DIRECTION('',(0.,1.,0.));
#3211=DIRECTION('',(0.,0.,1.));
#3212=DIRECTION('center_axis',(-1.,0.,0.));
#3213=DIRECTION('ref_axis',(0.,-1.,0.));
#3214=DIRECTION('',(0.,1.,0.));
#3215=DIRECTION('',(0.,0.,1.));
#3216=DIRECTION('center_axis',(0.,1.,0.));
#3217=DIRECTION('ref_axis',(-1.,0.,0.));
#3218=DIRECTION('',(1.,0.,0.));
#3219=DIRECTION('center_axis',(0.,0.,1.));
#3220=DIRECTION('ref_axis',(1.,0.,0.));
#3221=DIRECTION('center_axis',(0.,0.,1.));
#3222=DIRECTION('ref_axis',(1.,0.,0.));
#3223=DIRECTION('center_axis',(0.,0.,1.));
#3224=DIRECTION('ref_axis',(-1.,0.,0.));
#3225=DIRECTION('',(0.,-1.,0.));
#3226=DIRECTION('',(-1.,0.,0.));
#3227=DIRECTION('center_axis',(0.,0.,1.));
#3228=DIRECTION('ref_axis',(1.,0.,0.));
#3229=DIRECTION('',(0.,1.,0.));
#3230=DIRECTION('center_axis',(0.,0.,1.));
#3231=DIRECTION('ref_axis',(0.,-1.,0.));
#3232=DIRECTION('',(1.,0.,0.));
#3233=DIRECTION('center_axis',(0.,0.998629534754574,0.0523359562429441));
#3234=DIRECTION('ref_axis',(-1.,0.,0.));
#3235=DIRECTION('',(0.0522644276887097,-0.0522644276887172,0.997264688634237));
#3236=DIRECTION('',(-0.0522644276887097,-0.0522644276887172,0.997264688634237));
#3237=DIRECTION('',(0.,-0.0523359562429441,0.998629534754574));
#3238=DIRECTION('center_axis',(0.,-0.998629534754574,0.0523359562429441));
#3239=DIRECTION('ref_axis',(1.,0.,0.));
#3240=DIRECTION('',(0.,0.0523359562429441,0.998629534754574));
#3241=DIRECTION('',(-0.0522644276887097,0.0522644276887172,0.997264688634237));
#3242=DIRECTION('',(0.0522644276887097,0.0522644276887172,0.997264688634237));
#3243=DIRECTION('',(0.,0.0523359562429441,0.998629534754574));
#3244=DIRECTION('center_axis',(0.,0.,-1.));
#3245=DIRECTION('ref_axis',(1.,0.,0.));
#3246=DIRECTION('',(-0.0523359562429453,2.3241833454677E-15,0.998629534754574));
#3247=DIRECTION('center_axis',(0.998629534754574,0.,0.0523359562429453));
#3248=DIRECTION('ref_axis',(0.,1.,0.));
#3249=DIRECTION('',(-0.0523359562429441,0.,0.998629534754574));
#3250=DIRECTION('center_axis',(0.,0.,-1.));
#3251=DIRECTION('ref_axis',(0.,-1.,0.));
#3252=DIRECTION('center_axis',(-0.998629534754574,0.,0.0523359562429453));
#3253=DIRECTION('ref_axis',(0.,-1.,0.));
#3254=DIRECTION('',(0.0523359562429453,0.,0.998629534754574));
#3255=DIRECTION('center_axis',(0.,0.,-1.));
#3256=DIRECTION('ref_axis',(-1.,0.,0.));
#3257=DIRECTION('center_axis',(0.,0.,1.));
#3258=DIRECTION('ref_axis',(1.,0.,0.));
#3259=DIRECTION('',(0.,1.,0.));
#3260=DIRECTION('',(-1.,0.,0.));
#3261=DIRECTION('',(0.,-1.,0.));
#3262=DIRECTION('',(1.,0.,0.));
#3263=DIRECTION('center_axis',(0.,0.,-1.));
#3264=DIRECTION('ref_axis',(0.,1.,0.));
#3265=DIRECTION('center_axis',(0.,0.,1.));
#3266=DIRECTION('ref_axis',(0.,1.,0.));
#3267=DIRECTION('',(0.0523359562429453,0.,0.998629534754574));
#3268=DIRECTION('',(1.16209167273385E-15,-0.0523359562429441,0.998629534754574));
#3269=DIRECTION('center_axis',(0.,0.,1.));
#3270=DIRECTION('ref_axis',(1.,0.,0.));
#3271=DIRECTION('',(0.,1.,0.));
#3272=DIRECTION('',(1.,0.,0.));
#3273=DIRECTION('',(0.,-1.,0.));
#3274=DIRECTION('',(-1.,0.,0.));
#3275=DIRECTION('center_axis',(0.,0.,1.));
#3276=DIRECTION('ref_axis',(-1.,0.,0.));
#3277=DIRECTION('center_axis',(0.998629534754574,0.,0.0523359562429453));
#3278=DIRECTION('ref_axis',(0.,1.,0.));
#3279=DIRECTION('',(0.,-1.,0.));
#3280=DIRECTION('',(-0.0522644276887153,0.0522644276887142,0.997264688634237));
#3281=DIRECTION('',(0.0522644276887153,0.0522644276887142,-0.997264688634237));
#3282=DIRECTION('center_axis',(0.,0.998629534754574,0.0523359562429441));
#3283=DIRECTION('ref_axis',(-1.,0.,0.));
#3284=DIRECTION('',(1.,0.,0.));
#3285=DIRECTION('',(-0.0522644276887153,0.0522644276887142,-0.997264688634237));
#3286=DIRECTION('center_axis',(0.,0.,1.));
#3287=DIRECTION('ref_axis',(-1.,0.,0.));
#3288=DIRECTION('',(0.,0.,-1.));
#3289=DIRECTION('center_axis',(0.,0.,1.));
#3290=DIRECTION('ref_axis',(-1.,0.,0.));
#3291=DIRECTION('',(0.,0.,-1.));
#3292=DIRECTION('center_axis',(0.,0.,1.));
#3293=DIRECTION('ref_axis',(-1.,0.,0.));
#3294=DIRECTION('',(0.,0.,1.));
#3295=DIRECTION('center_axis',(0.,0.,1.));
#3296=DIRECTION('ref_axis',(-1.,0.,0.));
#3297=DIRECTION('',(0.,0.,-1.));
#3298=DIRECTION('center_axis',(0.,0.,1.));
#3299=DIRECTION('ref_axis',(-1.,0.,0.));
#3300=DIRECTION('',(0.,0.,1.));
#3301=DIRECTION('center_axis',(0.,0.,1.));
#3302=DIRECTION('ref_axis',(-1.,0.,0.));
#3303=DIRECTION('',(0.,0.,-1.));
#3304=DIRECTION('center_axis',(0.,0.,1.));
#3305=DIRECTION('ref_axis',(-1.,0.,0.));
#3306=DIRECTION('',(0.,0.,1.));
#3307=DIRECTION('center_axis',(0.,0.,1.));
#3308=DIRECTION('ref_axis',(-1.,0.,0.));
#3309=DIRECTION('',(0.,0.,-1.));
#3310=DIRECTION('center_axis',(0.,0.,1.));
#3311=DIRECTION('ref_axis',(-1.,0.,0.));
#3312=DIRECTION('',(0.,0.,1.));
#3313=DIRECTION('center_axis',(0.,0.,1.));
#3314=DIRECTION('ref_axis',(-1.,0.,0.));
#3315=DIRECTION('center_axis',(-0.998629534754574,0.,0.0523359562429453));
#3316=DIRECTION('ref_axis',(0.,-1.,0.));
#3317=DIRECTION('',(0.,1.,0.));
#3318=DIRECTION('',(-0.0522644276887153,-0.0522644276887142,-0.997264688634237));
#3319=DIRECTION('center_axis',(0.,-0.998629534754574,0.0523359562429441));
#3320=DIRECTION('ref_axis',(1.,0.,0.));
#3321=DIRECTION('',(-1.,0.,0.));
#3322=DIRECTION('center_axis',(0.,0.,1.));
#3323=DIRECTION('ref_axis',(1.,0.,0.));
#3324=DIRECTION('',(-1.,0.,0.));
#3325=DIRECTION('center_axis',(0.,1.,0.));
#3326=DIRECTION('ref_axis',(-1.,0.,0.));
#3327=DIRECTION('',(1.,0.,0.));
#3328=DIRECTION('',(0.,0.,1.));
#3329=DIRECTION('',(-1.,0.,0.));
#3330=DIRECTION('',(0.,0.,1.));
#3331=DIRECTION('center_axis',(-1.,0.,0.));
#3332=DIRECTION('ref_axis',(0.,-1.,0.));
#3333=DIRECTION('',(0.,1.,0.));
#3334=DIRECTION('',(0.,-1.,0.));
#3335=DIRECTION('',(0.,0.,1.));
#3336=DIRECTION('center_axis',(0.,1.,0.));
#3337=DIRECTION('ref_axis',(-1.,0.,0.));
#3338=DIRECTION('',(1.,0.,0.));
#3339=DIRECTION('',(0.,0.,1.));
#3340=DIRECTION('',(-1.,0.,0.));
#3341=DIRECTION('',(0.,0.,-1.));
#3342=DIRECTION('center_axis',(1.,0.,0.));
#3343=DIRECTION('ref_axis',(0.,1.,0.));
#3344=DIRECTION('',(0.,-1.,0.));
#3345=DIRECTION('',(0.,1.,0.));
#3346=DIRECTION('',(0.,0.,1.));
#3347=DIRECTION('center_axis',(0.,-1.,0.));
#3348=DIRECTION('ref_axis',(1.,0.,0.));
#3349=DIRECTION('',(-1.,0.,0.));
#3350=DIRECTION('',(1.,0.,0.));
#3351=DIRECTION('',(0.,0.,1.));
#3352=DIRECTION('center_axis',(1.,0.,0.));
#3353=DIRECTION('ref_axis',(0.,1.,0.));
#3354=DIRECTION('',(0.,-1.,0.));
#3355=DIRECTION('',(0.,1.,0.));
#3356=DIRECTION('center_axis',(0.,0.,1.));
#3357=DIRECTION('ref_axis',(1.,0.,0.));
#3358=DIRECTION('',(1.,0.,0.));
#3359=DIRECTION('',(0.,1.,0.));
#3360=DIRECTION('center_axis',(0.,0.,1.));
#3361=DIRECTION('ref_axis',(1.,0.,0.));
#3362=DIRECTION('',(1.,0.,0.));
#3363=DIRECTION('center_axis',(0.,0.,1.));
#3364=DIRECTION('ref_axis',(1.,0.,0.));
#3365=DIRECTION('',(0.,1.,0.));
#3366=DIRECTION('center_axis',(0.,0.,1.));
#3367=DIRECTION('ref_axis',(1.,0.,0.));
#3368=DIRECTION('',(0.,-1.,0.));
#3369=DIRECTION('',(-1.,0.,0.));
#3370=DIRECTION('',(0.,-1.,0.));
#3371=DIRECTION('',(1.,0.,0.));
#3372=DIRECTION('',(0.,-1.,0.));
#3373=DIRECTION('center_axis',(1.,0.,0.));
#3374=DIRECTION('ref_axis',(0.,1.,0.));
#3375=DIRECTION('',(0.,-1.,0.));
#3376=DIRECTION('center_axis',(0.,1.,0.));
#3377=DIRECTION('ref_axis',(-1.,0.,0.));
#3378=DIRECTION('',(1.,0.,0.));
#3379=DIRECTION('center_axis',(1.,0.,0.));
#3380=DIRECTION('ref_axis',(0.,1.,0.));
#3381=DIRECTION('',(0.,-1.,0.));
#3382=DIRECTION('',(0.,0.,1.));
#3383=DIRECTION('center_axis',(0.,-1.,0.));
#3384=DIRECTION('ref_axis',(1.,0.,0.));
#3385=DIRECTION('',(-1.,0.,0.));
#3386=DIRECTION('center_axis',(0.,-1.,0.));
#3387=DIRECTION('ref_axis',(1.,0.,0.));
#3388=DIRECTION('',(-1.,0.,0.));
#3389=DIRECTION('center_axis',(-1.,0.,0.));
#3390=DIRECTION('ref_axis',(0.,-1.,0.));
#3391=DIRECTION('',(0.,1.,0.));
#3392=DIRECTION('',(0.,0.,1.));
#3393=DIRECTION('center_axis',(0.,-1.,0.));
#3394=DIRECTION('ref_axis',(1.,0.,0.));
#3395=DIRECTION('',(-1.,0.,0.));
#3396=DIRECTION('',(0.,0.,1.));
#3397=DIRECTION('center_axis',(-1.,0.,0.));
#3398=DIRECTION('ref_axis',(0.,-1.,0.));
#3399=DIRECTION('',(0.,1.,0.));
#3400=DIRECTION('',(0.,0.,1.));
#3401=DIRECTION('center_axis',(-1.,0.,0.));
#3402=DIRECTION('ref_axis',(0.,-1.,0.));
#3403=DIRECTION('',(0.,1.,0.));
#3404=DIRECTION('',(0.,0.,1.));
#3405=DIRECTION('center_axis',(0.,1.,0.));
#3406=DIRECTION('ref_axis',(-1.,0.,0.));
#3407=DIRECTION('',(1.,0.,0.));
#3408=DIRECTION('center_axis',(0.,0.,1.));
#3409=DIRECTION('ref_axis',(1.,0.,0.));
#3410=DIRECTION('center_axis',(0.,0.,1.));
#3411=DIRECTION('ref_axis',(1.,0.,0.));
#3412=DIRECTION('center_axis',(0.,0.,1.));
#3413=DIRECTION('ref_axis',(-1.,0.,0.));
#3414=DIRECTION('',(0.,-1.,0.));
#3415=DIRECTION('',(-1.,0.,0.));
#3416=DIRECTION('center_axis',(0.,0.,1.));
#3417=DIRECTION('ref_axis',(1.,0.,0.));
#3418=DIRECTION('',(0.,1.,0.));
#3419=DIRECTION('center_axis',(0.,0.,1.));
#3420=DIRECTION('ref_axis',(0.,-1.,0.));
#3421=DIRECTION('',(1.,0.,0.));
#3422=DIRECTION('center_axis',(0.,0.998629534754574,0.0523359562429441));
#3423=DIRECTION('ref_axis',(-1.,0.,0.));
#3424=DIRECTION('',(0.0522644276887097,-0.0522644276887172,0.997264688634237));
#3425=DIRECTION('',(-0.0522644276887097,-0.0522644276887172,0.997264688634237));
#3426=DIRECTION('',(0.,-0.0523359562429441,0.998629534754574));
#3427=DIRECTION('center_axis',(0.,-0.998629534754574,0.0523359562429441));
#3428=DIRECTION('ref_axis',(1.,0.,0.));
#3429=DIRECTION('',(0.,0.0523359562429441,0.998629534754574));
#3430=DIRECTION('',(-0.0522644276887097,0.0522644276887172,0.997264688634237));
#3431=DIRECTION('',(0.0522644276887097,0.0522644276887172,0.997264688634237));
#3432=DIRECTION('',(0.,0.0523359562429441,0.998629534754574));
#3433=DIRECTION('center_axis',(0.,0.,-1.));
#3434=DIRECTION('ref_axis',(1.,0.,0.));
#3435=DIRECTION('',(-0.0523359562429453,2.3241833454677E-15,0.998629534754574));
#3436=DIRECTION('center_axis',(0.998629534754574,0.,0.0523359562429453));
#3437=DIRECTION('ref_axis',(0.,1.,0.));
#3438=DIRECTION('',(-0.0523359562429441,0.,0.998629534754574));
#3439=DIRECTION('center_axis',(0.,0.,-1.));
#3440=DIRECTION('ref_axis',(0.,-1.,0.));
#3441=DIRECTION('center_axis',(-0.998629534754574,0.,0.0523359562429453));
#3442=DIRECTION('ref_axis',(0.,-1.,0.));
#3443=DIRECTION('',(0.0523359562429453,0.,0.998629534754574));
#3444=DIRECTION('center_axis',(0.,0.,-1.));
#3445=DIRECTION('ref_axis',(-1.,0.,0.));
#3446=DIRECTION('center_axis',(0.,0.,1.));
#3447=DIRECTION('ref_axis',(1.,0.,0.));
#3448=DIRECTION('',(0.,1.,0.));
#3449=DIRECTION('',(-1.,0.,0.));
#3450=DIRECTION('',(0.,-1.,0.));
#3451=DIRECTION('',(1.,0.,0.));
#3452=DIRECTION('center_axis',(0.,0.,-1.));
#3453=DIRECTION('ref_axis',(0.,1.,0.));
#3454=DIRECTION('center_axis',(0.,0.,1.));
#3455=DIRECTION('ref_axis',(0.,1.,0.));
#3456=DIRECTION('',(0.0523359562429453,0.,0.998629534754574));
#3457=DIRECTION('',(1.16209167273385E-15,-0.0523359562429441,0.998629534754574));
#3458=DIRECTION('center_axis',(0.,0.,1.));
#3459=DIRECTION('ref_axis',(1.,0.,0.));
#3460=DIRECTION('',(0.,1.,0.));
#3461=DIRECTION('',(1.,0.,0.));
#3462=DIRECTION('',(0.,-1.,0.));
#3463=DIRECTION('',(-1.,0.,0.));
#3464=DIRECTION('center_axis',(0.,0.,1.));
#3465=DIRECTION('ref_axis',(-1.,0.,0.));
#3466=DIRECTION('center_axis',(0.998629534754574,0.,0.0523359562429453));
#3467=DIRECTION('ref_axis',(0.,1.,0.));
#3468=DIRECTION('',(0.,-1.,0.));
#3469=DIRECTION('',(-0.0522644276887153,0.0522644276887142,0.997264688634237));
#3470=DIRECTION('',(0.0522644276887153,0.0522644276887142,-0.997264688634237));
#3471=DIRECTION('center_axis',(0.,0.998629534754574,0.0523359562429441));
#3472=DIRECTION('ref_axis',(-1.,0.,0.));
#3473=DIRECTION('',(1.,0.,0.));
#3474=DIRECTION('',(-0.0522644276887153,0.0522644276887142,-0.997264688634237));
#3475=DIRECTION('center_axis',(0.,0.,1.));
#3476=DIRECTION('ref_axis',(-1.,0.,0.));
#3477=DIRECTION('',(0.,0.,-1.));
#3478=DIRECTION('center_axis',(0.,0.,1.));
#3479=DIRECTION('ref_axis',(-1.,0.,0.));
#3480=DIRECTION('',(0.,0.,-1.));
#3481=DIRECTION('center_axis',(0.,0.,1.));
#3482=DIRECTION('ref_axis',(-1.,0.,0.));
#3483=DIRECTION('',(0.,0.,1.));
#3484=DIRECTION('center_axis',(0.,0.,1.));
#3485=DIRECTION('ref_axis',(-1.,0.,0.));
#3486=DIRECTION('',(0.,0.,-1.));
#3487=DIRECTION('center_axis',(0.,0.,1.));
#3488=DIRECTION('ref_axis',(-1.,0.,0.));
#3489=DIRECTION('',(0.,0.,1.));
#3490=DIRECTION('center_axis',(0.,0.,1.));
#3491=DIRECTION('ref_axis',(-1.,0.,0.));
#3492=DIRECTION('',(0.,0.,-1.));
#3493=DIRECTION('center_axis',(0.,0.,1.));
#3494=DIRECTION('ref_axis',(-1.,0.,0.));
#3495=DIRECTION('',(0.,0.,1.));
#3496=DIRECTION('center_axis',(0.,0.,1.));
#3497=DIRECTION('ref_axis',(-1.,0.,0.));
#3498=DIRECTION('',(0.,0.,-1.));
#3499=DIRECTION('center_axis',(0.,0.,1.));
#3500=DIRECTION('ref_axis',(-1.,0.,0.));
#3501=DIRECTION('',(0.,0.,1.));
#3502=DIRECTION('center_axis',(0.,0.,1.));
#3503=DIRECTION('ref_axis',(-1.,0.,0.));
#3504=DIRECTION('center_axis',(-0.998629534754574,0.,0.0523359562429453));
#3505=DIRECTION('ref_axis',(0.,-1.,0.));
#3506=DIRECTION('',(0.,1.,0.));
#3507=DIRECTION('',(-0.0522644276887153,-0.0522644276887142,-0.997264688634237));
#3508=DIRECTION('center_axis',(0.,-0.998629534754574,0.0523359562429441));
#3509=DIRECTION('ref_axis',(1.,0.,0.));
#3510=DIRECTION('',(-1.,0.,0.));
#3511=DIRECTION('center_axis',(0.,0.,1.));
#3512=DIRECTION('ref_axis',(1.,0.,0.));
#3513=DIRECTION('',(-1.,0.,0.));
#3514=DIRECTION('center_axis',(0.,1.,0.));
#3515=DIRECTION('ref_axis',(-1.,0.,0.));
#3516=DIRECTION('',(1.,0.,0.));
#3517=DIRECTION('',(0.,0.,1.));
#3518=DIRECTION('',(-1.,0.,0.));
#3519=DIRECTION('',(0.,0.,1.));
#3520=DIRECTION('center_axis',(-1.,0.,0.));
#3521=DIRECTION('ref_axis',(0.,-1.,0.));
#3522=DIRECTION('',(0.,1.,0.));
#3523=DIRECTION('',(0.,-1.,0.));
#3524=DIRECTION('',(0.,0.,1.));
#3525=DIRECTION('center_axis',(0.,1.,0.));
#3526=DIRECTION('ref_axis',(-1.,0.,0.));
#3527=DIRECTION('',(1.,0.,0.));
#3528=DIRECTION('',(0.,0.,1.));
#3529=DIRECTION('',(-1.,0.,0.));
#3530=DIRECTION('',(0.,0.,-1.));
#3531=DIRECTION('center_axis',(1.,0.,0.));
#3532=DIRECTION('ref_axis',(0.,1.,0.));
#3533=DIRECTION('',(0.,-1.,0.));
#3534=DIRECTION('',(0.,1.,0.));
#3535=DIRECTION('',(0.,0.,1.));
#3536=DIRECTION('center_axis',(0.,-1.,0.));
#3537=DIRECTION('ref_axis',(1.,0.,0.));
#3538=DIRECTION('',(-1.,0.,0.));
#3539=DIRECTION('',(1.,0.,0.));
#3540=DIRECTION('',(0.,0.,1.));
#3541=DIRECTION('center_axis',(1.,0.,0.));
#3542=DIRECTION('ref_axis',(0.,1.,0.));
#3543=DIRECTION('',(0.,-1.,0.));
#3544=DIRECTION('',(0.,1.,0.));
#3545=DIRECTION('center_axis',(0.,0.,1.));
#3546=DIRECTION('ref_axis',(1.,0.,0.));
#3547=DIRECTION('',(1.,0.,0.));
#3548=DIRECTION('',(0.,1.,0.));
#3549=DIRECTION('center_axis',(0.,0.,1.));
#3550=DIRECTION('ref_axis',(1.,0.,0.));
#3551=DIRECTION('',(1.,0.,0.));
#3552=DIRECTION('center_axis',(0.,0.,1.));
#3553=DIRECTION('ref_axis',(1.,0.,0.));
#3554=DIRECTION('',(0.,1.,0.));
#3555=DIRECTION('center_axis',(0.,0.,1.));
#3556=DIRECTION('ref_axis',(1.,0.,0.));
#3557=DIRECTION('',(0.,-1.,0.));
#3558=DIRECTION('',(-1.,0.,0.));
#3559=DIRECTION('',(0.,-1.,0.));
#3560=DIRECTION('',(1.,0.,0.));
#3561=DIRECTION('',(0.,-1.,0.));
#3562=DIRECTION('center_axis',(1.,0.,0.));
#3563=DIRECTION('ref_axis',(0.,1.,0.));
#3564=DIRECTION('',(0.,-1.,0.));
#3565=DIRECTION('center_axis',(0.,1.,0.));
#3566=DIRECTION('ref_axis',(-1.,0.,0.));
#3567=DIRECTION('',(1.,0.,0.));
#3568=DIRECTION('center_axis',(1.,0.,0.));
#3569=DIRECTION('ref_axis',(0.,1.,0.));
#3570=DIRECTION('',(0.,-1.,0.));
#3571=DIRECTION('',(0.,0.,1.));
#3572=DIRECTION('center_axis',(0.,-1.,0.));
#3573=DIRECTION('ref_axis',(1.,0.,0.));
#3574=DIRECTION('',(-1.,0.,0.));
#3575=DIRECTION('center_axis',(0.,-1.,0.));
#3576=DIRECTION('ref_axis',(1.,0.,0.));
#3577=DIRECTION('',(-1.,0.,0.));
#3578=DIRECTION('center_axis',(-1.,0.,0.));
#3579=DIRECTION('ref_axis',(0.,-1.,0.));
#3580=DIRECTION('',(0.,1.,0.));
#3581=DIRECTION('',(0.,0.,1.));
#3582=DIRECTION('center_axis',(0.,-1.,0.));
#3583=DIRECTION('ref_axis',(1.,0.,0.));
#3584=DIRECTION('',(-1.,0.,0.));
#3585=DIRECTION('',(0.,0.,1.));
#3586=DIRECTION('center_axis',(-1.,0.,0.));
#3587=DIRECTION('ref_axis',(0.,-1.,0.));
#3588=DIRECTION('',(0.,1.,0.));
#3589=DIRECTION('',(0.,0.,1.));
#3590=DIRECTION('center_axis',(-1.,0.,0.));
#3591=DIRECTION('ref_axis',(0.,-1.,0.));
#3592=DIRECTION('',(0.,1.,0.));
#3593=DIRECTION('',(0.,0.,1.));
#3594=DIRECTION('center_axis',(0.,1.,0.));
#3595=DIRECTION('ref_axis',(-1.,0.,0.));
#3596=DIRECTION('',(1.,0.,0.));
#3597=DIRECTION('center_axis',(0.,0.,1.));
#3598=DIRECTION('ref_axis',(1.,0.,0.));
#3599=DIRECTION('center_axis',(0.,0.,1.));
#3600=DIRECTION('ref_axis',(1.,0.,0.));
#3601=DIRECTION('center_axis',(0.,0.,1.));
#3602=DIRECTION('ref_axis',(-1.,0.,0.));
#3603=DIRECTION('',(0.,-1.,0.));
#3604=DIRECTION('',(-1.,0.,0.));
#3605=DIRECTION('center_axis',(0.,0.,1.));
#3606=DIRECTION('ref_axis',(1.,0.,0.));
#3607=DIRECTION('',(0.,1.,0.));
#3608=DIRECTION('center_axis',(0.,0.,1.));
#3609=DIRECTION('ref_axis',(0.,-1.,0.));
#3610=DIRECTION('',(1.,0.,0.));
#3611=DIRECTION('center_axis',(0.,0.998629534754574,0.0523359562429441));
#3612=DIRECTION('ref_axis',(-1.,0.,0.));
#3613=DIRECTION('',(0.0522644276887097,-0.0522644276887172,0.997264688634237));
#3614=DIRECTION('',(-0.0522644276887097,-0.0522644276887172,0.997264688634237));
#3615=DIRECTION('',(0.,-0.0523359562429441,0.998629534754574));
#3616=DIRECTION('center_axis',(0.,-0.998629534754574,0.0523359562429441));
#3617=DIRECTION('ref_axis',(1.,0.,0.));
#3618=DIRECTION('',(0.,0.0523359562429441,0.998629534754574));
#3619=DIRECTION('',(-0.0522644276887097,0.0522644276887172,0.997264688634237));
#3620=DIRECTION('',(0.0522644276887097,0.0522644276887172,0.997264688634237));
#3621=DIRECTION('',(0.,0.0523359562429441,0.998629534754574));
#3622=DIRECTION('center_axis',(0.,0.,-1.));
#3623=DIRECTION('ref_axis',(1.,0.,0.));
#3624=DIRECTION('',(-0.0523359562429453,2.3241833454677E-15,0.998629534754574));
#3625=DIRECTION('center_axis',(0.998629534754574,0.,0.0523359562429453));
#3626=DIRECTION('ref_axis',(0.,1.,0.));
#3627=DIRECTION('',(-0.0523359562429441,0.,0.998629534754574));
#3628=DIRECTION('center_axis',(0.,0.,-1.));
#3629=DIRECTION('ref_axis',(0.,-1.,0.));
#3630=DIRECTION('center_axis',(-0.998629534754574,0.,0.0523359562429453));
#3631=DIRECTION('ref_axis',(0.,-1.,0.));
#3632=DIRECTION('',(0.0523359562429453,0.,0.998629534754574));
#3633=DIRECTION('center_axis',(0.,0.,-1.));
#3634=DIRECTION('ref_axis',(-1.,0.,0.));
#3635=DIRECTION('center_axis',(0.,0.,1.));
#3636=DIRECTION('ref_axis',(1.,0.,0.));
#3637=DIRECTION('',(0.,1.,0.));
#3638=DIRECTION('',(-1.,0.,0.));
#3639=DIRECTION('',(0.,-1.,0.));
#3640=DIRECTION('',(1.,0.,0.));
#3641=DIRECTION('center_axis',(0.,0.,-1.));
#3642=DIRECTION('ref_axis',(0.,1.,0.));
#3643=DIRECTION('center_axis',(0.,0.,1.));
#3644=DIRECTION('ref_axis',(0.,1.,0.));
#3645=DIRECTION('',(0.0523359562429453,0.,0.998629534754574));
#3646=DIRECTION('',(1.16209167273385E-15,-0.0523359562429441,0.998629534754574));
#3647=DIRECTION('center_axis',(0.,0.,1.));
#3648=DIRECTION('ref_axis',(1.,0.,0.));
#3649=DIRECTION('',(0.,1.,0.));
#3650=DIRECTION('',(1.,0.,0.));
#3651=DIRECTION('',(0.,-1.,0.));
#3652=DIRECTION('',(-1.,0.,0.));
#3653=DIRECTION('center_axis',(0.,0.,1.));
#3654=DIRECTION('ref_axis',(-1.,0.,0.));
#3655=DIRECTION('center_axis',(0.998629534754574,0.,0.0523359562429453));
#3656=DIRECTION('ref_axis',(0.,1.,0.));
#3657=DIRECTION('',(0.,-1.,0.));
#3658=DIRECTION('',(-0.0522644276887153,0.0522644276887142,0.997264688634237));
#3659=DIRECTION('',(0.0522644276887153,0.0522644276887142,-0.997264688634237));
#3660=DIRECTION('center_axis',(0.,0.998629534754574,0.0523359562429441));
#3661=DIRECTION('ref_axis',(-1.,0.,0.));
#3662=DIRECTION('',(1.,0.,0.));
#3663=DIRECTION('',(-0.0522644276887153,0.0522644276887142,-0.997264688634237));
#3664=DIRECTION('center_axis',(0.,0.,1.));
#3665=DIRECTION('ref_axis',(-1.,0.,0.));
#3666=DIRECTION('',(0.,0.,-1.));
#3667=DIRECTION('center_axis',(0.,0.,1.));
#3668=DIRECTION('ref_axis',(-1.,0.,0.));
#3669=DIRECTION('',(0.,0.,-1.));
#3670=DIRECTION('center_axis',(0.,0.,1.));
#3671=DIRECTION('ref_axis',(-1.,0.,0.));
#3672=DIRECTION('',(0.,0.,1.));
#3673=DIRECTION('center_axis',(0.,0.,1.));
#3674=DIRECTION('ref_axis',(-1.,0.,0.));
#3675=DIRECTION('',(0.,0.,-1.));
#3676=DIRECTION('center_axis',(0.,0.,1.));
#3677=DIRECTION('ref_axis',(-1.,0.,0.));
#3678=DIRECTION('',(0.,0.,1.));
#3679=DIRECTION('center_axis',(0.,0.,1.));
#3680=DIRECTION('ref_axis',(-1.,0.,0.));
#3681=DIRECTION('',(0.,0.,-1.));
#3682=DIRECTION('center_axis',(0.,0.,1.));
#3683=DIRECTION('ref_axis',(-1.,0.,0.));
#3684=DIRECTION('',(0.,0.,1.));
#3685=DIRECTION('center_axis',(0.,0.,1.));
#3686=DIRECTION('ref_axis',(-1.,0.,0.));
#3687=DIRECTION('',(0.,0.,-1.));
#3688=DIRECTION('center_axis',(0.,0.,1.));
#3689=DIRECTION('ref_axis',(-1.,0.,0.));
#3690=DIRECTION('',(0.,0.,1.));
#3691=DIRECTION('center_axis',(0.,0.,1.));
#3692=DIRECTION('ref_axis',(-1.,0.,0.));
#3693=DIRECTION('center_axis',(-0.998629534754574,0.,0.0523359562429453));
#3694=DIRECTION('ref_axis',(0.,-1.,0.));
#3695=DIRECTION('',(0.,1.,0.));
#3696=DIRECTION('',(-0.0522644276887153,-0.0522644276887142,-0.997264688634237));
#3697=DIRECTION('center_axis',(0.,-0.998629534754574,0.0523359562429441));
#3698=DIRECTION('ref_axis',(1.,0.,0.));
#3699=DIRECTION('',(-1.,0.,0.));
#3700=DIRECTION('center_axis',(0.,0.,1.));
#3701=DIRECTION('ref_axis',(1.,0.,0.));
#3702=DIRECTION('',(-1.,0.,0.));
#3703=DIRECTION('center_axis',(0.,1.,0.));
#3704=DIRECTION('ref_axis',(-1.,0.,0.));
#3705=DIRECTION('',(1.,0.,0.));
#3706=DIRECTION('',(0.,0.,1.));
#3707=DIRECTION('',(-1.,0.,0.));
#3708=DIRECTION('',(0.,0.,1.));
#3709=DIRECTION('center_axis',(-1.,0.,0.));
#3710=DIRECTION('ref_axis',(0.,-1.,0.));
#3711=DIRECTION('',(0.,1.,0.));
#3712=DIRECTION('',(0.,-1.,0.));
#3713=DIRECTION('',(0.,0.,1.));
#3714=DIRECTION('center_axis',(0.,1.,0.));
#3715=DIRECTION('ref_axis',(-1.,0.,0.));
#3716=DIRECTION('',(1.,0.,0.));
#3717=DIRECTION('',(0.,0.,1.));
#3718=DIRECTION('',(-1.,0.,0.));
#3719=DIRECTION('',(0.,0.,-1.));
#3720=DIRECTION('center_axis',(1.,0.,0.));
#3721=DIRECTION('ref_axis',(0.,1.,0.));
#3722=DIRECTION('',(0.,-1.,0.));
#3723=DIRECTION('',(0.,1.,0.));
#3724=DIRECTION('',(0.,0.,1.));
#3725=DIRECTION('center_axis',(0.,-1.,0.));
#3726=DIRECTION('ref_axis',(1.,0.,0.));
#3727=DIRECTION('',(-1.,0.,0.));
#3728=DIRECTION('',(1.,0.,0.));
#3729=DIRECTION('',(0.,0.,1.));
#3730=DIRECTION('center_axis',(1.,0.,0.));
#3731=DIRECTION('ref_axis',(0.,1.,0.));
#3732=DIRECTION('',(0.,-1.,0.));
#3733=DIRECTION('',(0.,1.,0.));
#3734=DIRECTION('center_axis',(0.,0.,1.));
#3735=DIRECTION('ref_axis',(1.,0.,0.));
#3736=DIRECTION('',(1.,0.,0.));
#3737=DIRECTION('',(0.,1.,0.));
#3738=DIRECTION('center_axis',(0.,0.,1.));
#3739=DIRECTION('ref_axis',(1.,0.,0.));
#3740=DIRECTION('',(1.,0.,0.));
#3741=DIRECTION('center_axis',(0.,0.,1.));
#3742=DIRECTION('ref_axis',(1.,0.,0.));
#3743=DIRECTION('',(0.,1.,0.));
#3744=DIRECTION('center_axis',(0.,0.,1.));
#3745=DIRECTION('ref_axis',(1.,0.,0.));
#3746=DIRECTION('',(0.,-1.,0.));
#3747=DIRECTION('',(-1.,0.,0.));
#3748=DIRECTION('',(0.,-1.,0.));
#3749=DIRECTION('',(1.,0.,0.));
#3750=DIRECTION('',(0.,-1.,0.));
#3751=DIRECTION('center_axis',(1.,0.,0.));
#3752=DIRECTION('ref_axis',(0.,1.,0.));
#3753=DIRECTION('',(0.,-1.,0.));
#3754=DIRECTION('center_axis',(0.,1.,0.));
#3755=DIRECTION('ref_axis',(-1.,0.,0.));
#3756=DIRECTION('',(1.,0.,0.));
#3757=DIRECTION('center_axis',(1.,0.,0.));
#3758=DIRECTION('ref_axis',(0.,1.,0.));
#3759=DIRECTION('',(0.,-1.,0.));
#3760=DIRECTION('',(0.,0.,1.));
#3761=DIRECTION('center_axis',(0.,-1.,0.));
#3762=DIRECTION('ref_axis',(1.,0.,0.));
#3763=DIRECTION('',(-1.,0.,0.));
#3764=DIRECTION('center_axis',(0.,-1.,0.));
#3765=DIRECTION('ref_axis',(1.,0.,0.));
#3766=DIRECTION('',(-1.,0.,0.));
#3767=DIRECTION('center_axis',(-1.,0.,0.));
#3768=DIRECTION('ref_axis',(0.,-1.,0.));
#3769=DIRECTION('',(0.,1.,0.));
#3770=DIRECTION('',(0.,0.,1.));
#3771=DIRECTION('center_axis',(0.,-1.,0.));
#3772=DIRECTION('ref_axis',(1.,0.,0.));
#3773=DIRECTION('',(-1.,0.,0.));
#3774=DIRECTION('',(0.,0.,1.));
#3775=DIRECTION('center_axis',(-1.,0.,0.));
#3776=DIRECTION('ref_axis',(0.,-1.,0.));
#3777=DIRECTION('',(0.,1.,0.));
#3778=DIRECTION('',(0.,0.,1.));
#3779=DIRECTION('center_axis',(-1.,0.,0.));
#3780=DIRECTION('ref_axis',(0.,-1.,0.));
#3781=DIRECTION('',(0.,1.,0.));
#3782=DIRECTION('',(0.,0.,1.));
#3783=DIRECTION('center_axis',(0.,1.,0.));
#3784=DIRECTION('ref_axis',(-1.,0.,0.));
#3785=DIRECTION('',(1.,0.,0.));
#3786=DIRECTION('center_axis',(0.,0.,1.));
#3787=DIRECTION('ref_axis',(1.,0.,0.));
#3788=DIRECTION('center_axis',(0.,0.,1.));
#3789=DIRECTION('ref_axis',(1.,0.,0.));
#3790=DIRECTION('center_axis',(0.,0.,1.));
#3791=DIRECTION('ref_axis',(-1.,0.,0.));
#3792=DIRECTION('',(0.,-1.,0.));
#3793=DIRECTION('',(-1.,0.,0.));
#3794=DIRECTION('center_axis',(0.,0.,1.));
#3795=DIRECTION('ref_axis',(1.,0.,0.));
#3796=DIRECTION('',(0.,1.,0.));
#3797=DIRECTION('center_axis',(0.,0.,1.));
#3798=DIRECTION('ref_axis',(0.,-1.,0.));
#3799=DIRECTION('',(1.,0.,0.));
#3800=DIRECTION('center_axis',(0.,0.998629534754574,0.0523359562429441));
#3801=DIRECTION('ref_axis',(-1.,0.,0.));
#3802=DIRECTION('',(0.0522644276887097,-0.0522644276887172,0.997264688634237));
#3803=DIRECTION('',(-0.0522644276887097,-0.0522644276887172,0.997264688634237));
#3804=DIRECTION('',(0.,-0.0523359562429441,0.998629534754574));
#3805=DIRECTION('center_axis',(0.,-0.998629534754574,0.0523359562429441));
#3806=DIRECTION('ref_axis',(1.,0.,0.));
#3807=DIRECTION('',(0.,0.0523359562429441,0.998629534754574));
#3808=DIRECTION('',(-0.0522644276887097,0.0522644276887172,0.997264688634237));
#3809=DIRECTION('',(0.0522644276887097,0.0522644276887172,0.997264688634237));
#3810=DIRECTION('',(0.,0.0523359562429441,0.998629534754574));
#3811=DIRECTION('center_axis',(0.,0.,-1.));
#3812=DIRECTION('ref_axis',(1.,0.,0.));
#3813=DIRECTION('',(-0.0523359562429453,2.3241833454677E-15,0.998629534754574));
#3814=DIRECTION('center_axis',(0.998629534754574,0.,0.0523359562429453));
#3815=DIRECTION('ref_axis',(0.,1.,0.));
#3816=DIRECTION('',(-0.0523359562429441,0.,0.998629534754574));
#3817=DIRECTION('center_axis',(0.,0.,-1.));
#3818=DIRECTION('ref_axis',(0.,-1.,0.));
#3819=DIRECTION('center_axis',(-0.998629534754574,0.,0.0523359562429453));
#3820=DIRECTION('ref_axis',(0.,-1.,0.));
#3821=DIRECTION('',(0.0523359562429453,0.,0.998629534754574));
#3822=DIRECTION('center_axis',(0.,0.,-1.));
#3823=DIRECTION('ref_axis',(-1.,0.,0.));
#3824=CARTESIAN_POINT('',(0.,0.,0.));
#3825=CARTESIAN_POINT('Origin',(93.44,-85.07,10.));
#3826=CARTESIAN_POINT('',(89.8640777928304,-84.5459222071696,10.));
#3827=CARTESIAN_POINT('',(89.8640777928304,-81.0940777928304,10.));
#3828=CARTESIAN_POINT('',(89.8640777928304,-80.97,10.));
#3829=CARTESIAN_POINT('',(93.3159222071696,-84.5459222071696,10.));
#3830=CARTESIAN_POINT('',(89.74,-84.5459222071696,10.));
#3831=CARTESIAN_POINT('',(93.3159222071696,-81.0940777928304,10.));
#3832=CARTESIAN_POINT('',(93.3159222071696,-84.67,10.));
#3833=CARTESIAN_POINT('',(93.44,-81.0940777928304,10.));
#3834=CARTESIAN_POINT('Origin',(89.74,-80.97,0.));
#3835=CARTESIAN_POINT('',(89.74,-80.7898506340924,4.195));
#3836=CARTESIAN_POINT('',(89.5598506340924,-80.97,4.195));
#3837=CARTESIAN_POINT('Origin',(89.74,-80.97,4.195));
#3838=CARTESIAN_POINT('',(89.74,-80.97,7.63245467509108));
#3839=CARTESIAN_POINT('',(89.34,-80.97,0.));
#3840=CARTESIAN_POINT('',(89.74,-80.57,0.));
#3841=CARTESIAN_POINT('Origin',(93.44,-85.07,9.5));
#3842=CARTESIAN_POINT('',(90.3385600761879,-84.0714399238121,9.5));
#3843=CARTESIAN_POINT('',(90.3385600761879,-81.5685600761879,9.5));
#3844=CARTESIAN_POINT('',(90.3385600761879,-84.87,9.5));
#3845=CARTESIAN_POINT('',(92.8414399238121,-81.5685600761879,9.5));
#3846=CARTESIAN_POINT('',(91.59,-81.5685600761879,9.5));
#3847=CARTESIAN_POINT('',(92.8414399238121,-84.0714399238121,9.5));
#3848=CARTESIAN_POINT('',(92.8414399238121,-83.02,9.5));
#3849=CARTESIAN_POINT('',(93.44,-84.0714399238121,9.5));
#3850=CARTESIAN_POINT('',(92.64,-82.82,9.5));
#3851=CARTESIAN_POINT('Origin',(91.59,-82.82,9.5));
#3852=CARTESIAN_POINT('Origin',(93.3406852326227,-80.97,-0.0261679781214719));
#3853=CARTESIAN_POINT('',(92.8624030355253,-81.5475969644746,9.1));
#3854=CARTESIAN_POINT('',(92.8624030355253,-84.0924030355254,9.1));
#3855=CARTESIAN_POINT('',(92.8624030355253,-81.895,9.1));
#3856=CARTESIAN_POINT('',(93.3359031126587,-84.5659031126587,0.0650803065687411));
#3857=CARTESIAN_POINT('',(93.3359031126587,-81.0740968873413,0.0650803065687455));
#3858=CARTESIAN_POINT('Origin',(89.74,-81.0693147673773,-0.0261679781214719));
#3859=CARTESIAN_POINT('',(90.3175969644747,-81.5475969644746,9.1));
#3860=CARTESIAN_POINT('',(90.665,-81.5475969644746,9.1));
#3861=CARTESIAN_POINT('',(89.8440968873413,-81.0740968873413,0.0650803065687411));
#3862=CARTESIAN_POINT('Origin',(91.59,-82.82,5.195));
#3863=CARTESIAN_POINT('',(92.64,-82.82,9.1));
#3864=CARTESIAN_POINT('',(92.64,-82.82,5.195));
#3865=CARTESIAN_POINT('',(92.080003000889,-81.8913466421103,9.1));
#3866=CARTESIAN_POINT('Origin',(91.59,-82.82,9.1));
#3867=CARTESIAN_POINT('',(92.080003000889,-81.8913466421103,4.195));
#3868=CARTESIAN_POINT('',(92.080003000889,-81.8913466421103,5.195));
#3869=CARTESIAN_POINT('',(92.0774497161182,-81.8900038848165,4.195));
#3870=CARTESIAN_POINT('Origin',(91.59,-82.82,4.195));
#3871=CARTESIAN_POINT('',(92.0774497161182,-81.8900038848165,9.1));
#3872=CARTESIAN_POINT('',(92.0774497161182,-81.8900038848165,5.195));
#3873=CARTESIAN_POINT('',(91.1025502838818,-81.8900038848165,9.1));
#3874=CARTESIAN_POINT('Origin',(91.59,-82.82,9.1));
#3875=CARTESIAN_POINT('',(91.1025502838818,-81.8900038848165,4.195));
#3876=CARTESIAN_POINT('',(91.1025502838818,-81.8900038848165,5.195));
#3877=CARTESIAN_POINT('',(91.1000029543415,-81.8913434998634,4.195));
#3878=CARTESIAN_POINT('Origin',(91.59,-82.82,4.195));
#3879=CARTESIAN_POINT('',(91.1000029543415,-81.8913434998634,9.1));
#3880=CARTESIAN_POINT('',(91.1000029543415,-81.8913434998634,5.195));
#3881=CARTESIAN_POINT('',(91.1000029543415,-83.7486565001366,9.1));
#3882=CARTESIAN_POINT('Origin',(91.59,-82.82,9.1));
#3883=CARTESIAN_POINT('',(91.1000029543415,-83.7486565001366,4.195));
#3884=CARTESIAN_POINT('',(91.1000029543415,-83.7486565001366,5.195));
#3885=CARTESIAN_POINT('',(91.1025652762643,-83.7500039731618,4.195));
#3886=CARTESIAN_POINT('Origin',(91.59,-82.82,4.195));
#3887=CARTESIAN_POINT('',(91.1025652762643,-83.7500039731618,9.1));
#3888=CARTESIAN_POINT('',(91.1025652762643,-83.7500039731618,5.195));
#3889=CARTESIAN_POINT('',(92.0774347237357,-83.7500039731618,9.1));
#3890=CARTESIAN_POINT('Origin',(91.59,-82.82,9.1));
#3891=CARTESIAN_POINT('',(92.0774347237357,-83.7500039731618,4.195));
#3892=CARTESIAN_POINT('',(92.0774347237357,-83.7500039731618,5.195));
#3893=CARTESIAN_POINT('',(92.080003000889,-83.7486533578897,4.195));
#3894=CARTESIAN_POINT('Origin',(91.59,-82.82,4.195));
#3895=CARTESIAN_POINT('',(92.080003000889,-83.7486533578897,9.1));
#3896=CARTESIAN_POINT('',(92.080003000889,-83.7486533578897,5.195));
#3897=CARTESIAN_POINT('Origin',(91.59,-82.82,9.1));
#3898=CARTESIAN_POINT('Origin',(89.8393147673773,-84.67,-0.0261679781214719));
#3899=CARTESIAN_POINT('',(90.3175969644747,-84.0924030355254,9.1));
#3900=CARTESIAN_POINT('',(90.3175969644747,-83.745,9.1));
#3901=CARTESIAN_POINT('',(89.8440968873413,-84.5659031126587,0.0650803065687433));
#3902=CARTESIAN_POINT('Origin',(93.44,-84.5706852326227,-0.0261679781214719));
#3903=CARTESIAN_POINT('',(92.515,-84.0924030355254,9.1));
#3904=CARTESIAN_POINT('Origin',(91.59,-82.82,9.1));
#3905=CARTESIAN_POINT('',(91.1000029543415,-83.7500039731618,9.1));
#3906=CARTESIAN_POINT('Origin',(93.339313827001,-81.070686172999,0.));
#3907=CARTESIAN_POINT('',(89.840686172999,-81.070686172999,4.195));
#3908=CARTESIAN_POINT('',(93.339313827001,-81.070686172999,4.195));
#3909=CARTESIAN_POINT('',(91.5246569135005,-81.070686172999,4.195));
#3910=CARTESIAN_POINT('',(93.339313827001,-81.070686172999,9.1));
#3911=CARTESIAN_POINT('',(93.339313827001,-81.070686172999,0.));
#3912=CARTESIAN_POINT('',(89.840686172999,-81.070686172999,9.1));
#3913=CARTESIAN_POINT('',(93.339313827001,-81.070686172999,9.1));
#3914=CARTESIAN_POINT('',(89.840686172999,-81.070686172999,0.));
#3915=CARTESIAN_POINT('Origin',(89.840686172999,-81.070686172999,0.));
#3916=CARTESIAN_POINT('',(89.840686172999,-84.569313827001,4.195));
#3917=CARTESIAN_POINT('',(89.840686172999,-83.0853430864995,4.195));
#3918=CARTESIAN_POINT('',(89.840686172999,-84.569313827001,9.1));
#3919=CARTESIAN_POINT('',(89.840686172999,-81.070686172999,9.1));
#3920=CARTESIAN_POINT('',(89.840686172999,-84.569313827001,0.));
#3921=CARTESIAN_POINT('Origin',(91.1000029543415,-83.3900039560627,0.));
#3922=CARTESIAN_POINT('',(90.7100029358175,-83.3900039560627,4.195));
#3923=CARTESIAN_POINT('',(91.1000029543415,-83.3900039560627,4.195));
#3924=CARTESIAN_POINT('',(90.4050014771707,-83.3900039560627,4.195));
#3925=CARTESIAN_POINT('',(91.1000029543415,-83.3900039560627,9.1));
#3926=CARTESIAN_POINT('',(91.1000029543415,-83.3900039560627,0.));
#3927=CARTESIAN_POINT('',(90.7100029358175,-83.3900039560627,9.1));
#3928=CARTESIAN_POINT('',(91.1000029543415,-83.3900039560627,9.1));
#3929=CARTESIAN_POINT('',(90.7100029358175,-83.3900039560627,0.));
#3930=CARTESIAN_POINT('Origin',(90.7100029358175,-83.3900039560627,0.));
#3931=CARTESIAN_POINT('',(90.7100029358175,-82.2500039019156,4.195));
#3932=CARTESIAN_POINT('',(90.7100029358175,-84.2450019780314,4.195));
#3933=CARTESIAN_POINT('',(90.7100029358175,-82.2500039019156,9.1));
#3934=CARTESIAN_POINT('',(90.7100029358175,-83.3900039560627,9.1));
#3935=CARTESIAN_POINT('',(90.7100029358175,-82.2500039019156,0.));
#3936=CARTESIAN_POINT('Origin',(90.7100029358175,-82.2500039019156,0.));
#3937=CARTESIAN_POINT('',(91.1000029543415,-82.2500039019156,4.195));
#3938=CARTESIAN_POINT('',(90.2100014679087,-82.2500039019156,4.195));
#3939=CARTESIAN_POINT('',(91.1000029543415,-82.2500039019156,9.1));
#3940=CARTESIAN_POINT('',(90.7100029358175,-82.2500039019156,9.1));
#3941=CARTESIAN_POINT('',(91.1000029543415,-82.2500039019156,0.));
#3942=CARTESIAN_POINT('Origin',(91.1000029543415,-82.2500039019156,0.));
#3943=CARTESIAN_POINT('',(91.1000029543415,-83.6750019509578,4.195));
#3944=CARTESIAN_POINT('',(91.1000029543415,-81.8900038848165,9.1));
#3945=CARTESIAN_POINT('Origin',(91.59,-82.82,9.1));
#3946=CARTESIAN_POINT('',(93.339313827001,-84.569313827001,9.1));
#3947=CARTESIAN_POINT('',(89.840686172999,-84.569313827001,9.1));
#3948=CARTESIAN_POINT('',(93.339313827001,-84.569313827001,9.1));
#3949=CARTESIAN_POINT('Origin',(91.59,-82.82,9.1));
#3950=CARTESIAN_POINT('',(92.080003000889,-81.8900038848165,9.1));
#3951=CARTESIAN_POINT('Origin',(91.59,-82.82,9.1));
#3952=CARTESIAN_POINT('',(91.1000029543415,-83.3900039560627,9.1));
#3953=CARTESIAN_POINT('Origin',(91.59,-82.82,9.1));
#3954=CARTESIAN_POINT('',(92.080003000889,-83.3900039560627,9.1));
#3955=CARTESIAN_POINT('',(92.080003000889,-83.7500039731618,9.1));
#3956=CARTESIAN_POINT('',(92.470003019413,-83.3900039560627,9.1));
#3957=CARTESIAN_POINT('',(92.470003019413,-83.3900039560627,9.1));
#3958=CARTESIAN_POINT('',(92.470003019413,-82.2500039019156,9.1));
#3959=CARTESIAN_POINT('',(92.470003019413,-82.2500039019156,9.1));
#3960=CARTESIAN_POINT('',(92.080003000889,-82.2500039019156,9.1));
#3961=CARTESIAN_POINT('',(92.080003000889,-82.2500039019156,9.1));
#3962=CARTESIAN_POINT('',(92.080003000889,-82.2500039019156,9.1));
#3963=CARTESIAN_POINT('Origin',(91.1000029543415,-83.7500039731618,0.));
#3964=CARTESIAN_POINT('',(91.1000029543415,-84.4250019865809,4.195));
#3965=CARTESIAN_POINT('Origin',(92.080003000889,-83.7500039731618,0.));
#3966=CARTESIAN_POINT('',(90.8950015004445,-83.7500039731618,4.195));
#3967=CARTESIAN_POINT('Origin',(93.339313827001,-84.569313827001,0.));
#3968=CARTESIAN_POINT('',(93.339313827001,-84.569313827001,4.195));
#3969=CARTESIAN_POINT('',(93.339313827001,-84.8346569135005,4.195));
#3970=CARTESIAN_POINT('',(93.339313827001,-84.569313827001,0.));
#3971=CARTESIAN_POINT('Origin',(89.840686172999,-84.569313827001,0.));
#3972=CARTESIAN_POINT('',(89.7753430864995,-84.569313827001,4.195));
#3973=CARTESIAN_POINT('Origin',(91.1000029543415,-81.8900038848165,0.));
#3974=CARTESIAN_POINT('',(90.4050014771707,-81.8900038848165,4.195));
#3975=CARTESIAN_POINT('Origin',(92.080003000889,-81.8900038848165,0.));
#3976=CARTESIAN_POINT('',(92.080003000889,-82.2500039019156,4.195));
#3977=CARTESIAN_POINT('',(92.080003000889,-83.4950019424083,4.195));
#3978=CARTESIAN_POINT('',(92.080003000889,-82.2500039019156,0.));
#3979=CARTESIAN_POINT('Origin',(92.080003000889,-82.2500039019156,0.));
#3980=CARTESIAN_POINT('',(92.470003019413,-82.2500039019156,4.195));
#3981=CARTESIAN_POINT('',(90.8950015004445,-82.2500039019156,4.195));
#3982=CARTESIAN_POINT('',(92.470003019413,-82.2500039019156,0.));
#3983=CARTESIAN_POINT('Origin',(92.470003019413,-82.2500039019156,0.));
#3984=CARTESIAN_POINT('',(92.470003019413,-83.3900039560627,4.195));
#3985=CARTESIAN_POINT('',(92.470003019413,-83.6750019509578,4.195));
#3986=CARTESIAN_POINT('',(92.470003019413,-83.3900039560627,0.));
#3987=CARTESIAN_POINT('Origin',(92.080003000889,-83.3900039560627,0.));
#3988=CARTESIAN_POINT('',(92.080003000889,-83.3900039560627,4.195));
#3989=CARTESIAN_POINT('',(92.080003000889,-84.2450019780314,4.195));
#3990=CARTESIAN_POINT('',(92.080003000889,-83.3900039560627,0.));
#3991=CARTESIAN_POINT('Origin',(92.470003019413,-83.3900039560627,0.));
#3992=CARTESIAN_POINT('',(91.0900015097065,-83.3900039560627,4.195));
#3993=CARTESIAN_POINT('Origin',(89.71,-85.1,4.195));
#3994=CARTESIAN_POINT('Origin',(89.71,-85.1,4.195));
#3995=CARTESIAN_POINT('',(89.5598506340924,-84.67,4.195));
#3996=CARTESIAN_POINT('',(89.74,-84.8501493659076,4.195));
#3997=CARTESIAN_POINT('Origin',(89.74,-84.67,4.195));
#3998=CARTESIAN_POINT('',(89.5598506340924,-84.7588169381888,4.195));
#3999=CARTESIAN_POINT('',(93.44,-80.7898506340924,4.195));
#4000=CARTESIAN_POINT('',(91.575,-80.7898506340924,4.195));
#4001=CARTESIAN_POINT('',(93.6201493659077,-80.97,4.195));
#4002=CARTESIAN_POINT('Origin',(93.44,-80.97,4.195));
#4003=CARTESIAN_POINT('',(93.6201493659077,-84.67,4.195));
#4004=CARTESIAN_POINT('',(93.6201493659077,-80.8799253170462,4.195));
#4005=CARTESIAN_POINT('',(93.44,-84.8501493659076,4.195));
#4006=CARTESIAN_POINT('Origin',(93.44,-84.67,4.195));
#4007=CARTESIAN_POINT('',(93.425,-84.8501493659076,4.195));
#4008=CARTESIAN_POINT('Origin',(89.74,-80.57,0.));
#4009=CARTESIAN_POINT('',(89.745053405243,-80.975053405243,7.72887939127151));
#4010=CARTESIAN_POINT('',(93.44,-80.97,7.63245467509108));
#4011=CARTESIAN_POINT('',(93.434946594757,-80.975053405243,7.72887939127149));
#4012=CARTESIAN_POINT('',(93.44,-80.57,0.));
#4013=CARTESIAN_POINT('Origin',(93.44,-85.07,0.));
#4014=CARTESIAN_POINT('',(93.44,-84.67,7.63245467509108));
#4015=CARTESIAN_POINT('',(93.44,-85.07,0.));
#4016=CARTESIAN_POINT('',(93.434946594757,-84.664946594757,7.72887939127151));
#4017=CARTESIAN_POINT('',(89.74,-84.67,7.63245467509108));
#4018=CARTESIAN_POINT('',(89.745053405243,-84.664946594757,7.72887939127149));
#4019=CARTESIAN_POINT('',(89.74,-85.07,0.));
#4020=CARTESIAN_POINT('Origin',(93.44,-80.97,0.));
#4021=CARTESIAN_POINT('',(93.84,-80.97,0.));
#4022=CARTESIAN_POINT('Origin',(93.84,-80.97,0.));
#4023=CARTESIAN_POINT('',(93.84,-84.67,0.));
#4024=CARTESIAN_POINT('Origin',(93.44,-84.67,0.));
#4025=CARTESIAN_POINT('Origin',(89.34,-84.67,0.));
#4026=CARTESIAN_POINT('',(89.34,-84.67,0.));
#4027=CARTESIAN_POINT('Origin',(89.74,-84.67,0.));
#4028=CARTESIAN_POINT('Origin',(83.94,-84.97,10.));
#4029=CARTESIAN_POINT('',(80.3640777928304,-84.4459222071696,10.));
#4030=CARTESIAN_POINT('',(80.3640777928304,-80.9940777928304,10.));
#4031=CARTESIAN_POINT('',(80.3640777928304,-80.87,10.));
#4032=CARTESIAN_POINT('',(83.8159222071696,-84.4459222071696,10.));
#4033=CARTESIAN_POINT('',(80.24,-84.4459222071696,10.));
#4034=CARTESIAN_POINT('',(83.8159222071696,-80.9940777928304,10.));
#4035=CARTESIAN_POINT('',(83.8159222071696,-84.57,10.));
#4036=CARTESIAN_POINT('',(83.94,-80.9940777928304,10.));
#4037=CARTESIAN_POINT('Origin',(80.24,-80.87,0.));
#4038=CARTESIAN_POINT('',(80.24,-80.6898506340924,4.195));
#4039=CARTESIAN_POINT('',(80.0598506340924,-80.87,4.195));
#4040=CARTESIAN_POINT('Origin',(80.24,-80.87,4.195));
#4041=CARTESIAN_POINT('',(80.24,-80.87,7.63245467509108));
#4042=CARTESIAN_POINT('',(79.84,-80.87,0.));
#4043=CARTESIAN_POINT('',(80.24,-80.47,0.));
#4044=CARTESIAN_POINT('Origin',(83.94,-84.97,9.5));
#4045=CARTESIAN_POINT('',(80.8385600761879,-83.9714399238121,9.5));
#4046=CARTESIAN_POINT('',(80.8385600761879,-81.4685600761879,9.5));
#4047=CARTESIAN_POINT('',(80.8385600761879,-84.77,9.5));
#4048=CARTESIAN_POINT('',(83.3414399238121,-81.4685600761879,9.5));
#4049=CARTESIAN_POINT('',(82.09,-81.4685600761879,9.5));
#4050=CARTESIAN_POINT('',(83.3414399238121,-83.9714399238121,9.5));
#4051=CARTESIAN_POINT('',(83.3414399238121,-82.92,9.5));
#4052=CARTESIAN_POINT('',(83.94,-83.9714399238121,9.5));
#4053=CARTESIAN_POINT('',(83.14,-82.72,9.5));
#4054=CARTESIAN_POINT('Origin',(82.09,-82.72,9.5));
#4055=CARTESIAN_POINT('Origin',(83.8406852326227,-80.87,-0.0261679781214719));
#4056=CARTESIAN_POINT('',(83.3624030355253,-81.4475969644747,9.1));
#4057=CARTESIAN_POINT('',(83.3624030355253,-83.9924030355253,9.1));
#4058=CARTESIAN_POINT('',(83.3624030355253,-81.795,9.1));
#4059=CARTESIAN_POINT('',(83.8359031126587,-84.4659031126587,0.0650803065687411));
#4060=CARTESIAN_POINT('',(83.8359031126587,-80.9740968873413,0.0650803065687455));
#4061=CARTESIAN_POINT('Origin',(80.24,-80.9693147673773,-0.0261679781214719));
#4062=CARTESIAN_POINT('',(80.8175969644746,-81.4475969644747,9.1));
#4063=CARTESIAN_POINT('',(81.165,-81.4475969644747,9.1));
#4064=CARTESIAN_POINT('',(80.3440968873413,-80.9740968873413,0.0650803065687411));
#4065=CARTESIAN_POINT('Origin',(82.09,-82.72,5.195));
#4066=CARTESIAN_POINT('',(83.14,-82.72,9.1));
#4067=CARTESIAN_POINT('',(83.14,-82.72,5.195));
#4068=CARTESIAN_POINT('',(82.580003000889,-81.7913466421103,9.1));
#4069=CARTESIAN_POINT('Origin',(82.09,-82.72,9.1));
#4070=CARTESIAN_POINT('',(82.580003000889,-81.7913466421103,4.195));
#4071=CARTESIAN_POINT('',(82.580003000889,-81.7913466421103,5.195));
#4072=CARTESIAN_POINT('',(82.5774497161182,-81.7900038848165,4.195));
#4073=CARTESIAN_POINT('Origin',(82.09,-82.72,4.195));
#4074=CARTESIAN_POINT('',(82.5774497161182,-81.7900038848165,9.1));
#4075=CARTESIAN_POINT('',(82.5774497161182,-81.7900038848165,5.195));
#4076=CARTESIAN_POINT('',(81.6025502838818,-81.7900038848165,9.1));
#4077=CARTESIAN_POINT('Origin',(82.09,-82.72,9.1));
#4078=CARTESIAN_POINT('',(81.6025502838818,-81.7900038848165,4.195));
#4079=CARTESIAN_POINT('',(81.6025502838818,-81.7900038848165,5.195));
#4080=CARTESIAN_POINT('',(81.6000029543415,-81.7913434998634,4.195));
#4081=CARTESIAN_POINT('Origin',(82.09,-82.72,4.195));
#4082=CARTESIAN_POINT('',(81.6000029543415,-81.7913434998634,9.1));
#4083=CARTESIAN_POINT('',(81.6000029543415,-81.7913434998634,5.195));
#4084=CARTESIAN_POINT('',(81.6000029543415,-83.6486565001366,9.1));
#4085=CARTESIAN_POINT('Origin',(82.09,-82.72,9.1));
#4086=CARTESIAN_POINT('',(81.6000029543415,-83.6486565001366,4.195));
#4087=CARTESIAN_POINT('',(81.6000029543415,-83.6486565001366,5.195));
#4088=CARTESIAN_POINT('',(81.6025652762643,-83.6500039731618,4.195));
#4089=CARTESIAN_POINT('Origin',(82.09,-82.72,4.195));
#4090=CARTESIAN_POINT('',(81.6025652762643,-83.6500039731618,9.1));
#4091=CARTESIAN_POINT('',(81.6025652762643,-83.6500039731618,5.195));
#4092=CARTESIAN_POINT('',(82.5774347237357,-83.6500039731618,9.1));
#4093=CARTESIAN_POINT('Origin',(82.09,-82.72,9.1));
#4094=CARTESIAN_POINT('',(82.5774347237357,-83.6500039731618,4.195));
#4095=CARTESIAN_POINT('',(82.5774347237357,-83.6500039731618,5.195));
#4096=CARTESIAN_POINT('',(82.580003000889,-83.6486533578897,4.195));
#4097=CARTESIAN_POINT('Origin',(82.09,-82.72,4.195));
#4098=CARTESIAN_POINT('',(82.580003000889,-83.6486533578897,9.1));
#4099=CARTESIAN_POINT('',(82.580003000889,-83.6486533578897,5.195));
#4100=CARTESIAN_POINT('Origin',(82.09,-82.72,9.1));
#4101=CARTESIAN_POINT('Origin',(80.3393147673773,-84.57,-0.0261679781214719));
#4102=CARTESIAN_POINT('',(80.8175969644746,-83.9924030355254,9.1));
#4103=CARTESIAN_POINT('',(80.8175969644746,-83.645,9.1));
#4104=CARTESIAN_POINT('',(80.3440968873413,-84.4659031126587,0.0650803065687433));
#4105=CARTESIAN_POINT('Origin',(83.94,-84.4706852326227,-0.0261679781214719));
#4106=CARTESIAN_POINT('',(83.015,-83.9924030355253,9.1));
#4107=CARTESIAN_POINT('Origin',(82.09,-82.72,9.1));
#4108=CARTESIAN_POINT('',(81.6000029543415,-83.6500039731618,9.1));
#4109=CARTESIAN_POINT('Origin',(83.839313827001,-80.970686172999,0.));
#4110=CARTESIAN_POINT('',(80.340686172999,-80.970686172999,4.195));
#4111=CARTESIAN_POINT('',(83.839313827001,-80.970686172999,4.195));
#4112=CARTESIAN_POINT('',(82.0246569135005,-80.970686172999,4.195));
#4113=CARTESIAN_POINT('',(83.839313827001,-80.970686172999,9.1));
#4114=CARTESIAN_POINT('',(83.839313827001,-80.970686172999,0.));
#4115=CARTESIAN_POINT('',(80.340686172999,-80.970686172999,9.1));
#4116=CARTESIAN_POINT('',(83.839313827001,-80.970686172999,9.1));
#4117=CARTESIAN_POINT('',(80.340686172999,-80.970686172999,0.));
#4118=CARTESIAN_POINT('Origin',(80.340686172999,-80.970686172999,0.));
#4119=CARTESIAN_POINT('',(80.340686172999,-84.469313827001,4.195));
#4120=CARTESIAN_POINT('',(80.340686172999,-82.9853430864995,4.195));
#4121=CARTESIAN_POINT('',(80.340686172999,-84.469313827001,9.1));
#4122=CARTESIAN_POINT('',(80.340686172999,-80.970686172999,9.1));
#4123=CARTESIAN_POINT('',(80.340686172999,-84.469313827001,0.));
#4124=CARTESIAN_POINT('Origin',(81.6000029543415,-83.2900039560627,0.));
#4125=CARTESIAN_POINT('',(81.2100029358175,-83.2900039560627,4.195));
#4126=CARTESIAN_POINT('',(81.6000029543415,-83.2900039560627,4.195));
#4127=CARTESIAN_POINT('',(80.9050014771707,-83.2900039560627,4.195));
#4128=CARTESIAN_POINT('',(81.6000029543415,-83.2900039560627,9.1));
#4129=CARTESIAN_POINT('',(81.6000029543415,-83.2900039560627,0.));
#4130=CARTESIAN_POINT('',(81.2100029358175,-83.2900039560627,9.1));
#4131=CARTESIAN_POINT('',(81.6000029543415,-83.2900039560627,9.1));
#4132=CARTESIAN_POINT('',(81.2100029358175,-83.2900039560627,0.));
#4133=CARTESIAN_POINT('Origin',(81.2100029358175,-83.2900039560627,0.));
#4134=CARTESIAN_POINT('',(81.2100029358175,-82.1500039019156,4.195));
#4135=CARTESIAN_POINT('',(81.2100029358175,-84.1450019780314,4.195));
#4136=CARTESIAN_POINT('',(81.2100029358175,-82.1500039019156,9.1));
#4137=CARTESIAN_POINT('',(81.2100029358175,-83.2900039560627,9.1));
#4138=CARTESIAN_POINT('',(81.2100029358175,-82.1500039019156,0.));
#4139=CARTESIAN_POINT('Origin',(81.2100029358175,-82.1500039019156,0.));
#4140=CARTESIAN_POINT('',(81.6000029543415,-82.1500039019156,4.195));
#4141=CARTESIAN_POINT('',(80.7100014679087,-82.1500039019156,4.195));
#4142=CARTESIAN_POINT('',(81.6000029543415,-82.1500039019156,9.1));
#4143=CARTESIAN_POINT('',(81.2100029358175,-82.1500039019156,9.1));
#4144=CARTESIAN_POINT('',(81.6000029543415,-82.1500039019156,0.));
#4145=CARTESIAN_POINT('Origin',(81.6000029543415,-82.1500039019156,0.));
#4146=CARTESIAN_POINT('',(81.6000029543415,-83.5750019509578,4.195));
#4147=CARTESIAN_POINT('',(81.6000029543415,-81.7900038848165,9.1));
#4148=CARTESIAN_POINT('Origin',(82.09,-82.72,9.1));
#4149=CARTESIAN_POINT('',(83.839313827001,-84.469313827001,9.1));
#4150=CARTESIAN_POINT('',(80.340686172999,-84.469313827001,9.1));
#4151=CARTESIAN_POINT('',(83.839313827001,-84.469313827001,9.1));
#4152=CARTESIAN_POINT('Origin',(82.09,-82.72,9.1));
#4153=CARTESIAN_POINT('',(82.580003000889,-81.7900038848165,9.1));
#4154=CARTESIAN_POINT('Origin',(82.09,-82.72,9.1));
#4155=CARTESIAN_POINT('',(81.6000029543415,-83.2900039560627,9.1));
#4156=CARTESIAN_POINT('Origin',(82.09,-82.72,9.1));
#4157=CARTESIAN_POINT('',(82.580003000889,-83.2900039560627,9.1));
#4158=CARTESIAN_POINT('',(82.580003000889,-83.6500039731618,9.1));
#4159=CARTESIAN_POINT('',(82.970003019413,-83.2900039560627,9.1));
#4160=CARTESIAN_POINT('',(82.970003019413,-83.2900039560627,9.1));
#4161=CARTESIAN_POINT('',(82.970003019413,-82.1500039019156,9.1));
#4162=CARTESIAN_POINT('',(82.970003019413,-82.1500039019156,9.1));
#4163=CARTESIAN_POINT('',(82.580003000889,-82.1500039019156,9.1));
#4164=CARTESIAN_POINT('',(82.580003000889,-82.1500039019156,9.1));
#4165=CARTESIAN_POINT('',(82.580003000889,-82.1500039019156,9.1));
#4166=CARTESIAN_POINT('Origin',(81.6000029543415,-83.6500039731618,0.));
#4167=CARTESIAN_POINT('',(81.6000029543415,-84.3250019865809,4.195));
#4168=CARTESIAN_POINT('Origin',(82.580003000889,-83.6500039731618,0.));
#4169=CARTESIAN_POINT('',(81.3950015004445,-83.6500039731618,4.195));
#4170=CARTESIAN_POINT('Origin',(83.839313827001,-84.469313827001,0.));
#4171=CARTESIAN_POINT('',(83.839313827001,-84.469313827001,4.195));
#4172=CARTESIAN_POINT('',(83.839313827001,-84.7346569135005,4.195));
#4173=CARTESIAN_POINT('',(83.839313827001,-84.469313827001,0.));
#4174=CARTESIAN_POINT('Origin',(80.340686172999,-84.469313827001,0.));
#4175=CARTESIAN_POINT('',(80.2753430864995,-84.469313827001,4.195));
#4176=CARTESIAN_POINT('Origin',(81.6000029543415,-81.7900038848165,0.));
#4177=CARTESIAN_POINT('',(80.9050014771707,-81.7900038848165,4.195));
#4178=CARTESIAN_POINT('Origin',(82.580003000889,-81.7900038848165,0.));
#4179=CARTESIAN_POINT('',(82.580003000889,-82.1500039019156,4.195));
#4180=CARTESIAN_POINT('',(82.580003000889,-83.3950019424083,4.195));
#4181=CARTESIAN_POINT('',(82.580003000889,-82.1500039019156,0.));
#4182=CARTESIAN_POINT('Origin',(82.580003000889,-82.1500039019156,0.));
#4183=CARTESIAN_POINT('',(82.970003019413,-82.1500039019156,4.195));
#4184=CARTESIAN_POINT('',(81.3950015004445,-82.1500039019156,4.195));
#4185=CARTESIAN_POINT('',(82.970003019413,-82.1500039019156,0.));
#4186=CARTESIAN_POINT('Origin',(82.970003019413,-82.1500039019156,0.));
#4187=CARTESIAN_POINT('',(82.970003019413,-83.2900039560627,4.195));
#4188=CARTESIAN_POINT('',(82.970003019413,-83.5750019509578,4.195));
#4189=CARTESIAN_POINT('',(82.970003019413,-83.2900039560627,0.));
#4190=CARTESIAN_POINT('Origin',(82.580003000889,-83.2900039560627,0.));
#4191=CARTESIAN_POINT('',(82.580003000889,-83.2900039560627,4.195));
#4192=CARTESIAN_POINT('',(82.580003000889,-84.1450019780314,4.195));
#4193=CARTESIAN_POINT('',(82.580003000889,-83.2900039560627,0.));
#4194=CARTESIAN_POINT('Origin',(82.970003019413,-83.2900039560627,0.));
#4195=CARTESIAN_POINT('',(81.5900015097065,-83.2900039560627,4.195));
#4196=CARTESIAN_POINT('Origin',(80.21,-85.,4.195));
#4197=CARTESIAN_POINT('Origin',(80.21,-85.,4.195));
#4198=CARTESIAN_POINT('',(80.0598506340924,-84.57,4.195));
#4199=CARTESIAN_POINT('',(80.24,-84.7501493659076,4.195));
#4200=CARTESIAN_POINT('Origin',(80.24,-84.57,4.195));
#4201=CARTESIAN_POINT('',(80.0598506340924,-84.6588169381888,4.195));
#4202=CARTESIAN_POINT('',(83.94,-80.6898506340924,4.195));
#4203=CARTESIAN_POINT('',(82.075,-80.6898506340924,4.195));
#4204=CARTESIAN_POINT('',(84.1201493659076,-80.87,4.195));
#4205=CARTESIAN_POINT('Origin',(83.94,-80.87,4.195));
#4206=CARTESIAN_POINT('',(84.1201493659076,-84.57,4.195));
#4207=CARTESIAN_POINT('',(84.1201493659076,-80.7799253170462,4.195));
#4208=CARTESIAN_POINT('',(83.94,-84.7501493659076,4.195));
#4209=CARTESIAN_POINT('Origin',(83.94,-84.57,4.195));
#4210=CARTESIAN_POINT('',(83.925,-84.7501493659076,4.195));
#4211=CARTESIAN_POINT('Origin',(80.24,-80.47,0.));
#4212=CARTESIAN_POINT('',(80.245053405243,-80.875053405243,7.72887939127151));
#4213=CARTESIAN_POINT('',(83.94,-80.87,7.63245467509108));
#4214=CARTESIAN_POINT('',(83.934946594757,-80.875053405243,7.72887939127149));
#4215=CARTESIAN_POINT('',(83.94,-80.47,0.));
#4216=CARTESIAN_POINT('Origin',(83.94,-84.97,0.));
#4217=CARTESIAN_POINT('',(83.94,-84.57,7.63245467509108));
#4218=CARTESIAN_POINT('',(83.94,-84.97,0.));
#4219=CARTESIAN_POINT('',(83.934946594757,-84.564946594757,7.72887939127151));
#4220=CARTESIAN_POINT('',(80.24,-84.57,7.63245467509108));
#4221=CARTESIAN_POINT('',(80.245053405243,-84.564946594757,7.72887939127149));
#4222=CARTESIAN_POINT('',(80.24,-84.97,0.));
#4223=CARTESIAN_POINT('Origin',(83.94,-80.87,0.));
#4224=CARTESIAN_POINT('',(84.34,-80.87,0.));
#4225=CARTESIAN_POINT('Origin',(84.34,-80.87,0.));
#4226=CARTESIAN_POINT('',(84.34,-84.57,0.));
#4227=CARTESIAN_POINT('Origin',(83.94,-84.57,0.));
#4228=CARTESIAN_POINT('Origin',(79.84,-84.57,0.));
#4229=CARTESIAN_POINT('',(79.84,-84.57,0.));
#4230=CARTESIAN_POINT('Origin',(80.24,-84.57,0.));
#4231=CARTESIAN_POINT('Origin',(73.59,-84.97,10.));
#4232=CARTESIAN_POINT('',(70.0140777928304,-84.4459222071696,10.));
#4233=CARTESIAN_POINT('',(70.0140777928304,-80.9940777928304,10.));
#4234=CARTESIAN_POINT('',(70.0140777928304,-80.87,10.));
#4235=CARTESIAN_POINT('',(73.4659222071696,-84.4459222071696,10.));
#4236=CARTESIAN_POINT('',(69.89,-84.4459222071696,10.));
#4237=CARTESIAN_POINT('',(73.4659222071696,-80.9940777928304,10.));
#4238=CARTESIAN_POINT('',(73.4659222071696,-84.57,10.));
#4239=CARTESIAN_POINT('',(73.59,-80.9940777928304,10.));
#4240=CARTESIAN_POINT('Origin',(69.89,-80.87,0.));
#4241=CARTESIAN_POINT('',(69.89,-80.6898506340924,4.195));
#4242=CARTESIAN_POINT('',(69.7098506340924,-80.87,4.195));
#4243=CARTESIAN_POINT('Origin',(69.89,-80.87,4.195));
#4244=CARTESIAN_POINT('',(69.89,-80.87,7.63245467509108));
#4245=CARTESIAN_POINT('',(69.49,-80.87,0.));
#4246=CARTESIAN_POINT('',(69.89,-80.47,0.));
#4247=CARTESIAN_POINT('Origin',(73.59,-84.97,9.5));
#4248=CARTESIAN_POINT('',(70.4885600761879,-83.9714399238121,9.5));
#4249=CARTESIAN_POINT('',(70.4885600761879,-81.4685600761879,9.5));
#4250=CARTESIAN_POINT('',(70.4885600761879,-84.77,9.5));
#4251=CARTESIAN_POINT('',(72.9914399238121,-81.4685600761879,9.5));
#4252=CARTESIAN_POINT('',(71.74,-81.4685600761879,9.5));
#4253=CARTESIAN_POINT('',(72.9914399238121,-83.9714399238121,9.5));
#4254=CARTESIAN_POINT('',(72.9914399238121,-82.92,9.5));
#4255=CARTESIAN_POINT('',(73.59,-83.9714399238121,9.5));
#4256=CARTESIAN_POINT('',(72.79,-82.72,9.5));
#4257=CARTESIAN_POINT('Origin',(71.74,-82.72,9.5));
#4258=CARTESIAN_POINT('Origin',(73.4906852326227,-80.87,-0.0261679781214719));
#4259=CARTESIAN_POINT('',(73.0124030355253,-81.4475969644747,9.1));
#4260=CARTESIAN_POINT('',(73.0124030355253,-83.9924030355253,9.1));
#4261=CARTESIAN_POINT('',(73.0124030355253,-81.795,9.1));
#4262=CARTESIAN_POINT('',(73.4859031126587,-84.4659031126587,0.0650803065687411));
#4263=CARTESIAN_POINT('',(73.4859031126587,-80.9740968873413,0.0650803065687455));
#4264=CARTESIAN_POINT('Origin',(69.89,-80.9693147673773,-0.0261679781214719));
#4265=CARTESIAN_POINT('',(70.4675969644747,-81.4475969644747,9.1));
#4266=CARTESIAN_POINT('',(70.815,-81.4475969644747,9.1));
#4267=CARTESIAN_POINT('',(69.9940968873413,-80.9740968873413,0.0650803065687411));
#4268=CARTESIAN_POINT('Origin',(71.74,-82.72,5.195));
#4269=CARTESIAN_POINT('',(72.79,-82.72,9.1));
#4270=CARTESIAN_POINT('',(72.79,-82.72,5.195));
#4271=CARTESIAN_POINT('',(72.230003000889,-81.7913466421103,9.1));
#4272=CARTESIAN_POINT('Origin',(71.74,-82.72,9.1));
#4273=CARTESIAN_POINT('',(72.230003000889,-81.7913466421103,4.195));
#4274=CARTESIAN_POINT('',(72.230003000889,-81.7913466421103,5.195));
#4275=CARTESIAN_POINT('',(72.2274497161182,-81.7900038848165,4.195));
#4276=CARTESIAN_POINT('Origin',(71.74,-82.72,4.195));
#4277=CARTESIAN_POINT('',(72.2274497161182,-81.7900038848165,9.1));
#4278=CARTESIAN_POINT('',(72.2274497161182,-81.7900038848165,5.195));
#4279=CARTESIAN_POINT('',(71.2525502838818,-81.7900038848165,9.1));
#4280=CARTESIAN_POINT('Origin',(71.74,-82.72,9.1));
#4281=CARTESIAN_POINT('',(71.2525502838818,-81.7900038848165,4.195));
#4282=CARTESIAN_POINT('',(71.2525502838818,-81.7900038848165,5.195));
#4283=CARTESIAN_POINT('',(71.2500029543415,-81.7913434998634,4.195));
#4284=CARTESIAN_POINT('Origin',(71.74,-82.72,4.195));
#4285=CARTESIAN_POINT('',(71.2500029543415,-81.7913434998634,9.1));
#4286=CARTESIAN_POINT('',(71.2500029543415,-81.7913434998634,5.195));
#4287=CARTESIAN_POINT('',(71.2500029543415,-83.6486565001366,9.1));
#4288=CARTESIAN_POINT('Origin',(71.74,-82.72,9.1));
#4289=CARTESIAN_POINT('',(71.2500029543415,-83.6486565001366,4.195));
#4290=CARTESIAN_POINT('',(71.2500029543415,-83.6486565001366,5.195));
#4291=CARTESIAN_POINT('',(71.2525652762643,-83.6500039731618,4.195));
#4292=CARTESIAN_POINT('Origin',(71.74,-82.72,4.195));
#4293=CARTESIAN_POINT('',(71.2525652762643,-83.6500039731618,9.1));
#4294=CARTESIAN_POINT('',(71.2525652762643,-83.6500039731618,5.195));
#4295=CARTESIAN_POINT('',(72.2274347237357,-83.6500039731618,9.1));
#4296=CARTESIAN_POINT('Origin',(71.74,-82.72,9.1));
#4297=CARTESIAN_POINT('',(72.2274347237357,-83.6500039731618,4.195));
#4298=CARTESIAN_POINT('',(72.2274347237357,-83.6500039731618,5.195));
#4299=CARTESIAN_POINT('',(72.230003000889,-83.6486533578897,4.195));
#4300=CARTESIAN_POINT('Origin',(71.74,-82.72,4.195));
#4301=CARTESIAN_POINT('',(72.230003000889,-83.6486533578897,9.1));
#4302=CARTESIAN_POINT('',(72.230003000889,-83.6486533578897,5.195));
#4303=CARTESIAN_POINT('Origin',(71.74,-82.72,9.1));
#4304=CARTESIAN_POINT('Origin',(69.9893147673773,-84.57,-0.0261679781214719));
#4305=CARTESIAN_POINT('',(70.4675969644747,-83.9924030355254,9.1));
#4306=CARTESIAN_POINT('',(70.4675969644747,-83.645,9.1));
#4307=CARTESIAN_POINT('',(69.9940968873413,-84.4659031126587,0.0650803065687433));
#4308=CARTESIAN_POINT('Origin',(73.59,-84.4706852326227,-0.0261679781214719));
#4309=CARTESIAN_POINT('',(72.665,-83.9924030355253,9.1));
#4310=CARTESIAN_POINT('Origin',(71.74,-82.72,9.1));
#4311=CARTESIAN_POINT('',(71.2500029543415,-83.6500039731618,9.1));
#4312=CARTESIAN_POINT('Origin',(73.489313827001,-80.970686172999,0.));
#4313=CARTESIAN_POINT('',(69.990686172999,-80.970686172999,4.195));
#4314=CARTESIAN_POINT('',(73.489313827001,-80.970686172999,4.195));
#4315=CARTESIAN_POINT('',(71.6746569135005,-80.970686172999,4.195));
#4316=CARTESIAN_POINT('',(73.489313827001,-80.970686172999,9.1));
#4317=CARTESIAN_POINT('',(73.489313827001,-80.970686172999,0.));
#4318=CARTESIAN_POINT('',(69.990686172999,-80.970686172999,9.1));
#4319=CARTESIAN_POINT('',(73.489313827001,-80.970686172999,9.1));
#4320=CARTESIAN_POINT('',(69.990686172999,-80.970686172999,0.));
#4321=CARTESIAN_POINT('Origin',(69.990686172999,-80.970686172999,0.));
#4322=CARTESIAN_POINT('',(69.990686172999,-84.469313827001,4.195));
#4323=CARTESIAN_POINT('',(69.990686172999,-82.9853430864995,4.195));
#4324=CARTESIAN_POINT('',(69.990686172999,-84.469313827001,9.1));
#4325=CARTESIAN_POINT('',(69.990686172999,-80.970686172999,9.1));
#4326=CARTESIAN_POINT('',(69.990686172999,-84.469313827001,0.));
#4327=CARTESIAN_POINT('Origin',(71.2500029543415,-83.2900039560627,0.));
#4328=CARTESIAN_POINT('',(70.8600029358175,-83.2900039560627,4.195));
#4329=CARTESIAN_POINT('',(71.2500029543415,-83.2900039560627,4.195));
#4330=CARTESIAN_POINT('',(70.5550014771707,-83.2900039560627,4.195));
#4331=CARTESIAN_POINT('',(71.2500029543415,-83.2900039560627,9.1));
#4332=CARTESIAN_POINT('',(71.2500029543415,-83.2900039560627,0.));
#4333=CARTESIAN_POINT('',(70.8600029358175,-83.2900039560627,9.1));
#4334=CARTESIAN_POINT('',(71.2500029543415,-83.2900039560627,9.1));
#4335=CARTESIAN_POINT('',(70.8600029358175,-83.2900039560627,0.));
#4336=CARTESIAN_POINT('Origin',(70.8600029358175,-83.2900039560627,0.));
#4337=CARTESIAN_POINT('',(70.8600029358175,-82.1500039019156,4.195));
#4338=CARTESIAN_POINT('',(70.8600029358175,-84.1450019780314,4.195));
#4339=CARTESIAN_POINT('',(70.8600029358175,-82.1500039019156,9.1));
#4340=CARTESIAN_POINT('',(70.8600029358175,-83.2900039560627,9.1));
#4341=CARTESIAN_POINT('',(70.8600029358175,-82.1500039019156,0.));
#4342=CARTESIAN_POINT('Origin',(70.8600029358175,-82.1500039019156,0.));
#4343=CARTESIAN_POINT('',(71.2500029543415,-82.1500039019156,4.195));
#4344=CARTESIAN_POINT('',(70.3600014679087,-82.1500039019156,4.195));
#4345=CARTESIAN_POINT('',(71.2500029543415,-82.1500039019156,9.1));
#4346=CARTESIAN_POINT('',(70.8600029358175,-82.1500039019156,9.1));
#4347=CARTESIAN_POINT('',(71.2500029543415,-82.1500039019156,0.));
#4348=CARTESIAN_POINT('Origin',(71.2500029543415,-82.1500039019156,0.));
#4349=CARTESIAN_POINT('',(71.2500029543415,-83.5750019509578,4.195));
#4350=CARTESIAN_POINT('',(71.2500029543415,-81.7900038848165,9.1));
#4351=CARTESIAN_POINT('Origin',(71.74,-82.72,9.1));
#4352=CARTESIAN_POINT('',(73.489313827001,-84.469313827001,9.1));
#4353=CARTESIAN_POINT('',(69.990686172999,-84.469313827001,9.1));
#4354=CARTESIAN_POINT('',(73.489313827001,-84.469313827001,9.1));
#4355=CARTESIAN_POINT('Origin',(71.74,-82.72,9.1));
#4356=CARTESIAN_POINT('',(72.230003000889,-81.7900038848165,9.1));
#4357=CARTESIAN_POINT('Origin',(71.74,-82.72,9.1));
#4358=CARTESIAN_POINT('',(71.2500029543415,-83.2900039560627,9.1));
#4359=CARTESIAN_POINT('Origin',(71.74,-82.72,9.1));
#4360=CARTESIAN_POINT('',(72.230003000889,-83.2900039560627,9.1));
#4361=CARTESIAN_POINT('',(72.230003000889,-83.6500039731618,9.1));
#4362=CARTESIAN_POINT('',(72.620003019413,-83.2900039560627,9.1));
#4363=CARTESIAN_POINT('',(72.620003019413,-83.2900039560627,9.1));
#4364=CARTESIAN_POINT('',(72.620003019413,-82.1500039019156,9.1));
#4365=CARTESIAN_POINT('',(72.620003019413,-82.1500039019156,9.1));
#4366=CARTESIAN_POINT('',(72.230003000889,-82.1500039019156,9.1));
#4367=CARTESIAN_POINT('',(72.230003000889,-82.1500039019156,9.1));
#4368=CARTESIAN_POINT('',(72.230003000889,-82.1500039019156,9.1));
#4369=CARTESIAN_POINT('Origin',(71.2500029543415,-83.6500039731618,0.));
#4370=CARTESIAN_POINT('',(71.2500029543415,-84.3250019865809,4.195));
#4371=CARTESIAN_POINT('Origin',(72.230003000889,-83.6500039731618,0.));
#4372=CARTESIAN_POINT('',(71.0450015004445,-83.6500039731618,4.195));
#4373=CARTESIAN_POINT('Origin',(73.489313827001,-84.469313827001,0.));
#4374=CARTESIAN_POINT('',(73.489313827001,-84.469313827001,4.195));
#4375=CARTESIAN_POINT('',(73.489313827001,-84.7346569135005,4.195));
#4376=CARTESIAN_POINT('',(73.489313827001,-84.469313827001,0.));
#4377=CARTESIAN_POINT('Origin',(69.990686172999,-84.469313827001,0.));
#4378=CARTESIAN_POINT('',(69.9253430864995,-84.469313827001,4.195));
#4379=CARTESIAN_POINT('Origin',(71.2500029543415,-81.7900038848165,0.));
#4380=CARTESIAN_POINT('',(70.5550014771707,-81.7900038848165,4.195));
#4381=CARTESIAN_POINT('Origin',(72.230003000889,-81.7900038848165,0.));
#4382=CARTESIAN_POINT('',(72.230003000889,-82.1500039019156,4.195));
#4383=CARTESIAN_POINT('',(72.230003000889,-83.3950019424083,4.195));
#4384=CARTESIAN_POINT('',(72.230003000889,-82.1500039019156,0.));
#4385=CARTESIAN_POINT('Origin',(72.230003000889,-82.1500039019156,0.));
#4386=CARTESIAN_POINT('',(72.620003019413,-82.1500039019156,4.195));
#4387=CARTESIAN_POINT('',(71.0450015004445,-82.1500039019156,4.195));
#4388=CARTESIAN_POINT('',(72.620003019413,-82.1500039019156,0.));
#4389=CARTESIAN_POINT('Origin',(72.620003019413,-82.1500039019156,0.));
#4390=CARTESIAN_POINT('',(72.620003019413,-83.2900039560627,4.195));
#4391=CARTESIAN_POINT('',(72.620003019413,-83.5750019509578,4.195));
#4392=CARTESIAN_POINT('',(72.620003019413,-83.2900039560627,0.));
#4393=CARTESIAN_POINT('Origin',(72.230003000889,-83.2900039560627,0.));
#4394=CARTESIAN_POINT('',(72.230003000889,-83.2900039560627,4.195));
#4395=CARTESIAN_POINT('',(72.230003000889,-84.1450019780314,4.195));
#4396=CARTESIAN_POINT('',(72.230003000889,-83.2900039560627,0.));
#4397=CARTESIAN_POINT('Origin',(72.620003019413,-83.2900039560627,0.));
#4398=CARTESIAN_POINT('',(71.2400015097065,-83.2900039560627,4.195));
#4399=CARTESIAN_POINT('Origin',(69.86,-85.,4.195));
#4400=CARTESIAN_POINT('Origin',(69.86,-85.,4.195));
#4401=CARTESIAN_POINT('',(69.7098506340924,-84.57,4.195));
#4402=CARTESIAN_POINT('',(69.89,-84.7501493659076,4.195));
#4403=CARTESIAN_POINT('Origin',(69.89,-84.57,4.195));
#4404=CARTESIAN_POINT('',(69.7098506340924,-84.6588169381888,4.195));
#4405=CARTESIAN_POINT('',(73.59,-80.6898506340924,4.195));
#4406=CARTESIAN_POINT('',(71.725,-80.6898506340924,4.195));
#4407=CARTESIAN_POINT('',(73.7701493659076,-80.87,4.195));
#4408=CARTESIAN_POINT('Origin',(73.59,-80.87,4.195));
#4409=CARTESIAN_POINT('',(73.7701493659076,-84.57,4.195));
#4410=CARTESIAN_POINT('',(73.7701493659076,-80.7799253170462,4.195));
#4411=CARTESIAN_POINT('',(73.59,-84.7501493659076,4.195));
#4412=CARTESIAN_POINT('Origin',(73.59,-84.57,4.195));
#4413=CARTESIAN_POINT('',(73.575,-84.7501493659076,4.195));
#4414=CARTESIAN_POINT('Origin',(69.89,-80.47,0.));
#4415=CARTESIAN_POINT('',(69.895053405243,-80.875053405243,7.72887939127151));
#4416=CARTESIAN_POINT('',(73.59,-80.87,7.63245467509108));
#4417=CARTESIAN_POINT('',(73.584946594757,-80.875053405243,7.72887939127149));
#4418=CARTESIAN_POINT('',(73.59,-80.47,0.));
#4419=CARTESIAN_POINT('Origin',(73.59,-84.97,0.));
#4420=CARTESIAN_POINT('',(73.59,-84.57,7.63245467509108));
#4421=CARTESIAN_POINT('',(73.59,-84.97,0.));
#4422=CARTESIAN_POINT('',(73.584946594757,-84.564946594757,7.72887939127151));
#4423=CARTESIAN_POINT('',(69.89,-84.57,7.63245467509108));
#4424=CARTESIAN_POINT('',(69.895053405243,-84.564946594757,7.72887939127149));
#4425=CARTESIAN_POINT('',(69.89,-84.97,0.));
#4426=CARTESIAN_POINT('Origin',(73.59,-80.87,0.));
#4427=CARTESIAN_POINT('',(73.99,-80.87,0.));
#4428=CARTESIAN_POINT('Origin',(73.99,-80.87,0.));
#4429=CARTESIAN_POINT('',(73.99,-84.57,0.));
#4430=CARTESIAN_POINT('Origin',(73.59,-84.57,0.));
#4431=CARTESIAN_POINT('Origin',(69.49,-84.57,0.));
#4432=CARTESIAN_POINT('',(69.49,-84.57,0.));
#4433=CARTESIAN_POINT('Origin',(69.89,-84.57,0.));
#4434=CARTESIAN_POINT('Origin',(64.54,-84.97,10.));
#4435=CARTESIAN_POINT('',(60.9640777928304,-84.4459222071696,10.));
#4436=CARTESIAN_POINT('',(60.9640777928304,-80.9940777928304,10.));
#4437=CARTESIAN_POINT('',(60.9640777928304,-80.87,10.));
#4438=CARTESIAN_POINT('',(64.4159222071696,-84.4459222071696,10.));
#4439=CARTESIAN_POINT('',(60.84,-84.4459222071696,10.));
#4440=CARTESIAN_POINT('',(64.4159222071696,-80.9940777928304,10.));
#4441=CARTESIAN_POINT('',(64.4159222071696,-84.57,10.));
#4442=CARTESIAN_POINT('',(64.54,-80.9940777928304,10.));
#4443=CARTESIAN_POINT('Origin',(60.84,-80.87,0.));
#4444=CARTESIAN_POINT('',(60.84,-80.6898506340924,4.195));
#4445=CARTESIAN_POINT('',(60.6598506340924,-80.87,4.195));
#4446=CARTESIAN_POINT('Origin',(60.84,-80.87,4.195));
#4447=CARTESIAN_POINT('',(60.84,-80.87,7.63245467509108));
#4448=CARTESIAN_POINT('',(60.44,-80.87,0.));
#4449=CARTESIAN_POINT('',(60.84,-80.47,0.));
#4450=CARTESIAN_POINT('Origin',(64.54,-84.97,9.5));
#4451=CARTESIAN_POINT('',(61.4385600761879,-83.9714399238121,9.5));
#4452=CARTESIAN_POINT('',(61.4385600761879,-81.4685600761879,9.5));
#4453=CARTESIAN_POINT('',(61.4385600761879,-84.77,9.5));
#4454=CARTESIAN_POINT('',(63.9414399238121,-81.4685600761879,9.5));
#4455=CARTESIAN_POINT('',(62.69,-81.4685600761879,9.5));
#4456=CARTESIAN_POINT('',(63.9414399238121,-83.9714399238121,9.5));
#4457=CARTESIAN_POINT('',(63.9414399238121,-82.92,9.5));
#4458=CARTESIAN_POINT('',(64.54,-83.9714399238121,9.5));
#4459=CARTESIAN_POINT('',(63.74,-82.72,9.5));
#4460=CARTESIAN_POINT('Origin',(62.69,-82.72,9.5));
#4461=CARTESIAN_POINT('Origin',(64.4406852326227,-80.87,-0.0261679781214719));
#4462=CARTESIAN_POINT('',(63.9624030355253,-81.4475969644747,9.1));
#4463=CARTESIAN_POINT('',(63.9624030355253,-83.9924030355253,9.1));
#4464=CARTESIAN_POINT('',(63.9624030355253,-81.795,9.1));
#4465=CARTESIAN_POINT('',(64.4359031126587,-84.4659031126587,0.0650803065687411));
#4466=CARTESIAN_POINT('',(64.4359031126587,-80.9740968873413,0.0650803065687455));
#4467=CARTESIAN_POINT('Origin',(60.84,-80.9693147673773,-0.0261679781214719));
#4468=CARTESIAN_POINT('',(61.4175969644746,-81.4475969644747,9.1));
#4469=CARTESIAN_POINT('',(61.765,-81.4475969644747,9.1));
#4470=CARTESIAN_POINT('',(60.9440968873413,-80.9740968873413,0.0650803065687411));
#4471=CARTESIAN_POINT('Origin',(62.69,-82.72,5.195));
#4472=CARTESIAN_POINT('',(63.74,-82.72,9.1));
#4473=CARTESIAN_POINT('',(63.74,-82.72,5.195));
#4474=CARTESIAN_POINT('',(63.180003000889,-81.7913466421103,9.1));
#4475=CARTESIAN_POINT('Origin',(62.69,-82.72,9.1));
#4476=CARTESIAN_POINT('',(63.180003000889,-81.7913466421103,4.195));
#4477=CARTESIAN_POINT('',(63.180003000889,-81.7913466421103,5.195));
#4478=CARTESIAN_POINT('',(63.1774497161182,-81.7900038848165,4.195));
#4479=CARTESIAN_POINT('Origin',(62.69,-82.72,4.195));
#4480=CARTESIAN_POINT('',(63.1774497161182,-81.7900038848165,9.1));
#4481=CARTESIAN_POINT('',(63.1774497161182,-81.7900038848165,5.195));
#4482=CARTESIAN_POINT('',(62.2025502838818,-81.7900038848165,9.1));
#4483=CARTESIAN_POINT('Origin',(62.69,-82.72,9.1));
#4484=CARTESIAN_POINT('',(62.2025502838818,-81.7900038848165,4.195));
#4485=CARTESIAN_POINT('',(62.2025502838818,-81.7900038848165,5.195));
#4486=CARTESIAN_POINT('',(62.2000029543415,-81.7913434998634,4.195));
#4487=CARTESIAN_POINT('Origin',(62.69,-82.72,4.195));
#4488=CARTESIAN_POINT('',(62.2000029543415,-81.7913434998634,9.1));
#4489=CARTESIAN_POINT('',(62.2000029543415,-81.7913434998634,5.195));
#4490=CARTESIAN_POINT('',(62.2000029543415,-83.6486565001366,9.1));
#4491=CARTESIAN_POINT('Origin',(62.69,-82.72,9.1));
#4492=CARTESIAN_POINT('',(62.2000029543415,-83.6486565001366,4.195));
#4493=CARTESIAN_POINT('',(62.2000029543415,-83.6486565001366,5.195));
#4494=CARTESIAN_POINT('',(62.2025652762643,-83.6500039731618,4.195));
#4495=CARTESIAN_POINT('Origin',(62.69,-82.72,4.195));
#4496=CARTESIAN_POINT('',(62.2025652762643,-83.6500039731618,9.1));
#4497=CARTESIAN_POINT('',(62.2025652762643,-83.6500039731618,5.195));
#4498=CARTESIAN_POINT('',(63.1774347237357,-83.6500039731618,9.1));
#4499=CARTESIAN_POINT('Origin',(62.69,-82.72,9.1));
#4500=CARTESIAN_POINT('',(63.1774347237357,-83.6500039731618,4.195));
#4501=CARTESIAN_POINT('',(63.1774347237357,-83.6500039731618,5.195));
#4502=CARTESIAN_POINT('',(63.180003000889,-83.6486533578897,4.195));
#4503=CARTESIAN_POINT('Origin',(62.69,-82.72,4.195));
#4504=CARTESIAN_POINT('',(63.180003000889,-83.6486533578897,9.1));
#4505=CARTESIAN_POINT('',(63.180003000889,-83.6486533578897,5.195));
#4506=CARTESIAN_POINT('Origin',(62.69,-82.72,9.1));
#4507=CARTESIAN_POINT('Origin',(60.9393147673773,-84.57,-0.0261679781214719));
#4508=CARTESIAN_POINT('',(61.4175969644746,-83.9924030355254,9.1));
#4509=CARTESIAN_POINT('',(61.4175969644746,-83.645,9.1));
#4510=CARTESIAN_POINT('',(60.9440968873413,-84.4659031126587,0.0650803065687433));
#4511=CARTESIAN_POINT('Origin',(64.54,-84.4706852326227,-0.0261679781214719));
#4512=CARTESIAN_POINT('',(63.615,-83.9924030355253,9.1));
#4513=CARTESIAN_POINT('Origin',(62.69,-82.72,9.1));
#4514=CARTESIAN_POINT('',(62.2000029543415,-83.6500039731618,9.1));
#4515=CARTESIAN_POINT('Origin',(64.439313827001,-80.970686172999,0.));
#4516=CARTESIAN_POINT('',(60.940686172999,-80.970686172999,4.195));
#4517=CARTESIAN_POINT('',(64.439313827001,-80.970686172999,4.195));
#4518=CARTESIAN_POINT('',(62.6246569135005,-80.970686172999,4.195));
#4519=CARTESIAN_POINT('',(64.439313827001,-80.970686172999,9.1));
#4520=CARTESIAN_POINT('',(64.439313827001,-80.970686172999,0.));
#4521=CARTESIAN_POINT('',(60.940686172999,-80.970686172999,9.1));
#4522=CARTESIAN_POINT('',(64.439313827001,-80.970686172999,9.1));
#4523=CARTESIAN_POINT('',(60.940686172999,-80.970686172999,0.));
#4524=CARTESIAN_POINT('Origin',(60.940686172999,-80.970686172999,0.));
#4525=CARTESIAN_POINT('',(60.940686172999,-84.469313827001,4.195));
#4526=CARTESIAN_POINT('',(60.940686172999,-82.9853430864995,4.195));
#4527=CARTESIAN_POINT('',(60.940686172999,-84.469313827001,9.1));
#4528=CARTESIAN_POINT('',(60.940686172999,-80.970686172999,9.1));
#4529=CARTESIAN_POINT('',(60.940686172999,-84.469313827001,0.));
#4530=CARTESIAN_POINT('Origin',(62.2000029543415,-83.2900039560627,0.));
#4531=CARTESIAN_POINT('',(61.8100029358175,-83.2900039560627,4.195));
#4532=CARTESIAN_POINT('',(62.2000029543415,-83.2900039560627,4.195));
#4533=CARTESIAN_POINT('',(61.5050014771707,-83.2900039560627,4.195));
#4534=CARTESIAN_POINT('',(62.2000029543415,-83.2900039560627,9.1));
#4535=CARTESIAN_POINT('',(62.2000029543415,-83.2900039560627,0.));
#4536=CARTESIAN_POINT('',(61.8100029358175,-83.2900039560627,9.1));
#4537=CARTESIAN_POINT('',(62.2000029543415,-83.2900039560627,9.1));
#4538=CARTESIAN_POINT('',(61.8100029358175,-83.2900039560627,0.));
#4539=CARTESIAN_POINT('Origin',(61.8100029358175,-83.2900039560627,0.));
#4540=CARTESIAN_POINT('',(61.8100029358175,-82.1500039019156,4.195));
#4541=CARTESIAN_POINT('',(61.8100029358175,-84.1450019780314,4.195));
#4542=CARTESIAN_POINT('',(61.8100029358175,-82.1500039019156,9.1));
#4543=CARTESIAN_POINT('',(61.8100029358175,-83.2900039560627,9.1));
#4544=CARTESIAN_POINT('',(61.8100029358175,-82.1500039019156,0.));
#4545=CARTESIAN_POINT('Origin',(61.8100029358175,-82.1500039019156,0.));
#4546=CARTESIAN_POINT('',(62.2000029543415,-82.1500039019156,4.195));
#4547=CARTESIAN_POINT('',(61.3100014679087,-82.1500039019156,4.195));
#4548=CARTESIAN_POINT('',(62.2000029543415,-82.1500039019156,9.1));
#4549=CARTESIAN_POINT('',(61.8100029358175,-82.1500039019156,9.1));
#4550=CARTESIAN_POINT('',(62.2000029543415,-82.1500039019156,0.));
#4551=CARTESIAN_POINT('Origin',(62.2000029543415,-82.1500039019156,0.));
#4552=CARTESIAN_POINT('',(62.2000029543415,-83.5750019509578,4.195));
#4553=CARTESIAN_POINT('',(62.2000029543415,-81.7900038848165,9.1));
#4554=CARTESIAN_POINT('Origin',(62.69,-82.72,9.1));
#4555=CARTESIAN_POINT('',(64.439313827001,-84.469313827001,9.1));
#4556=CARTESIAN_POINT('',(60.940686172999,-84.469313827001,9.1));
#4557=CARTESIAN_POINT('',(64.439313827001,-84.469313827001,9.1));
#4558=CARTESIAN_POINT('Origin',(62.69,-82.72,9.1));
#4559=CARTESIAN_POINT('',(63.180003000889,-81.7900038848165,9.1));
#4560=CARTESIAN_POINT('Origin',(62.69,-82.72,9.1));
#4561=CARTESIAN_POINT('',(62.2000029543415,-83.2900039560627,9.1));
#4562=CARTESIAN_POINT('Origin',(62.69,-82.72,9.1));
#4563=CARTESIAN_POINT('',(63.180003000889,-83.2900039560627,9.1));
#4564=CARTESIAN_POINT('',(63.180003000889,-83.6500039731618,9.1));
#4565=CARTESIAN_POINT('',(63.570003019413,-83.2900039560627,9.1));
#4566=CARTESIAN_POINT('',(63.570003019413,-83.2900039560627,9.1));
#4567=CARTESIAN_POINT('',(63.570003019413,-82.1500039019156,9.1));
#4568=CARTESIAN_POINT('',(63.570003019413,-82.1500039019156,9.1));
#4569=CARTESIAN_POINT('',(63.180003000889,-82.1500039019156,9.1));
#4570=CARTESIAN_POINT('',(63.180003000889,-82.1500039019156,9.1));
#4571=CARTESIAN_POINT('',(63.180003000889,-82.1500039019156,9.1));
#4572=CARTESIAN_POINT('Origin',(62.2000029543415,-83.6500039731618,0.));
#4573=CARTESIAN_POINT('',(62.2000029543415,-84.3250019865809,4.195));
#4574=CARTESIAN_POINT('Origin',(63.180003000889,-83.6500039731618,0.));
#4575=CARTESIAN_POINT('',(61.9950015004445,-83.6500039731618,4.195));
#4576=CARTESIAN_POINT('Origin',(64.439313827001,-84.469313827001,0.));
#4577=CARTESIAN_POINT('',(64.439313827001,-84.469313827001,4.195));
#4578=CARTESIAN_POINT('',(64.439313827001,-84.7346569135005,4.195));
#4579=CARTESIAN_POINT('',(64.439313827001,-84.469313827001,0.));
#4580=CARTESIAN_POINT('Origin',(60.940686172999,-84.469313827001,0.));
#4581=CARTESIAN_POINT('',(60.8753430864995,-84.469313827001,4.195));
#4582=CARTESIAN_POINT('Origin',(62.2000029543415,-81.7900038848165,0.));
#4583=CARTESIAN_POINT('',(61.5050014771707,-81.7900038848165,4.195));
#4584=CARTESIAN_POINT('Origin',(63.180003000889,-81.7900038848165,0.));
#4585=CARTESIAN_POINT('',(63.180003000889,-82.1500039019156,4.195));
#4586=CARTESIAN_POINT('',(63.180003000889,-83.3950019424083,4.195));
#4587=CARTESIAN_POINT('',(63.180003000889,-82.1500039019156,0.));
#4588=CARTESIAN_POINT('Origin',(63.180003000889,-82.1500039019156,0.));
#4589=CARTESIAN_POINT('',(63.570003019413,-82.1500039019156,4.195));
#4590=CARTESIAN_POINT('',(61.9950015004445,-82.1500039019156,4.195));
#4591=CARTESIAN_POINT('',(63.570003019413,-82.1500039019156,0.));
#4592=CARTESIAN_POINT('Origin',(63.570003019413,-82.1500039019156,0.));
#4593=CARTESIAN_POINT('',(63.570003019413,-83.2900039560627,4.195));
#4594=CARTESIAN_POINT('',(63.570003019413,-83.5750019509578,4.195));
#4595=CARTESIAN_POINT('',(63.570003019413,-83.2900039560627,0.));
#4596=CARTESIAN_POINT('Origin',(63.180003000889,-83.2900039560627,0.));
#4597=CARTESIAN_POINT('',(63.180003000889,-83.2900039560627,4.195));
#4598=CARTESIAN_POINT('',(63.180003000889,-84.1450019780314,4.195));
#4599=CARTESIAN_POINT('',(63.180003000889,-83.2900039560627,0.));
#4600=CARTESIAN_POINT('Origin',(63.570003019413,-83.2900039560627,0.));
#4601=CARTESIAN_POINT('',(62.1900015097065,-83.2900039560627,4.195));
#4602=CARTESIAN_POINT('Origin',(60.81,-85.,4.195));
#4603=CARTESIAN_POINT('Origin',(60.81,-85.,4.195));
#4604=CARTESIAN_POINT('',(60.6598506340924,-84.57,4.195));
#4605=CARTESIAN_POINT('',(60.84,-84.7501493659076,4.195));
#4606=CARTESIAN_POINT('Origin',(60.84,-84.57,4.195));
#4607=CARTESIAN_POINT('',(60.6598506340924,-84.6588169381888,4.195));
#4608=CARTESIAN_POINT('',(64.54,-80.6898506340924,4.195));
#4609=CARTESIAN_POINT('',(62.675,-80.6898506340924,4.195));
#4610=CARTESIAN_POINT('',(64.7201493659076,-80.87,4.195));
#4611=CARTESIAN_POINT('Origin',(64.54,-80.87,4.195));
#4612=CARTESIAN_POINT('',(64.7201493659076,-84.57,4.195));
#4613=CARTESIAN_POINT('',(64.7201493659076,-80.7799253170462,4.195));
#4614=CARTESIAN_POINT('',(64.54,-84.7501493659076,4.195));
#4615=CARTESIAN_POINT('Origin',(64.54,-84.57,4.195));
#4616=CARTESIAN_POINT('',(64.525,-84.7501493659076,4.195));
#4617=CARTESIAN_POINT('Origin',(60.84,-80.47,0.));
#4618=CARTESIAN_POINT('',(60.845053405243,-80.875053405243,7.72887939127151));
#4619=CARTESIAN_POINT('',(64.54,-80.87,7.63245467509108));
#4620=CARTESIAN_POINT('',(64.534946594757,-80.875053405243,7.72887939127149));
#4621=CARTESIAN_POINT('',(64.54,-80.47,0.));
#4622=CARTESIAN_POINT('Origin',(64.54,-84.97,0.));
#4623=CARTESIAN_POINT('',(64.54,-84.57,7.63245467509108));
#4624=CARTESIAN_POINT('',(64.54,-84.97,0.));
#4625=CARTESIAN_POINT('',(64.534946594757,-84.564946594757,7.72887939127151));
#4626=CARTESIAN_POINT('',(60.84,-84.57,7.63245467509108));
#4627=CARTESIAN_POINT('',(60.845053405243,-84.564946594757,7.72887939127149));
#4628=CARTESIAN_POINT('',(60.84,-84.97,0.));
#4629=CARTESIAN_POINT('Origin',(64.54,-80.87,0.));
#4630=CARTESIAN_POINT('',(64.94,-80.87,0.));
#4631=CARTESIAN_POINT('Origin',(64.94,-80.87,0.));
#4632=CARTESIAN_POINT('',(64.94,-84.57,0.));
#4633=CARTESIAN_POINT('Origin',(64.54,-84.57,0.));
#4634=CARTESIAN_POINT('Origin',(60.44,-84.57,0.));
#4635=CARTESIAN_POINT('',(60.44,-84.57,0.));
#4636=CARTESIAN_POINT('Origin',(60.84,-84.57,0.));
#4637=UNCERTAINTY_MEASURE_WITH_UNIT(LENGTH_MEASURE(0.01),#4641,
'DISTANCE_ACCURACY_VALUE',
'Maximum model space distance between geometric entities at asserted c
onnectivities');
#4638=UNCERTAINTY_MEASURE_WITH_UNIT(LENGTH_MEASURE(0.01),#4641,
'DISTANCE_ACCURACY_VALUE',
'Maximum model space distance between geometric entities at asserted c
onnectivities');
#4639=(
GEOMETRIC_REPRESENTATION_CONTEXT(3)
GLOBAL_UNCERTAINTY_ASSIGNED_CONTEXT((#4637))
GLOBAL_UNIT_ASSIGNED_CONTEXT((#4641,#4643,#4644))
REPRESENTATION_CONTEXT('','3D')
);
#4640=(
GEOMETRIC_REPRESENTATION_CONTEXT(3)
GLOBAL_UNCERTAINTY_ASSIGNED_CONTEXT((#4638))
GLOBAL_UNIT_ASSIGNED_CONTEXT((#4641,#4643,#4644))
REPRESENTATION_CONTEXT('','3D')
);
#4641=(
LENGTH_UNIT()
NAMED_UNIT(*)
SI_UNIT(.MILLI.,.METRE.)
);
#4642=(
LENGTH_UNIT()
NAMED_UNIT(*)
SI_UNIT($,.METRE.)
);
#4643=(
NAMED_UNIT(*)
PLANE_ANGLE_UNIT()
SI_UNIT($,.RADIAN.)
);
#4644=(
NAMED_UNIT(*)
SI_UNIT($,.STERADIAN.)
SOLID_ANGLE_UNIT()
);
#4645=SHAPE_DEFINITION_REPRESENTATION(#4646,#4647);
#4646=PRODUCT_DEFINITION_SHAPE('',$,#4649);
#4647=SHAPE_REPRESENTATION('',(#2857),#4639);
#4648=PRODUCT_DEFINITION_CONTEXT('part definition',#4653,'design');
#4649=PRODUCT_DEFINITION('2026-06-05-14-59-16-187',
'new-tamagotchi-keycaps',#4650,#4648);
#4650=PRODUCT_DEFINITION_FORMATION('',$,#4655);
#4651=PRODUCT_RELATED_PRODUCT_CATEGORY('new-tamagotchi-keycaps',
'new-tamagotchi-keycaps',(#4655));
#4652=APPLICATION_PROTOCOL_DEFINITION('international standard',
'automotive_design',2009,#4653);
#4653=APPLICATION_CONTEXT(
'Core Data for Automotive Mechanical Design Process');
#4654=PRODUCT_CONTEXT('part definition',#4653,'mechanical');
#4655=PRODUCT('2026-06-05-14-59-16-187','new-tamagotchi-keycaps',$,(#4654));
#4656=PRESENTATION_STYLE_ASSIGNMENT((#4658));
#4657=PRESENTATION_STYLE_ASSIGNMENT((#4659));
#4658=SURFACE_STYLE_USAGE(.BOTH.,#4660);
#4659=SURFACE_STYLE_USAGE(.BOTH.,#4661);
#4660=SURFACE_SIDE_STYLE('',(#4662));
#4661=SURFACE_SIDE_STYLE('',(#4663));
#4662=SURFACE_STYLE_FILL_AREA(#4664);
#4663=SURFACE_STYLE_FILL_AREA(#4665);
#4664=FILL_AREA_STYLE('Steel - Satin',(#4666));
#4665=FILL_AREA_STYLE('Powder Coat (Blue) (2)',(#4667));
#4666=FILL_AREA_STYLE_COLOUR('Steel - Satin',#4668);
#4667=FILL_AREA_STYLE_COLOUR('Powder Coat (Blue) (2)',#4669);
#4668=COLOUR_RGB('Steel - Satin',0.627450980392157,0.627450980392157,0.627450980392157);
#4669=COLOUR_RGB('Powder Coat (Blue) (2)',0.,0.,0.);
ENDSEC;
END-ISO-10303-21;
