ISO-10303-21;
HEADER;
/* Generated by software containing ST-Developer
 * from STEP Tools, Inc. (www.steptools.com) 
 */

FILE_DESCRIPTION(
/* description */ (''),
/* implementation_level */ '2;1');

FILE_NAME(
/* name */ 'tamagotchi-bottom-case.step',
/* time_stamp */ '2026-06-09T19:50:02+05:30',
/* author */ (''),
/* organization */ (''),
/* preprocessor_version */ 'ST-DEVELOPER v20.1',
/* originating_system */ 'Autodesk Translation Framework v15.8.0.0',
/* authorisation */ '');

FILE_SCHEMA (('AUTOMOTIVE_DESIGN { 1 0 10303 214 3 1 1 }'));
ENDSEC;

DATA;
#10=MECHANICAL_DESIGN_GEOMETRIC_PRESENTATION_REPRESENTATION('',(#13),#10306);
#11=SHAPE_REPRESENTATION_RELATIONSHIP('SRR','None',#10313,#12);
#12=ADVANCED_BREP_SHAPE_REPRESENTATION('',(#14),#10305);
#13=STYLED_ITEM('',(#10323),#14);
#14=MANIFOLD_SOLID_BREP('Sides',#6462);
#15=FACE_BOUND('',#688,.T.);
#16=FACE_BOUND('',#689,.T.);
#17=FACE_BOUND('',#690,.T.);
#18=FACE_BOUND('',#691,.T.);
#19=FACE_BOUND('',#692,.T.);
#20=FACE_BOUND('',#693,.T.);
#21=FACE_BOUND('',#694,.T.);
#22=FACE_BOUND('',#695,.T.);
#23=FACE_BOUND('',#696,.T.);
#24=FACE_BOUND('',#697,.T.);
#25=FACE_BOUND('',#698,.T.);
#26=FACE_BOUND('',#699,.T.);
#27=FACE_BOUND('',#700,.T.);
#28=FACE_BOUND('',#701,.T.);
#29=FACE_BOUND('',#702,.T.);
#30=FACE_BOUND('',#704,.T.);
#31=FACE_BOUND('',#705,.T.);
#32=FACE_BOUND('',#706,.T.);
#33=FACE_BOUND('',#707,.T.);
#34=FACE_BOUND('',#708,.T.);
#35=FACE_BOUND('',#709,.T.);
#36=FACE_BOUND('',#710,.T.);
#37=FACE_BOUND('',#711,.T.);
#38=FACE_BOUND('',#712,.T.);
#39=FACE_BOUND('',#713,.T.);
#40=FACE_BOUND('',#714,.T.);
#41=FACE_BOUND('',#715,.T.);
#42=FACE_BOUND('',#716,.T.);
#43=FACE_BOUND('',#717,.T.);
#44=FACE_BOUND('',#718,.T.);
#45=FACE_BOUND('',#744,.T.);
#46=FACE_BOUND('',#745,.T.);
#47=FACE_BOUND('',#746,.T.);
#48=FACE_BOUND('',#747,.T.);
#49=FACE_BOUND('',#748,.T.);
#50=FACE_BOUND('',#749,.T.);
#51=FACE_BOUND('',#861,.T.);
#52=FACE_BOUND('',#992,.T.);
#53=PLANE('',#6482);
#54=PLANE('',#6483);
#55=PLANE('',#6493);
#56=PLANE('',#6494);
#57=PLANE('',#6501);
#58=PLANE('',#6502);
#59=PLANE('',#6509);
#60=PLANE('',#6510);
#61=PLANE('',#6517);
#62=PLANE('',#6518);
#63=PLANE('',#6525);
#64=PLANE('',#6526);
#65=PLANE('',#6530);
#66=PLANE('',#6531);
#67=PLANE('',#6538);
#68=PLANE('',#6539);
#69=PLANE('',#6546);
#70=PLANE('',#6547);
#71=PLANE('',#6551);
#72=PLANE('',#6552);
#73=PLANE('',#6559);
#74=PLANE('',#6563);
#75=PLANE('',#6567);
#76=PLANE('',#6568);
#77=PLANE('',#6573);
#78=PLANE('',#6577);
#79=PLANE('',#6581);
#80=PLANE('',#6585);
#81=PLANE('',#6589);
#82=PLANE('',#6593);
#83=PLANE('',#6597);
#84=PLANE('',#6601);
#85=PLANE('',#6605);
#86=PLANE('',#6606);
#87=PLANE('',#6607);
#88=PLANE('',#6608);
#89=PLANE('',#6609);
#90=PLANE('',#6610);
#91=PLANE('',#6611);
#92=PLANE('',#6612);
#93=PLANE('',#6613);
#94=PLANE('',#6614);
#95=PLANE('',#6615);
#96=PLANE('',#6616);
#97=PLANE('',#6617);
#98=PLANE('',#6618);
#99=PLANE('',#6619);
#100=PLANE('',#6620);
#101=PLANE('',#6621);
#102=PLANE('',#6622);
#103=PLANE('',#6623);
#104=PLANE('',#6624);
#105=PLANE('',#6625);
#106=PLANE('',#6626);
#107=PLANE('',#6627);
#108=PLANE('',#6628);
#109=PLANE('',#6629);
#110=PLANE('',#6630);
#111=PLANE('',#6631);
#112=PLANE('',#6632);
#113=PLANE('',#6633);
#114=PLANE('',#6634);
#115=PLANE('',#6635);
#116=PLANE('',#6636);
#117=PLANE('',#6637);
#118=PLANE('',#6638);
#119=PLANE('',#6639);
#120=PLANE('',#6640);
#121=PLANE('',#6641);
#122=PLANE('',#6642);
#123=PLANE('',#6643);
#124=PLANE('',#6644);
#125=PLANE('',#6645);
#126=PLANE('',#6646);
#127=PLANE('',#6647);
#128=PLANE('',#6648);
#129=PLANE('',#6649);
#130=PLANE('',#6650);
#131=PLANE('',#6651);
#132=PLANE('',#6652);
#133=PLANE('',#6653);
#134=PLANE('',#6654);
#135=PLANE('',#6655);
#136=PLANE('',#6656);
#137=PLANE('',#6657);
#138=PLANE('',#6658);
#139=PLANE('',#6659);
#140=PLANE('',#6660);
#141=PLANE('',#6661);
#142=PLANE('',#6662);
#143=PLANE('',#6663);
#144=PLANE('',#6664);
#145=PLANE('',#6665);
#146=PLANE('',#6666);
#147=PLANE('',#6667);
#148=PLANE('',#6668);
#149=PLANE('',#6669);
#150=PLANE('',#6670);
#151=PLANE('',#6671);
#152=PLANE('',#6672);
#153=PLANE('',#6673);
#154=PLANE('',#6674);
#155=PLANE('',#6675);
#156=PLANE('',#6676);
#157=PLANE('',#6677);
#158=PLANE('',#6678);
#159=PLANE('',#6679);
#160=PLANE('',#6680);
#161=PLANE('',#6681);
#162=PLANE('',#6682);
#163=PLANE('',#6683);
#164=PLANE('',#6684);
#165=PLANE('',#6685);
#166=PLANE('',#6686);
#167=PLANE('',#6687);
#168=PLANE('',#6688);
#169=PLANE('',#6689);
#170=PLANE('',#6690);
#171=PLANE('',#6691);
#172=PLANE('',#6692);
#173=PLANE('',#6693);
#174=PLANE('',#6694);
#175=PLANE('',#6695);
#176=PLANE('',#6696);
#177=PLANE('',#6697);
#178=PLANE('',#6698);
#179=PLANE('',#6699);
#180=PLANE('',#6700);
#181=PLANE('',#6701);
#182=PLANE('',#6702);
#183=PLANE('',#6703);
#184=PLANE('',#6704);
#185=PLANE('',#6705);
#186=PLANE('',#6706);
#187=PLANE('',#6707);
#188=PLANE('',#6708);
#189=PLANE('',#6709);
#190=PLANE('',#6710);
#191=PLANE('',#6711);
#192=PLANE('',#6712);
#193=PLANE('',#6713);
#194=PLANE('',#6714);
#195=PLANE('',#6715);
#196=PLANE('',#6716);
#197=PLANE('',#6717);
#198=PLANE('',#6718);
#199=PLANE('',#6719);
#200=PLANE('',#6720);
#201=PLANE('',#6721);
#202=PLANE('',#6722);
#203=PLANE('',#6723);
#204=PLANE('',#6724);
#205=PLANE('',#6725);
#206=PLANE('',#6726);
#207=PLANE('',#6727);
#208=PLANE('',#6728);
#209=PLANE('',#6729);
#210=PLANE('',#6730);
#211=PLANE('',#6731);
#212=PLANE('',#6734);
#213=PLANE('',#6735);
#214=PLANE('',#6736);
#215=PLANE('',#6737);
#216=PLANE('',#6738);
#217=PLANE('',#6739);
#218=PLANE('',#6740);
#219=PLANE('',#6741);
#220=PLANE('',#6742);
#221=PLANE('',#6743);
#222=PLANE('',#6744);
#223=PLANE('',#6745);
#224=PLANE('',#6746);
#225=PLANE('',#6747);
#226=PLANE('',#6748);
#227=PLANE('',#6749);
#228=PLANE('',#6750);
#229=PLANE('',#6751);
#230=PLANE('',#6752);
#231=PLANE('',#6753);
#232=PLANE('',#6754);
#233=PLANE('',#6755);
#234=PLANE('',#6756);
#235=PLANE('',#6757);
#236=PLANE('',#6758);
#237=PLANE('',#6759);
#238=PLANE('',#6760);
#239=PLANE('',#6761);
#240=PLANE('',#6762);
#241=PLANE('',#6763);
#242=PLANE('',#6764);
#243=PLANE('',#6765);
#244=PLANE('',#6766);
#245=PLANE('',#6767);
#246=PLANE('',#6768);
#247=PLANE('',#6769);
#248=PLANE('',#6770);
#249=PLANE('',#6771);
#250=PLANE('',#6772);
#251=PLANE('',#6773);
#252=PLANE('',#6774);
#253=PLANE('',#6775);
#254=PLANE('',#6776);
#255=PLANE('',#6777);
#256=PLANE('',#6778);
#257=PLANE('',#6779);
#258=PLANE('',#6780);
#259=PLANE('',#6781);
#260=PLANE('',#6782);
#261=PLANE('',#6783);
#262=PLANE('',#6784);
#263=PLANE('',#6785);
#264=PLANE('',#6786);
#265=PLANE('',#6787);
#266=PLANE('',#6788);
#267=PLANE('',#6789);
#268=PLANE('',#6790);
#269=PLANE('',#6791);
#270=PLANE('',#6792);
#271=PLANE('',#6793);
#272=PLANE('',#6794);
#273=PLANE('',#6795);
#274=PLANE('',#6796);
#275=PLANE('',#6797);
#276=PLANE('',#6798);
#277=PLANE('',#6799);
#278=PLANE('',#6800);
#279=PLANE('',#6801);
#280=PLANE('',#6802);
#281=PLANE('',#6803);
#282=PLANE('',#6804);
#283=PLANE('',#6805);
#284=PLANE('',#6806);
#285=PLANE('',#6807);
#286=PLANE('',#6808);
#287=PLANE('',#6809);
#288=PLANE('',#6810);
#289=PLANE('',#6811);
#290=PLANE('',#6812);
#291=PLANE('',#6813);
#292=PLANE('',#6814);
#293=PLANE('',#6815);
#294=PLANE('',#6816);
#295=PLANE('',#6817);
#296=PLANE('',#6818);
#297=PLANE('',#6819);
#298=PLANE('',#6820);
#299=PLANE('',#6821);
#300=PLANE('',#6822);
#301=PLANE('',#6823);
#302=PLANE('',#6824);
#303=PLANE('',#6825);
#304=PLANE('',#6826);
#305=PLANE('',#6827);
#306=PLANE('',#6828);
#307=PLANE('',#6829);
#308=PLANE('',#6830);
#309=PLANE('',#6831);
#310=PLANE('',#6832);
#311=PLANE('',#6833);
#312=PLANE('',#6834);
#313=PLANE('',#6835);
#314=PLANE('',#6836);
#315=PLANE('',#6837);
#316=PLANE('',#6838);
#317=PLANE('',#6839);
#318=PLANE('',#6840);
#319=PLANE('',#6841);
#320=PLANE('',#6842);
#321=PLANE('',#6843);
#322=PLANE('',#6844);
#323=PLANE('',#6845);
#324=PLANE('',#6846);
#325=PLANE('',#6847);
#326=PLANE('',#6848);
#327=PLANE('',#6849);
#328=PLANE('',#6850);
#329=PLANE('',#6851);
#330=PLANE('',#6852);
#331=PLANE('',#6853);
#332=PLANE('',#6854);
#333=FACE_OUTER_BOUND('',#646,.T.);
#334=FACE_OUTER_BOUND('',#647,.T.);
#335=FACE_OUTER_BOUND('',#648,.T.);
#336=FACE_OUTER_BOUND('',#649,.T.);
#337=FACE_OUTER_BOUND('',#650,.T.);
#338=FACE_OUTER_BOUND('',#651,.T.);
#339=FACE_OUTER_BOUND('',#652,.T.);
#340=FACE_OUTER_BOUND('',#653,.T.);
#341=FACE_OUTER_BOUND('',#654,.T.);
#342=FACE_OUTER_BOUND('',#655,.T.);
#343=FACE_OUTER_BOUND('',#656,.T.);
#344=FACE_OUTER_BOUND('',#657,.T.);
#345=FACE_OUTER_BOUND('',#658,.T.);
#346=FACE_OUTER_BOUND('',#659,.T.);
#347=FACE_OUTER_BOUND('',#660,.T.);
#348=FACE_OUTER_BOUND('',#661,.T.);
#349=FACE_OUTER_BOUND('',#662,.T.);
#350=FACE_OUTER_BOUND('',#663,.T.);
#351=FACE_OUTER_BOUND('',#664,.T.);
#352=FACE_OUTER_BOUND('',#665,.T.);
#353=FACE_OUTER_BOUND('',#666,.T.);
#354=FACE_OUTER_BOUND('',#667,.T.);
#355=FACE_OUTER_BOUND('',#668,.T.);
#356=FACE_OUTER_BOUND('',#669,.T.);
#357=FACE_OUTER_BOUND('',#670,.T.);
#358=FACE_OUTER_BOUND('',#671,.T.);
#359=FACE_OUTER_BOUND('',#672,.T.);
#360=FACE_OUTER_BOUND('',#673,.T.);
#361=FACE_OUTER_BOUND('',#674,.T.);
#362=FACE_OUTER_BOUND('',#675,.T.);
#363=FACE_OUTER_BOUND('',#676,.T.);
#364=FACE_OUTER_BOUND('',#677,.T.);
#365=FACE_OUTER_BOUND('',#678,.T.);
#366=FACE_OUTER_BOUND('',#679,.T.);
#367=FACE_OUTER_BOUND('',#680,.T.);
#368=FACE_OUTER_BOUND('',#681,.T.);
#369=FACE_OUTER_BOUND('',#682,.T.);
#370=FACE_OUTER_BOUND('',#683,.T.);
#371=FACE_OUTER_BOUND('',#684,.T.);
#372=FACE_OUTER_BOUND('',#685,.T.);
#373=FACE_OUTER_BOUND('',#686,.T.);
#374=FACE_OUTER_BOUND('',#687,.T.);
#375=FACE_OUTER_BOUND('',#703,.T.);
#376=FACE_OUTER_BOUND('',#719,.T.);
#377=FACE_OUTER_BOUND('',#720,.T.);
#378=FACE_OUTER_BOUND('',#721,.T.);
#379=FACE_OUTER_BOUND('',#722,.T.);
#380=FACE_OUTER_BOUND('',#723,.T.);
#381=FACE_OUTER_BOUND('',#724,.T.);
#382=FACE_OUTER_BOUND('',#725,.T.);
#383=FACE_OUTER_BOUND('',#726,.T.);
#384=FACE_OUTER_BOUND('',#727,.T.);
#385=FACE_OUTER_BOUND('',#728,.T.);
#386=FACE_OUTER_BOUND('',#729,.T.);
#387=FACE_OUTER_BOUND('',#730,.T.);
#388=FACE_OUTER_BOUND('',#731,.T.);
#389=FACE_OUTER_BOUND('',#732,.T.);
#390=FACE_OUTER_BOUND('',#733,.T.);
#391=FACE_OUTER_BOUND('',#734,.T.);
#392=FACE_OUTER_BOUND('',#735,.T.);
#393=FACE_OUTER_BOUND('',#736,.T.);
#394=FACE_OUTER_BOUND('',#737,.T.);
#395=FACE_OUTER_BOUND('',#738,.T.);
#396=FACE_OUTER_BOUND('',#739,.T.);
#397=FACE_OUTER_BOUND('',#740,.T.);
#398=FACE_OUTER_BOUND('',#741,.T.);
#399=FACE_OUTER_BOUND('',#742,.T.);
#400=FACE_OUTER_BOUND('',#743,.T.);
#401=FACE_OUTER_BOUND('',#750,.T.);
#402=FACE_OUTER_BOUND('',#751,.T.);
#403=FACE_OUTER_BOUND('',#752,.T.);
#404=FACE_OUTER_BOUND('',#753,.T.);
#405=FACE_OUTER_BOUND('',#754,.T.);
#406=FACE_OUTER_BOUND('',#755,.T.);
#407=FACE_OUTER_BOUND('',#756,.T.);
#408=FACE_OUTER_BOUND('',#757,.T.);
#409=FACE_OUTER_BOUND('',#758,.T.);
#410=FACE_OUTER_BOUND('',#759,.T.);
#411=FACE_OUTER_BOUND('',#760,.T.);
#412=FACE_OUTER_BOUND('',#761,.T.);
#413=FACE_OUTER_BOUND('',#762,.T.);
#414=FACE_OUTER_BOUND('',#763,.T.);
#415=FACE_OUTER_BOUND('',#764,.T.);
#416=FACE_OUTER_BOUND('',#765,.T.);
#417=FACE_OUTER_BOUND('',#766,.T.);
#418=FACE_OUTER_BOUND('',#767,.T.);
#419=FACE_OUTER_BOUND('',#768,.T.);
#420=FACE_OUTER_BOUND('',#769,.T.);
#421=FACE_OUTER_BOUND('',#770,.T.);
#422=FACE_OUTER_BOUND('',#771,.T.);
#423=FACE_OUTER_BOUND('',#772,.T.);
#424=FACE_OUTER_BOUND('',#773,.T.);
#425=FACE_OUTER_BOUND('',#774,.T.);
#426=FACE_OUTER_BOUND('',#775,.T.);
#427=FACE_OUTER_BOUND('',#776,.T.);
#428=FACE_OUTER_BOUND('',#777,.T.);
#429=FACE_OUTER_BOUND('',#778,.T.);
#430=FACE_OUTER_BOUND('',#779,.T.);
#431=FACE_OUTER_BOUND('',#780,.T.);
#432=FACE_OUTER_BOUND('',#781,.T.);
#433=FACE_OUTER_BOUND('',#782,.T.);
#434=FACE_OUTER_BOUND('',#783,.T.);
#435=FACE_OUTER_BOUND('',#784,.T.);
#436=FACE_OUTER_BOUND('',#785,.T.);
#437=FACE_OUTER_BOUND('',#786,.T.);
#438=FACE_OUTER_BOUND('',#787,.T.);
#439=FACE_OUTER_BOUND('',#788,.T.);
#440=FACE_OUTER_BOUND('',#789,.T.);
#441=FACE_OUTER_BOUND('',#790,.T.);
#442=FACE_OUTER_BOUND('',#791,.T.);
#443=FACE_OUTER_BOUND('',#792,.T.);
#444=FACE_OUTER_BOUND('',#793,.T.);
#445=FACE_OUTER_BOUND('',#794,.T.);
#446=FACE_OUTER_BOUND('',#795,.T.);
#447=FACE_OUTER_BOUND('',#796,.T.);
#448=FACE_OUTER_BOUND('',#797,.T.);
#449=FACE_OUTER_BOUND('',#798,.T.);
#450=FACE_OUTER_BOUND('',#799,.T.);
#451=FACE_OUTER_BOUND('',#800,.T.);
#452=FACE_OUTER_BOUND('',#801,.T.);
#453=FACE_OUTER_BOUND('',#802,.T.);
#454=FACE_OUTER_BOUND('',#803,.T.);
#455=FACE_OUTER_BOUND('',#804,.T.);
#456=FACE_OUTER_BOUND('',#805,.T.);
#457=FACE_OUTER_BOUND('',#806,.T.);
#458=FACE_OUTER_BOUND('',#807,.T.);
#459=FACE_OUTER_BOUND('',#808,.T.);
#460=FACE_OUTER_BOUND('',#809,.T.);
#461=FACE_OUTER_BOUND('',#810,.T.);
#462=FACE_OUTER_BOUND('',#811,.T.);
#463=FACE_OUTER_BOUND('',#812,.T.);
#464=FACE_OUTER_BOUND('',#813,.T.);
#465=FACE_OUTER_BOUND('',#814,.T.);
#466=FACE_OUTER_BOUND('',#815,.T.);
#467=FACE_OUTER_BOUND('',#816,.T.);
#468=FACE_OUTER_BOUND('',#817,.T.);
#469=FACE_OUTER_BOUND('',#818,.T.);
#470=FACE_OUTER_BOUND('',#819,.T.);
#471=FACE_OUTER_BOUND('',#820,.T.);
#472=FACE_OUTER_BOUND('',#821,.T.);
#473=FACE_OUTER_BOUND('',#822,.T.);
#474=FACE_OUTER_BOUND('',#823,.T.);
#475=FACE_OUTER_BOUND('',#824,.T.);
#476=FACE_OUTER_BOUND('',#825,.T.);
#477=FACE_OUTER_BOUND('',#826,.T.);
#478=FACE_OUTER_BOUND('',#827,.T.);
#479=FACE_OUTER_BOUND('',#828,.T.);
#480=FACE_OUTER_BOUND('',#829,.T.);
#481=FACE_OUTER_BOUND('',#830,.T.);
#482=FACE_OUTER_BOUND('',#831,.T.);
#483=FACE_OUTER_BOUND('',#832,.T.);
#484=FACE_OUTER_BOUND('',#833,.T.);
#485=FACE_OUTER_BOUND('',#834,.T.);
#486=FACE_OUTER_BOUND('',#835,.T.);
#487=FACE_OUTER_BOUND('',#836,.T.);
#488=FACE_OUTER_BOUND('',#837,.T.);
#489=FACE_OUTER_BOUND('',#838,.T.);
#490=FACE_OUTER_BOUND('',#839,.T.);
#491=FACE_OUTER_BOUND('',#840,.T.);
#492=FACE_OUTER_BOUND('',#841,.T.);
#493=FACE_OUTER_BOUND('',#842,.T.);
#494=FACE_OUTER_BOUND('',#843,.T.);
#495=FACE_OUTER_BOUND('',#844,.T.);
#496=FACE_OUTER_BOUND('',#845,.T.);
#497=FACE_OUTER_BOUND('',#846,.T.);
#498=FACE_OUTER_BOUND('',#847,.T.);
#499=FACE_OUTER_BOUND('',#848,.T.);
#500=FACE_OUTER_BOUND('',#849,.T.);
#501=FACE_OUTER_BOUND('',#850,.T.);
#502=FACE_OUTER_BOUND('',#851,.T.);
#503=FACE_OUTER_BOUND('',#852,.T.);
#504=FACE_OUTER_BOUND('',#853,.T.);
#505=FACE_OUTER_BOUND('',#854,.T.);
#506=FACE_OUTER_BOUND('',#855,.T.);
#507=FACE_OUTER_BOUND('',#856,.T.);
#508=FACE_OUTER_BOUND('',#857,.T.);
#509=FACE_OUTER_BOUND('',#858,.T.);
#510=FACE_OUTER_BOUND('',#859,.T.);
#511=FACE_OUTER_BOUND('',#860,.T.);
#512=FACE_OUTER_BOUND('',#862,.T.);
#513=FACE_OUTER_BOUND('',#863,.T.);
#514=FACE_OUTER_BOUND('',#864,.T.);
#515=FACE_OUTER_BOUND('',#865,.T.);
#516=FACE_OUTER_BOUND('',#866,.T.);
#517=FACE_OUTER_BOUND('',#867,.T.);
#518=FACE_OUTER_BOUND('',#868,.T.);
#519=FACE_OUTER_BOUND('',#869,.T.);
#520=FACE_OUTER_BOUND('',#870,.T.);
#521=FACE_OUTER_BOUND('',#871,.T.);
#522=FACE_OUTER_BOUND('',#872,.T.);
#523=FACE_OUTER_BOUND('',#873,.T.);
#524=FACE_OUTER_BOUND('',#874,.T.);
#525=FACE_OUTER_BOUND('',#875,.T.);
#526=FACE_OUTER_BOUND('',#876,.T.);
#527=FACE_OUTER_BOUND('',#877,.T.);
#528=FACE_OUTER_BOUND('',#878,.T.);
#529=FACE_OUTER_BOUND('',#879,.T.);
#530=FACE_OUTER_BOUND('',#880,.T.);
#531=FACE_OUTER_BOUND('',#881,.T.);
#532=FACE_OUTER_BOUND('',#882,.T.);
#533=FACE_OUTER_BOUND('',#883,.T.);
#534=FACE_OUTER_BOUND('',#884,.T.);
#535=FACE_OUTER_BOUND('',#885,.T.);
#536=FACE_OUTER_BOUND('',#886,.T.);
#537=FACE_OUTER_BOUND('',#887,.T.);
#538=FACE_OUTER_BOUND('',#888,.T.);
#539=FACE_OUTER_BOUND('',#889,.T.);
#540=FACE_OUTER_BOUND('',#890,.T.);
#541=FACE_OUTER_BOUND('',#891,.T.);
#542=FACE_OUTER_BOUND('',#892,.T.);
#543=FACE_OUTER_BOUND('',#893,.T.);
#544=FACE_OUTER_BOUND('',#894,.T.);
#545=FACE_OUTER_BOUND('',#895,.T.);
#546=FACE_OUTER_BOUND('',#896,.T.);
#547=FACE_OUTER_BOUND('',#897,.T.);
#548=FACE_OUTER_BOUND('',#898,.T.);
#549=FACE_OUTER_BOUND('',#899,.T.);
#550=FACE_OUTER_BOUND('',#900,.T.);
#551=FACE_OUTER_BOUND('',#901,.T.);
#552=FACE_OUTER_BOUND('',#902,.T.);
#553=FACE_OUTER_BOUND('',#903,.T.);
#554=FACE_OUTER_BOUND('',#904,.T.);
#555=FACE_OUTER_BOUND('',#905,.T.);
#556=FACE_OUTER_BOUND('',#906,.T.);
#557=FACE_OUTER_BOUND('',#907,.T.);
#558=FACE_OUTER_BOUND('',#908,.T.);
#559=FACE_OUTER_BOUND('',#909,.T.);
#560=FACE_OUTER_BOUND('',#910,.T.);
#561=FACE_OUTER_BOUND('',#911,.T.);
#562=FACE_OUTER_BOUND('',#912,.T.);
#563=FACE_OUTER_BOUND('',#913,.T.);
#564=FACE_OUTER_BOUND('',#914,.T.);
#565=FACE_OUTER_BOUND('',#915,.T.);
#566=FACE_OUTER_BOUND('',#916,.T.);
#567=FACE_OUTER_BOUND('',#917,.T.);
#568=FACE_OUTER_BOUND('',#918,.T.);
#569=FACE_OUTER_BOUND('',#919,.T.);
#570=FACE_OUTER_BOUND('',#920,.T.);
#571=FACE_OUTER_BOUND('',#921,.T.);
#572=FACE_OUTER_BOUND('',#922,.T.);
#573=FACE_OUTER_BOUND('',#923,.T.);
#574=FACE_OUTER_BOUND('',#924,.T.);
#575=FACE_OUTER_BOUND('',#925,.T.);
#576=FACE_OUTER_BOUND('',#926,.T.);
#577=FACE_OUTER_BOUND('',#927,.T.);
#578=FACE_OUTER_BOUND('',#928,.T.);
#579=FACE_OUTER_BOUND('',#929,.T.);
#580=FACE_OUTER_BOUND('',#930,.T.);
#581=FACE_OUTER_BOUND('',#931,.T.);
#582=FACE_OUTER_BOUND('',#932,.T.);
#583=FACE_OUTER_BOUND('',#933,.T.);
#584=FACE_OUTER_BOUND('',#934,.T.);
#585=FACE_OUTER_BOUND('',#935,.T.);
#586=FACE_OUTER_BOUND('',#936,.T.);
#587=FACE_OUTER_BOUND('',#937,.T.);
#588=FACE_OUTER_BOUND('',#938,.T.);
#589=FACE_OUTER_BOUND('',#939,.T.);
#590=FACE_OUTER_BOUND('',#940,.T.);
#591=FACE_OUTER_BOUND('',#941,.T.);
#592=FACE_OUTER_BOUND('',#942,.T.);
#593=FACE_OUTER_BOUND('',#943,.T.);
#594=FACE_OUTER_BOUND('',#944,.T.);
#595=FACE_OUTER_BOUND('',#945,.T.);
#596=FACE_OUTER_BOUND('',#946,.T.);
#597=FACE_OUTER_BOUND('',#947,.T.);
#598=FACE_OUTER_BOUND('',#948,.T.);
#599=FACE_OUTER_BOUND('',#949,.T.);
#600=FACE_OUTER_BOUND('',#950,.T.);
#601=FACE_OUTER_BOUND('',#951,.T.);
#602=FACE_OUTER_BOUND('',#952,.T.);
#603=FACE_OUTER_BOUND('',#953,.T.);
#604=FACE_OUTER_BOUND('',#954,.T.);
#605=FACE_OUTER_BOUND('',#955,.T.);
#606=FACE_OUTER_BOUND('',#956,.T.);
#607=FACE_OUTER_BOUND('',#957,.T.);
#608=FACE_OUTER_BOUND('',#958,.T.);
#609=FACE_OUTER_BOUND('',#959,.T.);
#610=FACE_OUTER_BOUND('',#960,.T.);
#611=FACE_OUTER_BOUND('',#961,.T.);
#612=FACE_OUTER_BOUND('',#962,.T.);
#613=FACE_OUTER_BOUND('',#963,.T.);
#614=FACE_OUTER_BOUND('',#964,.T.);
#615=FACE_OUTER_BOUND('',#965,.T.);
#616=FACE_OUTER_BOUND('',#966,.T.);
#617=FACE_OUTER_BOUND('',#967,.T.);
#618=FACE_OUTER_BOUND('',#968,.T.);
#619=FACE_OUTER_BOUND('',#969,.T.);
#620=FACE_OUTER_BOUND('',#970,.T.);
#621=FACE_OUTER_BOUND('',#971,.T.);
#622=FACE_OUTER_BOUND('',#972,.T.);
#623=FACE_OUTER_BOUND('',#973,.T.);
#624=FACE_OUTER_BOUND('',#974,.T.);
#625=FACE_OUTER_BOUND('',#975,.T.);
#626=FACE_OUTER_BOUND('',#976,.T.);
#627=FACE_OUTER_BOUND('',#977,.T.);
#628=FACE_OUTER_BOUND('',#978,.T.);
#629=FACE_OUTER_BOUND('',#979,.T.);
#630=FACE_OUTER_BOUND('',#980,.T.);
#631=FACE_OUTER_BOUND('',#981,.T.);
#632=FACE_OUTER_BOUND('',#982,.T.);
#633=FACE_OUTER_BOUND('',#983,.T.);
#634=FACE_OUTER_BOUND('',#984,.T.);
#635=FACE_OUTER_BOUND('',#985,.T.);
#636=FACE_OUTER_BOUND('',#986,.T.);
#637=FACE_OUTER_BOUND('',#987,.T.);
#638=FACE_OUTER_BOUND('',#988,.T.);
#639=FACE_OUTER_BOUND('',#989,.T.);
#640=FACE_OUTER_BOUND('',#990,.T.);
#641=FACE_OUTER_BOUND('',#991,.T.);
#642=FACE_OUTER_BOUND('',#993,.T.);
#643=FACE_OUTER_BOUND('',#994,.T.);
#644=FACE_OUTER_BOUND('',#995,.T.);
#645=FACE_OUTER_BOUND('',#996,.T.);
#646=EDGE_LOOP('',(#4286,#4287,#4288,#4289));
#647=EDGE_LOOP('',(#4290,#4291,#4292,#4293));
#648=EDGE_LOOP('',(#4294,#4295,#4296,#4297));
#649=EDGE_LOOP('',(#4298,#4299,#4300,#4301));
#650=EDGE_LOOP('',(#4302,#4303,#4304,#4305));
#651=EDGE_LOOP('',(#4306,#4307,#4308,#4309));
#652=EDGE_LOOP('',(#4310,#4311,#4312,#4313));
#653=EDGE_LOOP('',(#4314,#4315,#4316,#4317));
#654=EDGE_LOOP('',(#4318,#4319,#4320,#4321));
#655=EDGE_LOOP('',(#4322,#4323,#4324,#4325));
#656=EDGE_LOOP('',(#4326,#4327,#4328,#4329));
#657=EDGE_LOOP('',(#4330,#4331,#4332,#4333));
#658=EDGE_LOOP('',(#4334,#4335,#4336,#4337));
#659=EDGE_LOOP('',(#4338,#4339,#4340,#4341));
#660=EDGE_LOOP('',(#4342,#4343,#4344,#4345));
#661=EDGE_LOOP('',(#4346,#4347,#4348,#4349));
#662=EDGE_LOOP('',(#4350,#4351,#4352,#4353));
#663=EDGE_LOOP('',(#4354,#4355,#4356,#4357));
#664=EDGE_LOOP('',(#4358,#4359,#4360,#4361));
#665=EDGE_LOOP('',(#4362,#4363,#4364,#4365));
#666=EDGE_LOOP('',(#4366,#4367,#4368,#4369));
#667=EDGE_LOOP('',(#4370,#4371,#4372,#4373));
#668=EDGE_LOOP('',(#4374,#4375,#4376,#4377));
#669=EDGE_LOOP('',(#4378,#4379,#4380,#4381));
#670=EDGE_LOOP('',(#4382,#4383,#4384,#4385));
#671=EDGE_LOOP('',(#4386,#4387,#4388,#4389));
#672=EDGE_LOOP('',(#4390,#4391,#4392,#4393));
#673=EDGE_LOOP('',(#4394,#4395,#4396,#4397));
#674=EDGE_LOOP('',(#4398,#4399,#4400,#4401));
#675=EDGE_LOOP('',(#4402,#4403,#4404,#4405));
#676=EDGE_LOOP('',(#4406,#4407,#4408,#4409));
#677=EDGE_LOOP('',(#4410,#4411,#4412,#4413));
#678=EDGE_LOOP('',(#4414,#4415,#4416,#4417));
#679=EDGE_LOOP('',(#4418,#4419,#4420,#4421));
#680=EDGE_LOOP('',(#4422,#4423,#4424,#4425));
#681=EDGE_LOOP('',(#4426,#4427,#4428,#4429));
#682=EDGE_LOOP('',(#4430,#4431,#4432,#4433));
#683=EDGE_LOOP('',(#4434,#4435,#4436,#4437));
#684=EDGE_LOOP('',(#4438,#4439,#4440,#4441));
#685=EDGE_LOOP('',(#4442,#4443,#4444,#4445));
#686=EDGE_LOOP('',(#4446,#4447,#4448,#4449));
#687=EDGE_LOOP('',(#4450,#4451,#4452,#4453,#4454,#4455,#4456,#4457,#4458,
#4459,#4460,#4461,#4462,#4463,#4464,#4465,#4466,#4467,#4468,#4469,#4470,
#4471,#4472,#4473,#4474,#4475,#4476,#4477,#4478,#4479,#4480,#4481,#4482,
#4483,#4484,#4485,#4486,#4487,#4488,#4489,#4490,#4491,#4492,#4493,#4494,
#4495,#4496,#4497,#4498,#4499,#4500,#4501,#4502,#4503,#4504,#4505,#4506,
#4507,#4508,#4509,#4510,#4511,#4512,#4513,#4514,#4515,#4516,#4517,#4518,
#4519,#4520,#4521,#4522,#4523,#4524,#4525,#4526,#4527,#4528,#4529,#4530,
#4531,#4532,#4533,#4534,#4535,#4536,#4537,#4538,#4539,#4540,#4541,#4542,
#4543,#4544,#4545,#4546,#4547,#4548,#4549,#4550,#4551,#4552,#4553,#4554,
#4555,#4556,#4557,#4558,#4559,#4560,#4561,#4562,#4563,#4564,#4565,#4566,
#4567,#4568,#4569,#4570));
#688=EDGE_LOOP('',(#4571,#4572,#4573,#4574));
#689=EDGE_LOOP('',(#4575,#4576));
#690=EDGE_LOOP('',(#4577));
#691=EDGE_LOOP('',(#4578));
#692=EDGE_LOOP('',(#4579,#4580,#4581,#4582));
#693=EDGE_LOOP('',(#4583,#4584,#4585,#4586));
#694=EDGE_LOOP('',(#4587,#4588));
#695=EDGE_LOOP('',(#4589,#4590,#4591,#4592));
#696=EDGE_LOOP('',(#4593,#4594,#4595,#4596));
#697=EDGE_LOOP('',(#4597,#4598,#4599,#4600));
#698=EDGE_LOOP('',(#4601,#4602,#4603,#4604));
#699=EDGE_LOOP('',(#4605,#4606,#4607,#4608));
#700=EDGE_LOOP('',(#4609,#4610,#4611,#4612));
#701=EDGE_LOOP('',(#4613,#4614,#4615,#4616));
#702=EDGE_LOOP('',(#4617,#4618,#4619,#4620));
#703=EDGE_LOOP('',(#4621,#4622,#4623,#4624,#4625,#4626,#4627,#4628,#4629,
#4630,#4631,#4632,#4633,#4634,#4635,#4636,#4637,#4638,#4639,#4640,#4641,
#4642,#4643,#4644,#4645,#4646,#4647,#4648,#4649,#4650,#4651,#4652,#4653,
#4654,#4655,#4656,#4657,#4658,#4659,#4660,#4661,#4662,#4663,#4664,#4665,
#4666,#4667,#4668,#4669,#4670,#4671,#4672,#4673,#4674,#4675,#4676,#4677,
#4678,#4679,#4680,#4681,#4682,#4683,#4684,#4685,#4686,#4687,#4688,#4689,
#4690,#4691,#4692,#4693,#4694,#4695,#4696,#4697,#4698,#4699,#4700,#4701,
#4702,#4703,#4704,#4705,#4706,#4707,#4708,#4709,#4710,#4711,#4712,#4713,
#4714,#4715,#4716,#4717,#4718,#4719,#4720,#4721,#4722,#4723,#4724,#4725,
#4726,#4727,#4728,#4729,#4730,#4731,#4732,#4733,#4734,#4735,#4736,#4737,
#4738,#4739,#4740,#4741));
#704=EDGE_LOOP('',(#4742,#4743));
#705=EDGE_LOOP('',(#4744));
#706=EDGE_LOOP('',(#4745));
#707=EDGE_LOOP('',(#4746,#4747,#4748,#4749));
#708=EDGE_LOOP('',(#4750,#4751,#4752,#4753));
#709=EDGE_LOOP('',(#4754,#4755,#4756,#4757));
#710=EDGE_LOOP('',(#4758,#4759,#4760,#4761));
#711=EDGE_LOOP('',(#4762,#4763,#4764,#4765));
#712=EDGE_LOOP('',(#4766,#4767,#4768,#4769));
#713=EDGE_LOOP('',(#4770,#4771,#4772,#4773));
#714=EDGE_LOOP('',(#4774,#4775,#4776,#4777));
#715=EDGE_LOOP('',(#4778,#4779));
#716=EDGE_LOOP('',(#4780,#4781,#4782,#4783));
#717=EDGE_LOOP('',(#4784,#4785,#4786,#4787));
#718=EDGE_LOOP('',(#4788,#4789,#4790,#4791));
#719=EDGE_LOOP('',(#4792,#4793,#4794,#4795));
#720=EDGE_LOOP('',(#4796,#4797,#4798,#4799));
#721=EDGE_LOOP('',(#4800,#4801,#4802,#4803));
#722=EDGE_LOOP('',(#4804,#4805,#4806,#4807));
#723=EDGE_LOOP('',(#4808,#4809,#4810,#4811));
#724=EDGE_LOOP('',(#4812,#4813,#4814,#4815));
#725=EDGE_LOOP('',(#4816,#4817,#4818,#4819));
#726=EDGE_LOOP('',(#4820,#4821,#4822,#4823));
#727=EDGE_LOOP('',(#4824,#4825,#4826,#4827));
#728=EDGE_LOOP('',(#4828,#4829,#4830,#4831));
#729=EDGE_LOOP('',(#4832,#4833,#4834,#4835));
#730=EDGE_LOOP('',(#4836,#4837,#4838,#4839));
#731=EDGE_LOOP('',(#4840));
#732=EDGE_LOOP('',(#4841,#4842,#4843,#4844));
#733=EDGE_LOOP('',(#4845));
#734=EDGE_LOOP('',(#4846,#4847,#4848,#4849));
#735=EDGE_LOOP('',(#4850));
#736=EDGE_LOOP('',(#4851,#4852,#4853,#4854));
#737=EDGE_LOOP('',(#4855));
#738=EDGE_LOOP('',(#4856,#4857,#4858,#4859));
#739=EDGE_LOOP('',(#4860));
#740=EDGE_LOOP('',(#4861,#4862,#4863,#4864));
#741=EDGE_LOOP('',(#4865,#4866,#4867,#4868));
#742=EDGE_LOOP('',(#4869,#4870,#4871,#4872));
#743=EDGE_LOOP('',(#4873,#4874,#4875,#4876,#4877,#4878,#4879,#4880,#4881,
#4882,#4883,#4884,#4885,#4886,#4887,#4888,#4889,#4890,#4891,#4892,#4893,
#4894,#4895,#4896,#4897,#4898,#4899,#4900,#4901,#4902,#4903,#4904,#4905,
#4906,#4907,#4908,#4909,#4910,#4911,#4912,#4913,#4914,#4915,#4916,#4917,
#4918,#4919,#4920,#4921,#4922,#4923,#4924,#4925,#4926,#4927,#4928,#4929,
#4930,#4931,#4932,#4933,#4934,#4935,#4936,#4937,#4938,#4939,#4940,#4941,
#4942,#4943,#4944,#4945,#4946,#4947,#4948,#4949,#4950,#4951,#4952,#4953,
#4954,#4955,#4956,#4957,#4958,#4959,#4960,#4961,#4962,#4963,#4964,#4965,
#4966,#4967,#4968,#4969,#4970,#4971,#4972,#4973,#4974,#4975,#4976,#4977,
#4978,#4979,#4980,#4981,#4982,#4983,#4984,#4985,#4986,#4987,#4988,#4989,
#4990,#4991,#4992,#4993));
#744=EDGE_LOOP('',(#4994));
#745=EDGE_LOOP('',(#4995));
#746=EDGE_LOOP('',(#4996));
#747=EDGE_LOOP('',(#4997));
#748=EDGE_LOOP('',(#4998));
#749=EDGE_LOOP('',(#4999,#5000,#5001,#5002,#5003,#5004,#5005,#5006,#5007,
#5008,#5009,#5010,#5011,#5012,#5013,#5014,#5015,#5016,#5017,#5018,#5019,
#5020,#5021,#5022,#5023,#5024,#5025,#5026,#5027,#5028,#5029,#5030,#5031,
#5032,#5033,#5034,#5035,#5036,#5037,#5038,#5039,#5040,#5041,#5042,#5043,
#5044,#5045,#5046,#5047,#5048,#5049,#5050,#5051,#5052,#5053,#5054,#5055,
#5056,#5057,#5058,#5059,#5060,#5061,#5062,#5063,#5064,#5065,#5066,#5067,
#5068,#5069,#5070,#5071,#5072,#5073,#5074,#5075,#5076,#5077,#5078,#5079,
#5080,#5081,#5082,#5083,#5084,#5085,#5086,#5087,#5088,#5089,#5090,#5091,
#5092,#5093,#5094,#5095,#5096,#5097,#5098,#5099,#5100,#5101,#5102,#5103,
#5104,#5105,#5106,#5107,#5108,#5109,#5110,#5111,#5112,#5113,#5114,#5115,
#5116,#5117,#5118,#5119));
#750=EDGE_LOOP('',(#5120,#5121,#5122,#5123));
#751=EDGE_LOOP('',(#5124,#5125,#5126,#5127));
#752=EDGE_LOOP('',(#5128,#5129,#5130,#5131));
#753=EDGE_LOOP('',(#5132,#5133,#5134,#5135));
#754=EDGE_LOOP('',(#5136,#5137,#5138,#5139));
#755=EDGE_LOOP('',(#5140,#5141,#5142,#5143));
#756=EDGE_LOOP('',(#5144,#5145,#5146,#5147));
#757=EDGE_LOOP('',(#5148,#5149,#5150,#5151));
#758=EDGE_LOOP('',(#5152,#5153,#5154,#5155));
#759=EDGE_LOOP('',(#5156,#5157,#5158,#5159));
#760=EDGE_LOOP('',(#5160,#5161,#5162,#5163));
#761=EDGE_LOOP('',(#5164,#5165,#5166,#5167));
#762=EDGE_LOOP('',(#5168,#5169,#5170,#5171));
#763=EDGE_LOOP('',(#5172,#5173,#5174,#5175));
#764=EDGE_LOOP('',(#5176,#5177,#5178,#5179));
#765=EDGE_LOOP('',(#5180,#5181,#5182,#5183));
#766=EDGE_LOOP('',(#5184,#5185,#5186,#5187));
#767=EDGE_LOOP('',(#5188,#5189,#5190,#5191));
#768=EDGE_LOOP('',(#5192,#5193,#5194,#5195));
#769=EDGE_LOOP('',(#5196,#5197,#5198,#5199));
#770=EDGE_LOOP('',(#5200,#5201,#5202,#5203));
#771=EDGE_LOOP('',(#5204,#5205,#5206,#5207));
#772=EDGE_LOOP('',(#5208,#5209,#5210,#5211));
#773=EDGE_LOOP('',(#5212,#5213,#5214,#5215));
#774=EDGE_LOOP('',(#5216,#5217,#5218,#5219));
#775=EDGE_LOOP('',(#5220,#5221,#5222,#5223));
#776=EDGE_LOOP('',(#5224,#5225,#5226,#5227));
#777=EDGE_LOOP('',(#5228,#5229,#5230,#5231));
#778=EDGE_LOOP('',(#5232,#5233,#5234,#5235));
#779=EDGE_LOOP('',(#5236,#5237,#5238,#5239));
#780=EDGE_LOOP('',(#5240,#5241,#5242,#5243));
#781=EDGE_LOOP('',(#5244,#5245,#5246,#5247));
#782=EDGE_LOOP('',(#5248,#5249,#5250,#5251));
#783=EDGE_LOOP('',(#5252,#5253,#5254,#5255));
#784=EDGE_LOOP('',(#5256,#5257,#5258,#5259));
#785=EDGE_LOOP('',(#5260,#5261,#5262,#5263));
#786=EDGE_LOOP('',(#5264,#5265,#5266,#5267));
#787=EDGE_LOOP('',(#5268,#5269,#5270,#5271));
#788=EDGE_LOOP('',(#5272,#5273,#5274,#5275));
#789=EDGE_LOOP('',(#5276,#5277,#5278,#5279));
#790=EDGE_LOOP('',(#5280,#5281,#5282,#5283));
#791=EDGE_LOOP('',(#5284,#5285,#5286,#5287));
#792=EDGE_LOOP('',(#5288,#5289,#5290,#5291));
#793=EDGE_LOOP('',(#5292,#5293,#5294,#5295));
#794=EDGE_LOOP('',(#5296,#5297,#5298,#5299));
#795=EDGE_LOOP('',(#5300,#5301,#5302,#5303));
#796=EDGE_LOOP('',(#5304,#5305,#5306,#5307));
#797=EDGE_LOOP('',(#5308,#5309,#5310,#5311));
#798=EDGE_LOOP('',(#5312,#5313,#5314,#5315));
#799=EDGE_LOOP('',(#5316,#5317,#5318,#5319));
#800=EDGE_LOOP('',(#5320,#5321,#5322,#5323));
#801=EDGE_LOOP('',(#5324,#5325,#5326,#5327));
#802=EDGE_LOOP('',(#5328,#5329,#5330,#5331));
#803=EDGE_LOOP('',(#5332,#5333,#5334,#5335));
#804=EDGE_LOOP('',(#5336,#5337,#5338,#5339));
#805=EDGE_LOOP('',(#5340,#5341,#5342,#5343));
#806=EDGE_LOOP('',(#5344,#5345,#5346,#5347));
#807=EDGE_LOOP('',(#5348,#5349,#5350,#5351));
#808=EDGE_LOOP('',(#5352,#5353,#5354,#5355));
#809=EDGE_LOOP('',(#5356,#5357,#5358,#5359));
#810=EDGE_LOOP('',(#5360,#5361,#5362,#5363));
#811=EDGE_LOOP('',(#5364,#5365,#5366,#5367));
#812=EDGE_LOOP('',(#5368,#5369,#5370,#5371));
#813=EDGE_LOOP('',(#5372,#5373,#5374,#5375));
#814=EDGE_LOOP('',(#5376,#5377,#5378,#5379));
#815=EDGE_LOOP('',(#5380,#5381,#5382,#5383));
#816=EDGE_LOOP('',(#5384,#5385,#5386,#5387));
#817=EDGE_LOOP('',(#5388,#5389,#5390,#5391));
#818=EDGE_LOOP('',(#5392,#5393,#5394,#5395));
#819=EDGE_LOOP('',(#5396,#5397,#5398,#5399));
#820=EDGE_LOOP('',(#5400,#5401,#5402,#5403));
#821=EDGE_LOOP('',(#5404,#5405,#5406,#5407));
#822=EDGE_LOOP('',(#5408,#5409,#5410,#5411));
#823=EDGE_LOOP('',(#5412,#5413,#5414,#5415));
#824=EDGE_LOOP('',(#5416,#5417,#5418,#5419));
#825=EDGE_LOOP('',(#5420,#5421,#5422,#5423));
#826=EDGE_LOOP('',(#5424,#5425,#5426,#5427));
#827=EDGE_LOOP('',(#5428,#5429,#5430,#5431));
#828=EDGE_LOOP('',(#5432,#5433,#5434,#5435));
#829=EDGE_LOOP('',(#5436,#5437,#5438,#5439));
#830=EDGE_LOOP('',(#5440,#5441,#5442,#5443));
#831=EDGE_LOOP('',(#5444,#5445,#5446,#5447));
#832=EDGE_LOOP('',(#5448,#5449,#5450,#5451));
#833=EDGE_LOOP('',(#5452,#5453,#5454,#5455));
#834=EDGE_LOOP('',(#5456,#5457,#5458,#5459));
#835=EDGE_LOOP('',(#5460,#5461,#5462,#5463));
#836=EDGE_LOOP('',(#5464,#5465,#5466,#5467));
#837=EDGE_LOOP('',(#5468,#5469,#5470,#5471));
#838=EDGE_LOOP('',(#5472,#5473,#5474,#5475));
#839=EDGE_LOOP('',(#5476,#5477,#5478,#5479));
#840=EDGE_LOOP('',(#5480,#5481,#5482,#5483));
#841=EDGE_LOOP('',(#5484,#5485,#5486,#5487));
#842=EDGE_LOOP('',(#5488,#5489,#5490,#5491));
#843=EDGE_LOOP('',(#5492,#5493,#5494,#5495));
#844=EDGE_LOOP('',(#5496,#5497,#5498,#5499));
#845=EDGE_LOOP('',(#5500,#5501,#5502,#5503));
#846=EDGE_LOOP('',(#5504,#5505,#5506,#5507));
#847=EDGE_LOOP('',(#5508,#5509,#5510,#5511));
#848=EDGE_LOOP('',(#5512,#5513,#5514,#5515));
#849=EDGE_LOOP('',(#5516,#5517,#5518,#5519));
#850=EDGE_LOOP('',(#5520,#5521,#5522,#5523));
#851=EDGE_LOOP('',(#5524,#5525,#5526,#5527));
#852=EDGE_LOOP('',(#5528,#5529,#5530,#5531));
#853=EDGE_LOOP('',(#5532,#5533,#5534,#5535));
#854=EDGE_LOOP('',(#5536,#5537,#5538,#5539));
#855=EDGE_LOOP('',(#5540,#5541,#5542,#5543));
#856=EDGE_LOOP('',(#5544,#5545,#5546,#5547));
#857=EDGE_LOOP('',(#5548,#5549,#5550,#5551));
#858=EDGE_LOOP('',(#5552,#5553,#5554,#5555));
#859=EDGE_LOOP('',(#5556,#5557,#5558,#5559));
#860=EDGE_LOOP('',(#5560,#5561,#5562,#5563));
#861=EDGE_LOOP('',(#5564,#5565,#5566,#5567,#5568,#5569,#5570,#5571));
#862=EDGE_LOOP('',(#5572,#5573,#5574,#5575));
#863=EDGE_LOOP('',(#5576,#5577,#5578,#5579));
#864=EDGE_LOOP('',(#5580,#5581,#5582,#5583));
#865=EDGE_LOOP('',(#5584,#5585,#5586,#5587));
#866=EDGE_LOOP('',(#5588,#5589,#5590,#5591));
#867=EDGE_LOOP('',(#5592,#5593,#5594,#5595));
#868=EDGE_LOOP('',(#5596,#5597,#5598,#5599));
#869=EDGE_LOOP('',(#5600,#5601,#5602,#5603));
#870=EDGE_LOOP('',(#5604,#5605,#5606,#5607));
#871=EDGE_LOOP('',(#5608,#5609,#5610,#5611));
#872=EDGE_LOOP('',(#5612,#5613,#5614,#5615));
#873=EDGE_LOOP('',(#5616,#5617,#5618,#5619));
#874=EDGE_LOOP('',(#5620,#5621,#5622,#5623));
#875=EDGE_LOOP('',(#5624,#5625,#5626,#5627));
#876=EDGE_LOOP('',(#5628,#5629,#5630,#5631));
#877=EDGE_LOOP('',(#5632,#5633,#5634,#5635));
#878=EDGE_LOOP('',(#5636,#5637,#5638,#5639));
#879=EDGE_LOOP('',(#5640,#5641,#5642,#5643));
#880=EDGE_LOOP('',(#5644,#5645,#5646,#5647));
#881=EDGE_LOOP('',(#5648,#5649,#5650,#5651));
#882=EDGE_LOOP('',(#5652,#5653,#5654,#5655));
#883=EDGE_LOOP('',(#5656,#5657,#5658,#5659));
#884=EDGE_LOOP('',(#5660,#5661,#5662,#5663));
#885=EDGE_LOOP('',(#5664,#5665,#5666,#5667));
#886=EDGE_LOOP('',(#5668,#5669,#5670,#5671));
#887=EDGE_LOOP('',(#5672,#5673,#5674,#5675));
#888=EDGE_LOOP('',(#5676,#5677,#5678,#5679));
#889=EDGE_LOOP('',(#5680,#5681,#5682,#5683));
#890=EDGE_LOOP('',(#5684,#5685,#5686,#5687));
#891=EDGE_LOOP('',(#5688,#5689,#5690,#5691));
#892=EDGE_LOOP('',(#5692,#5693,#5694,#5695));
#893=EDGE_LOOP('',(#5696,#5697,#5698,#5699));
#894=EDGE_LOOP('',(#5700,#5701,#5702,#5703));
#895=EDGE_LOOP('',(#5704,#5705,#5706,#5707));
#896=EDGE_LOOP('',(#5708,#5709,#5710,#5711));
#897=EDGE_LOOP('',(#5712,#5713,#5714,#5715));
#898=EDGE_LOOP('',(#5716,#5717,#5718,#5719));
#899=EDGE_LOOP('',(#5720,#5721,#5722,#5723));
#900=EDGE_LOOP('',(#5724,#5725,#5726,#5727));
#901=EDGE_LOOP('',(#5728,#5729,#5730,#5731));
#902=EDGE_LOOP('',(#5732,#5733,#5734,#5735));
#903=EDGE_LOOP('',(#5736,#5737,#5738,#5739));
#904=EDGE_LOOP('',(#5740,#5741,#5742,#5743));
#905=EDGE_LOOP('',(#5744,#5745,#5746,#5747));
#906=EDGE_LOOP('',(#5748,#5749,#5750,#5751));
#907=EDGE_LOOP('',(#5752,#5753,#5754,#5755));
#908=EDGE_LOOP('',(#5756,#5757,#5758,#5759));
#909=EDGE_LOOP('',(#5760,#5761,#5762,#5763));
#910=EDGE_LOOP('',(#5764,#5765,#5766,#5767));
#911=EDGE_LOOP('',(#5768,#5769,#5770,#5771));
#912=EDGE_LOOP('',(#5772,#5773,#5774,#5775));
#913=EDGE_LOOP('',(#5776,#5777,#5778,#5779));
#914=EDGE_LOOP('',(#5780,#5781,#5782,#5783));
#915=EDGE_LOOP('',(#5784,#5785,#5786,#5787));
#916=EDGE_LOOP('',(#5788,#5789,#5790,#5791));
#917=EDGE_LOOP('',(#5792,#5793,#5794,#5795));
#918=EDGE_LOOP('',(#5796,#5797,#5798,#5799));
#919=EDGE_LOOP('',(#5800,#5801,#5802,#5803));
#920=EDGE_LOOP('',(#5804,#5805,#5806,#5807));
#921=EDGE_LOOP('',(#5808,#5809,#5810,#5811));
#922=EDGE_LOOP('',(#5812,#5813,#5814,#5815));
#923=EDGE_LOOP('',(#5816,#5817,#5818,#5819));
#924=EDGE_LOOP('',(#5820,#5821,#5822,#5823));
#925=EDGE_LOOP('',(#5824,#5825,#5826,#5827));
#926=EDGE_LOOP('',(#5828,#5829,#5830,#5831));
#927=EDGE_LOOP('',(#5832,#5833,#5834,#5835));
#928=EDGE_LOOP('',(#5836,#5837,#5838,#5839));
#929=EDGE_LOOP('',(#5840,#5841,#5842,#5843));
#930=EDGE_LOOP('',(#5844,#5845,#5846,#5847));
#931=EDGE_LOOP('',(#5848,#5849,#5850,#5851));
#932=EDGE_LOOP('',(#5852,#5853,#5854,#5855));
#933=EDGE_LOOP('',(#5856,#5857,#5858,#5859));
#934=EDGE_LOOP('',(#5860,#5861,#5862,#5863));
#935=EDGE_LOOP('',(#5864,#5865,#5866,#5867));
#936=EDGE_LOOP('',(#5868,#5869,#5870,#5871));
#937=EDGE_LOOP('',(#5872,#5873,#5874,#5875));
#938=EDGE_LOOP('',(#5876,#5877,#5878,#5879));
#939=EDGE_LOOP('',(#5880,#5881,#5882,#5883));
#940=EDGE_LOOP('',(#5884,#5885,#5886,#5887));
#941=EDGE_LOOP('',(#5888,#5889,#5890,#5891));
#942=EDGE_LOOP('',(#5892,#5893,#5894,#5895));
#943=EDGE_LOOP('',(#5896,#5897,#5898,#5899));
#944=EDGE_LOOP('',(#5900,#5901,#5902,#5903));
#945=EDGE_LOOP('',(#5904,#5905,#5906,#5907));
#946=EDGE_LOOP('',(#5908,#5909,#5910,#5911));
#947=EDGE_LOOP('',(#5912,#5913,#5914,#5915));
#948=EDGE_LOOP('',(#5916,#5917,#5918,#5919));
#949=EDGE_LOOP('',(#5920,#5921,#5922,#5923));
#950=EDGE_LOOP('',(#5924,#5925,#5926,#5927));
#951=EDGE_LOOP('',(#5928,#5929,#5930,#5931));
#952=EDGE_LOOP('',(#5932,#5933,#5934,#5935));
#953=EDGE_LOOP('',(#5936,#5937,#5938,#5939));
#954=EDGE_LOOP('',(#5940,#5941,#5942,#5943));
#955=EDGE_LOOP('',(#5944,#5945,#5946,#5947));
#956=EDGE_LOOP('',(#5948,#5949,#5950,#5951));
#957=EDGE_LOOP('',(#5952,#5953,#5954,#5955));
#958=EDGE_LOOP('',(#5956,#5957,#5958,#5959));
#959=EDGE_LOOP('',(#5960,#5961,#5962,#5963));
#960=EDGE_LOOP('',(#5964,#5965,#5966,#5967));
#961=EDGE_LOOP('',(#5968,#5969,#5970,#5971));
#962=EDGE_LOOP('',(#5972,#5973,#5974,#5975));
#963=EDGE_LOOP('',(#5976,#5977,#5978,#5979));
#964=EDGE_LOOP('',(#5980,#5981,#5982,#5983));
#965=EDGE_LOOP('',(#5984,#5985,#5986,#5987));
#966=EDGE_LOOP('',(#5988,#5989,#5990,#5991));
#967=EDGE_LOOP('',(#5992,#5993,#5994,#5995));
#968=EDGE_LOOP('',(#5996,#5997,#5998,#5999));
#969=EDGE_LOOP('',(#6000,#6001,#6002,#6003));
#970=EDGE_LOOP('',(#6004,#6005,#6006,#6007));
#971=EDGE_LOOP('',(#6008,#6009,#6010,#6011));
#972=EDGE_LOOP('',(#6012,#6013,#6014,#6015));
#973=EDGE_LOOP('',(#6016,#6017,#6018,#6019));
#974=EDGE_LOOP('',(#6020,#6021,#6022,#6023));
#975=EDGE_LOOP('',(#6024,#6025,#6026,#6027));
#976=EDGE_LOOP('',(#6028,#6029,#6030,#6031));
#977=EDGE_LOOP('',(#6032,#6033,#6034,#6035));
#978=EDGE_LOOP('',(#6036,#6037,#6038,#6039));
#979=EDGE_LOOP('',(#6040,#6041,#6042,#6043));
#980=EDGE_LOOP('',(#6044,#6045,#6046,#6047));
#981=EDGE_LOOP('',(#6048,#6049,#6050,#6051));
#982=EDGE_LOOP('',(#6052,#6053,#6054,#6055));
#983=EDGE_LOOP('',(#6056,#6057,#6058,#6059));
#984=EDGE_LOOP('',(#6060,#6061,#6062,#6063));
#985=EDGE_LOOP('',(#6064,#6065,#6066,#6067));
#986=EDGE_LOOP('',(#6068,#6069,#6070,#6071));
#987=EDGE_LOOP('',(#6072,#6073,#6074,#6075));
#988=EDGE_LOOP('',(#6076,#6077,#6078,#6079));
#989=EDGE_LOOP('',(#6080,#6081,#6082,#6083));
#990=EDGE_LOOP('',(#6084,#6085,#6086,#6087));
#991=EDGE_LOOP('',(#6088,#6089,#6090,#6091));
#992=EDGE_LOOP('',(#6092,#6093,#6094,#6095,#6096,#6097,#6098,#6099));
#993=EDGE_LOOP('',(#6100,#6101,#6102,#6103));
#994=EDGE_LOOP('',(#6104,#6105,#6106,#6107));
#995=EDGE_LOOP('',(#6108,#6109,#6110,#6111));
#996=EDGE_LOOP('',(#6112,#6113,#6114,#6115));
#997=CIRCLE('',#6477,5.74999999999999);
#998=CIRCLE('',#6478,5.74999999999999);
#999=CIRCLE('',#6480,5.74999999999999);
#1000=CIRCLE('',#6481,5.74999999999999);
#1001=CIRCLE('',#6485,5.74999999999999);
#1002=CIRCLE('',#6486,5.74999999999999);
#1003=CIRCLE('',#6488,5.74999999999999);
#1004=CIRCLE('',#6489,5.74999999999999);
#1005=CIRCLE('',#6491,5.74999999999999);
#1006=CIRCLE('',#6492,5.74999999999999);
#1007=CIRCLE('',#6496,5.74999999999999);
#1008=CIRCLE('',#6497,5.74999999999999);
#1009=CIRCLE('',#6499,5.74999999999999);
#1010=CIRCLE('',#6500,5.74999999999999);
#1011=CIRCLE('',#6504,5.74999999999999);
#1012=CIRCLE('',#6505,5.74999999999999);
#1013=CIRCLE('',#6507,5.74999999999999);
#1014=CIRCLE('',#6508,5.74999999999999);
#1015=CIRCLE('',#6512,5.74999999999999);
#1016=CIRCLE('',#6513,5.74999999999999);
#1017=CIRCLE('',#6515,5.74999999999999);
#1018=CIRCLE('',#6516,5.74999999999999);
#1019=CIRCLE('',#6520,5.74999999999999);
#1020=CIRCLE('',#6521,5.74999999999999);
#1021=CIRCLE('',#6523,5.74999999999999);
#1022=CIRCLE('',#6524,5.74999999999999);
#1023=CIRCLE('',#6528,5.74999999999999);
#1024=CIRCLE('',#6529,5.74999999999999);
#1025=CIRCLE('',#6533,5.74999999999999);
#1026=CIRCLE('',#6534,5.74999999999999);
#1027=CIRCLE('',#6536,5.74999999999999);
#1028=CIRCLE('',#6537,5.74999999999999);
#1029=CIRCLE('',#6541,5.74999999999999);
#1030=CIRCLE('',#6542,5.74999999999999);
#1031=CIRCLE('',#6544,5.74999999999999);
#1032=CIRCLE('',#6545,5.74999999999999);
#1033=CIRCLE('',#6549,5.74999999999999);
#1034=CIRCLE('',#6550,5.74999999999999);
#1035=CIRCLE('',#6554,5.74999999999999);
#1036=CIRCLE('',#6555,5.74999999999999);
#1037=CIRCLE('',#6557,5.74999999999999);
#1038=CIRCLE('',#6558,5.74999999999999);
#1039=CIRCLE('',#6560,5.74999999999999);
#1040=CIRCLE('',#6561,1.59999999999999);
#1041=CIRCLE('',#6562,1.6);
#1042=CIRCLE('',#6564,5.74999999999999);
#1043=CIRCLE('',#6565,1.59999999999999);
#1044=CIRCLE('',#6566,1.6);
#1045=CIRCLE('',#6571,1.30000000000002);
#1046=CIRCLE('',#6572,1.30000000000002);
#1047=CIRCLE('',#6575,1.3);
#1048=CIRCLE('',#6576,1.3);
#1049=CIRCLE('',#6579,1.3);
#1050=CIRCLE('',#6580,1.3);
#1051=CIRCLE('',#6583,1.30000000000001);
#1052=CIRCLE('',#6584,1.30000000000001);
#1053=CIRCLE('',#6587,1.00000000000001);
#1054=CIRCLE('',#6588,1.00000000000001);
#1055=CIRCLE('',#6591,0.999999999999996);
#1056=CIRCLE('',#6592,0.999999999999996);
#1057=CIRCLE('',#6595,1.00000000000001);
#1058=CIRCLE('',#6596,1.00000000000001);
#1059=CIRCLE('',#6599,0.999999999999996);
#1060=CIRCLE('',#6600,0.999999999999996);
#1061=CIRCLE('',#6603,1.);
#1062=CIRCLE('',#6604,1.);
#1063=LINE('',#8468,#1912);
#1064=LINE('',#8472,#1913);
#1065=LINE('',#8477,#1914);
#1066=LINE('',#8481,#1915);
#1067=LINE('',#8486,#1916);
#1068=LINE('',#8488,#1917);
#1069=LINE('',#8490,#1918);
#1070=LINE('',#8491,#1919);
#1071=LINE('',#8495,#1920);
#1072=LINE('',#8497,#1921);
#1073=LINE('',#8499,#1922);
#1074=LINE('',#8500,#1923);
#1075=LINE('',#8505,#1924);
#1076=LINE('',#8514,#1925);
#1077=LINE('',#8517,#1926);
#1078=LINE('',#8518,#1927);
#1079=LINE('',#8522,#1928);
#1080=LINE('',#8524,#1929);
#1081=LINE('',#8526,#1930);
#1082=LINE('',#8527,#1931);
#1083=LINE('',#8532,#1932);
#1084=LINE('',#8538,#1933);
#1085=LINE('',#8541,#1934);
#1086=LINE('',#8542,#1935);
#1087=LINE('',#8546,#1936);
#1088=LINE('',#8548,#1937);
#1089=LINE('',#8550,#1938);
#1090=LINE('',#8551,#1939);
#1091=LINE('',#8556,#1940);
#1092=LINE('',#8562,#1941);
#1093=LINE('',#8565,#1942);
#1094=LINE('',#8566,#1943);
#1095=LINE('',#8570,#1944);
#1096=LINE('',#8572,#1945);
#1097=LINE('',#8574,#1946);
#1098=LINE('',#8575,#1947);
#1099=LINE('',#8580,#1948);
#1100=LINE('',#8586,#1949);
#1101=LINE('',#8589,#1950);
#1102=LINE('',#8590,#1951);
#1103=LINE('',#8594,#1952);
#1104=LINE('',#8596,#1953);
#1105=LINE('',#8598,#1954);
#1106=LINE('',#8599,#1955);
#1107=LINE('',#8604,#1956);
#1108=LINE('',#8609,#1957);
#1109=LINE('',#8613,#1958);
#1110=LINE('',#8614,#1959);
#1111=LINE('',#8617,#1960);
#1112=LINE('',#8619,#1961);
#1113=LINE('',#8620,#1962);
#1114=LINE('',#8625,#1963);
#1115=LINE('',#8628,#1964);
#1116=LINE('',#8629,#1965);
#1117=LINE('',#8633,#1966);
#1118=LINE('',#8635,#1967);
#1119=LINE('',#8637,#1968);
#1120=LINE('',#8638,#1969);
#1121=LINE('',#8643,#1970);
#1122=LINE('',#8649,#1971);
#1123=LINE('',#8652,#1972);
#1124=LINE('',#8653,#1973);
#1125=LINE('',#8657,#1974);
#1126=LINE('',#8659,#1975);
#1127=LINE('',#8661,#1976);
#1128=LINE('',#8662,#1977);
#1129=LINE('',#8667,#1978);
#1130=LINE('',#8673,#1979);
#1131=LINE('',#8676,#1980);
#1132=LINE('',#8677,#1981);
#1133=LINE('',#8680,#1982);
#1134=LINE('',#8682,#1983);
#1135=LINE('',#8683,#1984);
#1136=LINE('',#8687,#1985);
#1137=LINE('',#8693,#1986);
#1138=LINE('',#8695,#1987);
#1139=LINE('',#8697,#1988);
#1140=LINE('',#8698,#1989);
#1141=LINE('',#8700,#1990);
#1142=LINE('',#8701,#1991);
#1143=LINE('',#8706,#1992);
#1144=LINE('',#8712,#1993);
#1145=LINE('',#8717,#1994);
#1146=LINE('',#8719,#1995);
#1147=LINE('',#8721,#1996);
#1148=LINE('',#8723,#1997);
#1149=LINE('',#8725,#1998);
#1150=LINE('',#8727,#1999);
#1151=LINE('',#8729,#2000);
#1152=LINE('',#8731,#2001);
#1153=LINE('',#8733,#2002);
#1154=LINE('',#8735,#2003);
#1155=LINE('',#8737,#2004);
#1156=LINE('',#8739,#2005);
#1157=LINE('',#8741,#2006);
#1158=LINE('',#8743,#2007);
#1159=LINE('',#8745,#2008);
#1160=LINE('',#8747,#2009);
#1161=LINE('',#8749,#2010);
#1162=LINE('',#8751,#2011);
#1163=LINE('',#8753,#2012);
#1164=LINE('',#8755,#2013);
#1165=LINE('',#8757,#2014);
#1166=LINE('',#8759,#2015);
#1167=LINE('',#8761,#2016);
#1168=LINE('',#8763,#2017);
#1169=LINE('',#8765,#2018);
#1170=LINE('',#8767,#2019);
#1171=LINE('',#8769,#2020);
#1172=LINE('',#8771,#2021);
#1173=LINE('',#8773,#2022);
#1174=LINE('',#8775,#2023);
#1175=LINE('',#8777,#2024);
#1176=LINE('',#8779,#2025);
#1177=LINE('',#8781,#2026);
#1178=LINE('',#8783,#2027);
#1179=LINE('',#8785,#2028);
#1180=LINE('',#8787,#2029);
#1181=LINE('',#8789,#2030);
#1182=LINE('',#8791,#2031);
#1183=LINE('',#8793,#2032);
#1184=LINE('',#8795,#2033);
#1185=LINE('',#8797,#2034);
#1186=LINE('',#8799,#2035);
#1187=LINE('',#8801,#2036);
#1188=LINE('',#8803,#2037);
#1189=LINE('',#8805,#2038);
#1190=LINE('',#8807,#2039);
#1191=LINE('',#8809,#2040);
#1192=LINE('',#8811,#2041);
#1193=LINE('',#8813,#2042);
#1194=LINE('',#8815,#2043);
#1195=LINE('',#8817,#2044);
#1196=LINE('',#8819,#2045);
#1197=LINE('',#8821,#2046);
#1198=LINE('',#8823,#2047);
#1199=LINE('',#8825,#2048);
#1200=LINE('',#8827,#2049);
#1201=LINE('',#8829,#2050);
#1202=LINE('',#8831,#2051);
#1203=LINE('',#8833,#2052);
#1204=LINE('',#8835,#2053);
#1205=LINE('',#8837,#2054);
#1206=LINE('',#8839,#2055);
#1207=LINE('',#8841,#2056);
#1208=LINE('',#8843,#2057);
#1209=LINE('',#8845,#2058);
#1210=LINE('',#8847,#2059);
#1211=LINE('',#8849,#2060);
#1212=LINE('',#8851,#2061);
#1213=LINE('',#8853,#2062);
#1214=LINE('',#8855,#2063);
#1215=LINE('',#8857,#2064);
#1216=LINE('',#8859,#2065);
#1217=LINE('',#8861,#2066);
#1218=LINE('',#8863,#2067);
#1219=LINE('',#8865,#2068);
#1220=LINE('',#8867,#2069);
#1221=LINE('',#8869,#2070);
#1222=LINE('',#8871,#2071);
#1223=LINE('',#8873,#2072);
#1224=LINE('',#8875,#2073);
#1225=LINE('',#8877,#2074);
#1226=LINE('',#8879,#2075);
#1227=LINE('',#8881,#2076);
#1228=LINE('',#8883,#2077);
#1229=LINE('',#8885,#2078);
#1230=LINE('',#8887,#2079);
#1231=LINE('',#8889,#2080);
#1232=LINE('',#8891,#2081);
#1233=LINE('',#8893,#2082);
#1234=LINE('',#8895,#2083);
#1235=LINE('',#8897,#2084);
#1236=LINE('',#8899,#2085);
#1237=LINE('',#8901,#2086);
#1238=LINE('',#8903,#2087);
#1239=LINE('',#8905,#2088);
#1240=LINE('',#8907,#2089);
#1241=LINE('',#8909,#2090);
#1242=LINE('',#8911,#2091);
#1243=LINE('',#8913,#2092);
#1244=LINE('',#8915,#2093);
#1245=LINE('',#8917,#2094);
#1246=LINE('',#8919,#2095);
#1247=LINE('',#8921,#2096);
#1248=LINE('',#8923,#2097);
#1249=LINE('',#8925,#2098);
#1250=LINE('',#8927,#2099);
#1251=LINE('',#8929,#2100);
#1252=LINE('',#8931,#2101);
#1253=LINE('',#8933,#2102);
#1254=LINE('',#8935,#2103);
#1255=LINE('',#8937,#2104);
#1256=LINE('',#8939,#2105);
#1257=LINE('',#8941,#2106);
#1258=LINE('',#8943,#2107);
#1259=LINE('',#8945,#2108);
#1260=LINE('',#8947,#2109);
#1261=LINE('',#8949,#2110);
#1262=LINE('',#8951,#2111);
#1263=LINE('',#8953,#2112);
#1264=LINE('',#8955,#2113);
#1265=LINE('',#8956,#2114);
#1266=LINE('',#8960,#2115);
#1267=LINE('',#8967,#2116);
#1268=LINE('',#8969,#2117);
#1269=LINE('',#8971,#2118);
#1270=LINE('',#8972,#2119);
#1271=LINE('',#8973,#2120);
#1272=LINE('',#8977,#2121);
#1273=LINE('',#8979,#2122);
#1274=LINE('',#8981,#2123);
#1275=LINE('',#8983,#2124);
#1276=LINE('',#8985,#2125);
#1277=LINE('',#8987,#2126);
#1278=LINE('',#8989,#2127);
#1279=LINE('',#8991,#2128);
#1280=LINE('',#8993,#2129);
#1281=LINE('',#8995,#2130);
#1282=LINE('',#8997,#2131);
#1283=LINE('',#8999,#2132);
#1284=LINE('',#9001,#2133);
#1285=LINE('',#9003,#2134);
#1286=LINE('',#9005,#2135);
#1287=LINE('',#9007,#2136);
#1288=LINE('',#9009,#2137);
#1289=LINE('',#9011,#2138);
#1290=LINE('',#9013,#2139);
#1291=LINE('',#9015,#2140);
#1292=LINE('',#9017,#2141);
#1293=LINE('',#9019,#2142);
#1294=LINE('',#9021,#2143);
#1295=LINE('',#9023,#2144);
#1296=LINE('',#9025,#2145);
#1297=LINE('',#9027,#2146);
#1298=LINE('',#9029,#2147);
#1299=LINE('',#9031,#2148);
#1300=LINE('',#9033,#2149);
#1301=LINE('',#9035,#2150);
#1302=LINE('',#9037,#2151);
#1303=LINE('',#9039,#2152);
#1304=LINE('',#9041,#2153);
#1305=LINE('',#9043,#2154);
#1306=LINE('',#9045,#2155);
#1307=LINE('',#9047,#2156);
#1308=LINE('',#9049,#2157);
#1309=LINE('',#9051,#2158);
#1310=LINE('',#9053,#2159);
#1311=LINE('',#9055,#2160);
#1312=LINE('',#9057,#2161);
#1313=LINE('',#9059,#2162);
#1314=LINE('',#9061,#2163);
#1315=LINE('',#9063,#2164);
#1316=LINE('',#9065,#2165);
#1317=LINE('',#9067,#2166);
#1318=LINE('',#9069,#2167);
#1319=LINE('',#9071,#2168);
#1320=LINE('',#9073,#2169);
#1321=LINE('',#9075,#2170);
#1322=LINE('',#9077,#2171);
#1323=LINE('',#9079,#2172);
#1324=LINE('',#9081,#2173);
#1325=LINE('',#9083,#2174);
#1326=LINE('',#9085,#2175);
#1327=LINE('',#9087,#2176);
#1328=LINE('',#9089,#2177);
#1329=LINE('',#9091,#2178);
#1330=LINE('',#9093,#2179);
#1331=LINE('',#9095,#2180);
#1332=LINE('',#9097,#2181);
#1333=LINE('',#9099,#2182);
#1334=LINE('',#9101,#2183);
#1335=LINE('',#9103,#2184);
#1336=LINE('',#9105,#2185);
#1337=LINE('',#9107,#2186);
#1338=LINE('',#9109,#2187);
#1339=LINE('',#9111,#2188);
#1340=LINE('',#9113,#2189);
#1341=LINE('',#9115,#2190);
#1342=LINE('',#9117,#2191);
#1343=LINE('',#9119,#2192);
#1344=LINE('',#9121,#2193);
#1345=LINE('',#9123,#2194);
#1346=LINE('',#9125,#2195);
#1347=LINE('',#9127,#2196);
#1348=LINE('',#9129,#2197);
#1349=LINE('',#9131,#2198);
#1350=LINE('',#9133,#2199);
#1351=LINE('',#9135,#2200);
#1352=LINE('',#9137,#2201);
#1353=LINE('',#9139,#2202);
#1354=LINE('',#9141,#2203);
#1355=LINE('',#9143,#2204);
#1356=LINE('',#9145,#2205);
#1357=LINE('',#9147,#2206);
#1358=LINE('',#9149,#2207);
#1359=LINE('',#9151,#2208);
#1360=LINE('',#9153,#2209);
#1361=LINE('',#9155,#2210);
#1362=LINE('',#9157,#2211);
#1363=LINE('',#9159,#2212);
#1364=LINE('',#9161,#2213);
#1365=LINE('',#9163,#2214);
#1366=LINE('',#9165,#2215);
#1367=LINE('',#9167,#2216);
#1368=LINE('',#9169,#2217);
#1369=LINE('',#9171,#2218);
#1370=LINE('',#9173,#2219);
#1371=LINE('',#9175,#2220);
#1372=LINE('',#9177,#2221);
#1373=LINE('',#9179,#2222);
#1374=LINE('',#9181,#2223);
#1375=LINE('',#9183,#2224);
#1376=LINE('',#9185,#2225);
#1377=LINE('',#9187,#2226);
#1378=LINE('',#9189,#2227);
#1379=LINE('',#9191,#2228);
#1380=LINE('',#9193,#2229);
#1381=LINE('',#9195,#2230);
#1382=LINE('',#9197,#2231);
#1383=LINE('',#9199,#2232);
#1384=LINE('',#9201,#2233);
#1385=LINE('',#9203,#2234);
#1386=LINE('',#9205,#2235);
#1387=LINE('',#9207,#2236);
#1388=LINE('',#9209,#2237);
#1389=LINE('',#9211,#2238);
#1390=LINE('',#9213,#2239);
#1391=LINE('',#9215,#2240);
#1392=LINE('',#9216,#2241);
#1393=LINE('',#9219,#2242);
#1394=LINE('',#9227,#2243);
#1395=LINE('',#9229,#2244);
#1396=LINE('',#9231,#2245);
#1397=LINE('',#9232,#2246);
#1398=LINE('',#9233,#2247);
#1399=LINE('',#9235,#2248);
#1400=LINE('',#9236,#2249);
#1401=LINE('',#9244,#2250);
#1402=LINE('',#9247,#2251);
#1403=LINE('',#9250,#2252);
#1404=LINE('',#9252,#2253);
#1405=LINE('',#9253,#2254);
#1406=LINE('',#9259,#2255);
#1407=LINE('',#9262,#2256);
#1408=LINE('',#9264,#2257);
#1409=LINE('',#9265,#2258);
#1410=LINE('',#9271,#2259);
#1411=LINE('',#9274,#2260);
#1412=LINE('',#9276,#2261);
#1413=LINE('',#9277,#2262);
#1414=LINE('',#9282,#2263);
#1415=LINE('',#9285,#2264);
#1416=LINE('',#9286,#2265);
#1417=LINE('',#9291,#2266);
#1418=LINE('',#9298,#2267);
#1419=LINE('',#9305,#2268);
#1420=LINE('',#9312,#2269);
#1421=LINE('',#9319,#2270);
#1422=LINE('',#9324,#2271);
#1423=LINE('',#9326,#2272);
#1424=LINE('',#9327,#2273);
#1425=LINE('',#9330,#2274);
#1426=LINE('',#9331,#2275);
#1427=LINE('',#9334,#2276);
#1428=LINE('',#9335,#2277);
#1429=LINE('',#9339,#2278);
#1430=LINE('',#9341,#2279);
#1431=LINE('',#9343,#2280);
#1432=LINE('',#9345,#2281);
#1433=LINE('',#9347,#2282);
#1434=LINE('',#9349,#2283);
#1435=LINE('',#9351,#2284);
#1436=LINE('',#9353,#2285);
#1437=LINE('',#9355,#2286);
#1438=LINE('',#9357,#2287);
#1439=LINE('',#9359,#2288);
#1440=LINE('',#9361,#2289);
#1441=LINE('',#9363,#2290);
#1442=LINE('',#9365,#2291);
#1443=LINE('',#9367,#2292);
#1444=LINE('',#9369,#2293);
#1445=LINE('',#9371,#2294);
#1446=LINE('',#9373,#2295);
#1447=LINE('',#9375,#2296);
#1448=LINE('',#9377,#2297);
#1449=LINE('',#9379,#2298);
#1450=LINE('',#9381,#2299);
#1451=LINE('',#9383,#2300);
#1452=LINE('',#9385,#2301);
#1453=LINE('',#9387,#2302);
#1454=LINE('',#9389,#2303);
#1455=LINE('',#9391,#2304);
#1456=LINE('',#9393,#2305);
#1457=LINE('',#9395,#2306);
#1458=LINE('',#9397,#2307);
#1459=LINE('',#9399,#2308);
#1460=LINE('',#9401,#2309);
#1461=LINE('',#9403,#2310);
#1462=LINE('',#9405,#2311);
#1463=LINE('',#9407,#2312);
#1464=LINE('',#9409,#2313);
#1465=LINE('',#9411,#2314);
#1466=LINE('',#9413,#2315);
#1467=LINE('',#9415,#2316);
#1468=LINE('',#9417,#2317);
#1469=LINE('',#9419,#2318);
#1470=LINE('',#9421,#2319);
#1471=LINE('',#9423,#2320);
#1472=LINE('',#9425,#2321);
#1473=LINE('',#9427,#2322);
#1474=LINE('',#9429,#2323);
#1475=LINE('',#9431,#2324);
#1476=LINE('',#9433,#2325);
#1477=LINE('',#9435,#2326);
#1478=LINE('',#9437,#2327);
#1479=LINE('',#9439,#2328);
#1480=LINE('',#9441,#2329);
#1481=LINE('',#9443,#2330);
#1482=LINE('',#9445,#2331);
#1483=LINE('',#9447,#2332);
#1484=LINE('',#9449,#2333);
#1485=LINE('',#9451,#2334);
#1486=LINE('',#9453,#2335);
#1487=LINE('',#9455,#2336);
#1488=LINE('',#9457,#2337);
#1489=LINE('',#9459,#2338);
#1490=LINE('',#9461,#2339);
#1491=LINE('',#9463,#2340);
#1492=LINE('',#9465,#2341);
#1493=LINE('',#9467,#2342);
#1494=LINE('',#9469,#2343);
#1495=LINE('',#9471,#2344);
#1496=LINE('',#9473,#2345);
#1497=LINE('',#9475,#2346);
#1498=LINE('',#9477,#2347);
#1499=LINE('',#9479,#2348);
#1500=LINE('',#9481,#2349);
#1501=LINE('',#9483,#2350);
#1502=LINE('',#9485,#2351);
#1503=LINE('',#9487,#2352);
#1504=LINE('',#9489,#2353);
#1505=LINE('',#9491,#2354);
#1506=LINE('',#9493,#2355);
#1507=LINE('',#9495,#2356);
#1508=LINE('',#9497,#2357);
#1509=LINE('',#9499,#2358);
#1510=LINE('',#9501,#2359);
#1511=LINE('',#9503,#2360);
#1512=LINE('',#9505,#2361);
#1513=LINE('',#9507,#2362);
#1514=LINE('',#9509,#2363);
#1515=LINE('',#9511,#2364);
#1516=LINE('',#9513,#2365);
#1517=LINE('',#9515,#2366);
#1518=LINE('',#9517,#2367);
#1519=LINE('',#9519,#2368);
#1520=LINE('',#9521,#2369);
#1521=LINE('',#9523,#2370);
#1522=LINE('',#9525,#2371);
#1523=LINE('',#9527,#2372);
#1524=LINE('',#9529,#2373);
#1525=LINE('',#9531,#2374);
#1526=LINE('',#9533,#2375);
#1527=LINE('',#9535,#2376);
#1528=LINE('',#9537,#2377);
#1529=LINE('',#9539,#2378);
#1530=LINE('',#9541,#2379);
#1531=LINE('',#9543,#2380);
#1532=LINE('',#9545,#2381);
#1533=LINE('',#9547,#2382);
#1534=LINE('',#9549,#2383);
#1535=LINE('',#9551,#2384);
#1536=LINE('',#9553,#2385);
#1537=LINE('',#9555,#2386);
#1538=LINE('',#9557,#2387);
#1539=LINE('',#9559,#2388);
#1540=LINE('',#9561,#2389);
#1541=LINE('',#9563,#2390);
#1542=LINE('',#9565,#2391);
#1543=LINE('',#9567,#2392);
#1544=LINE('',#9569,#2393);
#1545=LINE('',#9571,#2394);
#1546=LINE('',#9573,#2395);
#1547=LINE('',#9575,#2396);
#1548=LINE('',#9577,#2397);
#1549=LINE('',#9578,#2398);
#1550=LINE('',#9580,#2399);
#1551=LINE('',#9582,#2400);
#1552=LINE('',#9584,#2401);
#1553=LINE('',#9586,#2402);
#1554=LINE('',#9588,#2403);
#1555=LINE('',#9590,#2404);
#1556=LINE('',#9592,#2405);
#1557=LINE('',#9594,#2406);
#1558=LINE('',#9596,#2407);
#1559=LINE('',#9598,#2408);
#1560=LINE('',#9600,#2409);
#1561=LINE('',#9602,#2410);
#1562=LINE('',#9604,#2411);
#1563=LINE('',#9606,#2412);
#1564=LINE('',#9608,#2413);
#1565=LINE('',#9610,#2414);
#1566=LINE('',#9612,#2415);
#1567=LINE('',#9614,#2416);
#1568=LINE('',#9616,#2417);
#1569=LINE('',#9618,#2418);
#1570=LINE('',#9620,#2419);
#1571=LINE('',#9622,#2420);
#1572=LINE('',#9624,#2421);
#1573=LINE('',#9626,#2422);
#1574=LINE('',#9628,#2423);
#1575=LINE('',#9630,#2424);
#1576=LINE('',#9632,#2425);
#1577=LINE('',#9634,#2426);
#1578=LINE('',#9636,#2427);
#1579=LINE('',#9638,#2428);
#1580=LINE('',#9640,#2429);
#1581=LINE('',#9642,#2430);
#1582=LINE('',#9644,#2431);
#1583=LINE('',#9646,#2432);
#1584=LINE('',#9648,#2433);
#1585=LINE('',#9650,#2434);
#1586=LINE('',#9652,#2435);
#1587=LINE('',#9654,#2436);
#1588=LINE('',#9656,#2437);
#1589=LINE('',#9658,#2438);
#1590=LINE('',#9660,#2439);
#1591=LINE('',#9662,#2440);
#1592=LINE('',#9664,#2441);
#1593=LINE('',#9666,#2442);
#1594=LINE('',#9668,#2443);
#1595=LINE('',#9670,#2444);
#1596=LINE('',#9672,#2445);
#1597=LINE('',#9674,#2446);
#1598=LINE('',#9676,#2447);
#1599=LINE('',#9678,#2448);
#1600=LINE('',#9680,#2449);
#1601=LINE('',#9682,#2450);
#1602=LINE('',#9684,#2451);
#1603=LINE('',#9686,#2452);
#1604=LINE('',#9688,#2453);
#1605=LINE('',#9690,#2454);
#1606=LINE('',#9692,#2455);
#1607=LINE('',#9694,#2456);
#1608=LINE('',#9696,#2457);
#1609=LINE('',#9698,#2458);
#1610=LINE('',#9700,#2459);
#1611=LINE('',#9702,#2460);
#1612=LINE('',#9704,#2461);
#1613=LINE('',#9706,#2462);
#1614=LINE('',#9708,#2463);
#1615=LINE('',#9710,#2464);
#1616=LINE('',#9712,#2465);
#1617=LINE('',#9714,#2466);
#1618=LINE('',#9716,#2467);
#1619=LINE('',#9718,#2468);
#1620=LINE('',#9720,#2469);
#1621=LINE('',#9722,#2470);
#1622=LINE('',#9724,#2471);
#1623=LINE('',#9726,#2472);
#1624=LINE('',#9728,#2473);
#1625=LINE('',#9730,#2474);
#1626=LINE('',#9732,#2475);
#1627=LINE('',#9734,#2476);
#1628=LINE('',#9736,#2477);
#1629=LINE('',#9738,#2478);
#1630=LINE('',#9740,#2479);
#1631=LINE('',#9742,#2480);
#1632=LINE('',#9744,#2481);
#1633=LINE('',#9746,#2482);
#1634=LINE('',#9748,#2483);
#1635=LINE('',#9750,#2484);
#1636=LINE('',#9752,#2485);
#1637=LINE('',#9754,#2486);
#1638=LINE('',#9756,#2487);
#1639=LINE('',#9758,#2488);
#1640=LINE('',#9760,#2489);
#1641=LINE('',#9762,#2490);
#1642=LINE('',#9764,#2491);
#1643=LINE('',#9766,#2492);
#1644=LINE('',#9768,#2493);
#1645=LINE('',#9770,#2494);
#1646=LINE('',#9772,#2495);
#1647=LINE('',#9774,#2496);
#1648=LINE('',#9776,#2497);
#1649=LINE('',#9778,#2498);
#1650=LINE('',#9780,#2499);
#1651=LINE('',#9782,#2500);
#1652=LINE('',#9784,#2501);
#1653=LINE('',#9786,#2502);
#1654=LINE('',#9788,#2503);
#1655=LINE('',#9790,#2504);
#1656=LINE('',#9792,#2505);
#1657=LINE('',#9794,#2506);
#1658=LINE('',#9796,#2507);
#1659=LINE('',#9798,#2508);
#1660=LINE('',#9800,#2509);
#1661=LINE('',#9802,#2510);
#1662=LINE('',#9804,#2511);
#1663=LINE('',#9806,#2512);
#1664=LINE('',#9808,#2513);
#1665=LINE('',#9810,#2514);
#1666=LINE('',#9812,#2515);
#1667=LINE('',#9813,#2516);
#1668=LINE('',#9815,#2517);
#1669=LINE('',#9817,#2518);
#1670=LINE('',#9819,#2519);
#1671=LINE('',#9821,#2520);
#1672=LINE('',#9823,#2521);
#1673=LINE('',#9825,#2522);
#1674=LINE('',#9827,#2523);
#1675=LINE('',#9829,#2524);
#1676=LINE('',#9831,#2525);
#1677=LINE('',#9833,#2526);
#1678=LINE('',#9835,#2527);
#1679=LINE('',#9837,#2528);
#1680=LINE('',#9839,#2529);
#1681=LINE('',#9841,#2530);
#1682=LINE('',#9843,#2531);
#1683=LINE('',#9845,#2532);
#1684=LINE('',#9846,#2533);
#1685=LINE('',#9848,#2534);
#1686=LINE('',#9850,#2535);
#1687=LINE('',#9852,#2536);
#1688=LINE('',#9854,#2537);
#1689=LINE('',#9856,#2538);
#1690=LINE('',#9858,#2539);
#1691=LINE('',#9860,#2540);
#1692=LINE('',#9862,#2541);
#1693=LINE('',#9864,#2542);
#1694=LINE('',#9866,#2543);
#1695=LINE('',#9868,#2544);
#1696=LINE('',#9870,#2545);
#1697=LINE('',#9872,#2546);
#1698=LINE('',#9874,#2547);
#1699=LINE('',#9876,#2548);
#1700=LINE('',#9878,#2549);
#1701=LINE('',#9880,#2550);
#1702=LINE('',#9882,#2551);
#1703=LINE('',#9884,#2552);
#1704=LINE('',#9886,#2553);
#1705=LINE('',#9888,#2554);
#1706=LINE('',#9890,#2555);
#1707=LINE('',#9892,#2556);
#1708=LINE('',#9894,#2557);
#1709=LINE('',#9896,#2558);
#1710=LINE('',#9898,#2559);
#1711=LINE('',#9900,#2560);
#1712=LINE('',#9902,#2561);
#1713=LINE('',#9904,#2562);
#1714=LINE('',#9906,#2563);
#1715=LINE('',#9908,#2564);
#1716=LINE('',#9910,#2565);
#1717=LINE('',#9911,#2566);
#1718=LINE('',#9914,#2567);
#1719=LINE('',#9916,#2568);
#1720=LINE('',#9918,#2569);
#1721=LINE('',#9920,#2570);
#1722=LINE('',#9922,#2571);
#1723=LINE('',#9924,#2572);
#1724=LINE('',#9926,#2573);
#1725=LINE('',#9928,#2574);
#1726=LINE('',#9930,#2575);
#1727=LINE('',#9932,#2576);
#1728=LINE('',#9934,#2577);
#1729=LINE('',#9936,#2578);
#1730=LINE('',#9938,#2579);
#1731=LINE('',#9940,#2580);
#1732=LINE('',#9942,#2581);
#1733=LINE('',#9944,#2582);
#1734=LINE('',#9946,#2583);
#1735=LINE('',#9948,#2584);
#1736=LINE('',#9950,#2585);
#1737=LINE('',#9952,#2586);
#1738=LINE('',#9954,#2587);
#1739=LINE('',#9956,#2588);
#1740=LINE('',#9958,#2589);
#1741=LINE('',#9960,#2590);
#1742=LINE('',#9962,#2591);
#1743=LINE('',#9964,#2592);
#1744=LINE('',#9966,#2593);
#1745=LINE('',#9968,#2594);
#1746=LINE('',#9970,#2595);
#1747=LINE('',#9972,#2596);
#1748=LINE('',#9974,#2597);
#1749=LINE('',#9976,#2598);
#1750=LINE('',#9977,#2599);
#1751=LINE('',#9980,#2600);
#1752=LINE('',#9982,#2601);
#1753=LINE('',#9984,#2602);
#1754=LINE('',#9986,#2603);
#1755=LINE('',#9988,#2604);
#1756=LINE('',#9990,#2605);
#1757=LINE('',#9992,#2606);
#1758=LINE('',#9994,#2607);
#1759=LINE('',#9996,#2608);
#1760=LINE('',#9998,#2609);
#1761=LINE('',#10000,#2610);
#1762=LINE('',#10002,#2611);
#1763=LINE('',#10004,#2612);
#1764=LINE('',#10006,#2613);
#1765=LINE('',#10008,#2614);
#1766=LINE('',#10010,#2615);
#1767=LINE('',#10012,#2616);
#1768=LINE('',#10014,#2617);
#1769=LINE('',#10015,#2618);
#1770=LINE('',#10017,#2619);
#1771=LINE('',#10019,#2620);
#1772=LINE('',#10021,#2621);
#1773=LINE('',#10023,#2622);
#1774=LINE('',#10025,#2623);
#1775=LINE('',#10027,#2624);
#1776=LINE('',#10028,#2625);
#1777=LINE('',#10030,#2626);
#1778=LINE('',#10033,#2627);
#1779=LINE('',#10034,#2628);
#1780=LINE('',#10036,#2629);
#1781=LINE('',#10040,#2630);
#1782=LINE('',#10042,#2631);
#1783=LINE('',#10044,#2632);
#1784=LINE('',#10046,#2633);
#1785=LINE('',#10050,#2634);
#1786=LINE('',#10051,#2635);
#1787=LINE('',#10053,#2636);
#1788=LINE('',#10055,#2637);
#1789=LINE('',#10058,#2638);
#1790=LINE('',#10060,#2639);
#1791=LINE('',#10062,#2640);
#1792=LINE('',#10063,#2641);
#1793=LINE('',#10065,#2642);
#1794=LINE('',#10067,#2643);
#1795=LINE('',#10069,#2644);
#1796=LINE('',#10071,#2645);
#1797=LINE('',#10073,#2646);
#1798=LINE('',#10075,#2647);
#1799=LINE('',#10077,#2648);
#1800=LINE('',#10079,#2649);
#1801=LINE('',#10081,#2650);
#1802=LINE('',#10083,#2651);
#1803=LINE('',#10085,#2652);
#1804=LINE('',#10087,#2653);
#1805=LINE('',#10089,#2654);
#1806=LINE('',#10091,#2655);
#1807=LINE('',#10093,#2656);
#1808=LINE('',#10095,#2657);
#1809=LINE('',#10097,#2658);
#1810=LINE('',#10099,#2659);
#1811=LINE('',#10101,#2660);
#1812=LINE('',#10103,#2661);
#1813=LINE('',#10105,#2662);
#1814=LINE('',#10107,#2663);
#1815=LINE('',#10109,#2664);
#1816=LINE('',#10111,#2665);
#1817=LINE('',#10113,#2666);
#1818=LINE('',#10115,#2667);
#1819=LINE('',#10117,#2668);
#1820=LINE('',#10119,#2669);
#1821=LINE('',#10121,#2670);
#1822=LINE('',#10123,#2671);
#1823=LINE('',#10125,#2672);
#1824=LINE('',#10127,#2673);
#1825=LINE('',#10129,#2674);
#1826=LINE('',#10131,#2675);
#1827=LINE('',#10133,#2676);
#1828=LINE('',#10135,#2677);
#1829=LINE('',#10137,#2678);
#1830=LINE('',#10139,#2679);
#1831=LINE('',#10141,#2680);
#1832=LINE('',#10143,#2681);
#1833=LINE('',#10145,#2682);
#1834=LINE('',#10147,#2683);
#1835=LINE('',#10149,#2684);
#1836=LINE('',#10151,#2685);
#1837=LINE('',#10153,#2686);
#1838=LINE('',#10155,#2687);
#1839=LINE('',#10157,#2688);
#1840=LINE('',#10159,#2689);
#1841=LINE('',#10161,#2690);
#1842=LINE('',#10163,#2691);
#1843=LINE('',#10165,#2692);
#1844=LINE('',#10167,#2693);
#1845=LINE('',#10169,#2694);
#1846=LINE('',#10171,#2695);
#1847=LINE('',#10173,#2696);
#1848=LINE('',#10175,#2697);
#1849=LINE('',#10177,#2698);
#1850=LINE('',#10179,#2699);
#1851=LINE('',#10181,#2700);
#1852=LINE('',#10183,#2701);
#1853=LINE('',#10185,#2702);
#1854=LINE('',#10187,#2703);
#1855=LINE('',#10189,#2704);
#1856=LINE('',#10191,#2705);
#1857=LINE('',#10193,#2706);
#1858=LINE('',#10195,#2707);
#1859=LINE('',#10197,#2708);
#1860=LINE('',#10199,#2709);
#1861=LINE('',#10201,#2710);
#1862=LINE('',#10203,#2711);
#1863=LINE('',#10205,#2712);
#1864=LINE('',#10207,#2713);
#1865=LINE('',#10209,#2714);
#1866=LINE('',#10211,#2715);
#1867=LINE('',#10213,#2716);
#1868=LINE('',#10215,#2717);
#1869=LINE('',#10217,#2718);
#1870=LINE('',#10219,#2719);
#1871=LINE('',#10221,#2720);
#1872=LINE('',#10223,#2721);
#1873=LINE('',#10225,#2722);
#1874=LINE('',#10227,#2723);
#1875=LINE('',#10229,#2724);
#1876=LINE('',#10231,#2725);
#1877=LINE('',#10233,#2726);
#1878=LINE('',#10235,#2727);
#1879=LINE('',#10237,#2728);
#1880=LINE('',#10239,#2729);
#1881=LINE('',#10241,#2730);
#1882=LINE('',#10243,#2731);
#1883=LINE('',#10245,#2732);
#1884=LINE('',#10247,#2733);
#1885=LINE('',#10249,#2734);
#1886=LINE('',#10251,#2735);
#1887=LINE('',#10253,#2736);
#1888=LINE('',#10255,#2737);
#1889=LINE('',#10257,#2738);
#1890=LINE('',#10259,#2739);
#1891=LINE('',#10261,#2740);
#1892=LINE('',#10263,#2741);
#1893=LINE('',#10265,#2742);
#1894=LINE('',#10267,#2743);
#1895=LINE('',#10269,#2744);
#1896=LINE('',#10271,#2745);
#1897=LINE('',#10273,#2746);
#1898=LINE('',#10275,#2747);
#1899=LINE('',#10277,#2748);
#1900=LINE('',#10279,#2749);
#1901=LINE('',#10281,#2750);
#1902=LINE('',#10283,#2751);
#1903=LINE('',#10285,#2752);
#1904=LINE('',#10287,#2753);
#1905=LINE('',#10289,#2754);
#1906=LINE('',#10291,#2755);
#1907=LINE('',#10293,#2756);
#1908=LINE('',#10295,#2757);
#1909=LINE('',#10297,#2758);
#1910=LINE('',#10299,#2759);
#1911=LINE('',#10301,#2760);
#1912=VECTOR('',#6859,10.);
#1913=VECTOR('',#6862,10.);
#1914=VECTOR('',#6867,10.);
#1915=VECTOR('',#6870,10.);
#1916=VECTOR('',#6875,10.);
#1917=VECTOR('',#6876,10.);
#1918=VECTOR('',#6877,10.);
#1919=VECTOR('',#6878,10.);
#1920=VECTOR('',#6881,10.);
#1921=VECTOR('',#6882,10.);
#1922=VECTOR('',#6883,10.);
#1923=VECTOR('',#6884,10.);
#1924=VECTOR('',#6889,10.);
#1925=VECTOR('',#6902,10.);
#1926=VECTOR('',#6907,10.);
#1927=VECTOR('',#6908,10.);
#1928=VECTOR('',#6911,10.);
#1929=VECTOR('',#6912,10.);
#1930=VECTOR('',#6913,10.);
#1931=VECTOR('',#6914,10.);
#1932=VECTOR('',#6919,10.);
#1933=VECTOR('',#6926,10.);
#1934=VECTOR('',#6931,10.);
#1935=VECTOR('',#6932,10.);
#1936=VECTOR('',#6935,10.);
#1937=VECTOR('',#6936,10.);
#1938=VECTOR('',#6937,10.);
#1939=VECTOR('',#6938,10.);
#1940=VECTOR('',#6943,10.);
#1941=VECTOR('',#6950,10.);
#1942=VECTOR('',#6955,10.);
#1943=VECTOR('',#6956,10.);
#1944=VECTOR('',#6959,10.);
#1945=VECTOR('',#6960,10.);
#1946=VECTOR('',#6961,10.);
#1947=VECTOR('',#6962,10.);
#1948=VECTOR('',#6967,10.);
#1949=VECTOR('',#6974,10.);
#1950=VECTOR('',#6979,10.);
#1951=VECTOR('',#6980,10.);
#1952=VECTOR('',#6983,10.);
#1953=VECTOR('',#6984,10.);
#1954=VECTOR('',#6985,10.);
#1955=VECTOR('',#6986,10.);
#1956=VECTOR('',#6991,10.);
#1957=VECTOR('',#6996,10.);
#1958=VECTOR('',#7003,10.);
#1959=VECTOR('',#7004,10.);
#1960=VECTOR('',#7007,10.);
#1961=VECTOR('',#7008,10.);
#1962=VECTOR('',#7009,10.);
#1963=VECTOR('',#7014,10.);
#1964=VECTOR('',#7019,10.);
#1965=VECTOR('',#7020,10.);
#1966=VECTOR('',#7023,10.);
#1967=VECTOR('',#7024,10.);
#1968=VECTOR('',#7025,10.);
#1969=VECTOR('',#7026,10.);
#1970=VECTOR('',#7031,10.);
#1971=VECTOR('',#7038,10.);
#1972=VECTOR('',#7043,10.);
#1973=VECTOR('',#7044,10.);
#1974=VECTOR('',#7047,10.);
#1975=VECTOR('',#7048,10.);
#1976=VECTOR('',#7049,10.);
#1977=VECTOR('',#7050,10.);
#1978=VECTOR('',#7055,10.);
#1979=VECTOR('',#7062,10.);
#1980=VECTOR('',#7067,10.);
#1981=VECTOR('',#7068,10.);
#1982=VECTOR('',#7071,10.);
#1983=VECTOR('',#7072,10.);
#1984=VECTOR('',#7073,10.);
#1985=VECTOR('',#7076,10.);
#1986=VECTOR('',#7083,10.);
#1987=VECTOR('',#7084,10.);
#1988=VECTOR('',#7085,10.);
#1989=VECTOR('',#7086,10.);
#1990=VECTOR('',#7089,10.);
#1991=VECTOR('',#7090,10.);
#1992=VECTOR('',#7095,10.);
#1993=VECTOR('',#7102,10.);
#1994=VECTOR('',#7107,10.);
#1995=VECTOR('',#7108,10.);
#1996=VECTOR('',#7109,10.);
#1997=VECTOR('',#7110,10.);
#1998=VECTOR('',#7111,10.);
#1999=VECTOR('',#7112,10.);
#2000=VECTOR('',#7113,10.);
#2001=VECTOR('',#7114,10.);
#2002=VECTOR('',#7115,10.);
#2003=VECTOR('',#7116,10.);
#2004=VECTOR('',#7117,10.);
#2005=VECTOR('',#7118,10.);
#2006=VECTOR('',#7119,10.);
#2007=VECTOR('',#7120,10.);
#2008=VECTOR('',#7121,10.);
#2009=VECTOR('',#7122,10.);
#2010=VECTOR('',#7123,10.);
#2011=VECTOR('',#7124,10.);
#2012=VECTOR('',#7125,10.);
#2013=VECTOR('',#7126,10.);
#2014=VECTOR('',#7127,10.);
#2015=VECTOR('',#7128,10.);
#2016=VECTOR('',#7129,10.);
#2017=VECTOR('',#7130,10.);
#2018=VECTOR('',#7131,10.);
#2019=VECTOR('',#7132,10.);
#2020=VECTOR('',#7133,10.);
#2021=VECTOR('',#7134,10.);
#2022=VECTOR('',#7135,10.);
#2023=VECTOR('',#7136,10.);
#2024=VECTOR('',#7137,10.);
#2025=VECTOR('',#7138,10.);
#2026=VECTOR('',#7139,10.);
#2027=VECTOR('',#7140,10.);
#2028=VECTOR('',#7141,10.);
#2029=VECTOR('',#7142,10.);
#2030=VECTOR('',#7143,10.);
#2031=VECTOR('',#7144,10.);
#2032=VECTOR('',#7145,10.);
#2033=VECTOR('',#7146,10.);
#2034=VECTOR('',#7147,10.);
#2035=VECTOR('',#7148,10.);
#2036=VECTOR('',#7149,10.);
#2037=VECTOR('',#7150,10.);
#2038=VECTOR('',#7151,10.);
#2039=VECTOR('',#7152,10.);
#2040=VECTOR('',#7153,10.);
#2041=VECTOR('',#7154,10.);
#2042=VECTOR('',#7155,10.);
#2043=VECTOR('',#7156,10.);
#2044=VECTOR('',#7157,10.);
#2045=VECTOR('',#7158,10.);
#2046=VECTOR('',#7159,10.);
#2047=VECTOR('',#7160,10.);
#2048=VECTOR('',#7161,10.);
#2049=VECTOR('',#7162,10.);
#2050=VECTOR('',#7163,10.);
#2051=VECTOR('',#7164,10.);
#2052=VECTOR('',#7165,10.);
#2053=VECTOR('',#7166,10.);
#2054=VECTOR('',#7167,10.);
#2055=VECTOR('',#7168,10.);
#2056=VECTOR('',#7169,10.);
#2057=VECTOR('',#7170,10.);
#2058=VECTOR('',#7171,10.);
#2059=VECTOR('',#7172,10.);
#2060=VECTOR('',#7173,10.);
#2061=VECTOR('',#7174,10.);
#2062=VECTOR('',#7175,10.);
#2063=VECTOR('',#7176,10.);
#2064=VECTOR('',#7177,10.);
#2065=VECTOR('',#7178,10.);
#2066=VECTOR('',#7179,10.);
#2067=VECTOR('',#7180,10.);
#2068=VECTOR('',#7181,10.);
#2069=VECTOR('',#7182,10.);
#2070=VECTOR('',#7183,10.);
#2071=VECTOR('',#7184,10.);
#2072=VECTOR('',#7185,10.);
#2073=VECTOR('',#7186,10.);
#2074=VECTOR('',#7187,10.);
#2075=VECTOR('',#7188,10.);
#2076=VECTOR('',#7189,10.);
#2077=VECTOR('',#7190,10.);
#2078=VECTOR('',#7191,10.);
#2079=VECTOR('',#7192,10.);
#2080=VECTOR('',#7193,10.);
#2081=VECTOR('',#7194,10.);
#2082=VECTOR('',#7195,10.);
#2083=VECTOR('',#7196,10.);
#2084=VECTOR('',#7197,10.);
#2085=VECTOR('',#7198,10.);
#2086=VECTOR('',#7199,10.);
#2087=VECTOR('',#7200,10.);
#2088=VECTOR('',#7201,10.);
#2089=VECTOR('',#7202,10.);
#2090=VECTOR('',#7203,10.);
#2091=VECTOR('',#7204,10.);
#2092=VECTOR('',#7205,10.);
#2093=VECTOR('',#7206,10.);
#2094=VECTOR('',#7207,10.);
#2095=VECTOR('',#7208,10.);
#2096=VECTOR('',#7209,10.);
#2097=VECTOR('',#7210,10.);
#2098=VECTOR('',#7211,10.);
#2099=VECTOR('',#7212,10.);
#2100=VECTOR('',#7213,10.);
#2101=VECTOR('',#7214,10.);
#2102=VECTOR('',#7215,10.);
#2103=VECTOR('',#7216,10.);
#2104=VECTOR('',#7217,10.);
#2105=VECTOR('',#7218,10.);
#2106=VECTOR('',#7219,10.);
#2107=VECTOR('',#7220,10.);
#2108=VECTOR('',#7221,10.);
#2109=VECTOR('',#7222,10.);
#2110=VECTOR('',#7223,10.);
#2111=VECTOR('',#7224,10.);
#2112=VECTOR('',#7225,10.);
#2113=VECTOR('',#7226,10.);
#2114=VECTOR('',#7227,10.);
#2115=VECTOR('',#7230,10.);
#2116=VECTOR('',#7235,10.);
#2117=VECTOR('',#7236,10.);
#2118=VECTOR('',#7237,10.);
#2119=VECTOR('',#7238,10.);
#2120=VECTOR('',#7239,10.);
#2121=VECTOR('',#7242,10.);
#2122=VECTOR('',#7243,10.);
#2123=VECTOR('',#7244,10.);
#2124=VECTOR('',#7245,10.);
#2125=VECTOR('',#7246,10.);
#2126=VECTOR('',#7247,10.);
#2127=VECTOR('',#7248,10.);
#2128=VECTOR('',#7249,10.);
#2129=VECTOR('',#7250,10.);
#2130=VECTOR('',#7251,10.);
#2131=VECTOR('',#7252,10.);
#2132=VECTOR('',#7253,10.);
#2133=VECTOR('',#7254,10.);
#2134=VECTOR('',#7255,10.);
#2135=VECTOR('',#7256,10.);
#2136=VECTOR('',#7257,10.);
#2137=VECTOR('',#7258,10.);
#2138=VECTOR('',#7259,10.);
#2139=VECTOR('',#7260,10.);
#2140=VECTOR('',#7261,10.);
#2141=VECTOR('',#7262,10.);
#2142=VECTOR('',#7263,10.);
#2143=VECTOR('',#7264,10.);
#2144=VECTOR('',#7265,10.);
#2145=VECTOR('',#7266,10.);
#2146=VECTOR('',#7267,10.);
#2147=VECTOR('',#7268,10.);
#2148=VECTOR('',#7269,10.);
#2149=VECTOR('',#7270,10.);
#2150=VECTOR('',#7271,10.);
#2151=VECTOR('',#7272,10.);
#2152=VECTOR('',#7273,10.);
#2153=VECTOR('',#7274,10.);
#2154=VECTOR('',#7275,10.);
#2155=VECTOR('',#7276,10.);
#2156=VECTOR('',#7277,10.);
#2157=VECTOR('',#7278,10.);
#2158=VECTOR('',#7279,10.);
#2159=VECTOR('',#7280,10.);
#2160=VECTOR('',#7281,10.);
#2161=VECTOR('',#7282,10.);
#2162=VECTOR('',#7283,10.);
#2163=VECTOR('',#7284,10.);
#2164=VECTOR('',#7285,10.);
#2165=VECTOR('',#7286,10.);
#2166=VECTOR('',#7287,10.);
#2167=VECTOR('',#7288,10.);
#2168=VECTOR('',#7289,10.);
#2169=VECTOR('',#7290,10.);
#2170=VECTOR('',#7291,10.);
#2171=VECTOR('',#7292,10.);
#2172=VECTOR('',#7293,10.);
#2173=VECTOR('',#7294,10.);
#2174=VECTOR('',#7295,10.);
#2175=VECTOR('',#7296,10.);
#2176=VECTOR('',#7297,10.);
#2177=VECTOR('',#7298,10.);
#2178=VECTOR('',#7299,10.);
#2179=VECTOR('',#7300,10.);
#2180=VECTOR('',#7301,10.);
#2181=VECTOR('',#7302,10.);
#2182=VECTOR('',#7303,10.);
#2183=VECTOR('',#7304,10.);
#2184=VECTOR('',#7305,10.);
#2185=VECTOR('',#7306,10.);
#2186=VECTOR('',#7307,10.);
#2187=VECTOR('',#7308,10.);
#2188=VECTOR('',#7309,10.);
#2189=VECTOR('',#7310,10.);
#2190=VECTOR('',#7311,10.);
#2191=VECTOR('',#7312,10.);
#2192=VECTOR('',#7313,10.);
#2193=VECTOR('',#7314,10.);
#2194=VECTOR('',#7315,10.);
#2195=VECTOR('',#7316,10.);
#2196=VECTOR('',#7317,10.);
#2197=VECTOR('',#7318,10.);
#2198=VECTOR('',#7319,10.);
#2199=VECTOR('',#7320,10.);
#2200=VECTOR('',#7321,10.);
#2201=VECTOR('',#7322,10.);
#2202=VECTOR('',#7323,10.);
#2203=VECTOR('',#7324,10.);
#2204=VECTOR('',#7325,10.);
#2205=VECTOR('',#7326,10.);
#2206=VECTOR('',#7327,10.);
#2207=VECTOR('',#7328,10.);
#2208=VECTOR('',#7329,10.);
#2209=VECTOR('',#7330,10.);
#2210=VECTOR('',#7331,10.);
#2211=VECTOR('',#7332,10.);
#2212=VECTOR('',#7333,10.);
#2213=VECTOR('',#7334,10.);
#2214=VECTOR('',#7335,10.);
#2215=VECTOR('',#7336,10.);
#2216=VECTOR('',#7337,10.);
#2217=VECTOR('',#7338,10.);
#2218=VECTOR('',#7339,10.);
#2219=VECTOR('',#7340,10.);
#2220=VECTOR('',#7341,10.);
#2221=VECTOR('',#7342,10.);
#2222=VECTOR('',#7343,10.);
#2223=VECTOR('',#7344,10.);
#2224=VECTOR('',#7345,10.);
#2225=VECTOR('',#7346,10.);
#2226=VECTOR('',#7347,10.);
#2227=VECTOR('',#7348,10.);
#2228=VECTOR('',#7349,10.);
#2229=VECTOR('',#7350,10.);
#2230=VECTOR('',#7351,10.);
#2231=VECTOR('',#7352,10.);
#2232=VECTOR('',#7353,10.);
#2233=VECTOR('',#7354,10.);
#2234=VECTOR('',#7355,10.);
#2235=VECTOR('',#7356,10.);
#2236=VECTOR('',#7357,10.);
#2237=VECTOR('',#7358,10.);
#2238=VECTOR('',#7359,10.);
#2239=VECTOR('',#7360,10.);
#2240=VECTOR('',#7361,10.);
#2241=VECTOR('',#7362,10.);
#2242=VECTOR('',#7363,10.);
#2243=VECTOR('',#7370,10.);
#2244=VECTOR('',#7371,10.);
#2245=VECTOR('',#7372,10.);
#2246=VECTOR('',#7373,10.);
#2247=VECTOR('',#7374,10.);
#2248=VECTOR('',#7377,10.);
#2249=VECTOR('',#7378,10.);
#2250=VECTOR('',#7387,10.);
#2251=VECTOR('',#7390,10.);
#2252=VECTOR('',#7393,10.);
#2253=VECTOR('',#7394,10.);
#2254=VECTOR('',#7395,10.);
#2255=VECTOR('',#7402,10.);
#2256=VECTOR('',#7405,10.);
#2257=VECTOR('',#7406,10.);
#2258=VECTOR('',#7407,10.);
#2259=VECTOR('',#7414,10.);
#2260=VECTOR('',#7417,10.);
#2261=VECTOR('',#7418,10.);
#2262=VECTOR('',#7419,10.);
#2263=VECTOR('',#7424,10.);
#2264=VECTOR('',#7429,10.);
#2265=VECTOR('',#7430,10.);
#2266=VECTOR('',#7435,1.00000000000001);
#2267=VECTOR('',#7444,0.999999999999996);
#2268=VECTOR('',#7453,1.00000000000001);
#2269=VECTOR('',#7462,0.999999999999996);
#2270=VECTOR('',#7471,1.);
#2271=VECTOR('',#7478,10.);
#2272=VECTOR('',#7479,10.);
#2273=VECTOR('',#7480,10.);
#2274=VECTOR('',#7483,10.);
#2275=VECTOR('',#7484,10.);
#2276=VECTOR('',#7487,10.);
#2277=VECTOR('',#7488,10.);
#2278=VECTOR('',#7491,10.);
#2279=VECTOR('',#7492,10.);
#2280=VECTOR('',#7493,10.);
#2281=VECTOR('',#7494,10.);
#2282=VECTOR('',#7495,10.);
#2283=VECTOR('',#7496,10.);
#2284=VECTOR('',#7497,10.);
#2285=VECTOR('',#7498,10.);
#2286=VECTOR('',#7499,10.);
#2287=VECTOR('',#7500,10.);
#2288=VECTOR('',#7501,10.);
#2289=VECTOR('',#7502,10.);
#2290=VECTOR('',#7503,10.);
#2291=VECTOR('',#7504,10.);
#2292=VECTOR('',#7505,10.);
#2293=VECTOR('',#7506,10.);
#2294=VECTOR('',#7507,10.);
#2295=VECTOR('',#7508,10.);
#2296=VECTOR('',#7509,10.);
#2297=VECTOR('',#7510,10.);
#2298=VECTOR('',#7511,10.);
#2299=VECTOR('',#7512,10.);
#2300=VECTOR('',#7513,10.);
#2301=VECTOR('',#7514,10.);
#2302=VECTOR('',#7515,10.);
#2303=VECTOR('',#7516,10.);
#2304=VECTOR('',#7517,10.);
#2305=VECTOR('',#7518,10.);
#2306=VECTOR('',#7519,10.);
#2307=VECTOR('',#7520,10.);
#2308=VECTOR('',#7521,10.);
#2309=VECTOR('',#7522,10.);
#2310=VECTOR('',#7523,10.);
#2311=VECTOR('',#7524,10.);
#2312=VECTOR('',#7525,10.);
#2313=VECTOR('',#7526,10.);
#2314=VECTOR('',#7527,10.);
#2315=VECTOR('',#7528,10.);
#2316=VECTOR('',#7529,10.);
#2317=VECTOR('',#7530,10.);
#2318=VECTOR('',#7531,10.);
#2319=VECTOR('',#7532,10.);
#2320=VECTOR('',#7533,10.);
#2321=VECTOR('',#7534,10.);
#2322=VECTOR('',#7535,10.);
#2323=VECTOR('',#7536,10.);
#2324=VECTOR('',#7537,10.);
#2325=VECTOR('',#7538,10.);
#2326=VECTOR('',#7539,10.);
#2327=VECTOR('',#7540,10.);
#2328=VECTOR('',#7541,10.);
#2329=VECTOR('',#7542,10.);
#2330=VECTOR('',#7543,10.);
#2331=VECTOR('',#7544,10.);
#2332=VECTOR('',#7545,10.);
#2333=VECTOR('',#7546,10.);
#2334=VECTOR('',#7547,10.);
#2335=VECTOR('',#7548,10.);
#2336=VECTOR('',#7549,10.);
#2337=VECTOR('',#7550,10.);
#2338=VECTOR('',#7551,10.);
#2339=VECTOR('',#7552,10.);
#2340=VECTOR('',#7553,10.);
#2341=VECTOR('',#7554,10.);
#2342=VECTOR('',#7555,10.);
#2343=VECTOR('',#7556,10.);
#2344=VECTOR('',#7557,10.);
#2345=VECTOR('',#7558,10.);
#2346=VECTOR('',#7559,10.);
#2347=VECTOR('',#7560,10.);
#2348=VECTOR('',#7561,10.);
#2349=VECTOR('',#7562,10.);
#2350=VECTOR('',#7563,10.);
#2351=VECTOR('',#7564,10.);
#2352=VECTOR('',#7565,10.);
#2353=VECTOR('',#7566,10.);
#2354=VECTOR('',#7567,10.);
#2355=VECTOR('',#7568,10.);
#2356=VECTOR('',#7569,10.);
#2357=VECTOR('',#7570,10.);
#2358=VECTOR('',#7571,10.);
#2359=VECTOR('',#7572,10.);
#2360=VECTOR('',#7573,10.);
#2361=VECTOR('',#7574,10.);
#2362=VECTOR('',#7575,10.);
#2363=VECTOR('',#7576,10.);
#2364=VECTOR('',#7577,10.);
#2365=VECTOR('',#7578,10.);
#2366=VECTOR('',#7579,10.);
#2367=VECTOR('',#7580,10.);
#2368=VECTOR('',#7581,10.);
#2369=VECTOR('',#7582,10.);
#2370=VECTOR('',#7583,10.);
#2371=VECTOR('',#7584,10.);
#2372=VECTOR('',#7585,10.);
#2373=VECTOR('',#7586,10.);
#2374=VECTOR('',#7587,10.);
#2375=VECTOR('',#7588,10.);
#2376=VECTOR('',#7589,10.);
#2377=VECTOR('',#7590,10.);
#2378=VECTOR('',#7591,10.);
#2379=VECTOR('',#7592,10.);
#2380=VECTOR('',#7593,10.);
#2381=VECTOR('',#7594,10.);
#2382=VECTOR('',#7595,10.);
#2383=VECTOR('',#7596,10.);
#2384=VECTOR('',#7597,10.);
#2385=VECTOR('',#7598,10.);
#2386=VECTOR('',#7599,10.);
#2387=VECTOR('',#7600,10.);
#2388=VECTOR('',#7601,10.);
#2389=VECTOR('',#7602,10.);
#2390=VECTOR('',#7603,10.);
#2391=VECTOR('',#7604,10.);
#2392=VECTOR('',#7605,10.);
#2393=VECTOR('',#7606,10.);
#2394=VECTOR('',#7607,10.);
#2395=VECTOR('',#7608,10.);
#2396=VECTOR('',#7609,10.);
#2397=VECTOR('',#7610,10.);
#2398=VECTOR('',#7611,10.);
#2399=VECTOR('',#7612,10.);
#2400=VECTOR('',#7613,10.);
#2401=VECTOR('',#7614,10.);
#2402=VECTOR('',#7615,10.);
#2403=VECTOR('',#7616,10.);
#2404=VECTOR('',#7617,10.);
#2405=VECTOR('',#7618,10.);
#2406=VECTOR('',#7619,10.);
#2407=VECTOR('',#7620,10.);
#2408=VECTOR('',#7621,10.);
#2409=VECTOR('',#7622,10.);
#2410=VECTOR('',#7623,10.);
#2411=VECTOR('',#7624,10.);
#2412=VECTOR('',#7625,10.);
#2413=VECTOR('',#7626,10.);
#2414=VECTOR('',#7627,10.);
#2415=VECTOR('',#7628,10.);
#2416=VECTOR('',#7629,10.);
#2417=VECTOR('',#7630,10.);
#2418=VECTOR('',#7631,10.);
#2419=VECTOR('',#7632,10.);
#2420=VECTOR('',#7633,10.);
#2421=VECTOR('',#7634,10.);
#2422=VECTOR('',#7635,10.);
#2423=VECTOR('',#7636,10.);
#2424=VECTOR('',#7637,10.);
#2425=VECTOR('',#7638,10.);
#2426=VECTOR('',#7639,10.);
#2427=VECTOR('',#7640,10.);
#2428=VECTOR('',#7641,10.);
#2429=VECTOR('',#7642,10.);
#2430=VECTOR('',#7643,10.);
#2431=VECTOR('',#7644,10.);
#2432=VECTOR('',#7645,10.);
#2433=VECTOR('',#7646,10.);
#2434=VECTOR('',#7647,10.);
#2435=VECTOR('',#7648,10.);
#2436=VECTOR('',#7649,10.);
#2437=VECTOR('',#7650,10.);
#2438=VECTOR('',#7651,10.);
#2439=VECTOR('',#7652,10.);
#2440=VECTOR('',#7653,10.);
#2441=VECTOR('',#7654,10.);
#2442=VECTOR('',#7655,10.);
#2443=VECTOR('',#7656,10.);
#2444=VECTOR('',#7657,10.);
#2445=VECTOR('',#7658,10.);
#2446=VECTOR('',#7659,10.);
#2447=VECTOR('',#7660,10.);
#2448=VECTOR('',#7661,10.);
#2449=VECTOR('',#7662,10.);
#2450=VECTOR('',#7663,10.);
#2451=VECTOR('',#7664,10.);
#2452=VECTOR('',#7665,10.);
#2453=VECTOR('',#7666,10.);
#2454=VECTOR('',#7667,10.);
#2455=VECTOR('',#7668,10.);
#2456=VECTOR('',#7669,10.);
#2457=VECTOR('',#7670,10.);
#2458=VECTOR('',#7671,10.);
#2459=VECTOR('',#7672,10.);
#2460=VECTOR('',#7673,10.);
#2461=VECTOR('',#7674,10.);
#2462=VECTOR('',#7675,10.);
#2463=VECTOR('',#7676,10.);
#2464=VECTOR('',#7677,10.);
#2465=VECTOR('',#7678,10.);
#2466=VECTOR('',#7679,10.);
#2467=VECTOR('',#7680,10.);
#2468=VECTOR('',#7681,10.);
#2469=VECTOR('',#7682,10.);
#2470=VECTOR('',#7683,10.);
#2471=VECTOR('',#7684,10.);
#2472=VECTOR('',#7685,10.);
#2473=VECTOR('',#7686,10.);
#2474=VECTOR('',#7687,10.);
#2475=VECTOR('',#7688,10.);
#2476=VECTOR('',#7689,10.);
#2477=VECTOR('',#7690,10.);
#2478=VECTOR('',#7691,10.);
#2479=VECTOR('',#7692,10.);
#2480=VECTOR('',#7693,10.);
#2481=VECTOR('',#7694,10.);
#2482=VECTOR('',#7695,10.);
#2483=VECTOR('',#7696,10.);
#2484=VECTOR('',#7697,10.);
#2485=VECTOR('',#7698,10.);
#2486=VECTOR('',#7699,10.);
#2487=VECTOR('',#7700,10.);
#2488=VECTOR('',#7701,10.);
#2489=VECTOR('',#7702,10.);
#2490=VECTOR('',#7703,10.);
#2491=VECTOR('',#7704,10.);
#2492=VECTOR('',#7705,10.);
#2493=VECTOR('',#7706,10.);
#2494=VECTOR('',#7707,10.);
#2495=VECTOR('',#7708,10.);
#2496=VECTOR('',#7709,10.);
#2497=VECTOR('',#7710,10.);
#2498=VECTOR('',#7711,10.);
#2499=VECTOR('',#7712,10.);
#2500=VECTOR('',#7713,10.);
#2501=VECTOR('',#7714,10.);
#2502=VECTOR('',#7715,10.);
#2503=VECTOR('',#7716,10.);
#2504=VECTOR('',#7717,10.);
#2505=VECTOR('',#7718,10.);
#2506=VECTOR('',#7719,10.);
#2507=VECTOR('',#7720,10.);
#2508=VECTOR('',#7721,10.);
#2509=VECTOR('',#7722,10.);
#2510=VECTOR('',#7723,10.);
#2511=VECTOR('',#7724,10.);
#2512=VECTOR('',#7725,10.);
#2513=VECTOR('',#7726,10.);
#2514=VECTOR('',#7727,10.);
#2515=VECTOR('',#7728,10.);
#2516=VECTOR('',#7729,10.);
#2517=VECTOR('',#7732,10.);
#2518=VECTOR('',#7735,10.);
#2519=VECTOR('',#7738,10.);
#2520=VECTOR('',#7741,10.);
#2521=VECTOR('',#7744,10.);
#2522=VECTOR('',#7747,10.);
#2523=VECTOR('',#7750,10.);
#2524=VECTOR('',#7753,10.);
#2525=VECTOR('',#7756,10.);
#2526=VECTOR('',#7759,10.);
#2527=VECTOR('',#7762,10.);
#2528=VECTOR('',#7765,10.);
#2529=VECTOR('',#7768,10.);
#2530=VECTOR('',#7771,10.);
#2531=VECTOR('',#7774,10.);
#2532=VECTOR('',#7777,10.);
#2533=VECTOR('',#7778,10.);
#2534=VECTOR('',#7781,10.);
#2535=VECTOR('',#7784,10.);
#2536=VECTOR('',#7787,10.);
#2537=VECTOR('',#7790,10.);
#2538=VECTOR('',#7793,10.);
#2539=VECTOR('',#7796,10.);
#2540=VECTOR('',#7799,10.);
#2541=VECTOR('',#7802,10.);
#2542=VECTOR('',#7805,10.);
#2543=VECTOR('',#7808,10.);
#2544=VECTOR('',#7811,10.);
#2545=VECTOR('',#7814,10.);
#2546=VECTOR('',#7817,10.);
#2547=VECTOR('',#7820,10.);
#2548=VECTOR('',#7823,10.);
#2549=VECTOR('',#7826,10.);
#2550=VECTOR('',#7829,10.);
#2551=VECTOR('',#7832,10.);
#2552=VECTOR('',#7835,10.);
#2553=VECTOR('',#7838,10.);
#2554=VECTOR('',#7841,10.);
#2555=VECTOR('',#7844,10.);
#2556=VECTOR('',#7847,10.);
#2557=VECTOR('',#7850,10.);
#2558=VECTOR('',#7853,10.);
#2559=VECTOR('',#7856,10.);
#2560=VECTOR('',#7859,10.);
#2561=VECTOR('',#7862,10.);
#2562=VECTOR('',#7865,10.);
#2563=VECTOR('',#7868,10.);
#2564=VECTOR('',#7871,10.);
#2565=VECTOR('',#7874,10.);
#2566=VECTOR('',#7875,10.);
#2567=VECTOR('',#7880,10.);
#2568=VECTOR('',#7883,10.);
#2569=VECTOR('',#7886,10.);
#2570=VECTOR('',#7889,10.);
#2571=VECTOR('',#7892,10.);
#2572=VECTOR('',#7895,10.);
#2573=VECTOR('',#7898,10.);
#2574=VECTOR('',#7901,10.);
#2575=VECTOR('',#7904,10.);
#2576=VECTOR('',#7907,10.);
#2577=VECTOR('',#7910,10.);
#2578=VECTOR('',#7913,10.);
#2579=VECTOR('',#7916,10.);
#2580=VECTOR('',#7919,10.);
#2581=VECTOR('',#7922,10.);
#2582=VECTOR('',#7925,10.);
#2583=VECTOR('',#7928,10.);
#2584=VECTOR('',#7931,10.);
#2585=VECTOR('',#7934,10.);
#2586=VECTOR('',#7937,10.);
#2587=VECTOR('',#7940,10.);
#2588=VECTOR('',#7943,10.);
#2589=VECTOR('',#7946,10.);
#2590=VECTOR('',#7949,10.);
#2591=VECTOR('',#7952,10.);
#2592=VECTOR('',#7955,10.);
#2593=VECTOR('',#7958,10.);
#2594=VECTOR('',#7961,10.);
#2595=VECTOR('',#7964,10.);
#2596=VECTOR('',#7967,10.);
#2597=VECTOR('',#7970,10.);
#2598=VECTOR('',#7973,10.);
#2599=VECTOR('',#7974,10.);
#2600=VECTOR('',#7979,10.);
#2601=VECTOR('',#7982,10.);
#2602=VECTOR('',#7985,10.);
#2603=VECTOR('',#7988,10.);
#2604=VECTOR('',#7991,10.);
#2605=VECTOR('',#7994,10.);
#2606=VECTOR('',#7997,10.);
#2607=VECTOR('',#8000,10.);
#2608=VECTOR('',#8003,10.);
#2609=VECTOR('',#8006,10.);
#2610=VECTOR('',#8009,10.);
#2611=VECTOR('',#8012,10.);
#2612=VECTOR('',#8015,10.);
#2613=VECTOR('',#8018,10.);
#2614=VECTOR('',#8021,10.);
#2615=VECTOR('',#8024,10.);
#2616=VECTOR('',#8027,10.);
#2617=VECTOR('',#8030,10.);
#2618=VECTOR('',#8031,10.);
#2619=VECTOR('',#8034,10.);
#2620=VECTOR('',#8037,10.);
#2621=VECTOR('',#8040,10.);
#2622=VECTOR('',#8043,10.);
#2623=VECTOR('',#8046,10.);
#2624=VECTOR('',#8049,10.);
#2625=VECTOR('',#8050,10.);
#2626=VECTOR('',#8053,10.);
#2627=VECTOR('',#8058,10.);
#2628=VECTOR('',#8059,10.);
#2629=VECTOR('',#8062,10.);
#2630=VECTOR('',#8069,10.);
#2631=VECTOR('',#8072,10.);
#2632=VECTOR('',#8075,10.);
#2633=VECTOR('',#8078,10.);
#2634=VECTOR('',#8085,10.);
#2635=VECTOR('',#8086,10.);
#2636=VECTOR('',#8089,10.);
#2637=VECTOR('',#8092,10.);
#2638=VECTOR('',#8097,1.6);
#2639=VECTOR('',#8100,1.59999999999999);
#2640=VECTOR('',#8103,10.);
#2641=VECTOR('',#8104,10.);
#2642=VECTOR('',#8107,10.);
#2643=VECTOR('',#8110,10.);
#2644=VECTOR('',#8113,10.);
#2645=VECTOR('',#8116,10.);
#2646=VECTOR('',#8119,10.);
#2647=VECTOR('',#8122,10.);
#2648=VECTOR('',#8125,10.);
#2649=VECTOR('',#8128,10.);
#2650=VECTOR('',#8131,10.);
#2651=VECTOR('',#8134,10.);
#2652=VECTOR('',#8137,10.);
#2653=VECTOR('',#8140,10.);
#2654=VECTOR('',#8143,10.);
#2655=VECTOR('',#8146,10.);
#2656=VECTOR('',#8149,10.);
#2657=VECTOR('',#8152,10.);
#2658=VECTOR('',#8155,10.);
#2659=VECTOR('',#8158,10.);
#2660=VECTOR('',#8161,10.);
#2661=VECTOR('',#8164,10.);
#2662=VECTOR('',#8167,10.);
#2663=VECTOR('',#8170,10.);
#2664=VECTOR('',#8173,10.);
#2665=VECTOR('',#8176,10.);
#2666=VECTOR('',#8179,10.);
#2667=VECTOR('',#8182,10.);
#2668=VECTOR('',#8185,10.);
#2669=VECTOR('',#8188,10.);
#2670=VECTOR('',#8191,10.);
#2671=VECTOR('',#8194,10.);
#2672=VECTOR('',#8197,10.);
#2673=VECTOR('',#8200,10.);
#2674=VECTOR('',#8203,10.);
#2675=VECTOR('',#8206,10.);
#2676=VECTOR('',#8209,10.);
#2677=VECTOR('',#8212,10.);
#2678=VECTOR('',#8215,10.);
#2679=VECTOR('',#8218,10.);
#2680=VECTOR('',#8221,10.);
#2681=VECTOR('',#8224,10.);
#2682=VECTOR('',#8227,10.);
#2683=VECTOR('',#8230,10.);
#2684=VECTOR('',#8233,10.);
#2685=VECTOR('',#8236,10.);
#2686=VECTOR('',#8239,10.);
#2687=VECTOR('',#8242,10.);
#2688=VECTOR('',#8245,10.);
#2689=VECTOR('',#8248,10.);
#2690=VECTOR('',#8251,10.);
#2691=VECTOR('',#8254,10.);
#2692=VECTOR('',#8257,10.);
#2693=VECTOR('',#8260,10.);
#2694=VECTOR('',#8263,10.);
#2695=VECTOR('',#8266,10.);
#2696=VECTOR('',#8269,10.);
#2697=VECTOR('',#8272,10.);
#2698=VECTOR('',#8275,10.);
#2699=VECTOR('',#8278,10.);
#2700=VECTOR('',#8281,10.);
#2701=VECTOR('',#8284,10.);
#2702=VECTOR('',#8287,10.);
#2703=VECTOR('',#8290,10.);
#2704=VECTOR('',#8293,10.);
#2705=VECTOR('',#8296,10.);
#2706=VECTOR('',#8299,10.);
#2707=VECTOR('',#8302,10.);
#2708=VECTOR('',#8305,10.);
#2709=VECTOR('',#8308,10.);
#2710=VECTOR('',#8311,10.);
#2711=VECTOR('',#8314,10.);
#2712=VECTOR('',#8317,10.);
#2713=VECTOR('',#8320,10.);
#2714=VECTOR('',#8323,10.);
#2715=VECTOR('',#8326,10.);
#2716=VECTOR('',#8329,10.);
#2717=VECTOR('',#8332,10.);
#2718=VECTOR('',#8335,10.);
#2719=VECTOR('',#8338,10.);
#2720=VECTOR('',#8341,10.);
#2721=VECTOR('',#8344,10.);
#2722=VECTOR('',#8347,10.);
#2723=VECTOR('',#8350,10.);
#2724=VECTOR('',#8353,10.);
#2725=VECTOR('',#8356,10.);
#2726=VECTOR('',#8359,10.);
#2727=VECTOR('',#8362,10.);
#2728=VECTOR('',#8365,10.);
#2729=VECTOR('',#8368,10.);
#2730=VECTOR('',#8371,10.);
#2731=VECTOR('',#8374,10.);
#2732=VECTOR('',#8377,10.);
#2733=VECTOR('',#8380,10.);
#2734=VECTOR('',#8383,10.);
#2735=VECTOR('',#8386,10.);
#2736=VECTOR('',#8389,10.);
#2737=VECTOR('',#8392,10.);
#2738=VECTOR('',#8395,10.);
#2739=VECTOR('',#8398,10.);
#2740=VECTOR('',#8401,10.);
#2741=VECTOR('',#8404,10.);
#2742=VECTOR('',#8407,10.);
#2743=VECTOR('',#8410,10.);
#2744=VECTOR('',#8413,10.);
#2745=VECTOR('',#8416,10.);
#2746=VECTOR('',#8419,10.);
#2747=VECTOR('',#8422,10.);
#2748=VECTOR('',#8425,10.);
#2749=VECTOR('',#8428,10.);
#2750=VECTOR('',#8431,10.);
#2751=VECTOR('',#8434,10.);
#2752=VECTOR('',#8437,10.);
#2753=VECTOR('',#8440,10.);
#2754=VECTOR('',#8443,10.);
#2755=VECTOR('',#8446,10.);
#2756=VECTOR('',#8449,10.);
#2757=VECTOR('',#8452,10.);
#2758=VECTOR('',#8455,10.);
#2759=VECTOR('',#8458,10.);
#2760=VECTOR('',#8461,10.);
#2761=VERTEX_POINT('',#8466);
#2762=VERTEX_POINT('',#8467);
#2763=VERTEX_POINT('',#8469);
#2764=VERTEX_POINT('',#8471);
#2765=VERTEX_POINT('',#8475);
#2766=VERTEX_POINT('',#8476);
#2767=VERTEX_POINT('',#8478);
#2768=VERTEX_POINT('',#8480);
#2769=VERTEX_POINT('',#8484);
#2770=VERTEX_POINT('',#8485);
#2771=VERTEX_POINT('',#8487);
#2772=VERTEX_POINT('',#8489);
#2773=VERTEX_POINT('',#8493);
#2774=VERTEX_POINT('',#8494);
#2775=VERTEX_POINT('',#8496);
#2776=VERTEX_POINT('',#8498);
#2777=VERTEX_POINT('',#8502);
#2778=VERTEX_POINT('',#8504);
#2779=VERTEX_POINT('',#8511);
#2780=VERTEX_POINT('',#8513);
#2781=VERTEX_POINT('',#8520);
#2782=VERTEX_POINT('',#8521);
#2783=VERTEX_POINT('',#8523);
#2784=VERTEX_POINT('',#8525);
#2785=VERTEX_POINT('',#8529);
#2786=VERTEX_POINT('',#8531);
#2787=VERTEX_POINT('',#8535);
#2788=VERTEX_POINT('',#8537);
#2789=VERTEX_POINT('',#8544);
#2790=VERTEX_POINT('',#8545);
#2791=VERTEX_POINT('',#8547);
#2792=VERTEX_POINT('',#8549);
#2793=VERTEX_POINT('',#8553);
#2794=VERTEX_POINT('',#8555);
#2795=VERTEX_POINT('',#8559);
#2796=VERTEX_POINT('',#8561);
#2797=VERTEX_POINT('',#8568);
#2798=VERTEX_POINT('',#8569);
#2799=VERTEX_POINT('',#8571);
#2800=VERTEX_POINT('',#8573);
#2801=VERTEX_POINT('',#8577);
#2802=VERTEX_POINT('',#8579);
#2803=VERTEX_POINT('',#8583);
#2804=VERTEX_POINT('',#8585);
#2805=VERTEX_POINT('',#8592);
#2806=VERTEX_POINT('',#8593);
#2807=VERTEX_POINT('',#8595);
#2808=VERTEX_POINT('',#8597);
#2809=VERTEX_POINT('',#8601);
#2810=VERTEX_POINT('',#8603);
#2811=VERTEX_POINT('',#8607);
#2812=VERTEX_POINT('',#8608);
#2813=VERTEX_POINT('',#8616);
#2814=VERTEX_POINT('',#8618);
#2815=VERTEX_POINT('',#8622);
#2816=VERTEX_POINT('',#8624);
#2817=VERTEX_POINT('',#8631);
#2818=VERTEX_POINT('',#8632);
#2819=VERTEX_POINT('',#8634);
#2820=VERTEX_POINT('',#8636);
#2821=VERTEX_POINT('',#8640);
#2822=VERTEX_POINT('',#8642);
#2823=VERTEX_POINT('',#8646);
#2824=VERTEX_POINT('',#8648);
#2825=VERTEX_POINT('',#8655);
#2826=VERTEX_POINT('',#8656);
#2827=VERTEX_POINT('',#8658);
#2828=VERTEX_POINT('',#8660);
#2829=VERTEX_POINT('',#8664);
#2830=VERTEX_POINT('',#8666);
#2831=VERTEX_POINT('',#8670);
#2832=VERTEX_POINT('',#8672);
#2833=VERTEX_POINT('',#8679);
#2834=VERTEX_POINT('',#8681);
#2835=VERTEX_POINT('',#8685);
#2836=VERTEX_POINT('',#8686);
#2837=VERTEX_POINT('',#8691);
#2838=VERTEX_POINT('',#8692);
#2839=VERTEX_POINT('',#8694);
#2840=VERTEX_POINT('',#8696);
#2841=VERTEX_POINT('',#8703);
#2842=VERTEX_POINT('',#8705);
#2843=VERTEX_POINT('',#8709);
#2844=VERTEX_POINT('',#8711);
#2845=VERTEX_POINT('',#8715);
#2846=VERTEX_POINT('',#8716);
#2847=VERTEX_POINT('',#8718);
#2848=VERTEX_POINT('',#8720);
#2849=VERTEX_POINT('',#8722);
#2850=VERTEX_POINT('',#8724);
#2851=VERTEX_POINT('',#8726);
#2852=VERTEX_POINT('',#8728);
#2853=VERTEX_POINT('',#8730);
#2854=VERTEX_POINT('',#8732);
#2855=VERTEX_POINT('',#8734);
#2856=VERTEX_POINT('',#8736);
#2857=VERTEX_POINT('',#8738);
#2858=VERTEX_POINT('',#8740);
#2859=VERTEX_POINT('',#8742);
#2860=VERTEX_POINT('',#8744);
#2861=VERTEX_POINT('',#8746);
#2862=VERTEX_POINT('',#8748);
#2863=VERTEX_POINT('',#8750);
#2864=VERTEX_POINT('',#8752);
#2865=VERTEX_POINT('',#8754);
#2866=VERTEX_POINT('',#8756);
#2867=VERTEX_POINT('',#8758);
#2868=VERTEX_POINT('',#8760);
#2869=VERTEX_POINT('',#8762);
#2870=VERTEX_POINT('',#8764);
#2871=VERTEX_POINT('',#8766);
#2872=VERTEX_POINT('',#8768);
#2873=VERTEX_POINT('',#8770);
#2874=VERTEX_POINT('',#8772);
#2875=VERTEX_POINT('',#8774);
#2876=VERTEX_POINT('',#8776);
#2877=VERTEX_POINT('',#8778);
#2878=VERTEX_POINT('',#8780);
#2879=VERTEX_POINT('',#8782);
#2880=VERTEX_POINT('',#8784);
#2881=VERTEX_POINT('',#8786);
#2882=VERTEX_POINT('',#8788);
#2883=VERTEX_POINT('',#8790);
#2884=VERTEX_POINT('',#8792);
#2885=VERTEX_POINT('',#8794);
#2886=VERTEX_POINT('',#8796);
#2887=VERTEX_POINT('',#8798);
#2888=VERTEX_POINT('',#8800);
#2889=VERTEX_POINT('',#8802);
#2890=VERTEX_POINT('',#8804);
#2891=VERTEX_POINT('',#8806);
#2892=VERTEX_POINT('',#8808);
#2893=VERTEX_POINT('',#8810);
#2894=VERTEX_POINT('',#8812);
#2895=VERTEX_POINT('',#8814);
#2896=VERTEX_POINT('',#8816);
#2897=VERTEX_POINT('',#8818);
#2898=VERTEX_POINT('',#8820);
#2899=VERTEX_POINT('',#8822);
#2900=VERTEX_POINT('',#8824);
#2901=VERTEX_POINT('',#8826);
#2902=VERTEX_POINT('',#8828);
#2903=VERTEX_POINT('',#8830);
#2904=VERTEX_POINT('',#8832);
#2905=VERTEX_POINT('',#8834);
#2906=VERTEX_POINT('',#8836);
#2907=VERTEX_POINT('',#8838);
#2908=VERTEX_POINT('',#8840);
#2909=VERTEX_POINT('',#8842);
#2910=VERTEX_POINT('',#8844);
#2911=VERTEX_POINT('',#8846);
#2912=VERTEX_POINT('',#8848);
#2913=VERTEX_POINT('',#8850);
#2914=VERTEX_POINT('',#8852);
#2915=VERTEX_POINT('',#8854);
#2916=VERTEX_POINT('',#8856);
#2917=VERTEX_POINT('',#8858);
#2918=VERTEX_POINT('',#8860);
#2919=VERTEX_POINT('',#8862);
#2920=VERTEX_POINT('',#8864);
#2921=VERTEX_POINT('',#8866);
#2922=VERTEX_POINT('',#8868);
#2923=VERTEX_POINT('',#8870);
#2924=VERTEX_POINT('',#8872);
#2925=VERTEX_POINT('',#8874);
#2926=VERTEX_POINT('',#8876);
#2927=VERTEX_POINT('',#8878);
#2928=VERTEX_POINT('',#8880);
#2929=VERTEX_POINT('',#8882);
#2930=VERTEX_POINT('',#8884);
#2931=VERTEX_POINT('',#8886);
#2932=VERTEX_POINT('',#8888);
#2933=VERTEX_POINT('',#8890);
#2934=VERTEX_POINT('',#8892);
#2935=VERTEX_POINT('',#8894);
#2936=VERTEX_POINT('',#8896);
#2937=VERTEX_POINT('',#8898);
#2938=VERTEX_POINT('',#8900);
#2939=VERTEX_POINT('',#8902);
#2940=VERTEX_POINT('',#8904);
#2941=VERTEX_POINT('',#8906);
#2942=VERTEX_POINT('',#8908);
#2943=VERTEX_POINT('',#8910);
#2944=VERTEX_POINT('',#8912);
#2945=VERTEX_POINT('',#8914);
#2946=VERTEX_POINT('',#8916);
#2947=VERTEX_POINT('',#8918);
#2948=VERTEX_POINT('',#8920);
#2949=VERTEX_POINT('',#8922);
#2950=VERTEX_POINT('',#8924);
#2951=VERTEX_POINT('',#8926);
#2952=VERTEX_POINT('',#8928);
#2953=VERTEX_POINT('',#8930);
#2954=VERTEX_POINT('',#8932);
#2955=VERTEX_POINT('',#8934);
#2956=VERTEX_POINT('',#8936);
#2957=VERTEX_POINT('',#8938);
#2958=VERTEX_POINT('',#8940);
#2959=VERTEX_POINT('',#8942);
#2960=VERTEX_POINT('',#8944);
#2961=VERTEX_POINT('',#8946);
#2962=VERTEX_POINT('',#8948);
#2963=VERTEX_POINT('',#8950);
#2964=VERTEX_POINT('',#8952);
#2965=VERTEX_POINT('',#8954);
#2966=VERTEX_POINT('',#8957);
#2967=VERTEX_POINT('',#8958);
#2968=VERTEX_POINT('',#8961);
#2969=VERTEX_POINT('',#8963);
#2970=VERTEX_POINT('',#8965);
#2971=VERTEX_POINT('',#8966);
#2972=VERTEX_POINT('',#8968);
#2973=VERTEX_POINT('',#8970);
#2974=VERTEX_POINT('',#8975);
#2975=VERTEX_POINT('',#8976);
#2976=VERTEX_POINT('',#8978);
#2977=VERTEX_POINT('',#8980);
#2978=VERTEX_POINT('',#8982);
#2979=VERTEX_POINT('',#8984);
#2980=VERTEX_POINT('',#8986);
#2981=VERTEX_POINT('',#8988);
#2982=VERTEX_POINT('',#8990);
#2983=VERTEX_POINT('',#8992);
#2984=VERTEX_POINT('',#8994);
#2985=VERTEX_POINT('',#8996);
#2986=VERTEX_POINT('',#8998);
#2987=VERTEX_POINT('',#9000);
#2988=VERTEX_POINT('',#9002);
#2989=VERTEX_POINT('',#9004);
#2990=VERTEX_POINT('',#9006);
#2991=VERTEX_POINT('',#9008);
#2992=VERTEX_POINT('',#9010);
#2993=VERTEX_POINT('',#9012);
#2994=VERTEX_POINT('',#9014);
#2995=VERTEX_POINT('',#9016);
#2996=VERTEX_POINT('',#9018);
#2997=VERTEX_POINT('',#9020);
#2998=VERTEX_POINT('',#9022);
#2999=VERTEX_POINT('',#9024);
#3000=VERTEX_POINT('',#9026);
#3001=VERTEX_POINT('',#9028);
#3002=VERTEX_POINT('',#9030);
#3003=VERTEX_POINT('',#9032);
#3004=VERTEX_POINT('',#9034);
#3005=VERTEX_POINT('',#9036);
#3006=VERTEX_POINT('',#9038);
#3007=VERTEX_POINT('',#9040);
#3008=VERTEX_POINT('',#9042);
#3009=VERTEX_POINT('',#9044);
#3010=VERTEX_POINT('',#9046);
#3011=VERTEX_POINT('',#9048);
#3012=VERTEX_POINT('',#9050);
#3013=VERTEX_POINT('',#9052);
#3014=VERTEX_POINT('',#9054);
#3015=VERTEX_POINT('',#9056);
#3016=VERTEX_POINT('',#9058);
#3017=VERTEX_POINT('',#9060);
#3018=VERTEX_POINT('',#9062);
#3019=VERTEX_POINT('',#9064);
#3020=VERTEX_POINT('',#9066);
#3021=VERTEX_POINT('',#9068);
#3022=VERTEX_POINT('',#9070);
#3023=VERTEX_POINT('',#9072);
#3024=VERTEX_POINT('',#9074);
#3025=VERTEX_POINT('',#9076);
#3026=VERTEX_POINT('',#9078);
#3027=VERTEX_POINT('',#9080);
#3028=VERTEX_POINT('',#9082);
#3029=VERTEX_POINT('',#9084);
#3030=VERTEX_POINT('',#9086);
#3031=VERTEX_POINT('',#9088);
#3032=VERTEX_POINT('',#9090);
#3033=VERTEX_POINT('',#9092);
#3034=VERTEX_POINT('',#9094);
#3035=VERTEX_POINT('',#9096);
#3036=VERTEX_POINT('',#9098);
#3037=VERTEX_POINT('',#9100);
#3038=VERTEX_POINT('',#9102);
#3039=VERTEX_POINT('',#9104);
#3040=VERTEX_POINT('',#9106);
#3041=VERTEX_POINT('',#9108);
#3042=VERTEX_POINT('',#9110);
#3043=VERTEX_POINT('',#9112);
#3044=VERTEX_POINT('',#9114);
#3045=VERTEX_POINT('',#9116);
#3046=VERTEX_POINT('',#9118);
#3047=VERTEX_POINT('',#9120);
#3048=VERTEX_POINT('',#9122);
#3049=VERTEX_POINT('',#9124);
#3050=VERTEX_POINT('',#9126);
#3051=VERTEX_POINT('',#9128);
#3052=VERTEX_POINT('',#9130);
#3053=VERTEX_POINT('',#9132);
#3054=VERTEX_POINT('',#9134);
#3055=VERTEX_POINT('',#9136);
#3056=VERTEX_POINT('',#9138);
#3057=VERTEX_POINT('',#9140);
#3058=VERTEX_POINT('',#9142);
#3059=VERTEX_POINT('',#9144);
#3060=VERTEX_POINT('',#9146);
#3061=VERTEX_POINT('',#9148);
#3062=VERTEX_POINT('',#9150);
#3063=VERTEX_POINT('',#9152);
#3064=VERTEX_POINT('',#9154);
#3065=VERTEX_POINT('',#9156);
#3066=VERTEX_POINT('',#9158);
#3067=VERTEX_POINT('',#9160);
#3068=VERTEX_POINT('',#9162);
#3069=VERTEX_POINT('',#9164);
#3070=VERTEX_POINT('',#9166);
#3071=VERTEX_POINT('',#9168);
#3072=VERTEX_POINT('',#9170);
#3073=VERTEX_POINT('',#9172);
#3074=VERTEX_POINT('',#9174);
#3075=VERTEX_POINT('',#9176);
#3076=VERTEX_POINT('',#9178);
#3077=VERTEX_POINT('',#9180);
#3078=VERTEX_POINT('',#9182);
#3079=VERTEX_POINT('',#9184);
#3080=VERTEX_POINT('',#9186);
#3081=VERTEX_POINT('',#9188);
#3082=VERTEX_POINT('',#9190);
#3083=VERTEX_POINT('',#9192);
#3084=VERTEX_POINT('',#9194);
#3085=VERTEX_POINT('',#9196);
#3086=VERTEX_POINT('',#9198);
#3087=VERTEX_POINT('',#9200);
#3088=VERTEX_POINT('',#9202);
#3089=VERTEX_POINT('',#9204);
#3090=VERTEX_POINT('',#9206);
#3091=VERTEX_POINT('',#9208);
#3092=VERTEX_POINT('',#9210);
#3093=VERTEX_POINT('',#9212);
#3094=VERTEX_POINT('',#9214);
#3095=VERTEX_POINT('',#9217);
#3096=VERTEX_POINT('',#9218);
#3097=VERTEX_POINT('',#9221);
#3098=VERTEX_POINT('',#9223);
#3099=VERTEX_POINT('',#9225);
#3100=VERTEX_POINT('',#9226);
#3101=VERTEX_POINT('',#9228);
#3102=VERTEX_POINT('',#9230);
#3103=VERTEX_POINT('',#9240);
#3104=VERTEX_POINT('',#9241);
#3105=VERTEX_POINT('',#9243);
#3106=VERTEX_POINT('',#9245);
#3107=VERTEX_POINT('',#9249);
#3108=VERTEX_POINT('',#9251);
#3109=VERTEX_POINT('',#9255);
#3110=VERTEX_POINT('',#9257);
#3111=VERTEX_POINT('',#9261);
#3112=VERTEX_POINT('',#9263);
#3113=VERTEX_POINT('',#9267);
#3114=VERTEX_POINT('',#9269);
#3115=VERTEX_POINT('',#9273);
#3116=VERTEX_POINT('',#9275);
#3117=VERTEX_POINT('',#9279);
#3118=VERTEX_POINT('',#9281);
#3119=VERTEX_POINT('',#9288);
#3120=VERTEX_POINT('',#9290);
#3121=VERTEX_POINT('',#9295);
#3122=VERTEX_POINT('',#9297);
#3123=VERTEX_POINT('',#9302);
#3124=VERTEX_POINT('',#9304);
#3125=VERTEX_POINT('',#9309);
#3126=VERTEX_POINT('',#9311);
#3127=VERTEX_POINT('',#9316);
#3128=VERTEX_POINT('',#9318);
#3129=VERTEX_POINT('',#9323);
#3130=VERTEX_POINT('',#9325);
#3131=VERTEX_POINT('',#9329);
#3132=VERTEX_POINT('',#9333);
#3133=VERTEX_POINT('',#9337);
#3134=VERTEX_POINT('',#9338);
#3135=VERTEX_POINT('',#9340);
#3136=VERTEX_POINT('',#9342);
#3137=VERTEX_POINT('',#9344);
#3138=VERTEX_POINT('',#9346);
#3139=VERTEX_POINT('',#9348);
#3140=VERTEX_POINT('',#9350);
#3141=VERTEX_POINT('',#9352);
#3142=VERTEX_POINT('',#9354);
#3143=VERTEX_POINT('',#9356);
#3144=VERTEX_POINT('',#9358);
#3145=VERTEX_POINT('',#9360);
#3146=VERTEX_POINT('',#9362);
#3147=VERTEX_POINT('',#9364);
#3148=VERTEX_POINT('',#9366);
#3149=VERTEX_POINT('',#9368);
#3150=VERTEX_POINT('',#9370);
#3151=VERTEX_POINT('',#9372);
#3152=VERTEX_POINT('',#9374);
#3153=VERTEX_POINT('',#9376);
#3154=VERTEX_POINT('',#9378);
#3155=VERTEX_POINT('',#9380);
#3156=VERTEX_POINT('',#9382);
#3157=VERTEX_POINT('',#9384);
#3158=VERTEX_POINT('',#9386);
#3159=VERTEX_POINT('',#9388);
#3160=VERTEX_POINT('',#9390);
#3161=VERTEX_POINT('',#9392);
#3162=VERTEX_POINT('',#9394);
#3163=VERTEX_POINT('',#9396);
#3164=VERTEX_POINT('',#9398);
#3165=VERTEX_POINT('',#9400);
#3166=VERTEX_POINT('',#9402);
#3167=VERTEX_POINT('',#9404);
#3168=VERTEX_POINT('',#9406);
#3169=VERTEX_POINT('',#9408);
#3170=VERTEX_POINT('',#9410);
#3171=VERTEX_POINT('',#9412);
#3172=VERTEX_POINT('',#9414);
#3173=VERTEX_POINT('',#9416);
#3174=VERTEX_POINT('',#9418);
#3175=VERTEX_POINT('',#9420);
#3176=VERTEX_POINT('',#9422);
#3177=VERTEX_POINT('',#9424);
#3178=VERTEX_POINT('',#9426);
#3179=VERTEX_POINT('',#9428);
#3180=VERTEX_POINT('',#9430);
#3181=VERTEX_POINT('',#9432);
#3182=VERTEX_POINT('',#9434);
#3183=VERTEX_POINT('',#9436);
#3184=VERTEX_POINT('',#9438);
#3185=VERTEX_POINT('',#9440);
#3186=VERTEX_POINT('',#9442);
#3187=VERTEX_POINT('',#9444);
#3188=VERTEX_POINT('',#9446);
#3189=VERTEX_POINT('',#9448);
#3190=VERTEX_POINT('',#9450);
#3191=VERTEX_POINT('',#9452);
#3192=VERTEX_POINT('',#9454);
#3193=VERTEX_POINT('',#9456);
#3194=VERTEX_POINT('',#9458);
#3195=VERTEX_POINT('',#9460);
#3196=VERTEX_POINT('',#9462);
#3197=VERTEX_POINT('',#9464);
#3198=VERTEX_POINT('',#9466);
#3199=VERTEX_POINT('',#9468);
#3200=VERTEX_POINT('',#9470);
#3201=VERTEX_POINT('',#9472);
#3202=VERTEX_POINT('',#9474);
#3203=VERTEX_POINT('',#9476);
#3204=VERTEX_POINT('',#9478);
#3205=VERTEX_POINT('',#9480);
#3206=VERTEX_POINT('',#9482);
#3207=VERTEX_POINT('',#9484);
#3208=VERTEX_POINT('',#9486);
#3209=VERTEX_POINT('',#9488);
#3210=VERTEX_POINT('',#9490);
#3211=VERTEX_POINT('',#9492);
#3212=VERTEX_POINT('',#9494);
#3213=VERTEX_POINT('',#9496);
#3214=VERTEX_POINT('',#9498);
#3215=VERTEX_POINT('',#9500);
#3216=VERTEX_POINT('',#9502);
#3217=VERTEX_POINT('',#9504);
#3218=VERTEX_POINT('',#9506);
#3219=VERTEX_POINT('',#9508);
#3220=VERTEX_POINT('',#9510);
#3221=VERTEX_POINT('',#9512);
#3222=VERTEX_POINT('',#9514);
#3223=VERTEX_POINT('',#9516);
#3224=VERTEX_POINT('',#9518);
#3225=VERTEX_POINT('',#9520);
#3226=VERTEX_POINT('',#9522);
#3227=VERTEX_POINT('',#9524);
#3228=VERTEX_POINT('',#9526);
#3229=VERTEX_POINT('',#9528);
#3230=VERTEX_POINT('',#9530);
#3231=VERTEX_POINT('',#9532);
#3232=VERTEX_POINT('',#9534);
#3233=VERTEX_POINT('',#9536);
#3234=VERTEX_POINT('',#9538);
#3235=VERTEX_POINT('',#9540);
#3236=VERTEX_POINT('',#9542);
#3237=VERTEX_POINT('',#9544);
#3238=VERTEX_POINT('',#9546);
#3239=VERTEX_POINT('',#9548);
#3240=VERTEX_POINT('',#9550);
#3241=VERTEX_POINT('',#9552);
#3242=VERTEX_POINT('',#9554);
#3243=VERTEX_POINT('',#9556);
#3244=VERTEX_POINT('',#9558);
#3245=VERTEX_POINT('',#9560);
#3246=VERTEX_POINT('',#9562);
#3247=VERTEX_POINT('',#9564);
#3248=VERTEX_POINT('',#9566);
#3249=VERTEX_POINT('',#9568);
#3250=VERTEX_POINT('',#9570);
#3251=VERTEX_POINT('',#9572);
#3252=VERTEX_POINT('',#9574);
#3253=VERTEX_POINT('',#9576);
#3254=VERTEX_POINT('',#9579);
#3255=VERTEX_POINT('',#9581);
#3256=VERTEX_POINT('',#9583);
#3257=VERTEX_POINT('',#9585);
#3258=VERTEX_POINT('',#9587);
#3259=VERTEX_POINT('',#9589);
#3260=VERTEX_POINT('',#9591);
#3261=VERTEX_POINT('',#9593);
#3262=VERTEX_POINT('',#9595);
#3263=VERTEX_POINT('',#9597);
#3264=VERTEX_POINT('',#9599);
#3265=VERTEX_POINT('',#9601);
#3266=VERTEX_POINT('',#9603);
#3267=VERTEX_POINT('',#9605);
#3268=VERTEX_POINT('',#9607);
#3269=VERTEX_POINT('',#9609);
#3270=VERTEX_POINT('',#9611);
#3271=VERTEX_POINT('',#9613);
#3272=VERTEX_POINT('',#9615);
#3273=VERTEX_POINT('',#9617);
#3274=VERTEX_POINT('',#9619);
#3275=VERTEX_POINT('',#9621);
#3276=VERTEX_POINT('',#9623);
#3277=VERTEX_POINT('',#9625);
#3278=VERTEX_POINT('',#9627);
#3279=VERTEX_POINT('',#9629);
#3280=VERTEX_POINT('',#9631);
#3281=VERTEX_POINT('',#9633);
#3282=VERTEX_POINT('',#9635);
#3283=VERTEX_POINT('',#9637);
#3284=VERTEX_POINT('',#9639);
#3285=VERTEX_POINT('',#9641);
#3286=VERTEX_POINT('',#9643);
#3287=VERTEX_POINT('',#9645);
#3288=VERTEX_POINT('',#9647);
#3289=VERTEX_POINT('',#9649);
#3290=VERTEX_POINT('',#9651);
#3291=VERTEX_POINT('',#9653);
#3292=VERTEX_POINT('',#9655);
#3293=VERTEX_POINT('',#9657);
#3294=VERTEX_POINT('',#9659);
#3295=VERTEX_POINT('',#9661);
#3296=VERTEX_POINT('',#9663);
#3297=VERTEX_POINT('',#9665);
#3298=VERTEX_POINT('',#9667);
#3299=VERTEX_POINT('',#9669);
#3300=VERTEX_POINT('',#9671);
#3301=VERTEX_POINT('',#9673);
#3302=VERTEX_POINT('',#9675);
#3303=VERTEX_POINT('',#9677);
#3304=VERTEX_POINT('',#9679);
#3305=VERTEX_POINT('',#9681);
#3306=VERTEX_POINT('',#9683);
#3307=VERTEX_POINT('',#9685);
#3308=VERTEX_POINT('',#9687);
#3309=VERTEX_POINT('',#9689);
#3310=VERTEX_POINT('',#9691);
#3311=VERTEX_POINT('',#9693);
#3312=VERTEX_POINT('',#9695);
#3313=VERTEX_POINT('',#9697);
#3314=VERTEX_POINT('',#9699);
#3315=VERTEX_POINT('',#9701);
#3316=VERTEX_POINT('',#9703);
#3317=VERTEX_POINT('',#9705);
#3318=VERTEX_POINT('',#9707);
#3319=VERTEX_POINT('',#9709);
#3320=VERTEX_POINT('',#9711);
#3321=VERTEX_POINT('',#9713);
#3322=VERTEX_POINT('',#9715);
#3323=VERTEX_POINT('',#9717);
#3324=VERTEX_POINT('',#9719);
#3325=VERTEX_POINT('',#9721);
#3326=VERTEX_POINT('',#9723);
#3327=VERTEX_POINT('',#9725);
#3328=VERTEX_POINT('',#9727);
#3329=VERTEX_POINT('',#9729);
#3330=VERTEX_POINT('',#9731);
#3331=VERTEX_POINT('',#9733);
#3332=VERTEX_POINT('',#9735);
#3333=VERTEX_POINT('',#9737);
#3334=VERTEX_POINT('',#9739);
#3335=VERTEX_POINT('',#9741);
#3336=VERTEX_POINT('',#9743);
#3337=VERTEX_POINT('',#9745);
#3338=VERTEX_POINT('',#9747);
#3339=VERTEX_POINT('',#9749);
#3340=VERTEX_POINT('',#9751);
#3341=VERTEX_POINT('',#9753);
#3342=VERTEX_POINT('',#9755);
#3343=VERTEX_POINT('',#9757);
#3344=VERTEX_POINT('',#9759);
#3345=VERTEX_POINT('',#9761);
#3346=VERTEX_POINT('',#9763);
#3347=VERTEX_POINT('',#9765);
#3348=VERTEX_POINT('',#9767);
#3349=VERTEX_POINT('',#9769);
#3350=VERTEX_POINT('',#9771);
#3351=VERTEX_POINT('',#9773);
#3352=VERTEX_POINT('',#9775);
#3353=VERTEX_POINT('',#9777);
#3354=VERTEX_POINT('',#9779);
#3355=VERTEX_POINT('',#9781);
#3356=VERTEX_POINT('',#9783);
#3357=VERTEX_POINT('',#9785);
#3358=VERTEX_POINT('',#9787);
#3359=VERTEX_POINT('',#9789);
#3360=VERTEX_POINT('',#9791);
#3361=VERTEX_POINT('',#9793);
#3362=VERTEX_POINT('',#9795);
#3363=VERTEX_POINT('',#9797);
#3364=VERTEX_POINT('',#9799);
#3365=VERTEX_POINT('',#9801);
#3366=VERTEX_POINT('',#9803);
#3367=VERTEX_POINT('',#9805);
#3368=VERTEX_POINT('',#9807);
#3369=VERTEX_POINT('',#9809);
#3370=VERTEX_POINT('',#9811);
#3371=EDGE_CURVE('',#2761,#2762,#1063,.T.);
#3372=EDGE_CURVE('',#2763,#2762,#997,.T.);
#3373=EDGE_CURVE('',#2763,#2764,#1064,.T.);
#3374=EDGE_CURVE('',#2761,#2764,#998,.T.);
#3375=EDGE_CURVE('',#2765,#2766,#1065,.T.);
#3376=EDGE_CURVE('',#2767,#2766,#999,.T.);
#3377=EDGE_CURVE('',#2767,#2768,#1066,.T.);
#3378=EDGE_CURVE('',#2765,#2768,#1000,.T.);
#3379=EDGE_CURVE('',#2769,#2770,#1067,.T.);
#3380=EDGE_CURVE('',#2771,#2770,#1068,.T.);
#3381=EDGE_CURVE('',#2772,#2771,#1069,.T.);
#3382=EDGE_CURVE('',#2769,#2772,#1070,.T.);
#3383=EDGE_CURVE('',#2773,#2774,#1071,.T.);
#3384=EDGE_CURVE('',#2775,#2774,#1072,.T.);
#3385=EDGE_CURVE('',#2776,#2775,#1073,.T.);
#3386=EDGE_CURVE('',#2773,#2776,#1074,.T.);
#3387=EDGE_CURVE('',#2777,#2776,#1001,.T.);
#3388=EDGE_CURVE('',#2777,#2778,#1075,.T.);
#3389=EDGE_CURVE('',#2773,#2778,#1002,.T.);
#3390=EDGE_CURVE('',#2771,#2772,#1003,.T.);
#3391=EDGE_CURVE('',#2769,#2770,#1004,.T.);
#3392=EDGE_CURVE('',#2779,#2774,#1005,.T.);
#3393=EDGE_CURVE('',#2779,#2780,#1076,.T.);
#3394=EDGE_CURVE('',#2775,#2780,#1006,.T.);
#3395=EDGE_CURVE('',#2779,#2778,#1077,.T.);
#3396=EDGE_CURVE('',#2780,#2777,#1078,.T.);
#3397=EDGE_CURVE('',#2781,#2782,#1079,.T.);
#3398=EDGE_CURVE('',#2783,#2782,#1080,.T.);
#3399=EDGE_CURVE('',#2784,#2783,#1081,.T.);
#3400=EDGE_CURVE('',#2781,#2784,#1082,.T.);
#3401=EDGE_CURVE('',#2785,#2784,#1007,.T.);
#3402=EDGE_CURVE('',#2785,#2786,#1083,.T.);
#3403=EDGE_CURVE('',#2781,#2786,#1008,.T.);
#3404=EDGE_CURVE('',#2787,#2782,#1009,.T.);
#3405=EDGE_CURVE('',#2787,#2788,#1084,.T.);
#3406=EDGE_CURVE('',#2783,#2788,#1010,.T.);
#3407=EDGE_CURVE('',#2787,#2786,#1085,.T.);
#3408=EDGE_CURVE('',#2788,#2785,#1086,.T.);
#3409=EDGE_CURVE('',#2789,#2790,#1087,.T.);
#3410=EDGE_CURVE('',#2791,#2790,#1088,.T.);
#3411=EDGE_CURVE('',#2792,#2791,#1089,.T.);
#3412=EDGE_CURVE('',#2789,#2792,#1090,.T.);
#3413=EDGE_CURVE('',#2793,#2792,#1011,.T.);
#3414=EDGE_CURVE('',#2793,#2794,#1091,.T.);
#3415=EDGE_CURVE('',#2789,#2794,#1012,.T.);
#3416=EDGE_CURVE('',#2795,#2790,#1013,.T.);
#3417=EDGE_CURVE('',#2795,#2796,#1092,.T.);
#3418=EDGE_CURVE('',#2791,#2796,#1014,.T.);
#3419=EDGE_CURVE('',#2794,#2795,#1093,.T.);
#3420=EDGE_CURVE('',#2796,#2793,#1094,.T.);
#3421=EDGE_CURVE('',#2797,#2798,#1095,.T.);
#3422=EDGE_CURVE('',#2799,#2797,#1096,.T.);
#3423=EDGE_CURVE('',#2800,#2799,#1097,.T.);
#3424=EDGE_CURVE('',#2798,#2800,#1098,.T.);
#3425=EDGE_CURVE('',#2801,#2800,#1015,.T.);
#3426=EDGE_CURVE('',#2801,#2802,#1099,.T.);
#3427=EDGE_CURVE('',#2798,#2802,#1016,.T.);
#3428=EDGE_CURVE('',#2803,#2797,#1017,.T.);
#3429=EDGE_CURVE('',#2803,#2804,#1100,.T.);
#3430=EDGE_CURVE('',#2799,#2804,#1018,.T.);
#3431=EDGE_CURVE('',#2803,#2802,#1101,.T.);
#3432=EDGE_CURVE('',#2804,#2801,#1102,.T.);
#3433=EDGE_CURVE('',#2805,#2806,#1103,.T.);
#3434=EDGE_CURVE('',#2807,#2806,#1104,.T.);
#3435=EDGE_CURVE('',#2808,#2807,#1105,.T.);
#3436=EDGE_CURVE('',#2805,#2808,#1106,.T.);
#3437=EDGE_CURVE('',#2809,#2808,#1019,.T.);
#3438=EDGE_CURVE('',#2809,#2810,#1107,.T.);
#3439=EDGE_CURVE('',#2805,#2810,#1020,.T.);
#3440=EDGE_CURVE('',#2811,#2812,#1108,.T.);
#3441=EDGE_CURVE('',#2807,#2812,#1021,.T.);
#3442=EDGE_CURVE('',#2811,#2806,#1022,.T.);
#3443=EDGE_CURVE('',#2811,#2810,#1109,.T.);
#3444=EDGE_CURVE('',#2809,#2812,#1110,.T.);
#3445=EDGE_CURVE('',#2813,#2766,#1111,.T.);
#3446=EDGE_CURVE('',#2814,#2765,#1112,.T.);
#3447=EDGE_CURVE('',#2813,#2814,#1113,.T.);
#3448=EDGE_CURVE('',#2815,#2814,#1023,.T.);
#3449=EDGE_CURVE('',#2815,#2816,#1114,.T.);
#3450=EDGE_CURVE('',#2813,#2816,#1024,.T.);
#3451=EDGE_CURVE('',#2767,#2816,#1115,.T.);
#3452=EDGE_CURVE('',#2768,#2815,#1116,.T.);
#3453=EDGE_CURVE('',#2817,#2818,#1117,.T.);
#3454=EDGE_CURVE('',#2819,#2818,#1118,.T.);
#3455=EDGE_CURVE('',#2820,#2819,#1119,.T.);
#3456=EDGE_CURVE('',#2817,#2820,#1120,.T.);
#3457=EDGE_CURVE('',#2821,#2820,#1025,.T.);
#3458=EDGE_CURVE('',#2821,#2822,#1121,.T.);
#3459=EDGE_CURVE('',#2817,#2822,#1026,.T.);
#3460=EDGE_CURVE('',#2823,#2818,#1027,.T.);
#3461=EDGE_CURVE('',#2823,#2824,#1122,.T.);
#3462=EDGE_CURVE('',#2819,#2824,#1028,.T.);
#3463=EDGE_CURVE('',#2823,#2822,#1123,.T.);
#3464=EDGE_CURVE('',#2824,#2821,#1124,.T.);
#3465=EDGE_CURVE('',#2825,#2826,#1125,.T.);
#3466=EDGE_CURVE('',#2827,#2826,#1126,.T.);
#3467=EDGE_CURVE('',#2828,#2827,#1127,.T.);
#3468=EDGE_CURVE('',#2825,#2828,#1128,.T.);
#3469=EDGE_CURVE('',#2829,#2828,#1029,.T.);
#3470=EDGE_CURVE('',#2829,#2830,#1129,.T.);
#3471=EDGE_CURVE('',#2825,#2830,#1030,.T.);
#3472=EDGE_CURVE('',#2831,#2826,#1031,.T.);
#3473=EDGE_CURVE('',#2831,#2832,#1130,.T.);
#3474=EDGE_CURVE('',#2827,#2832,#1032,.T.);
#3475=EDGE_CURVE('',#2831,#2830,#1131,.T.);
#3476=EDGE_CURVE('',#2832,#2829,#1132,.T.);
#3477=EDGE_CURVE('',#2763,#2833,#1133,.T.);
#3478=EDGE_CURVE('',#2834,#2833,#1134,.T.);
#3479=EDGE_CURVE('',#2764,#2834,#1135,.T.);
#3480=EDGE_CURVE('',#2835,#2836,#1136,.T.);
#3481=EDGE_CURVE('',#2834,#2836,#1033,.T.);
#3482=EDGE_CURVE('',#2835,#2833,#1034,.T.);
#3483=EDGE_CURVE('',#2837,#2838,#1137,.T.);
#3484=EDGE_CURVE('',#2839,#2838,#1138,.T.);
#3485=EDGE_CURVE('',#2840,#2839,#1139,.T.);
#3486=EDGE_CURVE('',#2837,#2840,#1140,.T.);
#3487=EDGE_CURVE('',#2835,#2762,#1141,.T.);
#3488=EDGE_CURVE('',#2761,#2836,#1142,.T.);
#3489=EDGE_CURVE('',#2841,#2838,#1035,.T.);
#3490=EDGE_CURVE('',#2841,#2842,#1143,.T.);
#3491=EDGE_CURVE('',#2839,#2842,#1036,.T.);
#3492=EDGE_CURVE('',#2843,#2840,#1037,.T.);
#3493=EDGE_CURVE('',#2843,#2844,#1144,.T.);
#3494=EDGE_CURVE('',#2837,#2844,#1038,.T.);
#3495=EDGE_CURVE('',#2845,#2846,#1145,.T.);
#3496=EDGE_CURVE('',#2846,#2847,#1146,.T.);
#3497=EDGE_CURVE('',#2847,#2848,#1147,.T.);
#3498=EDGE_CURVE('',#2848,#2849,#1148,.T.);
#3499=EDGE_CURVE('',#2849,#2850,#1149,.T.);
#3500=EDGE_CURVE('',#2850,#2851,#1150,.T.);
#3501=EDGE_CURVE('',#2851,#2852,#1151,.T.);
#3502=EDGE_CURVE('',#2852,#2853,#1152,.T.);
#3503=EDGE_CURVE('',#2853,#2854,#1153,.T.);
#3504=EDGE_CURVE('',#2854,#2855,#1154,.T.);
#3505=EDGE_CURVE('',#2855,#2856,#1155,.T.);
#3506=EDGE_CURVE('',#2856,#2857,#1156,.T.);
#3507=EDGE_CURVE('',#2857,#2858,#1157,.T.);
#3508=EDGE_CURVE('',#2858,#2859,#1158,.T.);
#3509=EDGE_CURVE('',#2859,#2860,#1159,.T.);
#3510=EDGE_CURVE('',#2860,#2861,#1160,.T.);
#3511=EDGE_CURVE('',#2861,#2862,#1161,.T.);
#3512=EDGE_CURVE('',#2862,#2863,#1162,.T.);
#3513=EDGE_CURVE('',#2863,#2864,#1163,.T.);
#3514=EDGE_CURVE('',#2864,#2865,#1164,.T.);
#3515=EDGE_CURVE('',#2865,#2866,#1165,.T.);
#3516=EDGE_CURVE('',#2866,#2867,#1166,.T.);
#3517=EDGE_CURVE('',#2867,#2868,#1167,.T.);
#3518=EDGE_CURVE('',#2868,#2869,#1168,.T.);
#3519=EDGE_CURVE('',#2869,#2870,#1169,.T.);
#3520=EDGE_CURVE('',#2870,#2871,#1170,.T.);
#3521=EDGE_CURVE('',#2871,#2872,#1171,.T.);
#3522=EDGE_CURVE('',#2872,#2873,#1172,.T.);
#3523=EDGE_CURVE('',#2873,#2874,#1173,.T.);
#3524=EDGE_CURVE('',#2874,#2875,#1174,.T.);
#3525=EDGE_CURVE('',#2875,#2876,#1175,.T.);
#3526=EDGE_CURVE('',#2876,#2877,#1176,.T.);
#3527=EDGE_CURVE('',#2877,#2878,#1177,.T.);
#3528=EDGE_CURVE('',#2878,#2879,#1178,.T.);
#3529=EDGE_CURVE('',#2879,#2880,#1179,.T.);
#3530=EDGE_CURVE('',#2880,#2881,#1180,.T.);
#3531=EDGE_CURVE('',#2881,#2882,#1181,.T.);
#3532=EDGE_CURVE('',#2882,#2883,#1182,.T.);
#3533=EDGE_CURVE('',#2883,#2884,#1183,.T.);
#3534=EDGE_CURVE('',#2884,#2885,#1184,.T.);
#3535=EDGE_CURVE('',#2885,#2886,#1185,.T.);
#3536=EDGE_CURVE('',#2886,#2887,#1186,.T.);
#3537=EDGE_CURVE('',#2887,#2888,#1187,.T.);
#3538=EDGE_CURVE('',#2888,#2889,#1188,.T.);
#3539=EDGE_CURVE('',#2889,#2890,#1189,.T.);
#3540=EDGE_CURVE('',#2890,#2891,#1190,.T.);
#3541=EDGE_CURVE('',#2891,#2892,#1191,.T.);
#3542=EDGE_CURVE('',#2892,#2893,#1192,.T.);
#3543=EDGE_CURVE('',#2893,#2894,#1193,.T.);
#3544=EDGE_CURVE('',#2894,#2895,#1194,.T.);
#3545=EDGE_CURVE('',#2895,#2896,#1195,.T.);
#3546=EDGE_CURVE('',#2896,#2897,#1196,.T.);
#3547=EDGE_CURVE('',#2897,#2898,#1197,.T.);
#3548=EDGE_CURVE('',#2898,#2899,#1198,.T.);
#3549=EDGE_CURVE('',#2899,#2900,#1199,.T.);
#3550=EDGE_CURVE('',#2900,#2901,#1200,.T.);
#3551=EDGE_CURVE('',#2901,#2902,#1201,.T.);
#3552=EDGE_CURVE('',#2902,#2903,#1202,.T.);
#3553=EDGE_CURVE('',#2903,#2904,#1203,.T.);
#3554=EDGE_CURVE('',#2904,#2905,#1204,.T.);
#3555=EDGE_CURVE('',#2905,#2906,#1205,.T.);
#3556=EDGE_CURVE('',#2906,#2907,#1206,.T.);
#3557=EDGE_CURVE('',#2907,#2908,#1207,.T.);
#3558=EDGE_CURVE('',#2908,#2909,#1208,.T.);
#3559=EDGE_CURVE('',#2909,#2910,#1209,.T.);
#3560=EDGE_CURVE('',#2910,#2911,#1210,.T.);
#3561=EDGE_CURVE('',#2911,#2912,#1211,.T.);
#3562=EDGE_CURVE('',#2912,#2913,#1212,.T.);
#3563=EDGE_CURVE('',#2913,#2914,#1213,.T.);
#3564=EDGE_CURVE('',#2914,#2915,#1214,.T.);
#3565=EDGE_CURVE('',#2915,#2916,#1215,.T.);
#3566=EDGE_CURVE('',#2916,#2917,#1216,.T.);
#3567=EDGE_CURVE('',#2917,#2918,#1217,.T.);
#3568=EDGE_CURVE('',#2918,#2919,#1218,.T.);
#3569=EDGE_CURVE('',#2919,#2920,#1219,.T.);
#3570=EDGE_CURVE('',#2920,#2921,#1220,.T.);
#3571=EDGE_CURVE('',#2921,#2922,#1221,.T.);
#3572=EDGE_CURVE('',#2922,#2923,#1222,.T.);
#3573=EDGE_CURVE('',#2923,#2924,#1223,.T.);
#3574=EDGE_CURVE('',#2924,#2925,#1224,.T.);
#3575=EDGE_CURVE('',#2925,#2926,#1225,.T.);
#3576=EDGE_CURVE('',#2926,#2927,#1226,.T.);
#3577=EDGE_CURVE('',#2927,#2928,#1227,.T.);
#3578=EDGE_CURVE('',#2928,#2929,#1228,.T.);
#3579=EDGE_CURVE('',#2929,#2930,#1229,.T.);
#3580=EDGE_CURVE('',#2930,#2931,#1230,.T.);
#3581=EDGE_CURVE('',#2931,#2932,#1231,.T.);
#3582=EDGE_CURVE('',#2932,#2933,#1232,.T.);
#3583=EDGE_CURVE('',#2933,#2934,#1233,.T.);
#3584=EDGE_CURVE('',#2934,#2935,#1234,.T.);
#3585=EDGE_CURVE('',#2935,#2936,#1235,.T.);
#3586=EDGE_CURVE('',#2936,#2937,#1236,.T.);
#3587=EDGE_CURVE('',#2937,#2938,#1237,.T.);
#3588=EDGE_CURVE('',#2938,#2939,#1238,.T.);
#3589=EDGE_CURVE('',#2939,#2940,#1239,.T.);
#3590=EDGE_CURVE('',#2940,#2941,#1240,.T.);
#3591=EDGE_CURVE('',#2941,#2942,#1241,.T.);
#3592=EDGE_CURVE('',#2942,#2943,#1242,.T.);
#3593=EDGE_CURVE('',#2943,#2944,#1243,.T.);
#3594=EDGE_CURVE('',#2944,#2945,#1244,.T.);
#3595=EDGE_CURVE('',#2945,#2946,#1245,.T.);
#3596=EDGE_CURVE('',#2946,#2947,#1246,.T.);
#3597=EDGE_CURVE('',#2947,#2948,#1247,.T.);
#3598=EDGE_CURVE('',#2948,#2949,#1248,.T.);
#3599=EDGE_CURVE('',#2949,#2950,#1249,.T.);
#3600=EDGE_CURVE('',#2950,#2951,#1250,.T.);
#3601=EDGE_CURVE('',#2951,#2952,#1251,.T.);
#3602=EDGE_CURVE('',#2952,#2953,#1252,.T.);
#3603=EDGE_CURVE('',#2953,#2954,#1253,.T.);
#3604=EDGE_CURVE('',#2954,#2955,#1254,.T.);
#3605=EDGE_CURVE('',#2955,#2956,#1255,.T.);
#3606=EDGE_CURVE('',#2956,#2957,#1256,.T.);
#3607=EDGE_CURVE('',#2957,#2958,#1257,.T.);
#3608=EDGE_CURVE('',#2958,#2959,#1258,.T.);
#3609=EDGE_CURVE('',#2959,#2960,#1259,.T.);
#3610=EDGE_CURVE('',#2960,#2961,#1260,.T.);
#3611=EDGE_CURVE('',#2961,#2962,#1261,.T.);
#3612=EDGE_CURVE('',#2962,#2963,#1262,.T.);
#3613=EDGE_CURVE('',#2963,#2964,#1263,.T.);
#3614=EDGE_CURVE('',#2964,#2965,#1264,.T.);
#3615=EDGE_CURVE('',#2965,#2845,#1265,.T.);
#3616=EDGE_CURVE('',#2966,#2967,#1039,.T.);
#3617=EDGE_CURVE('',#2967,#2966,#1266,.T.);
#3618=EDGE_CURVE('',#2968,#2968,#1040,.T.);
#3619=EDGE_CURVE('',#2969,#2969,#1041,.T.);
#3620=EDGE_CURVE('',#2970,#2971,#1267,.T.);
#3621=EDGE_CURVE('',#2971,#2972,#1268,.T.);
#3622=EDGE_CURVE('',#2972,#2973,#1269,.T.);
#3623=EDGE_CURVE('',#2973,#2970,#1270,.T.);
#3624=EDGE_CURVE('',#2843,#2842,#1271,.T.);
#3625=EDGE_CURVE('',#2974,#2975,#1272,.T.);
#3626=EDGE_CURVE('',#2975,#2976,#1273,.T.);
#3627=EDGE_CURVE('',#2976,#2977,#1274,.T.);
#3628=EDGE_CURVE('',#2977,#2978,#1275,.T.);
#3629=EDGE_CURVE('',#2978,#2979,#1276,.T.);
#3630=EDGE_CURVE('',#2979,#2980,#1277,.T.);
#3631=EDGE_CURVE('',#2980,#2981,#1278,.T.);
#3632=EDGE_CURVE('',#2981,#2982,#1279,.T.);
#3633=EDGE_CURVE('',#2982,#2983,#1280,.T.);
#3634=EDGE_CURVE('',#2983,#2984,#1281,.T.);
#3635=EDGE_CURVE('',#2984,#2985,#1282,.T.);
#3636=EDGE_CURVE('',#2985,#2986,#1283,.T.);
#3637=EDGE_CURVE('',#2986,#2987,#1284,.T.);
#3638=EDGE_CURVE('',#2987,#2988,#1285,.T.);
#3639=EDGE_CURVE('',#2988,#2989,#1286,.T.);
#3640=EDGE_CURVE('',#2989,#2990,#1287,.T.);
#3641=EDGE_CURVE('',#2990,#2991,#1288,.T.);
#3642=EDGE_CURVE('',#2991,#2992,#1289,.T.);
#3643=EDGE_CURVE('',#2992,#2993,#1290,.T.);
#3644=EDGE_CURVE('',#2993,#2994,#1291,.T.);
#3645=EDGE_CURVE('',#2994,#2995,#1292,.T.);
#3646=EDGE_CURVE('',#2995,#2996,#1293,.T.);
#3647=EDGE_CURVE('',#2996,#2997,#1294,.T.);
#3648=EDGE_CURVE('',#2997,#2998,#1295,.T.);
#3649=EDGE_CURVE('',#2998,#2999,#1296,.T.);
#3650=EDGE_CURVE('',#2999,#3000,#1297,.T.);
#3651=EDGE_CURVE('',#3000,#3001,#1298,.T.);
#3652=EDGE_CURVE('',#3001,#3002,#1299,.T.);
#3653=EDGE_CURVE('',#3002,#3003,#1300,.T.);
#3654=EDGE_CURVE('',#3003,#3004,#1301,.T.);
#3655=EDGE_CURVE('',#3004,#3005,#1302,.T.);
#3656=EDGE_CURVE('',#3005,#3006,#1303,.T.);
#3657=EDGE_CURVE('',#3006,#3007,#1304,.T.);
#3658=EDGE_CURVE('',#3007,#3008,#1305,.T.);
#3659=EDGE_CURVE('',#3008,#3009,#1306,.T.);
#3660=EDGE_CURVE('',#3009,#3010,#1307,.T.);
#3661=EDGE_CURVE('',#3010,#3011,#1308,.T.);
#3662=EDGE_CURVE('',#3011,#3012,#1309,.T.);
#3663=EDGE_CURVE('',#3012,#3013,#1310,.T.);
#3664=EDGE_CURVE('',#3013,#3014,#1311,.T.);
#3665=EDGE_CURVE('',#3014,#3015,#1312,.T.);
#3666=EDGE_CURVE('',#3015,#3016,#1313,.T.);
#3667=EDGE_CURVE('',#3016,#3017,#1314,.T.);
#3668=EDGE_CURVE('',#3017,#3018,#1315,.T.);
#3669=EDGE_CURVE('',#3018,#3019,#1316,.T.);
#3670=EDGE_CURVE('',#3019,#3020,#1317,.T.);
#3671=EDGE_CURVE('',#3020,#3021,#1318,.T.);
#3672=EDGE_CURVE('',#3021,#3022,#1319,.T.);
#3673=EDGE_CURVE('',#3022,#3023,#1320,.T.);
#3674=EDGE_CURVE('',#3023,#3024,#1321,.T.);
#3675=EDGE_CURVE('',#3024,#3025,#1322,.T.);
#3676=EDGE_CURVE('',#3025,#3026,#1323,.T.);
#3677=EDGE_CURVE('',#3026,#3027,#1324,.T.);
#3678=EDGE_CURVE('',#3027,#3028,#1325,.T.);
#3679=EDGE_CURVE('',#3028,#3029,#1326,.T.);
#3680=EDGE_CURVE('',#3029,#3030,#1327,.T.);
#3681=EDGE_CURVE('',#3030,#3031,#1328,.T.);
#3682=EDGE_CURVE('',#3031,#3032,#1329,.T.);
#3683=EDGE_CURVE('',#3032,#3033,#1330,.T.);
#3684=EDGE_CURVE('',#3033,#3034,#1331,.T.);
#3685=EDGE_CURVE('',#3034,#3035,#1332,.T.);
#3686=EDGE_CURVE('',#3035,#3036,#1333,.T.);
#3687=EDGE_CURVE('',#3036,#3037,#1334,.T.);
#3688=EDGE_CURVE('',#3037,#3038,#1335,.T.);
#3689=EDGE_CURVE('',#3038,#3039,#1336,.T.);
#3690=EDGE_CURVE('',#3039,#3040,#1337,.T.);
#3691=EDGE_CURVE('',#3040,#3041,#1338,.T.);
#3692=EDGE_CURVE('',#3041,#3042,#1339,.T.);
#3693=EDGE_CURVE('',#3042,#3043,#1340,.T.);
#3694=EDGE_CURVE('',#3043,#3044,#1341,.T.);
#3695=EDGE_CURVE('',#3044,#3045,#1342,.T.);
#3696=EDGE_CURVE('',#3045,#3046,#1343,.T.);
#3697=EDGE_CURVE('',#3046,#3047,#1344,.T.);
#3698=EDGE_CURVE('',#3047,#3048,#1345,.T.);
#3699=EDGE_CURVE('',#3048,#3049,#1346,.T.);
#3700=EDGE_CURVE('',#3049,#3050,#1347,.T.);
#3701=EDGE_CURVE('',#3050,#3051,#1348,.T.);
#3702=EDGE_CURVE('',#3051,#3052,#1349,.T.);
#3703=EDGE_CURVE('',#3052,#3053,#1350,.T.);
#3704=EDGE_CURVE('',#3053,#3054,#1351,.T.);
#3705=EDGE_CURVE('',#3054,#3055,#1352,.T.);
#3706=EDGE_CURVE('',#3055,#3056,#1353,.T.);
#3707=EDGE_CURVE('',#3056,#3057,#1354,.T.);
#3708=EDGE_CURVE('',#3057,#3058,#1355,.T.);
#3709=EDGE_CURVE('',#3058,#3059,#1356,.T.);
#3710=EDGE_CURVE('',#3059,#3060,#1357,.T.);
#3711=EDGE_CURVE('',#3060,#3061,#1358,.T.);
#3712=EDGE_CURVE('',#3061,#3062,#1359,.T.);
#3713=EDGE_CURVE('',#3062,#3063,#1360,.T.);
#3714=EDGE_CURVE('',#3063,#3064,#1361,.T.);
#3715=EDGE_CURVE('',#3064,#3065,#1362,.T.);
#3716=EDGE_CURVE('',#3065,#3066,#1363,.T.);
#3717=EDGE_CURVE('',#3066,#3067,#1364,.T.);
#3718=EDGE_CURVE('',#3067,#3068,#1365,.T.);
#3719=EDGE_CURVE('',#3068,#3069,#1366,.T.);
#3720=EDGE_CURVE('',#3069,#3070,#1367,.T.);
#3721=EDGE_CURVE('',#3070,#3071,#1368,.T.);
#3722=EDGE_CURVE('',#3071,#3072,#1369,.T.);
#3723=EDGE_CURVE('',#3072,#3073,#1370,.T.);
#3724=EDGE_CURVE('',#3073,#3074,#1371,.T.);
#3725=EDGE_CURVE('',#3074,#3075,#1372,.T.);
#3726=EDGE_CURVE('',#3075,#3076,#1373,.T.);
#3727=EDGE_CURVE('',#3076,#3077,#1374,.T.);
#3728=EDGE_CURVE('',#3077,#3078,#1375,.T.);
#3729=EDGE_CURVE('',#3078,#3079,#1376,.T.);
#3730=EDGE_CURVE('',#3079,#3080,#1377,.T.);
#3731=EDGE_CURVE('',#3080,#3081,#1378,.T.);
#3732=EDGE_CURVE('',#3081,#3082,#1379,.T.);
#3733=EDGE_CURVE('',#3082,#3083,#1380,.T.);
#3734=EDGE_CURVE('',#3083,#3084,#1381,.T.);
#3735=EDGE_CURVE('',#3084,#3085,#1382,.T.);
#3736=EDGE_CURVE('',#3085,#3086,#1383,.T.);
#3737=EDGE_CURVE('',#3086,#3087,#1384,.T.);
#3738=EDGE_CURVE('',#3087,#3088,#1385,.T.);
#3739=EDGE_CURVE('',#3088,#3089,#1386,.T.);
#3740=EDGE_CURVE('',#3089,#3090,#1387,.T.);
#3741=EDGE_CURVE('',#3090,#3091,#1388,.T.);
#3742=EDGE_CURVE('',#3091,#3092,#1389,.T.);
#3743=EDGE_CURVE('',#3092,#3093,#1390,.T.);
#3744=EDGE_CURVE('',#3093,#3094,#1391,.T.);
#3745=EDGE_CURVE('',#3094,#2974,#1392,.T.);
#3746=EDGE_CURVE('',#3095,#3096,#1393,.T.);
#3747=EDGE_CURVE('',#3095,#3096,#1042,.T.);
#3748=EDGE_CURVE('',#3097,#3097,#1043,.T.);
#3749=EDGE_CURVE('',#3098,#3098,#1044,.T.);
#3750=EDGE_CURVE('',#3099,#3100,#1394,.T.);
#3751=EDGE_CURVE('',#3100,#3101,#1395,.T.);
#3752=EDGE_CURVE('',#3101,#3102,#1396,.T.);
#3753=EDGE_CURVE('',#3102,#3099,#1397,.T.);
#3754=EDGE_CURVE('',#2841,#2844,#1398,.T.);
#3755=EDGE_CURVE('',#2966,#3096,#1399,.T.);
#3756=EDGE_CURVE('',#3095,#2967,#1400,.T.);
#3757=EDGE_CURVE('',#3103,#3104,#1045,.T.);
#3758=EDGE_CURVE('',#3103,#3105,#1401,.T.);
#3759=EDGE_CURVE('',#3106,#3105,#1046,.T.);
#3760=EDGE_CURVE('',#3104,#3106,#1402,.T.);
#3761=EDGE_CURVE('',#3104,#3107,#1403,.T.);
#3762=EDGE_CURVE('',#3108,#3106,#1404,.T.);
#3763=EDGE_CURVE('',#3107,#3108,#1405,.T.);
#3764=EDGE_CURVE('',#3107,#3109,#1047,.T.);
#3765=EDGE_CURVE('',#3110,#3108,#1048,.T.);
#3766=EDGE_CURVE('',#3109,#3110,#1406,.T.);
#3767=EDGE_CURVE('',#3109,#3111,#1407,.T.);
#3768=EDGE_CURVE('',#3112,#3110,#1408,.T.);
#3769=EDGE_CURVE('',#3111,#3112,#1409,.T.);
#3770=EDGE_CURVE('',#3111,#3113,#1049,.T.);
#3771=EDGE_CURVE('',#3114,#3112,#1050,.T.);
#3772=EDGE_CURVE('',#3113,#3114,#1410,.T.);
#3773=EDGE_CURVE('',#3115,#3103,#1411,.T.);
#3774=EDGE_CURVE('',#3115,#3116,#1412,.T.);
#3775=EDGE_CURVE('',#3105,#3116,#1413,.T.);
#3776=EDGE_CURVE('',#3117,#3115,#1051,.T.);
#3777=EDGE_CURVE('',#3117,#3118,#1414,.T.);
#3778=EDGE_CURVE('',#3116,#3118,#1052,.T.);
#3779=EDGE_CURVE('',#3113,#3117,#1415,.T.);
#3780=EDGE_CURVE('',#3118,#3114,#1416,.T.);
#3781=EDGE_CURVE('',#3119,#3119,#1053,.T.);
#3782=EDGE_CURVE('',#3119,#3120,#1417,.T.);
#3783=EDGE_CURVE('',#3120,#3120,#1054,.T.);
#3784=EDGE_CURVE('',#3121,#3121,#1055,.T.);
#3785=EDGE_CURVE('',#3121,#3122,#1418,.T.);
#3786=EDGE_CURVE('',#3122,#3122,#1056,.T.);
#3787=EDGE_CURVE('',#3123,#3123,#1057,.T.);
#3788=EDGE_CURVE('',#3123,#3124,#1419,.T.);
#3789=EDGE_CURVE('',#3124,#3124,#1058,.T.);
#3790=EDGE_CURVE('',#3125,#3125,#1059,.T.);
#3791=EDGE_CURVE('',#3125,#3126,#1420,.T.);
#3792=EDGE_CURVE('',#3126,#3126,#1060,.T.);
#3793=EDGE_CURVE('',#3127,#3127,#1061,.T.);
#3794=EDGE_CURVE('',#3127,#3128,#1421,.T.);
#3795=EDGE_CURVE('',#3128,#3128,#1062,.T.);
#3796=EDGE_CURVE('',#2846,#3129,#1422,.T.);
#3797=EDGE_CURVE('',#3130,#2845,#1423,.T.);
#3798=EDGE_CURVE('',#3130,#3129,#1424,.T.);
#3799=EDGE_CURVE('',#3131,#2965,#1425,.T.);
#3800=EDGE_CURVE('',#3131,#3130,#1426,.T.);
#3801=EDGE_CURVE('',#3132,#2964,#1427,.T.);
#3802=EDGE_CURVE('',#3132,#3131,#1428,.T.);
#3803=EDGE_CURVE('',#3133,#3134,#1429,.T.);
#3804=EDGE_CURVE('',#3135,#3133,#1430,.T.);
#3805=EDGE_CURVE('',#3136,#3135,#1431,.T.);
#3806=EDGE_CURVE('',#3137,#3136,#1432,.T.);
#3807=EDGE_CURVE('',#3138,#3137,#1433,.T.);
#3808=EDGE_CURVE('',#3139,#3138,#1434,.T.);
#3809=EDGE_CURVE('',#3140,#3139,#1435,.T.);
#3810=EDGE_CURVE('',#3141,#3140,#1436,.T.);
#3811=EDGE_CURVE('',#3142,#3141,#1437,.T.);
#3812=EDGE_CURVE('',#3143,#3142,#1438,.T.);
#3813=EDGE_CURVE('',#3144,#3143,#1439,.T.);
#3814=EDGE_CURVE('',#3145,#3144,#1440,.T.);
#3815=EDGE_CURVE('',#3146,#3145,#1441,.T.);
#3816=EDGE_CURVE('',#3147,#3146,#1442,.T.);
#3817=EDGE_CURVE('',#3148,#3147,#1443,.T.);
#3818=EDGE_CURVE('',#3149,#3148,#1444,.T.);
#3819=EDGE_CURVE('',#3150,#3149,#1445,.T.);
#3820=EDGE_CURVE('',#3151,#3150,#1446,.T.);
#3821=EDGE_CURVE('',#3152,#3151,#1447,.T.);
#3822=EDGE_CURVE('',#3153,#3152,#1448,.T.);
#3823=EDGE_CURVE('',#3154,#3153,#1449,.T.);
#3824=EDGE_CURVE('',#3155,#3154,#1450,.T.);
#3825=EDGE_CURVE('',#3156,#3155,#1451,.T.);
#3826=EDGE_CURVE('',#3157,#3156,#1452,.T.);
#3827=EDGE_CURVE('',#3158,#3157,#1453,.T.);
#3828=EDGE_CURVE('',#3159,#3158,#1454,.T.);
#3829=EDGE_CURVE('',#3160,#3159,#1455,.T.);
#3830=EDGE_CURVE('',#3161,#3160,#1456,.T.);
#3831=EDGE_CURVE('',#3162,#3161,#1457,.T.);
#3832=EDGE_CURVE('',#3163,#3162,#1458,.T.);
#3833=EDGE_CURVE('',#3164,#3163,#1459,.T.);
#3834=EDGE_CURVE('',#3165,#3164,#1460,.T.);
#3835=EDGE_CURVE('',#3166,#3165,#1461,.T.);
#3836=EDGE_CURVE('',#3167,#3166,#1462,.T.);
#3837=EDGE_CURVE('',#3168,#3167,#1463,.T.);
#3838=EDGE_CURVE('',#3169,#3168,#1464,.T.);
#3839=EDGE_CURVE('',#3170,#3169,#1465,.T.);
#3840=EDGE_CURVE('',#3171,#3170,#1466,.T.);
#3841=EDGE_CURVE('',#3172,#3171,#1467,.T.);
#3842=EDGE_CURVE('',#3173,#3172,#1468,.T.);
#3843=EDGE_CURVE('',#3174,#3173,#1469,.T.);
#3844=EDGE_CURVE('',#3175,#3174,#1470,.T.);
#3845=EDGE_CURVE('',#3176,#3175,#1471,.T.);
#3846=EDGE_CURVE('',#3177,#3176,#1472,.T.);
#3847=EDGE_CURVE('',#3178,#3177,#1473,.T.);
#3848=EDGE_CURVE('',#3179,#3178,#1474,.T.);
#3849=EDGE_CURVE('',#3180,#3179,#1475,.T.);
#3850=EDGE_CURVE('',#3181,#3180,#1476,.T.);
#3851=EDGE_CURVE('',#3182,#3181,#1477,.T.);
#3852=EDGE_CURVE('',#3183,#3182,#1478,.T.);
#3853=EDGE_CURVE('',#3184,#3183,#1479,.T.);
#3854=EDGE_CURVE('',#3185,#3184,#1480,.T.);
#3855=EDGE_CURVE('',#3186,#3185,#1481,.T.);
#3856=EDGE_CURVE('',#3187,#3186,#1482,.T.);
#3857=EDGE_CURVE('',#3188,#3187,#1483,.T.);
#3858=EDGE_CURVE('',#3189,#3188,#1484,.T.);
#3859=EDGE_CURVE('',#3190,#3189,#1485,.T.);
#3860=EDGE_CURVE('',#3191,#3190,#1486,.T.);
#3861=EDGE_CURVE('',#3192,#3191,#1487,.T.);
#3862=EDGE_CURVE('',#3193,#3192,#1488,.T.);
#3863=EDGE_CURVE('',#3194,#3193,#1489,.T.);
#3864=EDGE_CURVE('',#3195,#3194,#1490,.T.);
#3865=EDGE_CURVE('',#3196,#3195,#1491,.T.);
#3866=EDGE_CURVE('',#3197,#3196,#1492,.T.);
#3867=EDGE_CURVE('',#3198,#3197,#1493,.T.);
#3868=EDGE_CURVE('',#3199,#3198,#1494,.T.);
#3869=EDGE_CURVE('',#3200,#3199,#1495,.T.);
#3870=EDGE_CURVE('',#3201,#3200,#1496,.T.);
#3871=EDGE_CURVE('',#3202,#3201,#1497,.T.);
#3872=EDGE_CURVE('',#3203,#3202,#1498,.T.);
#3873=EDGE_CURVE('',#3204,#3203,#1499,.T.);
#3874=EDGE_CURVE('',#3205,#3204,#1500,.T.);
#3875=EDGE_CURVE('',#3206,#3205,#1501,.T.);
#3876=EDGE_CURVE('',#3207,#3206,#1502,.T.);
#3877=EDGE_CURVE('',#3208,#3207,#1503,.T.);
#3878=EDGE_CURVE('',#3209,#3208,#1504,.T.);
#3879=EDGE_CURVE('',#3210,#3209,#1505,.T.);
#3880=EDGE_CURVE('',#3211,#3210,#1506,.T.);
#3881=EDGE_CURVE('',#3212,#3211,#1507,.T.);
#3882=EDGE_CURVE('',#3213,#3212,#1508,.T.);
#3883=EDGE_CURVE('',#3214,#3213,#1509,.T.);
#3884=EDGE_CURVE('',#3215,#3214,#1510,.T.);
#3885=EDGE_CURVE('',#3216,#3215,#1511,.T.);
#3886=EDGE_CURVE('',#3217,#3216,#1512,.T.);
#3887=EDGE_CURVE('',#3218,#3217,#1513,.T.);
#3888=EDGE_CURVE('',#3219,#3218,#1514,.T.);
#3889=EDGE_CURVE('',#3220,#3219,#1515,.T.);
#3890=EDGE_CURVE('',#3221,#3220,#1516,.T.);
#3891=EDGE_CURVE('',#3222,#3221,#1517,.T.);
#3892=EDGE_CURVE('',#3223,#3222,#1518,.T.);
#3893=EDGE_CURVE('',#3224,#3223,#1519,.T.);
#3894=EDGE_CURVE('',#3225,#3224,#1520,.T.);
#3895=EDGE_CURVE('',#3226,#3225,#1521,.T.);
#3896=EDGE_CURVE('',#3227,#3226,#1522,.T.);
#3897=EDGE_CURVE('',#3228,#3227,#1523,.T.);
#3898=EDGE_CURVE('',#3229,#3228,#1524,.T.);
#3899=EDGE_CURVE('',#3230,#3229,#1525,.T.);
#3900=EDGE_CURVE('',#3231,#3230,#1526,.T.);
#3901=EDGE_CURVE('',#3232,#3231,#1527,.T.);
#3902=EDGE_CURVE('',#3233,#3232,#1528,.T.);
#3903=EDGE_CURVE('',#3234,#3233,#1529,.T.);
#3904=EDGE_CURVE('',#3235,#3234,#1530,.T.);
#3905=EDGE_CURVE('',#3236,#3235,#1531,.T.);
#3906=EDGE_CURVE('',#3237,#3236,#1532,.T.);
#3907=EDGE_CURVE('',#3238,#3237,#1533,.T.);
#3908=EDGE_CURVE('',#3239,#3238,#1534,.T.);
#3909=EDGE_CURVE('',#3240,#3239,#1535,.T.);
#3910=EDGE_CURVE('',#3241,#3240,#1536,.T.);
#3911=EDGE_CURVE('',#3242,#3241,#1537,.T.);
#3912=EDGE_CURVE('',#3243,#3242,#1538,.T.);
#3913=EDGE_CURVE('',#3244,#3243,#1539,.T.);
#3914=EDGE_CURVE('',#3245,#3244,#1540,.T.);
#3915=EDGE_CURVE('',#3246,#3245,#1541,.T.);
#3916=EDGE_CURVE('',#3247,#3246,#1542,.T.);
#3917=EDGE_CURVE('',#3248,#3247,#1543,.T.);
#3918=EDGE_CURVE('',#3249,#3248,#1544,.T.);
#3919=EDGE_CURVE('',#3250,#3249,#1545,.T.);
#3920=EDGE_CURVE('',#3251,#3250,#1546,.T.);
#3921=EDGE_CURVE('',#3252,#3251,#1547,.T.);
#3922=EDGE_CURVE('',#3253,#3252,#1548,.T.);
#3923=EDGE_CURVE('',#3134,#3253,#1549,.T.);
#3924=EDGE_CURVE('',#3254,#3132,#1550,.T.);
#3925=EDGE_CURVE('',#3255,#3254,#1551,.T.);
#3926=EDGE_CURVE('',#3256,#3255,#1552,.T.);
#3927=EDGE_CURVE('',#3257,#3256,#1553,.T.);
#3928=EDGE_CURVE('',#3258,#3257,#1554,.T.);
#3929=EDGE_CURVE('',#3259,#3258,#1555,.T.);
#3930=EDGE_CURVE('',#3260,#3259,#1556,.T.);
#3931=EDGE_CURVE('',#3261,#3260,#1557,.T.);
#3932=EDGE_CURVE('',#3262,#3261,#1558,.T.);
#3933=EDGE_CURVE('',#3263,#3262,#1559,.T.);
#3934=EDGE_CURVE('',#3264,#3263,#1560,.T.);
#3935=EDGE_CURVE('',#3265,#3264,#1561,.T.);
#3936=EDGE_CURVE('',#3266,#3265,#1562,.T.);
#3937=EDGE_CURVE('',#3267,#3266,#1563,.T.);
#3938=EDGE_CURVE('',#3268,#3267,#1564,.T.);
#3939=EDGE_CURVE('',#3269,#3268,#1565,.T.);
#3940=EDGE_CURVE('',#3270,#3269,#1566,.T.);
#3941=EDGE_CURVE('',#3271,#3270,#1567,.T.);
#3942=EDGE_CURVE('',#3272,#3271,#1568,.T.);
#3943=EDGE_CURVE('',#3273,#3272,#1569,.T.);
#3944=EDGE_CURVE('',#3274,#3273,#1570,.T.);
#3945=EDGE_CURVE('',#3275,#3274,#1571,.T.);
#3946=EDGE_CURVE('',#3276,#3275,#1572,.T.);
#3947=EDGE_CURVE('',#3277,#3276,#1573,.T.);
#3948=EDGE_CURVE('',#3278,#3277,#1574,.T.);
#3949=EDGE_CURVE('',#3279,#3278,#1575,.T.);
#3950=EDGE_CURVE('',#3280,#3279,#1576,.T.);
#3951=EDGE_CURVE('',#3281,#3280,#1577,.T.);
#3952=EDGE_CURVE('',#3282,#3281,#1578,.T.);
#3953=EDGE_CURVE('',#3283,#3282,#1579,.T.);
#3954=EDGE_CURVE('',#3284,#3283,#1580,.T.);
#3955=EDGE_CURVE('',#3285,#3284,#1581,.T.);
#3956=EDGE_CURVE('',#3286,#3285,#1582,.T.);
#3957=EDGE_CURVE('',#3287,#3286,#1583,.T.);
#3958=EDGE_CURVE('',#3288,#3287,#1584,.T.);
#3959=EDGE_CURVE('',#3289,#3288,#1585,.T.);
#3960=EDGE_CURVE('',#3290,#3289,#1586,.T.);
#3961=EDGE_CURVE('',#3291,#3290,#1587,.T.);
#3962=EDGE_CURVE('',#3292,#3291,#1588,.T.);
#3963=EDGE_CURVE('',#3293,#3292,#1589,.T.);
#3964=EDGE_CURVE('',#3294,#3293,#1590,.T.);
#3965=EDGE_CURVE('',#3295,#3294,#1591,.T.);
#3966=EDGE_CURVE('',#3296,#3295,#1592,.T.);
#3967=EDGE_CURVE('',#3297,#3296,#1593,.T.);
#3968=EDGE_CURVE('',#3298,#3297,#1594,.T.);
#3969=EDGE_CURVE('',#3299,#3298,#1595,.T.);
#3970=EDGE_CURVE('',#3300,#3299,#1596,.T.);
#3971=EDGE_CURVE('',#3301,#3300,#1597,.T.);
#3972=EDGE_CURVE('',#3302,#3301,#1598,.T.);
#3973=EDGE_CURVE('',#3303,#3302,#1599,.T.);
#3974=EDGE_CURVE('',#3304,#3303,#1600,.T.);
#3975=EDGE_CURVE('',#3305,#3304,#1601,.T.);
#3976=EDGE_CURVE('',#3306,#3305,#1602,.T.);
#3977=EDGE_CURVE('',#3307,#3306,#1603,.T.);
#3978=EDGE_CURVE('',#3308,#3307,#1604,.T.);
#3979=EDGE_CURVE('',#3309,#3308,#1605,.T.);
#3980=EDGE_CURVE('',#3310,#3309,#1606,.T.);
#3981=EDGE_CURVE('',#3311,#3310,#1607,.T.);
#3982=EDGE_CURVE('',#3312,#3311,#1608,.T.);
#3983=EDGE_CURVE('',#3313,#3312,#1609,.T.);
#3984=EDGE_CURVE('',#3314,#3313,#1610,.T.);
#3985=EDGE_CURVE('',#3315,#3314,#1611,.T.);
#3986=EDGE_CURVE('',#3316,#3315,#1612,.T.);
#3987=EDGE_CURVE('',#3317,#3316,#1613,.T.);
#3988=EDGE_CURVE('',#3318,#3317,#1614,.T.);
#3989=EDGE_CURVE('',#3319,#3318,#1615,.T.);
#3990=EDGE_CURVE('',#3320,#3319,#1616,.T.);
#3991=EDGE_CURVE('',#3321,#3320,#1617,.T.);
#3992=EDGE_CURVE('',#3322,#3321,#1618,.T.);
#3993=EDGE_CURVE('',#3323,#3322,#1619,.T.);
#3994=EDGE_CURVE('',#3324,#3323,#1620,.T.);
#3995=EDGE_CURVE('',#3325,#3324,#1621,.T.);
#3996=EDGE_CURVE('',#3326,#3325,#1622,.T.);
#3997=EDGE_CURVE('',#3327,#3326,#1623,.T.);
#3998=EDGE_CURVE('',#3328,#3327,#1624,.T.);
#3999=EDGE_CURVE('',#3329,#3328,#1625,.T.);
#4000=EDGE_CURVE('',#3330,#3329,#1626,.T.);
#4001=EDGE_CURVE('',#3331,#3330,#1627,.T.);
#4002=EDGE_CURVE('',#3332,#3331,#1628,.T.);
#4003=EDGE_CURVE('',#3333,#3332,#1629,.T.);
#4004=EDGE_CURVE('',#3334,#3333,#1630,.T.);
#4005=EDGE_CURVE('',#3335,#3334,#1631,.T.);
#4006=EDGE_CURVE('',#3336,#3335,#1632,.T.);
#4007=EDGE_CURVE('',#3337,#3336,#1633,.T.);
#4008=EDGE_CURVE('',#3338,#3337,#1634,.T.);
#4009=EDGE_CURVE('',#3339,#3338,#1635,.T.);
#4010=EDGE_CURVE('',#3340,#3339,#1636,.T.);
#4011=EDGE_CURVE('',#3341,#3340,#1637,.T.);
#4012=EDGE_CURVE('',#3342,#3341,#1638,.T.);
#4013=EDGE_CURVE('',#3343,#3342,#1639,.T.);
#4014=EDGE_CURVE('',#3344,#3343,#1640,.T.);
#4015=EDGE_CURVE('',#3345,#3344,#1641,.T.);
#4016=EDGE_CURVE('',#3346,#3345,#1642,.T.);
#4017=EDGE_CURVE('',#3347,#3346,#1643,.T.);
#4018=EDGE_CURVE('',#3348,#3347,#1644,.T.);
#4019=EDGE_CURVE('',#3349,#3348,#1645,.T.);
#4020=EDGE_CURVE('',#3350,#3349,#1646,.T.);
#4021=EDGE_CURVE('',#3351,#3350,#1647,.T.);
#4022=EDGE_CURVE('',#3352,#3351,#1648,.T.);
#4023=EDGE_CURVE('',#3353,#3352,#1649,.T.);
#4024=EDGE_CURVE('',#3354,#3353,#1650,.T.);
#4025=EDGE_CURVE('',#3355,#3354,#1651,.T.);
#4026=EDGE_CURVE('',#3356,#3355,#1652,.T.);
#4027=EDGE_CURVE('',#3357,#3356,#1653,.T.);
#4028=EDGE_CURVE('',#3358,#3357,#1654,.T.);
#4029=EDGE_CURVE('',#3359,#3358,#1655,.T.);
#4030=EDGE_CURVE('',#3360,#3359,#1656,.T.);
#4031=EDGE_CURVE('',#3361,#3360,#1657,.T.);
#4032=EDGE_CURVE('',#3362,#3361,#1658,.T.);
#4033=EDGE_CURVE('',#3363,#3362,#1659,.T.);
#4034=EDGE_CURVE('',#3364,#3363,#1660,.T.);
#4035=EDGE_CURVE('',#3365,#3364,#1661,.T.);
#4036=EDGE_CURVE('',#3366,#3365,#1662,.T.);
#4037=EDGE_CURVE('',#3367,#3366,#1663,.T.);
#4038=EDGE_CURVE('',#3368,#3367,#1664,.T.);
#4039=EDGE_CURVE('',#3369,#3368,#1665,.T.);
#4040=EDGE_CURVE('',#3370,#3369,#1666,.T.);
#4041=EDGE_CURVE('',#3129,#3370,#1667,.T.);
#4042=EDGE_CURVE('',#3254,#2963,#1668,.T.);
#4043=EDGE_CURVE('',#3255,#2962,#1669,.T.);
#4044=EDGE_CURVE('',#3256,#2961,#1670,.T.);
#4045=EDGE_CURVE('',#3257,#2960,#1671,.T.);
#4046=EDGE_CURVE('',#3258,#2959,#1672,.T.);
#4047=EDGE_CURVE('',#3259,#2958,#1673,.T.);
#4048=EDGE_CURVE('',#3260,#2957,#1674,.T.);
#4049=EDGE_CURVE('',#3261,#2956,#1675,.T.);
#4050=EDGE_CURVE('',#3262,#2955,#1676,.T.);
#4051=EDGE_CURVE('',#3263,#2954,#1677,.T.);
#4052=EDGE_CURVE('',#3264,#2953,#1678,.T.);
#4053=EDGE_CURVE('',#3265,#2952,#1679,.T.);
#4054=EDGE_CURVE('',#3266,#2951,#1680,.T.);
#4055=EDGE_CURVE('',#3267,#2950,#1681,.T.);
#4056=EDGE_CURVE('',#3268,#2949,#1682,.T.);
#4057=EDGE_CURVE('',#3339,#2878,#1683,.T.);
#4058=EDGE_CURVE('',#2879,#3338,#1684,.T.);
#4059=EDGE_CURVE('',#3340,#2877,#1685,.T.);
#4060=EDGE_CURVE('',#3341,#2876,#1686,.T.);
#4061=EDGE_CURVE('',#3342,#2875,#1687,.T.);
#4062=EDGE_CURVE('',#3343,#2874,#1688,.T.);
#4063=EDGE_CURVE('',#3344,#2873,#1689,.T.);
#4064=EDGE_CURVE('',#3345,#2872,#1690,.T.);
#4065=EDGE_CURVE('',#3346,#2871,#1691,.T.);
#4066=EDGE_CURVE('',#3347,#2870,#1692,.T.);
#4067=EDGE_CURVE('',#3348,#2869,#1693,.T.);
#4068=EDGE_CURVE('',#3349,#2868,#1694,.T.);
#4069=EDGE_CURVE('',#3350,#2867,#1695,.T.);
#4070=EDGE_CURVE('',#3351,#2866,#1696,.T.);
#4071=EDGE_CURVE('',#3352,#2865,#1697,.T.);
#4072=EDGE_CURVE('',#3353,#2864,#1698,.T.);
#4073=EDGE_CURVE('',#3354,#2863,#1699,.T.);
#4074=EDGE_CURVE('',#3355,#2862,#1700,.T.);
#4075=EDGE_CURVE('',#3356,#2861,#1701,.T.);
#4076=EDGE_CURVE('',#3357,#2860,#1702,.T.);
#4077=EDGE_CURVE('',#3358,#2859,#1703,.T.);
#4078=EDGE_CURVE('',#3359,#2858,#1704,.T.);
#4079=EDGE_CURVE('',#3360,#2857,#1705,.T.);
#4080=EDGE_CURVE('',#3361,#2856,#1706,.T.);
#4081=EDGE_CURVE('',#3362,#2855,#1707,.T.);
#4082=EDGE_CURVE('',#3363,#2854,#1708,.T.);
#4083=EDGE_CURVE('',#3364,#2853,#1709,.T.);
#4084=EDGE_CURVE('',#3365,#2852,#1710,.T.);
#4085=EDGE_CURVE('',#3366,#2851,#1711,.T.);
#4086=EDGE_CURVE('',#3367,#2850,#1712,.T.);
#4087=EDGE_CURVE('',#3368,#2849,#1713,.T.);
#4088=EDGE_CURVE('',#3369,#2848,#1714,.T.);
#4089=EDGE_CURVE('',#3370,#2847,#1715,.T.);
#4090=EDGE_CURVE('',#3337,#2880,#1716,.T.);
#4091=EDGE_CURVE('',#2881,#3336,#1717,.T.);
#4092=EDGE_CURVE('',#2882,#3335,#1718,.T.);
#4093=EDGE_CURVE('',#2883,#3334,#1719,.T.);
#4094=EDGE_CURVE('',#2884,#3333,#1720,.T.);
#4095=EDGE_CURVE('',#2885,#3332,#1721,.T.);
#4096=EDGE_CURVE('',#2886,#3331,#1722,.T.);
#4097=EDGE_CURVE('',#2887,#3330,#1723,.T.);
#4098=EDGE_CURVE('',#2888,#3329,#1724,.T.);
#4099=EDGE_CURVE('',#2889,#3328,#1725,.T.);
#4100=EDGE_CURVE('',#2890,#3327,#1726,.T.);
#4101=EDGE_CURVE('',#2891,#3326,#1727,.T.);
#4102=EDGE_CURVE('',#2892,#3325,#1728,.T.);
#4103=EDGE_CURVE('',#2893,#3324,#1729,.T.);
#4104=EDGE_CURVE('',#2894,#3323,#1730,.T.);
#4105=EDGE_CURVE('',#2895,#3322,#1731,.T.);
#4106=EDGE_CURVE('',#2896,#3321,#1732,.T.);
#4107=EDGE_CURVE('',#2897,#3320,#1733,.T.);
#4108=EDGE_CURVE('',#2898,#3319,#1734,.T.);
#4109=EDGE_CURVE('',#2899,#3318,#1735,.T.);
#4110=EDGE_CURVE('',#2900,#3317,#1736,.T.);
#4111=EDGE_CURVE('',#2901,#3316,#1737,.T.);
#4112=EDGE_CURVE('',#2902,#3315,#1738,.T.);
#4113=EDGE_CURVE('',#2903,#3314,#1739,.T.);
#4114=EDGE_CURVE('',#2904,#3313,#1740,.T.);
#4115=EDGE_CURVE('',#2905,#3312,#1741,.T.);
#4116=EDGE_CURVE('',#2906,#3311,#1742,.T.);
#4117=EDGE_CURVE('',#2907,#3310,#1743,.T.);
#4118=EDGE_CURVE('',#2908,#3309,#1744,.T.);
#4119=EDGE_CURVE('',#2909,#3308,#1745,.T.);
#4120=EDGE_CURVE('',#2910,#3307,#1746,.T.);
#4121=EDGE_CURVE('',#2911,#3306,#1747,.T.);
#4122=EDGE_CURVE('',#2912,#3305,#1748,.T.);
#4123=EDGE_CURVE('',#3304,#2913,#1749,.T.);
#4124=EDGE_CURVE('',#2914,#3303,#1750,.T.);
#4125=EDGE_CURVE('',#2915,#3302,#1751,.T.);
#4126=EDGE_CURVE('',#2916,#3301,#1752,.T.);
#4127=EDGE_CURVE('',#2917,#3300,#1753,.T.);
#4128=EDGE_CURVE('',#2918,#3299,#1754,.T.);
#4129=EDGE_CURVE('',#2919,#3298,#1755,.T.);
#4130=EDGE_CURVE('',#2920,#3297,#1756,.T.);
#4131=EDGE_CURVE('',#2921,#3296,#1757,.T.);
#4132=EDGE_CURVE('',#2922,#3295,#1758,.T.);
#4133=EDGE_CURVE('',#2923,#3294,#1759,.T.);
#4134=EDGE_CURVE('',#2924,#3293,#1760,.T.);
#4135=EDGE_CURVE('',#2925,#3292,#1761,.T.);
#4136=EDGE_CURVE('',#2926,#3291,#1762,.T.);
#4137=EDGE_CURVE('',#2927,#3290,#1763,.T.);
#4138=EDGE_CURVE('',#2928,#3289,#1764,.T.);
#4139=EDGE_CURVE('',#2929,#3288,#1765,.T.);
#4140=EDGE_CURVE('',#2930,#3287,#1766,.T.);
#4141=EDGE_CURVE('',#2931,#3286,#1767,.T.);
#4142=EDGE_CURVE('',#3280,#2937,#1768,.T.);
#4143=EDGE_CURVE('',#2938,#3279,#1769,.T.);
#4144=EDGE_CURVE('',#3281,#2936,#1770,.T.);
#4145=EDGE_CURVE('',#2939,#3278,#1771,.T.);
#4146=EDGE_CURVE('',#2940,#3277,#1772,.T.);
#4147=EDGE_CURVE('',#2941,#3276,#1773,.T.);
#4148=EDGE_CURVE('',#2942,#3275,#1774,.T.);
#4149=EDGE_CURVE('',#2945,#3272,#1775,.T.);
#4150=EDGE_CURVE('',#3273,#2944,#1776,.T.);
#4151=EDGE_CURVE('',#3274,#2943,#1777,.T.);
#4152=EDGE_CURVE('',#2948,#3269,#1778,.T.);
#4153=EDGE_CURVE('',#3270,#2947,#1779,.T.);
#4154=EDGE_CURVE('',#3271,#2946,#1780,.T.);
#4155=EDGE_CURVE('',#3282,#2935,#1781,.T.);
#4156=EDGE_CURVE('',#3283,#2934,#1782,.T.);
#4157=EDGE_CURVE('',#2933,#3284,#1783,.T.);
#4158=EDGE_CURVE('',#3285,#2932,#1784,.T.);
#4159=EDGE_CURVE('',#2971,#3099,#1785,.T.);
#4160=EDGE_CURVE('',#3102,#2972,#1786,.T.);
#4161=EDGE_CURVE('',#3101,#2973,#1787,.T.);
#4162=EDGE_CURVE('',#2970,#3100,#1788,.T.);
#4163=EDGE_CURVE('',#2969,#3098,#1789,.T.);
#4164=EDGE_CURVE('',#2968,#3097,#1790,.T.);
#4165=EDGE_CURVE('',#3196,#3035,#1791,.T.);
#4166=EDGE_CURVE('',#3195,#3036,#1792,.T.);
#4167=EDGE_CURVE('',#3197,#3034,#1793,.T.);
#4168=EDGE_CURVE('',#3198,#3033,#1794,.T.);
#4169=EDGE_CURVE('',#3199,#3032,#1795,.T.);
#4170=EDGE_CURVE('',#3200,#3031,#1796,.T.);
#4171=EDGE_CURVE('',#3201,#3030,#1797,.T.);
#4172=EDGE_CURVE('',#3202,#3029,#1798,.T.);
#4173=EDGE_CURVE('',#3203,#3028,#1799,.T.);
#4174=EDGE_CURVE('',#3204,#3027,#1800,.T.);
#4175=EDGE_CURVE('',#3205,#3026,#1801,.T.);
#4176=EDGE_CURVE('',#3206,#3025,#1802,.T.);
#4177=EDGE_CURVE('',#3207,#3024,#1803,.T.);
#4178=EDGE_CURVE('',#3208,#3023,#1804,.T.);
#4179=EDGE_CURVE('',#3209,#3022,#1805,.T.);
#4180=EDGE_CURVE('',#3210,#3021,#1806,.T.);
#4181=EDGE_CURVE('',#3211,#3020,#1807,.T.);
#4182=EDGE_CURVE('',#3212,#3019,#1808,.T.);
#4183=EDGE_CURVE('',#3213,#3018,#1809,.T.);
#4184=EDGE_CURVE('',#3214,#3017,#1810,.T.);
#4185=EDGE_CURVE('',#3215,#3016,#1811,.T.);
#4186=EDGE_CURVE('',#3216,#3015,#1812,.T.);
#4187=EDGE_CURVE('',#3217,#3014,#1813,.T.);
#4188=EDGE_CURVE('',#3218,#3013,#1814,.T.);
#4189=EDGE_CURVE('',#3219,#3012,#1815,.T.);
#4190=EDGE_CURVE('',#3220,#3011,#1816,.T.);
#4191=EDGE_CURVE('',#3221,#3010,#1817,.T.);
#4192=EDGE_CURVE('',#3222,#3009,#1818,.T.);
#4193=EDGE_CURVE('',#3223,#3008,#1819,.T.);
#4194=EDGE_CURVE('',#3224,#3007,#1820,.T.);
#4195=EDGE_CURVE('',#3225,#3006,#1821,.T.);
#4196=EDGE_CURVE('',#3226,#3005,#1822,.T.);
#4197=EDGE_CURVE('',#3227,#3004,#1823,.T.);
#4198=EDGE_CURVE('',#3228,#3003,#1824,.T.);
#4199=EDGE_CURVE('',#3229,#3002,#1825,.T.);
#4200=EDGE_CURVE('',#3230,#3001,#1826,.T.);
#4201=EDGE_CURVE('',#3231,#3000,#1827,.T.);
#4202=EDGE_CURVE('',#3232,#2999,#1828,.T.);
#4203=EDGE_CURVE('',#3233,#2998,#1829,.T.);
#4204=EDGE_CURVE('',#3234,#2997,#1830,.T.);
#4205=EDGE_CURVE('',#3235,#2996,#1831,.T.);
#4206=EDGE_CURVE('',#3236,#2995,#1832,.T.);
#4207=EDGE_CURVE('',#3237,#2994,#1833,.T.);
#4208=EDGE_CURVE('',#3238,#2993,#1834,.T.);
#4209=EDGE_CURVE('',#3239,#2992,#1835,.T.);
#4210=EDGE_CURVE('',#3240,#2991,#1836,.T.);
#4211=EDGE_CURVE('',#3241,#2990,#1837,.T.);
#4212=EDGE_CURVE('',#3242,#2989,#1838,.T.);
#4213=EDGE_CURVE('',#3243,#2988,#1839,.T.);
#4214=EDGE_CURVE('',#3244,#2987,#1840,.T.);
#4215=EDGE_CURVE('',#3245,#2986,#1841,.T.);
#4216=EDGE_CURVE('',#3246,#2985,#1842,.T.);
#4217=EDGE_CURVE('',#3247,#2984,#1843,.T.);
#4218=EDGE_CURVE('',#3248,#2983,#1844,.T.);
#4219=EDGE_CURVE('',#3249,#2982,#1845,.T.);
#4220=EDGE_CURVE('',#3250,#2981,#1846,.T.);
#4221=EDGE_CURVE('',#3251,#2980,#1847,.T.);
#4222=EDGE_CURVE('',#3252,#2979,#1848,.T.);
#4223=EDGE_CURVE('',#3253,#2978,#1849,.T.);
#4224=EDGE_CURVE('',#3134,#2977,#1850,.T.);
#4225=EDGE_CURVE('',#2976,#3133,#1851,.T.);
#4226=EDGE_CURVE('',#3135,#2975,#1852,.T.);
#4227=EDGE_CURVE('',#3136,#2974,#1853,.T.);
#4228=EDGE_CURVE('',#3137,#3094,#1854,.T.);
#4229=EDGE_CURVE('',#3138,#3093,#1855,.T.);
#4230=EDGE_CURVE('',#3139,#3092,#1856,.T.);
#4231=EDGE_CURVE('',#3140,#3091,#1857,.T.);
#4232=EDGE_CURVE('',#3141,#3090,#1858,.T.);
#4233=EDGE_CURVE('',#3142,#3089,#1859,.T.);
#4234=EDGE_CURVE('',#3143,#3088,#1860,.T.);
#4235=EDGE_CURVE('',#3144,#3087,#1861,.T.);
#4236=EDGE_CURVE('',#3145,#3086,#1862,.T.);
#4237=EDGE_CURVE('',#3146,#3085,#1863,.T.);
#4238=EDGE_CURVE('',#3147,#3084,#1864,.T.);
#4239=EDGE_CURVE('',#3148,#3083,#1865,.T.);
#4240=EDGE_CURVE('',#3149,#3082,#1866,.T.);
#4241=EDGE_CURVE('',#3150,#3081,#1867,.T.);
#4242=EDGE_CURVE('',#3151,#3080,#1868,.T.);
#4243=EDGE_CURVE('',#3152,#3079,#1869,.T.);
#4244=EDGE_CURVE('',#3153,#3078,#1870,.T.);
#4245=EDGE_CURVE('',#3154,#3077,#1871,.T.);
#4246=EDGE_CURVE('',#3155,#3076,#1872,.T.);
#4247=EDGE_CURVE('',#3156,#3075,#1873,.T.);
#4248=EDGE_CURVE('',#3157,#3074,#1874,.T.);
#4249=EDGE_CURVE('',#3158,#3073,#1875,.T.);
#4250=EDGE_CURVE('',#3159,#3072,#1876,.T.);
#4251=EDGE_CURVE('',#3160,#3071,#1877,.T.);
#4252=EDGE_CURVE('',#3161,#3070,#1878,.T.);
#4253=EDGE_CURVE('',#3162,#3069,#1879,.T.);
#4254=EDGE_CURVE('',#3163,#3068,#1880,.T.);
#4255=EDGE_CURVE('',#3164,#3067,#1881,.T.);
#4256=EDGE_CURVE('',#3165,#3066,#1882,.T.);
#4257=EDGE_CURVE('',#3166,#3065,#1883,.T.);
#4258=EDGE_CURVE('',#3167,#3064,#1884,.T.);
#4259=EDGE_CURVE('',#3168,#3063,#1885,.T.);
#4260=EDGE_CURVE('',#3169,#3062,#1886,.T.);
#4261=EDGE_CURVE('',#3170,#3061,#1887,.T.);
#4262=EDGE_CURVE('',#3171,#3060,#1888,.T.);
#4263=EDGE_CURVE('',#3172,#3059,#1889,.T.);
#4264=EDGE_CURVE('',#3173,#3058,#1890,.T.);
#4265=EDGE_CURVE('',#3174,#3057,#1891,.T.);
#4266=EDGE_CURVE('',#3175,#3056,#1892,.T.);
#4267=EDGE_CURVE('',#3176,#3055,#1893,.T.);
#4268=EDGE_CURVE('',#3177,#3054,#1894,.T.);
#4269=EDGE_CURVE('',#3178,#3053,#1895,.T.);
#4270=EDGE_CURVE('',#3179,#3052,#1896,.T.);
#4271=EDGE_CURVE('',#3180,#3051,#1897,.T.);
#4272=EDGE_CURVE('',#3181,#3050,#1898,.T.);
#4273=EDGE_CURVE('',#3182,#3049,#1899,.T.);
#4274=EDGE_CURVE('',#3183,#3048,#1900,.T.);
#4275=EDGE_CURVE('',#3184,#3047,#1901,.T.);
#4276=EDGE_CURVE('',#3185,#3046,#1902,.T.);
#4277=EDGE_CURVE('',#3186,#3045,#1903,.T.);
#4278=EDGE_CURVE('',#3187,#3044,#1904,.T.);
#4279=EDGE_CURVE('',#3188,#3043,#1905,.T.);
#4280=EDGE_CURVE('',#3189,#3042,#1906,.T.);
#4281=EDGE_CURVE('',#3190,#3041,#1907,.T.);
#4282=EDGE_CURVE('',#3191,#3040,#1908,.T.);
#4283=EDGE_CURVE('',#3192,#3039,#1909,.T.);
#4284=EDGE_CURVE('',#3193,#3038,#1910,.T.);
#4285=EDGE_CURVE('',#3194,#3037,#1911,.T.);
#4286=ORIENTED_EDGE('',*,*,#3371,.T.);
#4287=ORIENTED_EDGE('',*,*,#3372,.F.);
#4288=ORIENTED_EDGE('',*,*,#3373,.T.);
#4289=ORIENTED_EDGE('',*,*,#3374,.F.);
#4290=ORIENTED_EDGE('',*,*,#3375,.T.);
#4291=ORIENTED_EDGE('',*,*,#3376,.F.);
#4292=ORIENTED_EDGE('',*,*,#3377,.T.);
#4293=ORIENTED_EDGE('',*,*,#3378,.F.);
#4294=ORIENTED_EDGE('',*,*,#3379,.T.);
#4295=ORIENTED_EDGE('',*,*,#3380,.F.);
#4296=ORIENTED_EDGE('',*,*,#3381,.F.);
#4297=ORIENTED_EDGE('',*,*,#3382,.F.);
#4298=ORIENTED_EDGE('',*,*,#3383,.T.);
#4299=ORIENTED_EDGE('',*,*,#3384,.F.);
#4300=ORIENTED_EDGE('',*,*,#3385,.F.);
#4301=ORIENTED_EDGE('',*,*,#3386,.F.);
#4302=ORIENTED_EDGE('',*,*,#3386,.T.);
#4303=ORIENTED_EDGE('',*,*,#3387,.F.);
#4304=ORIENTED_EDGE('',*,*,#3388,.T.);
#4305=ORIENTED_EDGE('',*,*,#3389,.F.);
#4306=ORIENTED_EDGE('',*,*,#3382,.T.);
#4307=ORIENTED_EDGE('',*,*,#3390,.F.);
#4308=ORIENTED_EDGE('',*,*,#3380,.T.);
#4309=ORIENTED_EDGE('',*,*,#3391,.F.);
#4310=ORIENTED_EDGE('',*,*,#3384,.T.);
#4311=ORIENTED_EDGE('',*,*,#3392,.F.);
#4312=ORIENTED_EDGE('',*,*,#3393,.T.);
#4313=ORIENTED_EDGE('',*,*,#3394,.F.);
#4314=ORIENTED_EDGE('',*,*,#3395,.T.);
#4315=ORIENTED_EDGE('',*,*,#3388,.F.);
#4316=ORIENTED_EDGE('',*,*,#3396,.F.);
#4317=ORIENTED_EDGE('',*,*,#3393,.F.);
#4318=ORIENTED_EDGE('',*,*,#3397,.T.);
#4319=ORIENTED_EDGE('',*,*,#3398,.F.);
#4320=ORIENTED_EDGE('',*,*,#3399,.F.);
#4321=ORIENTED_EDGE('',*,*,#3400,.F.);
#4322=ORIENTED_EDGE('',*,*,#3400,.T.);
#4323=ORIENTED_EDGE('',*,*,#3401,.F.);
#4324=ORIENTED_EDGE('',*,*,#3402,.T.);
#4325=ORIENTED_EDGE('',*,*,#3403,.F.);
#4326=ORIENTED_EDGE('',*,*,#3398,.T.);
#4327=ORIENTED_EDGE('',*,*,#3404,.F.);
#4328=ORIENTED_EDGE('',*,*,#3405,.T.);
#4329=ORIENTED_EDGE('',*,*,#3406,.F.);
#4330=ORIENTED_EDGE('',*,*,#3407,.T.);
#4331=ORIENTED_EDGE('',*,*,#3402,.F.);
#4332=ORIENTED_EDGE('',*,*,#3408,.F.);
#4333=ORIENTED_EDGE('',*,*,#3405,.F.);
#4334=ORIENTED_EDGE('',*,*,#3409,.T.);
#4335=ORIENTED_EDGE('',*,*,#3410,.F.);
#4336=ORIENTED_EDGE('',*,*,#3411,.F.);
#4337=ORIENTED_EDGE('',*,*,#3412,.F.);
#4338=ORIENTED_EDGE('',*,*,#3412,.T.);
#4339=ORIENTED_EDGE('',*,*,#3413,.F.);
#4340=ORIENTED_EDGE('',*,*,#3414,.T.);
#4341=ORIENTED_EDGE('',*,*,#3415,.F.);
#4342=ORIENTED_EDGE('',*,*,#3410,.T.);
#4343=ORIENTED_EDGE('',*,*,#3416,.F.);
#4344=ORIENTED_EDGE('',*,*,#3417,.T.);
#4345=ORIENTED_EDGE('',*,*,#3418,.F.);
#4346=ORIENTED_EDGE('',*,*,#3419,.F.);
#4347=ORIENTED_EDGE('',*,*,#3414,.F.);
#4348=ORIENTED_EDGE('',*,*,#3420,.F.);
#4349=ORIENTED_EDGE('',*,*,#3417,.F.);
#4350=ORIENTED_EDGE('',*,*,#3421,.F.);
#4351=ORIENTED_EDGE('',*,*,#3422,.F.);
#4352=ORIENTED_EDGE('',*,*,#3423,.F.);
#4353=ORIENTED_EDGE('',*,*,#3424,.F.);
#4354=ORIENTED_EDGE('',*,*,#3424,.T.);
#4355=ORIENTED_EDGE('',*,*,#3425,.F.);
#4356=ORIENTED_EDGE('',*,*,#3426,.T.);
#4357=ORIENTED_EDGE('',*,*,#3427,.F.);
#4358=ORIENTED_EDGE('',*,*,#3422,.T.);
#4359=ORIENTED_EDGE('',*,*,#3428,.F.);
#4360=ORIENTED_EDGE('',*,*,#3429,.T.);
#4361=ORIENTED_EDGE('',*,*,#3430,.F.);
#4362=ORIENTED_EDGE('',*,*,#3431,.T.);
#4363=ORIENTED_EDGE('',*,*,#3426,.F.);
#4364=ORIENTED_EDGE('',*,*,#3432,.F.);
#4365=ORIENTED_EDGE('',*,*,#3429,.F.);
#4366=ORIENTED_EDGE('',*,*,#3433,.T.);
#4367=ORIENTED_EDGE('',*,*,#3434,.F.);
#4368=ORIENTED_EDGE('',*,*,#3435,.F.);
#4369=ORIENTED_EDGE('',*,*,#3436,.F.);
#4370=ORIENTED_EDGE('',*,*,#3436,.T.);
#4371=ORIENTED_EDGE('',*,*,#3437,.F.);
#4372=ORIENTED_EDGE('',*,*,#3438,.T.);
#4373=ORIENTED_EDGE('',*,*,#3439,.F.);
#4374=ORIENTED_EDGE('',*,*,#3440,.T.);
#4375=ORIENTED_EDGE('',*,*,#3441,.F.);
#4376=ORIENTED_EDGE('',*,*,#3434,.T.);
#4377=ORIENTED_EDGE('',*,*,#3442,.F.);
#4378=ORIENTED_EDGE('',*,*,#3443,.T.);
#4379=ORIENTED_EDGE('',*,*,#3438,.F.);
#4380=ORIENTED_EDGE('',*,*,#3444,.T.);
#4381=ORIENTED_EDGE('',*,*,#3440,.F.);
#4382=ORIENTED_EDGE('',*,*,#3445,.T.);
#4383=ORIENTED_EDGE('',*,*,#3375,.F.);
#4384=ORIENTED_EDGE('',*,*,#3446,.F.);
#4385=ORIENTED_EDGE('',*,*,#3447,.F.);
#4386=ORIENTED_EDGE('',*,*,#3447,.T.);
#4387=ORIENTED_EDGE('',*,*,#3448,.F.);
#4388=ORIENTED_EDGE('',*,*,#3449,.T.);
#4389=ORIENTED_EDGE('',*,*,#3450,.F.);
#4390=ORIENTED_EDGE('',*,*,#3451,.T.);
#4391=ORIENTED_EDGE('',*,*,#3449,.F.);
#4392=ORIENTED_EDGE('',*,*,#3452,.F.);
#4393=ORIENTED_EDGE('',*,*,#3377,.F.);
#4394=ORIENTED_EDGE('',*,*,#3453,.T.);
#4395=ORIENTED_EDGE('',*,*,#3454,.F.);
#4396=ORIENTED_EDGE('',*,*,#3455,.F.);
#4397=ORIENTED_EDGE('',*,*,#3456,.F.);
#4398=ORIENTED_EDGE('',*,*,#3456,.T.);
#4399=ORIENTED_EDGE('',*,*,#3457,.F.);
#4400=ORIENTED_EDGE('',*,*,#3458,.T.);
#4401=ORIENTED_EDGE('',*,*,#3459,.F.);
#4402=ORIENTED_EDGE('',*,*,#3454,.T.);
#4403=ORIENTED_EDGE('',*,*,#3460,.F.);
#4404=ORIENTED_EDGE('',*,*,#3461,.T.);
#4405=ORIENTED_EDGE('',*,*,#3462,.F.);
#4406=ORIENTED_EDGE('',*,*,#3463,.T.);
#4407=ORIENTED_EDGE('',*,*,#3458,.F.);
#4408=ORIENTED_EDGE('',*,*,#3464,.F.);
#4409=ORIENTED_EDGE('',*,*,#3461,.F.);
#4410=ORIENTED_EDGE('',*,*,#3465,.T.);
#4411=ORIENTED_EDGE('',*,*,#3466,.F.);
#4412=ORIENTED_EDGE('',*,*,#3467,.F.);
#4413=ORIENTED_EDGE('',*,*,#3468,.F.);
#4414=ORIENTED_EDGE('',*,*,#3468,.T.);
#4415=ORIENTED_EDGE('',*,*,#3469,.F.);
#4416=ORIENTED_EDGE('',*,*,#3470,.T.);
#4417=ORIENTED_EDGE('',*,*,#3471,.F.);
#4418=ORIENTED_EDGE('',*,*,#3466,.T.);
#4419=ORIENTED_EDGE('',*,*,#3472,.F.);
#4420=ORIENTED_EDGE('',*,*,#3473,.T.);
#4421=ORIENTED_EDGE('',*,*,#3474,.F.);
#4422=ORIENTED_EDGE('',*,*,#3475,.T.);
#4423=ORIENTED_EDGE('',*,*,#3470,.F.);
#4424=ORIENTED_EDGE('',*,*,#3476,.F.);
#4425=ORIENTED_EDGE('',*,*,#3473,.F.);
#4426=ORIENTED_EDGE('',*,*,#3477,.T.);
#4427=ORIENTED_EDGE('',*,*,#3478,.F.);
#4428=ORIENTED_EDGE('',*,*,#3479,.F.);
#4429=ORIENTED_EDGE('',*,*,#3373,.F.);
#4430=ORIENTED_EDGE('',*,*,#3480,.T.);
#4431=ORIENTED_EDGE('',*,*,#3481,.F.);
#4432=ORIENTED_EDGE('',*,*,#3478,.T.);
#4433=ORIENTED_EDGE('',*,*,#3482,.F.);
#4434=ORIENTED_EDGE('',*,*,#3483,.T.);
#4435=ORIENTED_EDGE('',*,*,#3484,.F.);
#4436=ORIENTED_EDGE('',*,*,#3485,.F.);
#4437=ORIENTED_EDGE('',*,*,#3486,.F.);
#4438=ORIENTED_EDGE('',*,*,#3487,.T.);
#4439=ORIENTED_EDGE('',*,*,#3371,.F.);
#4440=ORIENTED_EDGE('',*,*,#3488,.T.);
#4441=ORIENTED_EDGE('',*,*,#3480,.F.);
#4442=ORIENTED_EDGE('',*,*,#3484,.T.);
#4443=ORIENTED_EDGE('',*,*,#3489,.F.);
#4444=ORIENTED_EDGE('',*,*,#3490,.T.);
#4445=ORIENTED_EDGE('',*,*,#3491,.F.);
#4446=ORIENTED_EDGE('',*,*,#3486,.T.);
#4447=ORIENTED_EDGE('',*,*,#3492,.F.);
#4448=ORIENTED_EDGE('',*,*,#3493,.T.);
#4449=ORIENTED_EDGE('',*,*,#3494,.F.);
#4450=ORIENTED_EDGE('',*,*,#3495,.T.);
#4451=ORIENTED_EDGE('',*,*,#3496,.T.);
#4452=ORIENTED_EDGE('',*,*,#3497,.T.);
#4453=ORIENTED_EDGE('',*,*,#3498,.T.);
#4454=ORIENTED_EDGE('',*,*,#3499,.T.);
#4455=ORIENTED_EDGE('',*,*,#3500,.T.);
#4456=ORIENTED_EDGE('',*,*,#3501,.T.);
#4457=ORIENTED_EDGE('',*,*,#3502,.T.);
#4458=ORIENTED_EDGE('',*,*,#3503,.T.);
#4459=ORIENTED_EDGE('',*,*,#3504,.T.);
#4460=ORIENTED_EDGE('',*,*,#3505,.T.);
#4461=ORIENTED_EDGE('',*,*,#3506,.T.);
#4462=ORIENTED_EDGE('',*,*,#3507,.T.);
#4463=ORIENTED_EDGE('',*,*,#3508,.T.);
#4464=ORIENTED_EDGE('',*,*,#3509,.T.);
#4465=ORIENTED_EDGE('',*,*,#3510,.T.);
#4466=ORIENTED_EDGE('',*,*,#3511,.T.);
#4467=ORIENTED_EDGE('',*,*,#3512,.T.);
#4468=ORIENTED_EDGE('',*,*,#3513,.T.);
#4469=ORIENTED_EDGE('',*,*,#3514,.T.);
#4470=ORIENTED_EDGE('',*,*,#3515,.T.);
#4471=ORIENTED_EDGE('',*,*,#3516,.T.);
#4472=ORIENTED_EDGE('',*,*,#3517,.T.);
#4473=ORIENTED_EDGE('',*,*,#3518,.T.);
#4474=ORIENTED_EDGE('',*,*,#3519,.T.);
#4475=ORIENTED_EDGE('',*,*,#3520,.T.);
#4476=ORIENTED_EDGE('',*,*,#3521,.T.);
#4477=ORIENTED_EDGE('',*,*,#3522,.T.);
#4478=ORIENTED_EDGE('',*,*,#3523,.T.);
#4479=ORIENTED_EDGE('',*,*,#3524,.T.);
#4480=ORIENTED_EDGE('',*,*,#3525,.T.);
#4481=ORIENTED_EDGE('',*,*,#3526,.T.);
#4482=ORIENTED_EDGE('',*,*,#3527,.T.);
#4483=ORIENTED_EDGE('',*,*,#3528,.T.);
#4484=ORIENTED_EDGE('',*,*,#3529,.T.);
#4485=ORIENTED_EDGE('',*,*,#3530,.T.);
#4486=ORIENTED_EDGE('',*,*,#3531,.T.);
#4487=ORIENTED_EDGE('',*,*,#3532,.T.);
#4488=ORIENTED_EDGE('',*,*,#3533,.T.);
#4489=ORIENTED_EDGE('',*,*,#3534,.T.);
#4490=ORIENTED_EDGE('',*,*,#3535,.T.);
#4491=ORIENTED_EDGE('',*,*,#3536,.T.);
#4492=ORIENTED_EDGE('',*,*,#3537,.T.);
#4493=ORIENTED_EDGE('',*,*,#3538,.T.);
#4494=ORIENTED_EDGE('',*,*,#3539,.T.);
#4495=ORIENTED_EDGE('',*,*,#3540,.T.);
#4496=ORIENTED_EDGE('',*,*,#3541,.T.);
#4497=ORIENTED_EDGE('',*,*,#3542,.T.);
#4498=ORIENTED_EDGE('',*,*,#3543,.T.);
#4499=ORIENTED_EDGE('',*,*,#3544,.T.);
#4500=ORIENTED_EDGE('',*,*,#3545,.T.);
#4501=ORIENTED_EDGE('',*,*,#3546,.T.);
#4502=ORIENTED_EDGE('',*,*,#3547,.T.);
#4503=ORIENTED_EDGE('',*,*,#3548,.T.);
#4504=ORIENTED_EDGE('',*,*,#3549,.T.);
#4505=ORIENTED_EDGE('',*,*,#3550,.T.);
#4506=ORIENTED_EDGE('',*,*,#3551,.T.);
#4507=ORIENTED_EDGE('',*,*,#3552,.T.);
#4508=ORIENTED_EDGE('',*,*,#3553,.T.);
#4509=ORIENTED_EDGE('',*,*,#3554,.T.);
#4510=ORIENTED_EDGE('',*,*,#3555,.T.);
#4511=ORIENTED_EDGE('',*,*,#3556,.T.);
#4512=ORIENTED_EDGE('',*,*,#3557,.T.);
#4513=ORIENTED_EDGE('',*,*,#3558,.T.);
#4514=ORIENTED_EDGE('',*,*,#3559,.T.);
#4515=ORIENTED_EDGE('',*,*,#3560,.T.);
#4516=ORIENTED_EDGE('',*,*,#3561,.T.);
#4517=ORIENTED_EDGE('',*,*,#3562,.T.);
#4518=ORIENTED_EDGE('',*,*,#3563,.T.);
#4519=ORIENTED_EDGE('',*,*,#3564,.T.);
#4520=ORIENTED_EDGE('',*,*,#3565,.T.);
#4521=ORIENTED_EDGE('',*,*,#3566,.T.);
#4522=ORIENTED_EDGE('',*,*,#3567,.T.);
#4523=ORIENTED_EDGE('',*,*,#3568,.T.);
#4524=ORIENTED_EDGE('',*,*,#3569,.T.);
#4525=ORIENTED_EDGE('',*,*,#3570,.T.);
#4526=ORIENTED_EDGE('',*,*,#3571,.T.);
#4527=ORIENTED_EDGE('',*,*,#3572,.T.);
#4528=ORIENTED_EDGE('',*,*,#3573,.T.);
#4529=ORIENTED_EDGE('',*,*,#3574,.T.);
#4530=ORIENTED_EDGE('',*,*,#3575,.T.);
#4531=ORIENTED_EDGE('',*,*,#3576,.T.);
#4532=ORIENTED_EDGE('',*,*,#3577,.T.);
#4533=ORIENTED_EDGE('',*,*,#3578,.T.);
#4534=ORIENTED_EDGE('',*,*,#3579,.T.);
#4535=ORIENTED_EDGE('',*,*,#3580,.T.);
#4536=ORIENTED_EDGE('',*,*,#3581,.T.);
#4537=ORIENTED_EDGE('',*,*,#3582,.T.);
#4538=ORIENTED_EDGE('',*,*,#3583,.T.);
#4539=ORIENTED_EDGE('',*,*,#3584,.T.);
#4540=ORIENTED_EDGE('',*,*,#3585,.T.);
#4541=ORIENTED_EDGE('',*,*,#3586,.T.);
#4542=ORIENTED_EDGE('',*,*,#3587,.T.);
#4543=ORIENTED_EDGE('',*,*,#3588,.T.);
#4544=ORIENTED_EDGE('',*,*,#3589,.T.);
#4545=ORIENTED_EDGE('',*,*,#3590,.T.);
#4546=ORIENTED_EDGE('',*,*,#3591,.T.);
#4547=ORIENTED_EDGE('',*,*,#3592,.T.);
#4548=ORIENTED_EDGE('',*,*,#3593,.T.);
#4549=ORIENTED_EDGE('',*,*,#3594,.T.);
#4550=ORIENTED_EDGE('',*,*,#3595,.T.);
#4551=ORIENTED_EDGE('',*,*,#3596,.T.);
#4552=ORIENTED_EDGE('',*,*,#3597,.T.);
#4553=ORIENTED_EDGE('',*,*,#3598,.T.);
#4554=ORIENTED_EDGE('',*,*,#3599,.T.);
#4555=ORIENTED_EDGE('',*,*,#3600,.T.);
#4556=ORIENTED_EDGE('',*,*,#3601,.T.);
#4557=ORIENTED_EDGE('',*,*,#3602,.T.);
#4558=ORIENTED_EDGE('',*,*,#3603,.T.);
#4559=ORIENTED_EDGE('',*,*,#3604,.T.);
#4560=ORIENTED_EDGE('',*,*,#3605,.T.);
#4561=ORIENTED_EDGE('',*,*,#3606,.T.);
#4562=ORIENTED_EDGE('',*,*,#3607,.T.);
#4563=ORIENTED_EDGE('',*,*,#3608,.T.);
#4564=ORIENTED_EDGE('',*,*,#3609,.T.);
#4565=ORIENTED_EDGE('',*,*,#3610,.T.);
#4566=ORIENTED_EDGE('',*,*,#3611,.T.);
#4567=ORIENTED_EDGE('',*,*,#3612,.T.);
#4568=ORIENTED_EDGE('',*,*,#3613,.T.);
#4569=ORIENTED_EDGE('',*,*,#3614,.T.);
#4570=ORIENTED_EDGE('',*,*,#3615,.T.);
#4571=ORIENTED_EDGE('',*,*,#3374,.T.);
#4572=ORIENTED_EDGE('',*,*,#3479,.T.);
#4573=ORIENTED_EDGE('',*,*,#3481,.T.);
#4574=ORIENTED_EDGE('',*,*,#3488,.F.);
#4575=ORIENTED_EDGE('',*,*,#3616,.T.);
#4576=ORIENTED_EDGE('',*,*,#3617,.T.);
#4577=ORIENTED_EDGE('',*,*,#3618,.T.);
#4578=ORIENTED_EDGE('',*,*,#3619,.T.);
#4579=ORIENTED_EDGE('',*,*,#3620,.T.);
#4580=ORIENTED_EDGE('',*,*,#3621,.T.);
#4581=ORIENTED_EDGE('',*,*,#3622,.T.);
#4582=ORIENTED_EDGE('',*,*,#3623,.T.);
#4583=ORIENTED_EDGE('',*,*,#3485,.T.);
#4584=ORIENTED_EDGE('',*,*,#3491,.T.);
#4585=ORIENTED_EDGE('',*,*,#3624,.F.);
#4586=ORIENTED_EDGE('',*,*,#3492,.T.);
#4587=ORIENTED_EDGE('',*,*,#3381,.T.);
#4588=ORIENTED_EDGE('',*,*,#3390,.T.);
#4589=ORIENTED_EDGE('',*,*,#3474,.T.);
#4590=ORIENTED_EDGE('',*,*,#3476,.T.);
#4591=ORIENTED_EDGE('',*,*,#3469,.T.);
#4592=ORIENTED_EDGE('',*,*,#3467,.T.);
#4593=ORIENTED_EDGE('',*,*,#3462,.T.);
#4594=ORIENTED_EDGE('',*,*,#3464,.T.);
#4595=ORIENTED_EDGE('',*,*,#3457,.T.);
#4596=ORIENTED_EDGE('',*,*,#3455,.T.);
#4597=ORIENTED_EDGE('',*,*,#3444,.F.);
#4598=ORIENTED_EDGE('',*,*,#3437,.T.);
#4599=ORIENTED_EDGE('',*,*,#3435,.T.);
#4600=ORIENTED_EDGE('',*,*,#3441,.T.);
#4601=ORIENTED_EDGE('',*,*,#3430,.T.);
#4602=ORIENTED_EDGE('',*,*,#3432,.T.);
#4603=ORIENTED_EDGE('',*,*,#3425,.T.);
#4604=ORIENTED_EDGE('',*,*,#3423,.T.);
#4605=ORIENTED_EDGE('',*,*,#3418,.T.);
#4606=ORIENTED_EDGE('',*,*,#3420,.T.);
#4607=ORIENTED_EDGE('',*,*,#3413,.T.);
#4608=ORIENTED_EDGE('',*,*,#3411,.T.);
#4609=ORIENTED_EDGE('',*,*,#3406,.T.);
#4610=ORIENTED_EDGE('',*,*,#3408,.T.);
#4611=ORIENTED_EDGE('',*,*,#3401,.T.);
#4612=ORIENTED_EDGE('',*,*,#3399,.T.);
#4613=ORIENTED_EDGE('',*,*,#3394,.T.);
#4614=ORIENTED_EDGE('',*,*,#3396,.T.);
#4615=ORIENTED_EDGE('',*,*,#3387,.T.);
#4616=ORIENTED_EDGE('',*,*,#3385,.T.);
#4617=ORIENTED_EDGE('',*,*,#3378,.T.);
#4618=ORIENTED_EDGE('',*,*,#3452,.T.);
#4619=ORIENTED_EDGE('',*,*,#3448,.T.);
#4620=ORIENTED_EDGE('',*,*,#3446,.T.);
#4621=ORIENTED_EDGE('',*,*,#3625,.T.);
#4622=ORIENTED_EDGE('',*,*,#3626,.T.);
#4623=ORIENTED_EDGE('',*,*,#3627,.T.);
#4624=ORIENTED_EDGE('',*,*,#3628,.T.);
#4625=ORIENTED_EDGE('',*,*,#3629,.T.);
#4626=ORIENTED_EDGE('',*,*,#3630,.T.);
#4627=ORIENTED_EDGE('',*,*,#3631,.T.);
#4628=ORIENTED_EDGE('',*,*,#3632,.T.);
#4629=ORIENTED_EDGE('',*,*,#3633,.T.);
#4630=ORIENTED_EDGE('',*,*,#3634,.T.);
#4631=ORIENTED_EDGE('',*,*,#3635,.T.);
#4632=ORIENTED_EDGE('',*,*,#3636,.T.);
#4633=ORIENTED_EDGE('',*,*,#3637,.T.);
#4634=ORIENTED_EDGE('',*,*,#3638,.T.);
#4635=ORIENTED_EDGE('',*,*,#3639,.T.);
#4636=ORIENTED_EDGE('',*,*,#3640,.T.);
#4637=ORIENTED_EDGE('',*,*,#3641,.T.);
#4638=ORIENTED_EDGE('',*,*,#3642,.T.);
#4639=ORIENTED_EDGE('',*,*,#3643,.T.);
#4640=ORIENTED_EDGE('',*,*,#3644,.T.);
#4641=ORIENTED_EDGE('',*,*,#3645,.T.);
#4642=ORIENTED_EDGE('',*,*,#3646,.T.);
#4643=ORIENTED_EDGE('',*,*,#3647,.T.);
#4644=ORIENTED_EDGE('',*,*,#3648,.T.);
#4645=ORIENTED_EDGE('',*,*,#3649,.T.);
#4646=ORIENTED_EDGE('',*,*,#3650,.T.);
#4647=ORIENTED_EDGE('',*,*,#3651,.T.);
#4648=ORIENTED_EDGE('',*,*,#3652,.T.);
#4649=ORIENTED_EDGE('',*,*,#3653,.T.);
#4650=ORIENTED_EDGE('',*,*,#3654,.T.);
#4651=ORIENTED_EDGE('',*,*,#3655,.T.);
#4652=ORIENTED_EDGE('',*,*,#3656,.T.);
#4653=ORIENTED_EDGE('',*,*,#3657,.T.);
#4654=ORIENTED_EDGE('',*,*,#3658,.T.);
#4655=ORIENTED_EDGE('',*,*,#3659,.T.);
#4656=ORIENTED_EDGE('',*,*,#3660,.T.);
#4657=ORIENTED_EDGE('',*,*,#3661,.T.);
#4658=ORIENTED_EDGE('',*,*,#3662,.T.);
#4659=ORIENTED_EDGE('',*,*,#3663,.T.);
#4660=ORIENTED_EDGE('',*,*,#3664,.T.);
#4661=ORIENTED_EDGE('',*,*,#3665,.T.);
#4662=ORIENTED_EDGE('',*,*,#3666,.T.);
#4663=ORIENTED_EDGE('',*,*,#3667,.T.);
#4664=ORIENTED_EDGE('',*,*,#3668,.T.);
#4665=ORIENTED_EDGE('',*,*,#3669,.T.);
#4666=ORIENTED_EDGE('',*,*,#3670,.T.);
#4667=ORIENTED_EDGE('',*,*,#3671,.T.);
#4668=ORIENTED_EDGE('',*,*,#3672,.T.);
#4669=ORIENTED_EDGE('',*,*,#3673,.T.);
#4670=ORIENTED_EDGE('',*,*,#3674,.T.);
#4671=ORIENTED_EDGE('',*,*,#3675,.T.);
#4672=ORIENTED_EDGE('',*,*,#3676,.T.);
#4673=ORIENTED_EDGE('',*,*,#3677,.T.);
#4674=ORIENTED_EDGE('',*,*,#3678,.T.);
#4675=ORIENTED_EDGE('',*,*,#3679,.T.);
#4676=ORIENTED_EDGE('',*,*,#3680,.T.);
#4677=ORIENTED_EDGE('',*,*,#3681,.T.);
#4678=ORIENTED_EDGE('',*,*,#3682,.T.);
#4679=ORIENTED_EDGE('',*,*,#3683,.T.);
#4680=ORIENTED_EDGE('',*,*,#3684,.T.);
#4681=ORIENTED_EDGE('',*,*,#3685,.T.);
#4682=ORIENTED_EDGE('',*,*,#3686,.T.);
#4683=ORIENTED_EDGE('',*,*,#3687,.T.);
#4684=ORIENTED_EDGE('',*,*,#3688,.T.);
#4685=ORIENTED_EDGE('',*,*,#3689,.T.);
#4686=ORIENTED_EDGE('',*,*,#3690,.T.);
#4687=ORIENTED_EDGE('',*,*,#3691,.T.);
#4688=ORIENTED_EDGE('',*,*,#3692,.T.);
#4689=ORIENTED_EDGE('',*,*,#3693,.T.);
#4690=ORIENTED_EDGE('',*,*,#3694,.T.);
#4691=ORIENTED_EDGE('',*,*,#3695,.T.);
#4692=ORIENTED_EDGE('',*,*,#3696,.T.);
#4693=ORIENTED_EDGE('',*,*,#3697,.T.);
#4694=ORIENTED_EDGE('',*,*,#3698,.T.);
#4695=ORIENTED_EDGE('',*,*,#3699,.T.);
#4696=ORIENTED_EDGE('',*,*,#3700,.T.);
#4697=ORIENTED_EDGE('',*,*,#3701,.T.);
#4698=ORIENTED_EDGE('',*,*,#3702,.T.);
#4699=ORIENTED_EDGE('',*,*,#3703,.T.);
#4700=ORIENTED_EDGE('',*,*,#3704,.T.);
#4701=ORIENTED_EDGE('',*,*,#3705,.T.);
#4702=ORIENTED_EDGE('',*,*,#3706,.T.);
#4703=ORIENTED_EDGE('',*,*,#3707,.T.);
#4704=ORIENTED_EDGE('',*,*,#3708,.T.);
#4705=ORIENTED_EDGE('',*,*,#3709,.T.);
#4706=ORIENTED_EDGE('',*,*,#3710,.T.);
#4707=ORIENTED_EDGE('',*,*,#3711,.T.);
#4708=ORIENTED_EDGE('',*,*,#3712,.T.);
#4709=ORIENTED_EDGE('',*,*,#3713,.T.);
#4710=ORIENTED_EDGE('',*,*,#3714,.T.);
#4711=ORIENTED_EDGE('',*,*,#3715,.T.);
#4712=ORIENTED_EDGE('',*,*,#3716,.T.);
#4713=ORIENTED_EDGE('',*,*,#3717,.T.);
#4714=ORIENTED_EDGE('',*,*,#3718,.T.);
#4715=ORIENTED_EDGE('',*,*,#3719,.T.);
#4716=ORIENTED_EDGE('',*,*,#3720,.T.);
#4717=ORIENTED_EDGE('',*,*,#3721,.T.);
#4718=ORIENTED_EDGE('',*,*,#3722,.T.);
#4719=ORIENTED_EDGE('',*,*,#3723,.T.);
#4720=ORIENTED_EDGE('',*,*,#3724,.T.);
#4721=ORIENTED_EDGE('',*,*,#3725,.T.);
#4722=ORIENTED_EDGE('',*,*,#3726,.T.);
#4723=ORIENTED_EDGE('',*,*,#3727,.T.);
#4724=ORIENTED_EDGE('',*,*,#3728,.T.);
#4725=ORIENTED_EDGE('',*,*,#3729,.T.);
#4726=ORIENTED_EDGE('',*,*,#3730,.T.);
#4727=ORIENTED_EDGE('',*,*,#3731,.T.);
#4728=ORIENTED_EDGE('',*,*,#3732,.T.);
#4729=ORIENTED_EDGE('',*,*,#3733,.T.);
#4730=ORIENTED_EDGE('',*,*,#3734,.T.);
#4731=ORIENTED_EDGE('',*,*,#3735,.T.);
#4732=ORIENTED_EDGE('',*,*,#3736,.T.);
#4733=ORIENTED_EDGE('',*,*,#3737,.T.);
#4734=ORIENTED_EDGE('',*,*,#3738,.T.);
#4735=ORIENTED_EDGE('',*,*,#3739,.T.);
#4736=ORIENTED_EDGE('',*,*,#3740,.T.);
#4737=ORIENTED_EDGE('',*,*,#3741,.T.);
#4738=ORIENTED_EDGE('',*,*,#3742,.T.);
#4739=ORIENTED_EDGE('',*,*,#3743,.T.);
#4740=ORIENTED_EDGE('',*,*,#3744,.T.);
#4741=ORIENTED_EDGE('',*,*,#3745,.T.);
#4742=ORIENTED_EDGE('',*,*,#3746,.F.);
#4743=ORIENTED_EDGE('',*,*,#3747,.T.);
#4744=ORIENTED_EDGE('',*,*,#3748,.T.);
#4745=ORIENTED_EDGE('',*,*,#3749,.T.);
#4746=ORIENTED_EDGE('',*,*,#3750,.T.);
#4747=ORIENTED_EDGE('',*,*,#3751,.T.);
#4748=ORIENTED_EDGE('',*,*,#3752,.T.);
#4749=ORIENTED_EDGE('',*,*,#3753,.T.);
#4750=ORIENTED_EDGE('',*,*,#3494,.T.);
#4751=ORIENTED_EDGE('',*,*,#3754,.F.);
#4752=ORIENTED_EDGE('',*,*,#3489,.T.);
#4753=ORIENTED_EDGE('',*,*,#3483,.F.);
#4754=ORIENTED_EDGE('',*,*,#3465,.F.);
#4755=ORIENTED_EDGE('',*,*,#3471,.T.);
#4756=ORIENTED_EDGE('',*,*,#3475,.F.);
#4757=ORIENTED_EDGE('',*,*,#3472,.T.);
#4758=ORIENTED_EDGE('',*,*,#3453,.F.);
#4759=ORIENTED_EDGE('',*,*,#3459,.T.);
#4760=ORIENTED_EDGE('',*,*,#3463,.F.);
#4761=ORIENTED_EDGE('',*,*,#3460,.T.);
#4762=ORIENTED_EDGE('',*,*,#3421,.T.);
#4763=ORIENTED_EDGE('',*,*,#3427,.T.);
#4764=ORIENTED_EDGE('',*,*,#3431,.F.);
#4765=ORIENTED_EDGE('',*,*,#3428,.T.);
#4766=ORIENTED_EDGE('',*,*,#3409,.F.);
#4767=ORIENTED_EDGE('',*,*,#3415,.T.);
#4768=ORIENTED_EDGE('',*,*,#3419,.T.);
#4769=ORIENTED_EDGE('',*,*,#3416,.T.);
#4770=ORIENTED_EDGE('',*,*,#3397,.F.);
#4771=ORIENTED_EDGE('',*,*,#3403,.T.);
#4772=ORIENTED_EDGE('',*,*,#3407,.F.);
#4773=ORIENTED_EDGE('',*,*,#3404,.T.);
#4774=ORIENTED_EDGE('',*,*,#3383,.F.);
#4775=ORIENTED_EDGE('',*,*,#3389,.T.);
#4776=ORIENTED_EDGE('',*,*,#3395,.F.);
#4777=ORIENTED_EDGE('',*,*,#3392,.T.);
#4778=ORIENTED_EDGE('',*,*,#3391,.T.);
#4779=ORIENTED_EDGE('',*,*,#3379,.F.);
#4780=ORIENTED_EDGE('',*,*,#3487,.F.);
#4781=ORIENTED_EDGE('',*,*,#3482,.T.);
#4782=ORIENTED_EDGE('',*,*,#3477,.F.);
#4783=ORIENTED_EDGE('',*,*,#3372,.T.);
#4784=ORIENTED_EDGE('',*,*,#3445,.F.);
#4785=ORIENTED_EDGE('',*,*,#3450,.T.);
#4786=ORIENTED_EDGE('',*,*,#3451,.F.);
#4787=ORIENTED_EDGE('',*,*,#3376,.T.);
#4788=ORIENTED_EDGE('',*,*,#3442,.T.);
#4789=ORIENTED_EDGE('',*,*,#3433,.F.);
#4790=ORIENTED_EDGE('',*,*,#3439,.T.);
#4791=ORIENTED_EDGE('',*,*,#3443,.F.);
#4792=ORIENTED_EDGE('',*,*,#3755,.F.);
#4793=ORIENTED_EDGE('',*,*,#3617,.F.);
#4794=ORIENTED_EDGE('',*,*,#3756,.F.);
#4795=ORIENTED_EDGE('',*,*,#3746,.T.);
#4796=ORIENTED_EDGE('',*,*,#3754,.T.);
#4797=ORIENTED_EDGE('',*,*,#3493,.F.);
#4798=ORIENTED_EDGE('',*,*,#3624,.T.);
#4799=ORIENTED_EDGE('',*,*,#3490,.F.);
#4800=ORIENTED_EDGE('',*,*,#3755,.T.);
#4801=ORIENTED_EDGE('',*,*,#3747,.F.);
#4802=ORIENTED_EDGE('',*,*,#3756,.T.);
#4803=ORIENTED_EDGE('',*,*,#3616,.F.);
#4804=ORIENTED_EDGE('',*,*,#3757,.F.);
#4805=ORIENTED_EDGE('',*,*,#3758,.T.);
#4806=ORIENTED_EDGE('',*,*,#3759,.F.);
#4807=ORIENTED_EDGE('',*,*,#3760,.F.);
#4808=ORIENTED_EDGE('',*,*,#3761,.F.);
#4809=ORIENTED_EDGE('',*,*,#3760,.T.);
#4810=ORIENTED_EDGE('',*,*,#3762,.F.);
#4811=ORIENTED_EDGE('',*,*,#3763,.F.);
#4812=ORIENTED_EDGE('',*,*,#3764,.F.);
#4813=ORIENTED_EDGE('',*,*,#3763,.T.);
#4814=ORIENTED_EDGE('',*,*,#3765,.F.);
#4815=ORIENTED_EDGE('',*,*,#3766,.F.);
#4816=ORIENTED_EDGE('',*,*,#3767,.F.);
#4817=ORIENTED_EDGE('',*,*,#3766,.T.);
#4818=ORIENTED_EDGE('',*,*,#3768,.F.);
#4819=ORIENTED_EDGE('',*,*,#3769,.F.);
#4820=ORIENTED_EDGE('',*,*,#3770,.F.);
#4821=ORIENTED_EDGE('',*,*,#3769,.T.);
#4822=ORIENTED_EDGE('',*,*,#3771,.F.);
#4823=ORIENTED_EDGE('',*,*,#3772,.F.);
#4824=ORIENTED_EDGE('',*,*,#3773,.F.);
#4825=ORIENTED_EDGE('',*,*,#3774,.T.);
#4826=ORIENTED_EDGE('',*,*,#3775,.F.);
#4827=ORIENTED_EDGE('',*,*,#3758,.F.);
#4828=ORIENTED_EDGE('',*,*,#3776,.F.);
#4829=ORIENTED_EDGE('',*,*,#3777,.T.);
#4830=ORIENTED_EDGE('',*,*,#3778,.F.);
#4831=ORIENTED_EDGE('',*,*,#3774,.F.);
#4832=ORIENTED_EDGE('',*,*,#3779,.F.);
#4833=ORIENTED_EDGE('',*,*,#3772,.T.);
#4834=ORIENTED_EDGE('',*,*,#3780,.F.);
#4835=ORIENTED_EDGE('',*,*,#3777,.F.);
#4836=ORIENTED_EDGE('',*,*,#3781,.F.);
#4837=ORIENTED_EDGE('',*,*,#3782,.T.);
#4838=ORIENTED_EDGE('',*,*,#3783,.T.);
#4839=ORIENTED_EDGE('',*,*,#3782,.F.);
#4840=ORIENTED_EDGE('',*,*,#3783,.F.);
#4841=ORIENTED_EDGE('',*,*,#3784,.F.);
#4842=ORIENTED_EDGE('',*,*,#3785,.T.);
#4843=ORIENTED_EDGE('',*,*,#3786,.T.);
#4844=ORIENTED_EDGE('',*,*,#3785,.F.);
#4845=ORIENTED_EDGE('',*,*,#3786,.F.);
#4846=ORIENTED_EDGE('',*,*,#3787,.F.);
#4847=ORIENTED_EDGE('',*,*,#3788,.T.);
#4848=ORIENTED_EDGE('',*,*,#3789,.T.);
#4849=ORIENTED_EDGE('',*,*,#3788,.F.);
#4850=ORIENTED_EDGE('',*,*,#3789,.F.);
#4851=ORIENTED_EDGE('',*,*,#3790,.F.);
#4852=ORIENTED_EDGE('',*,*,#3791,.T.);
#4853=ORIENTED_EDGE('',*,*,#3792,.T.);
#4854=ORIENTED_EDGE('',*,*,#3791,.F.);
#4855=ORIENTED_EDGE('',*,*,#3792,.F.);
#4856=ORIENTED_EDGE('',*,*,#3793,.F.);
#4857=ORIENTED_EDGE('',*,*,#3794,.T.);
#4858=ORIENTED_EDGE('',*,*,#3795,.T.);
#4859=ORIENTED_EDGE('',*,*,#3794,.F.);
#4860=ORIENTED_EDGE('',*,*,#3795,.F.);
#4861=ORIENTED_EDGE('',*,*,#3796,.F.);
#4862=ORIENTED_EDGE('',*,*,#3495,.F.);
#4863=ORIENTED_EDGE('',*,*,#3797,.F.);
#4864=ORIENTED_EDGE('',*,*,#3798,.T.);
#4865=ORIENTED_EDGE('',*,*,#3797,.T.);
#4866=ORIENTED_EDGE('',*,*,#3615,.F.);
#4867=ORIENTED_EDGE('',*,*,#3799,.F.);
#4868=ORIENTED_EDGE('',*,*,#3800,.T.);
#4869=ORIENTED_EDGE('',*,*,#3799,.T.);
#4870=ORIENTED_EDGE('',*,*,#3614,.F.);
#4871=ORIENTED_EDGE('',*,*,#3801,.F.);
#4872=ORIENTED_EDGE('',*,*,#3802,.T.);
#4873=ORIENTED_EDGE('',*,*,#3803,.F.);
#4874=ORIENTED_EDGE('',*,*,#3804,.F.);
#4875=ORIENTED_EDGE('',*,*,#3805,.F.);
#4876=ORIENTED_EDGE('',*,*,#3806,.F.);
#4877=ORIENTED_EDGE('',*,*,#3807,.F.);
#4878=ORIENTED_EDGE('',*,*,#3808,.F.);
#4879=ORIENTED_EDGE('',*,*,#3809,.F.);
#4880=ORIENTED_EDGE('',*,*,#3810,.F.);
#4881=ORIENTED_EDGE('',*,*,#3811,.F.);
#4882=ORIENTED_EDGE('',*,*,#3812,.F.);
#4883=ORIENTED_EDGE('',*,*,#3813,.F.);
#4884=ORIENTED_EDGE('',*,*,#3814,.F.);
#4885=ORIENTED_EDGE('',*,*,#3815,.F.);
#4886=ORIENTED_EDGE('',*,*,#3816,.F.);
#4887=ORIENTED_EDGE('',*,*,#3817,.F.);
#4888=ORIENTED_EDGE('',*,*,#3818,.F.);
#4889=ORIENTED_EDGE('',*,*,#3819,.F.);
#4890=ORIENTED_EDGE('',*,*,#3820,.F.);
#4891=ORIENTED_EDGE('',*,*,#3821,.F.);
#4892=ORIENTED_EDGE('',*,*,#3822,.F.);
#4893=ORIENTED_EDGE('',*,*,#3823,.F.);
#4894=ORIENTED_EDGE('',*,*,#3824,.F.);
#4895=ORIENTED_EDGE('',*,*,#3825,.F.);
#4896=ORIENTED_EDGE('',*,*,#3826,.F.);
#4897=ORIENTED_EDGE('',*,*,#3827,.F.);
#4898=ORIENTED_EDGE('',*,*,#3828,.F.);
#4899=ORIENTED_EDGE('',*,*,#3829,.F.);
#4900=ORIENTED_EDGE('',*,*,#3830,.F.);
#4901=ORIENTED_EDGE('',*,*,#3831,.F.);
#4902=ORIENTED_EDGE('',*,*,#3832,.F.);
#4903=ORIENTED_EDGE('',*,*,#3833,.F.);
#4904=ORIENTED_EDGE('',*,*,#3834,.F.);
#4905=ORIENTED_EDGE('',*,*,#3835,.F.);
#4906=ORIENTED_EDGE('',*,*,#3836,.F.);
#4907=ORIENTED_EDGE('',*,*,#3837,.F.);
#4908=ORIENTED_EDGE('',*,*,#3838,.F.);
#4909=ORIENTED_EDGE('',*,*,#3839,.F.);
#4910=ORIENTED_EDGE('',*,*,#3840,.F.);
#4911=ORIENTED_EDGE('',*,*,#3841,.F.);
#4912=ORIENTED_EDGE('',*,*,#3842,.F.);
#4913=ORIENTED_EDGE('',*,*,#3843,.F.);
#4914=ORIENTED_EDGE('',*,*,#3844,.F.);
#4915=ORIENTED_EDGE('',*,*,#3845,.F.);
#4916=ORIENTED_EDGE('',*,*,#3846,.F.);
#4917=ORIENTED_EDGE('',*,*,#3847,.F.);
#4918=ORIENTED_EDGE('',*,*,#3848,.F.);
#4919=ORIENTED_EDGE('',*,*,#3849,.F.);
#4920=ORIENTED_EDGE('',*,*,#3850,.F.);
#4921=ORIENTED_EDGE('',*,*,#3851,.F.);
#4922=ORIENTED_EDGE('',*,*,#3852,.F.);
#4923=ORIENTED_EDGE('',*,*,#3853,.F.);
#4924=ORIENTED_EDGE('',*,*,#3854,.F.);
#4925=ORIENTED_EDGE('',*,*,#3855,.F.);
#4926=ORIENTED_EDGE('',*,*,#3856,.F.);
#4927=ORIENTED_EDGE('',*,*,#3857,.F.);
#4928=ORIENTED_EDGE('',*,*,#3858,.F.);
#4929=ORIENTED_EDGE('',*,*,#3859,.F.);
#4930=ORIENTED_EDGE('',*,*,#3860,.F.);
#4931=ORIENTED_EDGE('',*,*,#3861,.F.);
#4932=ORIENTED_EDGE('',*,*,#3862,.F.);
#4933=ORIENTED_EDGE('',*,*,#3863,.F.);
#4934=ORIENTED_EDGE('',*,*,#3864,.F.);
#4935=ORIENTED_EDGE('',*,*,#3865,.F.);
#4936=ORIENTED_EDGE('',*,*,#3866,.F.);
#4937=ORIENTED_EDGE('',*,*,#3867,.F.);
#4938=ORIENTED_EDGE('',*,*,#3868,.F.);
#4939=ORIENTED_EDGE('',*,*,#3869,.F.);
#4940=ORIENTED_EDGE('',*,*,#3870,.F.);
#4941=ORIENTED_EDGE('',*,*,#3871,.F.);
#4942=ORIENTED_EDGE('',*,*,#3872,.F.);
#4943=ORIENTED_EDGE('',*,*,#3873,.F.);
#4944=ORIENTED_EDGE('',*,*,#3874,.F.);
#4945=ORIENTED_EDGE('',*,*,#3875,.F.);
#4946=ORIENTED_EDGE('',*,*,#3876,.F.);
#4947=ORIENTED_EDGE('',*,*,#3877,.F.);
#4948=ORIENTED_EDGE('',*,*,#3878,.F.);
#4949=ORIENTED_EDGE('',*,*,#3879,.F.);
#4950=ORIENTED_EDGE('',*,*,#3880,.F.);
#4951=ORIENTED_EDGE('',*,*,#3881,.F.);
#4952=ORIENTED_EDGE('',*,*,#3882,.F.);
#4953=ORIENTED_EDGE('',*,*,#3883,.F.);
#4954=ORIENTED_EDGE('',*,*,#3884,.F.);
#4955=ORIENTED_EDGE('',*,*,#3885,.F.);
#4956=ORIENTED_EDGE('',*,*,#3886,.F.);
#4957=ORIENTED_EDGE('',*,*,#3887,.F.);
#4958=ORIENTED_EDGE('',*,*,#3888,.F.);
#4959=ORIENTED_EDGE('',*,*,#3889,.F.);
#4960=ORIENTED_EDGE('',*,*,#3890,.F.);
#4961=ORIENTED_EDGE('',*,*,#3891,.F.);
#4962=ORIENTED_EDGE('',*,*,#3892,.F.);
#4963=ORIENTED_EDGE('',*,*,#3893,.F.);
#4964=ORIENTED_EDGE('',*,*,#3894,.F.);
#4965=ORIENTED_EDGE('',*,*,#3895,.F.);
#4966=ORIENTED_EDGE('',*,*,#3896,.F.);
#4967=ORIENTED_EDGE('',*,*,#3897,.F.);
#4968=ORIENTED_EDGE('',*,*,#3898,.F.);
#4969=ORIENTED_EDGE('',*,*,#3899,.F.);
#4970=ORIENTED_EDGE('',*,*,#3900,.F.);
#4971=ORIENTED_EDGE('',*,*,#3901,.F.);
#4972=ORIENTED_EDGE('',*,*,#3902,.F.);
#4973=ORIENTED_EDGE('',*,*,#3903,.F.);
#4974=ORIENTED_EDGE('',*,*,#3904,.F.);
#4975=ORIENTED_EDGE('',*,*,#3905,.F.);
#4976=ORIENTED_EDGE('',*,*,#3906,.F.);
#4977=ORIENTED_EDGE('',*,*,#3907,.F.);
#4978=ORIENTED_EDGE('',*,*,#3908,.F.);
#4979=ORIENTED_EDGE('',*,*,#3909,.F.);
#4980=ORIENTED_EDGE('',*,*,#3910,.F.);
#4981=ORIENTED_EDGE('',*,*,#3911,.F.);
#4982=ORIENTED_EDGE('',*,*,#3912,.F.);
#4983=ORIENTED_EDGE('',*,*,#3913,.F.);
#4984=ORIENTED_EDGE('',*,*,#3914,.F.);
#4985=ORIENTED_EDGE('',*,*,#3915,.F.);
#4986=ORIENTED_EDGE('',*,*,#3916,.F.);
#4987=ORIENTED_EDGE('',*,*,#3917,.F.);
#4988=ORIENTED_EDGE('',*,*,#3918,.F.);
#4989=ORIENTED_EDGE('',*,*,#3919,.F.);
#4990=ORIENTED_EDGE('',*,*,#3920,.F.);
#4991=ORIENTED_EDGE('',*,*,#3921,.F.);
#4992=ORIENTED_EDGE('',*,*,#3922,.F.);
#4993=ORIENTED_EDGE('',*,*,#3923,.F.);
#4994=ORIENTED_EDGE('',*,*,#3781,.T.);
#4995=ORIENTED_EDGE('',*,*,#3784,.T.);
#4996=ORIENTED_EDGE('',*,*,#3787,.T.);
#4997=ORIENTED_EDGE('',*,*,#3790,.T.);
#4998=ORIENTED_EDGE('',*,*,#3793,.T.);
#4999=ORIENTED_EDGE('',*,*,#3798,.F.);
#5000=ORIENTED_EDGE('',*,*,#3800,.F.);
#5001=ORIENTED_EDGE('',*,*,#3802,.F.);
#5002=ORIENTED_EDGE('',*,*,#3924,.F.);
#5003=ORIENTED_EDGE('',*,*,#3925,.F.);
#5004=ORIENTED_EDGE('',*,*,#3926,.F.);
#5005=ORIENTED_EDGE('',*,*,#3927,.F.);
#5006=ORIENTED_EDGE('',*,*,#3928,.F.);
#5007=ORIENTED_EDGE('',*,*,#3929,.F.);
#5008=ORIENTED_EDGE('',*,*,#3930,.F.);
#5009=ORIENTED_EDGE('',*,*,#3931,.F.);
#5010=ORIENTED_EDGE('',*,*,#3932,.F.);
#5011=ORIENTED_EDGE('',*,*,#3933,.F.);
#5012=ORIENTED_EDGE('',*,*,#3934,.F.);
#5013=ORIENTED_EDGE('',*,*,#3935,.F.);
#5014=ORIENTED_EDGE('',*,*,#3936,.F.);
#5015=ORIENTED_EDGE('',*,*,#3937,.F.);
#5016=ORIENTED_EDGE('',*,*,#3938,.F.);
#5017=ORIENTED_EDGE('',*,*,#3939,.F.);
#5018=ORIENTED_EDGE('',*,*,#3940,.F.);
#5019=ORIENTED_EDGE('',*,*,#3941,.F.);
#5020=ORIENTED_EDGE('',*,*,#3942,.F.);
#5021=ORIENTED_EDGE('',*,*,#3943,.F.);
#5022=ORIENTED_EDGE('',*,*,#3944,.F.);
#5023=ORIENTED_EDGE('',*,*,#3945,.F.);
#5024=ORIENTED_EDGE('',*,*,#3946,.F.);
#5025=ORIENTED_EDGE('',*,*,#3947,.F.);
#5026=ORIENTED_EDGE('',*,*,#3948,.F.);
#5027=ORIENTED_EDGE('',*,*,#3949,.F.);
#5028=ORIENTED_EDGE('',*,*,#3950,.F.);
#5029=ORIENTED_EDGE('',*,*,#3951,.F.);
#5030=ORIENTED_EDGE('',*,*,#3952,.F.);
#5031=ORIENTED_EDGE('',*,*,#3953,.F.);
#5032=ORIENTED_EDGE('',*,*,#3954,.F.);
#5033=ORIENTED_EDGE('',*,*,#3955,.F.);
#5034=ORIENTED_EDGE('',*,*,#3956,.F.);
#5035=ORIENTED_EDGE('',*,*,#3957,.F.);
#5036=ORIENTED_EDGE('',*,*,#3958,.F.);
#5037=ORIENTED_EDGE('',*,*,#3959,.F.);
#5038=ORIENTED_EDGE('',*,*,#3960,.F.);
#5039=ORIENTED_EDGE('',*,*,#3961,.F.);
#5040=ORIENTED_EDGE('',*,*,#3962,.F.);
#5041=ORIENTED_EDGE('',*,*,#3963,.F.);
#5042=ORIENTED_EDGE('',*,*,#3964,.F.);
#5043=ORIENTED_EDGE('',*,*,#3965,.F.);
#5044=ORIENTED_EDGE('',*,*,#3966,.F.);
#5045=ORIENTED_EDGE('',*,*,#3967,.F.);
#5046=ORIENTED_EDGE('',*,*,#3968,.F.);
#5047=ORIENTED_EDGE('',*,*,#3969,.F.);
#5048=ORIENTED_EDGE('',*,*,#3970,.F.);
#5049=ORIENTED_EDGE('',*,*,#3971,.F.);
#5050=ORIENTED_EDGE('',*,*,#3972,.F.);
#5051=ORIENTED_EDGE('',*,*,#3973,.F.);
#5052=ORIENTED_EDGE('',*,*,#3974,.F.);
#5053=ORIENTED_EDGE('',*,*,#3975,.F.);
#5054=ORIENTED_EDGE('',*,*,#3976,.F.);
#5055=ORIENTED_EDGE('',*,*,#3977,.F.);
#5056=ORIENTED_EDGE('',*,*,#3978,.F.);
#5057=ORIENTED_EDGE('',*,*,#3979,.F.);
#5058=ORIENTED_EDGE('',*,*,#3980,.F.);
#5059=ORIENTED_EDGE('',*,*,#3981,.F.);
#5060=ORIENTED_EDGE('',*,*,#3982,.F.);
#5061=ORIENTED_EDGE('',*,*,#3983,.F.);
#5062=ORIENTED_EDGE('',*,*,#3984,.F.);
#5063=ORIENTED_EDGE('',*,*,#3985,.F.);
#5064=ORIENTED_EDGE('',*,*,#3986,.F.);
#5065=ORIENTED_EDGE('',*,*,#3987,.F.);
#5066=ORIENTED_EDGE('',*,*,#3988,.F.);
#5067=ORIENTED_EDGE('',*,*,#3989,.F.);
#5068=ORIENTED_EDGE('',*,*,#3990,.F.);
#5069=ORIENTED_EDGE('',*,*,#3991,.F.);
#5070=ORIENTED_EDGE('',*,*,#3992,.F.);
#5071=ORIENTED_EDGE('',*,*,#3993,.F.);
#5072=ORIENTED_EDGE('',*,*,#3994,.F.);
#5073=ORIENTED_EDGE('',*,*,#3995,.F.);
#5074=ORIENTED_EDGE('',*,*,#3996,.F.);
#5075=ORIENTED_EDGE('',*,*,#3997,.F.);
#5076=ORIENTED_EDGE('',*,*,#3998,.F.);
#5077=ORIENTED_EDGE('',*,*,#3999,.F.);
#5078=ORIENTED_EDGE('',*,*,#4000,.F.);
#5079=ORIENTED_EDGE('',*,*,#4001,.F.);
#5080=ORIENTED_EDGE('',*,*,#4002,.F.);
#5081=ORIENTED_EDGE('',*,*,#4003,.F.);
#5082=ORIENTED_EDGE('',*,*,#4004,.F.);
#5083=ORIENTED_EDGE('',*,*,#4005,.F.);
#5084=ORIENTED_EDGE('',*,*,#4006,.F.);
#5085=ORIENTED_EDGE('',*,*,#4007,.F.);
#5086=ORIENTED_EDGE('',*,*,#4008,.F.);
#5087=ORIENTED_EDGE('',*,*,#4009,.F.);
#5088=ORIENTED_EDGE('',*,*,#4010,.F.);
#5089=ORIENTED_EDGE('',*,*,#4011,.F.);
#5090=ORIENTED_EDGE('',*,*,#4012,.F.);
#5091=ORIENTED_EDGE('',*,*,#4013,.F.);
#5092=ORIENTED_EDGE('',*,*,#4014,.F.);
#5093=ORIENTED_EDGE('',*,*,#4015,.F.);
#5094=ORIENTED_EDGE('',*,*,#4016,.F.);
#5095=ORIENTED_EDGE('',*,*,#4017,.F.);
#5096=ORIENTED_EDGE('',*,*,#4018,.F.);
#5097=ORIENTED_EDGE('',*,*,#4019,.F.);
#5098=ORIENTED_EDGE('',*,*,#4020,.F.);
#5099=ORIENTED_EDGE('',*,*,#4021,.F.);
#5100=ORIENTED_EDGE('',*,*,#4022,.F.);
#5101=ORIENTED_EDGE('',*,*,#4023,.F.);
#5102=ORIENTED_EDGE('',*,*,#4024,.F.);
#5103=ORIENTED_EDGE('',*,*,#4025,.F.);
#5104=ORIENTED_EDGE('',*,*,#4026,.F.);
#5105=ORIENTED_EDGE('',*,*,#4027,.F.);
#5106=ORIENTED_EDGE('',*,*,#4028,.F.);
#5107=ORIENTED_EDGE('',*,*,#4029,.F.);
#5108=ORIENTED_EDGE('',*,*,#4030,.F.);
#5109=ORIENTED_EDGE('',*,*,#4031,.F.);
#5110=ORIENTED_EDGE('',*,*,#4032,.F.);
#5111=ORIENTED_EDGE('',*,*,#4033,.F.);
#5112=ORIENTED_EDGE('',*,*,#4034,.F.);
#5113=ORIENTED_EDGE('',*,*,#4035,.F.);
#5114=ORIENTED_EDGE('',*,*,#4036,.F.);
#5115=ORIENTED_EDGE('',*,*,#4037,.F.);
#5116=ORIENTED_EDGE('',*,*,#4038,.F.);
#5117=ORIENTED_EDGE('',*,*,#4039,.F.);
#5118=ORIENTED_EDGE('',*,*,#4040,.F.);
#5119=ORIENTED_EDGE('',*,*,#4041,.F.);
#5120=ORIENTED_EDGE('',*,*,#3801,.T.);
#5121=ORIENTED_EDGE('',*,*,#3613,.F.);
#5122=ORIENTED_EDGE('',*,*,#4042,.F.);
#5123=ORIENTED_EDGE('',*,*,#3924,.T.);
#5124=ORIENTED_EDGE('',*,*,#4042,.T.);
#5125=ORIENTED_EDGE('',*,*,#3612,.F.);
#5126=ORIENTED_EDGE('',*,*,#4043,.F.);
#5127=ORIENTED_EDGE('',*,*,#3925,.T.);
#5128=ORIENTED_EDGE('',*,*,#4043,.T.);
#5129=ORIENTED_EDGE('',*,*,#3611,.F.);
#5130=ORIENTED_EDGE('',*,*,#4044,.F.);
#5131=ORIENTED_EDGE('',*,*,#3926,.T.);
#5132=ORIENTED_EDGE('',*,*,#4044,.T.);
#5133=ORIENTED_EDGE('',*,*,#3610,.F.);
#5134=ORIENTED_EDGE('',*,*,#4045,.F.);
#5135=ORIENTED_EDGE('',*,*,#3927,.T.);
#5136=ORIENTED_EDGE('',*,*,#4045,.T.);
#5137=ORIENTED_EDGE('',*,*,#3609,.F.);
#5138=ORIENTED_EDGE('',*,*,#4046,.F.);
#5139=ORIENTED_EDGE('',*,*,#3928,.T.);
#5140=ORIENTED_EDGE('',*,*,#4046,.T.);
#5141=ORIENTED_EDGE('',*,*,#3608,.F.);
#5142=ORIENTED_EDGE('',*,*,#4047,.F.);
#5143=ORIENTED_EDGE('',*,*,#3929,.T.);
#5144=ORIENTED_EDGE('',*,*,#4047,.T.);
#5145=ORIENTED_EDGE('',*,*,#3607,.F.);
#5146=ORIENTED_EDGE('',*,*,#4048,.F.);
#5147=ORIENTED_EDGE('',*,*,#3930,.T.);
#5148=ORIENTED_EDGE('',*,*,#4048,.T.);
#5149=ORIENTED_EDGE('',*,*,#3606,.F.);
#5150=ORIENTED_EDGE('',*,*,#4049,.F.);
#5151=ORIENTED_EDGE('',*,*,#3931,.T.);
#5152=ORIENTED_EDGE('',*,*,#4049,.T.);
#5153=ORIENTED_EDGE('',*,*,#3605,.F.);
#5154=ORIENTED_EDGE('',*,*,#4050,.F.);
#5155=ORIENTED_EDGE('',*,*,#3932,.T.);
#5156=ORIENTED_EDGE('',*,*,#4050,.T.);
#5157=ORIENTED_EDGE('',*,*,#3604,.F.);
#5158=ORIENTED_EDGE('',*,*,#4051,.F.);
#5159=ORIENTED_EDGE('',*,*,#3933,.T.);
#5160=ORIENTED_EDGE('',*,*,#4051,.T.);
#5161=ORIENTED_EDGE('',*,*,#3603,.F.);
#5162=ORIENTED_EDGE('',*,*,#4052,.F.);
#5163=ORIENTED_EDGE('',*,*,#3934,.T.);
#5164=ORIENTED_EDGE('',*,*,#4052,.T.);
#5165=ORIENTED_EDGE('',*,*,#3602,.F.);
#5166=ORIENTED_EDGE('',*,*,#4053,.F.);
#5167=ORIENTED_EDGE('',*,*,#3935,.T.);
#5168=ORIENTED_EDGE('',*,*,#4053,.T.);
#5169=ORIENTED_EDGE('',*,*,#3601,.F.);
#5170=ORIENTED_EDGE('',*,*,#4054,.F.);
#5171=ORIENTED_EDGE('',*,*,#3936,.T.);
#5172=ORIENTED_EDGE('',*,*,#4054,.T.);
#5173=ORIENTED_EDGE('',*,*,#3600,.F.);
#5174=ORIENTED_EDGE('',*,*,#4055,.F.);
#5175=ORIENTED_EDGE('',*,*,#3937,.T.);
#5176=ORIENTED_EDGE('',*,*,#4055,.T.);
#5177=ORIENTED_EDGE('',*,*,#3599,.F.);
#5178=ORIENTED_EDGE('',*,*,#4056,.F.);
#5179=ORIENTED_EDGE('',*,*,#3938,.T.);
#5180=ORIENTED_EDGE('',*,*,#4057,.F.);
#5181=ORIENTED_EDGE('',*,*,#4009,.T.);
#5182=ORIENTED_EDGE('',*,*,#4058,.F.);
#5183=ORIENTED_EDGE('',*,*,#3528,.F.);
#5184=ORIENTED_EDGE('',*,*,#4057,.T.);
#5185=ORIENTED_EDGE('',*,*,#3527,.F.);
#5186=ORIENTED_EDGE('',*,*,#4059,.F.);
#5187=ORIENTED_EDGE('',*,*,#4010,.T.);
#5188=ORIENTED_EDGE('',*,*,#4059,.T.);
#5189=ORIENTED_EDGE('',*,*,#3526,.F.);
#5190=ORIENTED_EDGE('',*,*,#4060,.F.);
#5191=ORIENTED_EDGE('',*,*,#4011,.T.);
#5192=ORIENTED_EDGE('',*,*,#4060,.T.);
#5193=ORIENTED_EDGE('',*,*,#3525,.F.);
#5194=ORIENTED_EDGE('',*,*,#4061,.F.);
#5195=ORIENTED_EDGE('',*,*,#4012,.T.);
#5196=ORIENTED_EDGE('',*,*,#4061,.T.);
#5197=ORIENTED_EDGE('',*,*,#3524,.F.);
#5198=ORIENTED_EDGE('',*,*,#4062,.F.);
#5199=ORIENTED_EDGE('',*,*,#4013,.T.);
#5200=ORIENTED_EDGE('',*,*,#4062,.T.);
#5201=ORIENTED_EDGE('',*,*,#3523,.F.);
#5202=ORIENTED_EDGE('',*,*,#4063,.F.);
#5203=ORIENTED_EDGE('',*,*,#4014,.T.);
#5204=ORIENTED_EDGE('',*,*,#4063,.T.);
#5205=ORIENTED_EDGE('',*,*,#3522,.F.);
#5206=ORIENTED_EDGE('',*,*,#4064,.F.);
#5207=ORIENTED_EDGE('',*,*,#4015,.T.);
#5208=ORIENTED_EDGE('',*,*,#4064,.T.);
#5209=ORIENTED_EDGE('',*,*,#3521,.F.);
#5210=ORIENTED_EDGE('',*,*,#4065,.F.);
#5211=ORIENTED_EDGE('',*,*,#4016,.T.);
#5212=ORIENTED_EDGE('',*,*,#4065,.T.);
#5213=ORIENTED_EDGE('',*,*,#3520,.F.);
#5214=ORIENTED_EDGE('',*,*,#4066,.F.);
#5215=ORIENTED_EDGE('',*,*,#4017,.T.);
#5216=ORIENTED_EDGE('',*,*,#4066,.T.);
#5217=ORIENTED_EDGE('',*,*,#3519,.F.);
#5218=ORIENTED_EDGE('',*,*,#4067,.F.);
#5219=ORIENTED_EDGE('',*,*,#4018,.T.);
#5220=ORIENTED_EDGE('',*,*,#4067,.T.);
#5221=ORIENTED_EDGE('',*,*,#3518,.F.);
#5222=ORIENTED_EDGE('',*,*,#4068,.F.);
#5223=ORIENTED_EDGE('',*,*,#4019,.T.);
#5224=ORIENTED_EDGE('',*,*,#4068,.T.);
#5225=ORIENTED_EDGE('',*,*,#3517,.F.);
#5226=ORIENTED_EDGE('',*,*,#4069,.F.);
#5227=ORIENTED_EDGE('',*,*,#4020,.T.);
#5228=ORIENTED_EDGE('',*,*,#4069,.T.);
#5229=ORIENTED_EDGE('',*,*,#3516,.F.);
#5230=ORIENTED_EDGE('',*,*,#4070,.F.);
#5231=ORIENTED_EDGE('',*,*,#4021,.T.);
#5232=ORIENTED_EDGE('',*,*,#4070,.T.);
#5233=ORIENTED_EDGE('',*,*,#3515,.F.);
#5234=ORIENTED_EDGE('',*,*,#4071,.F.);
#5235=ORIENTED_EDGE('',*,*,#4022,.T.);
#5236=ORIENTED_EDGE('',*,*,#4071,.T.);
#5237=ORIENTED_EDGE('',*,*,#3514,.F.);
#5238=ORIENTED_EDGE('',*,*,#4072,.F.);
#5239=ORIENTED_EDGE('',*,*,#4023,.T.);
#5240=ORIENTED_EDGE('',*,*,#4072,.T.);
#5241=ORIENTED_EDGE('',*,*,#3513,.F.);
#5242=ORIENTED_EDGE('',*,*,#4073,.F.);
#5243=ORIENTED_EDGE('',*,*,#4024,.T.);
#5244=ORIENTED_EDGE('',*,*,#4073,.T.);
#5245=ORIENTED_EDGE('',*,*,#3512,.F.);
#5246=ORIENTED_EDGE('',*,*,#4074,.F.);
#5247=ORIENTED_EDGE('',*,*,#4025,.T.);
#5248=ORIENTED_EDGE('',*,*,#4074,.T.);
#5249=ORIENTED_EDGE('',*,*,#3511,.F.);
#5250=ORIENTED_EDGE('',*,*,#4075,.F.);
#5251=ORIENTED_EDGE('',*,*,#4026,.T.);
#5252=ORIENTED_EDGE('',*,*,#4075,.T.);
#5253=ORIENTED_EDGE('',*,*,#3510,.F.);
#5254=ORIENTED_EDGE('',*,*,#4076,.F.);
#5255=ORIENTED_EDGE('',*,*,#4027,.T.);
#5256=ORIENTED_EDGE('',*,*,#4076,.T.);
#5257=ORIENTED_EDGE('',*,*,#3509,.F.);
#5258=ORIENTED_EDGE('',*,*,#4077,.F.);
#5259=ORIENTED_EDGE('',*,*,#4028,.T.);
#5260=ORIENTED_EDGE('',*,*,#4077,.T.);
#5261=ORIENTED_EDGE('',*,*,#3508,.F.);
#5262=ORIENTED_EDGE('',*,*,#4078,.F.);
#5263=ORIENTED_EDGE('',*,*,#4029,.T.);
#5264=ORIENTED_EDGE('',*,*,#4078,.T.);
#5265=ORIENTED_EDGE('',*,*,#3507,.F.);
#5266=ORIENTED_EDGE('',*,*,#4079,.F.);
#5267=ORIENTED_EDGE('',*,*,#4030,.T.);
#5268=ORIENTED_EDGE('',*,*,#4079,.T.);
#5269=ORIENTED_EDGE('',*,*,#3506,.F.);
#5270=ORIENTED_EDGE('',*,*,#4080,.F.);
#5271=ORIENTED_EDGE('',*,*,#4031,.T.);
#5272=ORIENTED_EDGE('',*,*,#4080,.T.);
#5273=ORIENTED_EDGE('',*,*,#3505,.F.);
#5274=ORIENTED_EDGE('',*,*,#4081,.F.);
#5275=ORIENTED_EDGE('',*,*,#4032,.T.);
#5276=ORIENTED_EDGE('',*,*,#4081,.T.);
#5277=ORIENTED_EDGE('',*,*,#3504,.F.);
#5278=ORIENTED_EDGE('',*,*,#4082,.F.);
#5279=ORIENTED_EDGE('',*,*,#4033,.T.);
#5280=ORIENTED_EDGE('',*,*,#4082,.T.);
#5281=ORIENTED_EDGE('',*,*,#3503,.F.);
#5282=ORIENTED_EDGE('',*,*,#4083,.F.);
#5283=ORIENTED_EDGE('',*,*,#4034,.T.);
#5284=ORIENTED_EDGE('',*,*,#4083,.T.);
#5285=ORIENTED_EDGE('',*,*,#3502,.F.);
#5286=ORIENTED_EDGE('',*,*,#4084,.F.);
#5287=ORIENTED_EDGE('',*,*,#4035,.T.);
#5288=ORIENTED_EDGE('',*,*,#4084,.T.);
#5289=ORIENTED_EDGE('',*,*,#3501,.F.);
#5290=ORIENTED_EDGE('',*,*,#4085,.F.);
#5291=ORIENTED_EDGE('',*,*,#4036,.T.);
#5292=ORIENTED_EDGE('',*,*,#4085,.T.);
#5293=ORIENTED_EDGE('',*,*,#3500,.F.);
#5294=ORIENTED_EDGE('',*,*,#4086,.F.);
#5295=ORIENTED_EDGE('',*,*,#4037,.T.);
#5296=ORIENTED_EDGE('',*,*,#4086,.T.);
#5297=ORIENTED_EDGE('',*,*,#3499,.F.);
#5298=ORIENTED_EDGE('',*,*,#4087,.F.);
#5299=ORIENTED_EDGE('',*,*,#4038,.T.);
#5300=ORIENTED_EDGE('',*,*,#4087,.T.);
#5301=ORIENTED_EDGE('',*,*,#3498,.F.);
#5302=ORIENTED_EDGE('',*,*,#4088,.F.);
#5303=ORIENTED_EDGE('',*,*,#4039,.T.);
#5304=ORIENTED_EDGE('',*,*,#4088,.T.);
#5305=ORIENTED_EDGE('',*,*,#3497,.F.);
#5306=ORIENTED_EDGE('',*,*,#4089,.F.);
#5307=ORIENTED_EDGE('',*,*,#4040,.T.);
#5308=ORIENTED_EDGE('',*,*,#4090,.F.);
#5309=ORIENTED_EDGE('',*,*,#4007,.T.);
#5310=ORIENTED_EDGE('',*,*,#4091,.F.);
#5311=ORIENTED_EDGE('',*,*,#3530,.F.);
#5312=ORIENTED_EDGE('',*,*,#4058,.T.);
#5313=ORIENTED_EDGE('',*,*,#4008,.T.);
#5314=ORIENTED_EDGE('',*,*,#4090,.T.);
#5315=ORIENTED_EDGE('',*,*,#3529,.F.);
#5316=ORIENTED_EDGE('',*,*,#4091,.T.);
#5317=ORIENTED_EDGE('',*,*,#4006,.T.);
#5318=ORIENTED_EDGE('',*,*,#4092,.F.);
#5319=ORIENTED_EDGE('',*,*,#3531,.F.);
#5320=ORIENTED_EDGE('',*,*,#4092,.T.);
#5321=ORIENTED_EDGE('',*,*,#4005,.T.);
#5322=ORIENTED_EDGE('',*,*,#4093,.F.);
#5323=ORIENTED_EDGE('',*,*,#3532,.F.);
#5324=ORIENTED_EDGE('',*,*,#4093,.T.);
#5325=ORIENTED_EDGE('',*,*,#4004,.T.);
#5326=ORIENTED_EDGE('',*,*,#4094,.F.);
#5327=ORIENTED_EDGE('',*,*,#3533,.F.);
#5328=ORIENTED_EDGE('',*,*,#4094,.T.);
#5329=ORIENTED_EDGE('',*,*,#4003,.T.);
#5330=ORIENTED_EDGE('',*,*,#4095,.F.);
#5331=ORIENTED_EDGE('',*,*,#3534,.F.);
#5332=ORIENTED_EDGE('',*,*,#4095,.T.);
#5333=ORIENTED_EDGE('',*,*,#4002,.T.);
#5334=ORIENTED_EDGE('',*,*,#4096,.F.);
#5335=ORIENTED_EDGE('',*,*,#3535,.F.);
#5336=ORIENTED_EDGE('',*,*,#4096,.T.);
#5337=ORIENTED_EDGE('',*,*,#4001,.T.);
#5338=ORIENTED_EDGE('',*,*,#4097,.F.);
#5339=ORIENTED_EDGE('',*,*,#3536,.F.);
#5340=ORIENTED_EDGE('',*,*,#4097,.T.);
#5341=ORIENTED_EDGE('',*,*,#4000,.T.);
#5342=ORIENTED_EDGE('',*,*,#4098,.F.);
#5343=ORIENTED_EDGE('',*,*,#3537,.F.);
#5344=ORIENTED_EDGE('',*,*,#4098,.T.);
#5345=ORIENTED_EDGE('',*,*,#3999,.T.);
#5346=ORIENTED_EDGE('',*,*,#4099,.F.);
#5347=ORIENTED_EDGE('',*,*,#3538,.F.);
#5348=ORIENTED_EDGE('',*,*,#4099,.T.);
#5349=ORIENTED_EDGE('',*,*,#3998,.T.);
#5350=ORIENTED_EDGE('',*,*,#4100,.F.);
#5351=ORIENTED_EDGE('',*,*,#3539,.F.);
#5352=ORIENTED_EDGE('',*,*,#4100,.T.);
#5353=ORIENTED_EDGE('',*,*,#3997,.T.);
#5354=ORIENTED_EDGE('',*,*,#4101,.F.);
#5355=ORIENTED_EDGE('',*,*,#3540,.F.);
#5356=ORIENTED_EDGE('',*,*,#4101,.T.);
#5357=ORIENTED_EDGE('',*,*,#3996,.T.);
#5358=ORIENTED_EDGE('',*,*,#4102,.F.);
#5359=ORIENTED_EDGE('',*,*,#3541,.F.);
#5360=ORIENTED_EDGE('',*,*,#4102,.T.);
#5361=ORIENTED_EDGE('',*,*,#3995,.T.);
#5362=ORIENTED_EDGE('',*,*,#4103,.F.);
#5363=ORIENTED_EDGE('',*,*,#3542,.F.);
#5364=ORIENTED_EDGE('',*,*,#4103,.T.);
#5365=ORIENTED_EDGE('',*,*,#3994,.T.);
#5366=ORIENTED_EDGE('',*,*,#4104,.F.);
#5367=ORIENTED_EDGE('',*,*,#3543,.F.);
#5368=ORIENTED_EDGE('',*,*,#4104,.T.);
#5369=ORIENTED_EDGE('',*,*,#3993,.T.);
#5370=ORIENTED_EDGE('',*,*,#4105,.F.);
#5371=ORIENTED_EDGE('',*,*,#3544,.F.);
#5372=ORIENTED_EDGE('',*,*,#4105,.T.);
#5373=ORIENTED_EDGE('',*,*,#3992,.T.);
#5374=ORIENTED_EDGE('',*,*,#4106,.F.);
#5375=ORIENTED_EDGE('',*,*,#3545,.F.);
#5376=ORIENTED_EDGE('',*,*,#4106,.T.);
#5377=ORIENTED_EDGE('',*,*,#3991,.T.);
#5378=ORIENTED_EDGE('',*,*,#4107,.F.);
#5379=ORIENTED_EDGE('',*,*,#3546,.F.);
#5380=ORIENTED_EDGE('',*,*,#4107,.T.);
#5381=ORIENTED_EDGE('',*,*,#3990,.T.);
#5382=ORIENTED_EDGE('',*,*,#4108,.F.);
#5383=ORIENTED_EDGE('',*,*,#3547,.F.);
#5384=ORIENTED_EDGE('',*,*,#4108,.T.);
#5385=ORIENTED_EDGE('',*,*,#3989,.T.);
#5386=ORIENTED_EDGE('',*,*,#4109,.F.);
#5387=ORIENTED_EDGE('',*,*,#3548,.F.);
#5388=ORIENTED_EDGE('',*,*,#4109,.T.);
#5389=ORIENTED_EDGE('',*,*,#3988,.T.);
#5390=ORIENTED_EDGE('',*,*,#4110,.F.);
#5391=ORIENTED_EDGE('',*,*,#3549,.F.);
#5392=ORIENTED_EDGE('',*,*,#4110,.T.);
#5393=ORIENTED_EDGE('',*,*,#3987,.T.);
#5394=ORIENTED_EDGE('',*,*,#4111,.F.);
#5395=ORIENTED_EDGE('',*,*,#3550,.F.);
#5396=ORIENTED_EDGE('',*,*,#4111,.T.);
#5397=ORIENTED_EDGE('',*,*,#3986,.T.);
#5398=ORIENTED_EDGE('',*,*,#4112,.F.);
#5399=ORIENTED_EDGE('',*,*,#3551,.F.);
#5400=ORIENTED_EDGE('',*,*,#4112,.T.);
#5401=ORIENTED_EDGE('',*,*,#3985,.T.);
#5402=ORIENTED_EDGE('',*,*,#4113,.F.);
#5403=ORIENTED_EDGE('',*,*,#3552,.F.);
#5404=ORIENTED_EDGE('',*,*,#4113,.T.);
#5405=ORIENTED_EDGE('',*,*,#3984,.T.);
#5406=ORIENTED_EDGE('',*,*,#4114,.F.);
#5407=ORIENTED_EDGE('',*,*,#3553,.F.);
#5408=ORIENTED_EDGE('',*,*,#4114,.T.);
#5409=ORIENTED_EDGE('',*,*,#3983,.T.);
#5410=ORIENTED_EDGE('',*,*,#4115,.F.);
#5411=ORIENTED_EDGE('',*,*,#3554,.F.);
#5412=ORIENTED_EDGE('',*,*,#4115,.T.);
#5413=ORIENTED_EDGE('',*,*,#3982,.T.);
#5414=ORIENTED_EDGE('',*,*,#4116,.F.);
#5415=ORIENTED_EDGE('',*,*,#3555,.F.);
#5416=ORIENTED_EDGE('',*,*,#4116,.T.);
#5417=ORIENTED_EDGE('',*,*,#3981,.T.);
#5418=ORIENTED_EDGE('',*,*,#4117,.F.);
#5419=ORIENTED_EDGE('',*,*,#3556,.F.);
#5420=ORIENTED_EDGE('',*,*,#4117,.T.);
#5421=ORIENTED_EDGE('',*,*,#3980,.T.);
#5422=ORIENTED_EDGE('',*,*,#4118,.F.);
#5423=ORIENTED_EDGE('',*,*,#3557,.F.);
#5424=ORIENTED_EDGE('',*,*,#4118,.T.);
#5425=ORIENTED_EDGE('',*,*,#3979,.T.);
#5426=ORIENTED_EDGE('',*,*,#4119,.F.);
#5427=ORIENTED_EDGE('',*,*,#3558,.F.);
#5428=ORIENTED_EDGE('',*,*,#4119,.T.);
#5429=ORIENTED_EDGE('',*,*,#3978,.T.);
#5430=ORIENTED_EDGE('',*,*,#4120,.F.);
#5431=ORIENTED_EDGE('',*,*,#3559,.F.);
#5432=ORIENTED_EDGE('',*,*,#4120,.T.);
#5433=ORIENTED_EDGE('',*,*,#3977,.T.);
#5434=ORIENTED_EDGE('',*,*,#4121,.F.);
#5435=ORIENTED_EDGE('',*,*,#3560,.F.);
#5436=ORIENTED_EDGE('',*,*,#4121,.T.);
#5437=ORIENTED_EDGE('',*,*,#3976,.T.);
#5438=ORIENTED_EDGE('',*,*,#4122,.F.);
#5439=ORIENTED_EDGE('',*,*,#3561,.F.);
#5440=ORIENTED_EDGE('',*,*,#4123,.F.);
#5441=ORIENTED_EDGE('',*,*,#3974,.T.);
#5442=ORIENTED_EDGE('',*,*,#4124,.F.);
#5443=ORIENTED_EDGE('',*,*,#3563,.F.);
#5444=ORIENTED_EDGE('',*,*,#4122,.T.);
#5445=ORIENTED_EDGE('',*,*,#3975,.T.);
#5446=ORIENTED_EDGE('',*,*,#4123,.T.);
#5447=ORIENTED_EDGE('',*,*,#3562,.F.);
#5448=ORIENTED_EDGE('',*,*,#4124,.T.);
#5449=ORIENTED_EDGE('',*,*,#3973,.T.);
#5450=ORIENTED_EDGE('',*,*,#4125,.F.);
#5451=ORIENTED_EDGE('',*,*,#3564,.F.);
#5452=ORIENTED_EDGE('',*,*,#4125,.T.);
#5453=ORIENTED_EDGE('',*,*,#3972,.T.);
#5454=ORIENTED_EDGE('',*,*,#4126,.F.);
#5455=ORIENTED_EDGE('',*,*,#3565,.F.);
#5456=ORIENTED_EDGE('',*,*,#4126,.T.);
#5457=ORIENTED_EDGE('',*,*,#3971,.T.);
#5458=ORIENTED_EDGE('',*,*,#4127,.F.);
#5459=ORIENTED_EDGE('',*,*,#3566,.F.);
#5460=ORIENTED_EDGE('',*,*,#4127,.T.);
#5461=ORIENTED_EDGE('',*,*,#3970,.T.);
#5462=ORIENTED_EDGE('',*,*,#4128,.F.);
#5463=ORIENTED_EDGE('',*,*,#3567,.F.);
#5464=ORIENTED_EDGE('',*,*,#4128,.T.);
#5465=ORIENTED_EDGE('',*,*,#3969,.T.);
#5466=ORIENTED_EDGE('',*,*,#4129,.F.);
#5467=ORIENTED_EDGE('',*,*,#3568,.F.);
#5468=ORIENTED_EDGE('',*,*,#4129,.T.);
#5469=ORIENTED_EDGE('',*,*,#3968,.T.);
#5470=ORIENTED_EDGE('',*,*,#4130,.F.);
#5471=ORIENTED_EDGE('',*,*,#3569,.F.);
#5472=ORIENTED_EDGE('',*,*,#4130,.T.);
#5473=ORIENTED_EDGE('',*,*,#3967,.T.);
#5474=ORIENTED_EDGE('',*,*,#4131,.F.);
#5475=ORIENTED_EDGE('',*,*,#3570,.F.);
#5476=ORIENTED_EDGE('',*,*,#4131,.T.);
#5477=ORIENTED_EDGE('',*,*,#3966,.T.);
#5478=ORIENTED_EDGE('',*,*,#4132,.F.);
#5479=ORIENTED_EDGE('',*,*,#3571,.F.);
#5480=ORIENTED_EDGE('',*,*,#4132,.T.);
#5481=ORIENTED_EDGE('',*,*,#3965,.T.);
#5482=ORIENTED_EDGE('',*,*,#4133,.F.);
#5483=ORIENTED_EDGE('',*,*,#3572,.F.);
#5484=ORIENTED_EDGE('',*,*,#4133,.T.);
#5485=ORIENTED_EDGE('',*,*,#3964,.T.);
#5486=ORIENTED_EDGE('',*,*,#4134,.F.);
#5487=ORIENTED_EDGE('',*,*,#3573,.F.);
#5488=ORIENTED_EDGE('',*,*,#4134,.T.);
#5489=ORIENTED_EDGE('',*,*,#3963,.T.);
#5490=ORIENTED_EDGE('',*,*,#4135,.F.);
#5491=ORIENTED_EDGE('',*,*,#3574,.F.);
#5492=ORIENTED_EDGE('',*,*,#4135,.T.);
#5493=ORIENTED_EDGE('',*,*,#3962,.T.);
#5494=ORIENTED_EDGE('',*,*,#4136,.F.);
#5495=ORIENTED_EDGE('',*,*,#3575,.F.);
#5496=ORIENTED_EDGE('',*,*,#4136,.T.);
#5497=ORIENTED_EDGE('',*,*,#3961,.T.);
#5498=ORIENTED_EDGE('',*,*,#4137,.F.);
#5499=ORIENTED_EDGE('',*,*,#3576,.F.);
#5500=ORIENTED_EDGE('',*,*,#4137,.T.);
#5501=ORIENTED_EDGE('',*,*,#3960,.T.);
#5502=ORIENTED_EDGE('',*,*,#4138,.F.);
#5503=ORIENTED_EDGE('',*,*,#3577,.F.);
#5504=ORIENTED_EDGE('',*,*,#4138,.T.);
#5505=ORIENTED_EDGE('',*,*,#3959,.T.);
#5506=ORIENTED_EDGE('',*,*,#4139,.F.);
#5507=ORIENTED_EDGE('',*,*,#3578,.F.);
#5508=ORIENTED_EDGE('',*,*,#4139,.T.);
#5509=ORIENTED_EDGE('',*,*,#3958,.T.);
#5510=ORIENTED_EDGE('',*,*,#4140,.F.);
#5511=ORIENTED_EDGE('',*,*,#3579,.F.);
#5512=ORIENTED_EDGE('',*,*,#4140,.T.);
#5513=ORIENTED_EDGE('',*,*,#3957,.T.);
#5514=ORIENTED_EDGE('',*,*,#4141,.F.);
#5515=ORIENTED_EDGE('',*,*,#3580,.F.);
#5516=ORIENTED_EDGE('',*,*,#4142,.F.);
#5517=ORIENTED_EDGE('',*,*,#3950,.T.);
#5518=ORIENTED_EDGE('',*,*,#4143,.F.);
#5519=ORIENTED_EDGE('',*,*,#3587,.F.);
#5520=ORIENTED_EDGE('',*,*,#4142,.T.);
#5521=ORIENTED_EDGE('',*,*,#3586,.F.);
#5522=ORIENTED_EDGE('',*,*,#4144,.F.);
#5523=ORIENTED_EDGE('',*,*,#3951,.T.);
#5524=ORIENTED_EDGE('',*,*,#4143,.T.);
#5525=ORIENTED_EDGE('',*,*,#3949,.T.);
#5526=ORIENTED_EDGE('',*,*,#4145,.F.);
#5527=ORIENTED_EDGE('',*,*,#3588,.F.);
#5528=ORIENTED_EDGE('',*,*,#4145,.T.);
#5529=ORIENTED_EDGE('',*,*,#3948,.T.);
#5530=ORIENTED_EDGE('',*,*,#4146,.F.);
#5531=ORIENTED_EDGE('',*,*,#3589,.F.);
#5532=ORIENTED_EDGE('',*,*,#4146,.T.);
#5533=ORIENTED_EDGE('',*,*,#3947,.T.);
#5534=ORIENTED_EDGE('',*,*,#4147,.F.);
#5535=ORIENTED_EDGE('',*,*,#3590,.F.);
#5536=ORIENTED_EDGE('',*,*,#4147,.T.);
#5537=ORIENTED_EDGE('',*,*,#3946,.T.);
#5538=ORIENTED_EDGE('',*,*,#4148,.F.);
#5539=ORIENTED_EDGE('',*,*,#3591,.F.);
#5540=ORIENTED_EDGE('',*,*,#4149,.F.);
#5541=ORIENTED_EDGE('',*,*,#3594,.F.);
#5542=ORIENTED_EDGE('',*,*,#4150,.F.);
#5543=ORIENTED_EDGE('',*,*,#3943,.T.);
#5544=ORIENTED_EDGE('',*,*,#4150,.T.);
#5545=ORIENTED_EDGE('',*,*,#3593,.F.);
#5546=ORIENTED_EDGE('',*,*,#4151,.F.);
#5547=ORIENTED_EDGE('',*,*,#3944,.T.);
#5548=ORIENTED_EDGE('',*,*,#4148,.T.);
#5549=ORIENTED_EDGE('',*,*,#3945,.T.);
#5550=ORIENTED_EDGE('',*,*,#4151,.T.);
#5551=ORIENTED_EDGE('',*,*,#3592,.F.);
#5552=ORIENTED_EDGE('',*,*,#4152,.F.);
#5553=ORIENTED_EDGE('',*,*,#3597,.F.);
#5554=ORIENTED_EDGE('',*,*,#4153,.F.);
#5555=ORIENTED_EDGE('',*,*,#3940,.T.);
#5556=ORIENTED_EDGE('',*,*,#4153,.T.);
#5557=ORIENTED_EDGE('',*,*,#3596,.F.);
#5558=ORIENTED_EDGE('',*,*,#4154,.F.);
#5559=ORIENTED_EDGE('',*,*,#3941,.T.);
#5560=ORIENTED_EDGE('',*,*,#3796,.T.);
#5561=ORIENTED_EDGE('',*,*,#4041,.T.);
#5562=ORIENTED_EDGE('',*,*,#4089,.T.);
#5563=ORIENTED_EDGE('',*,*,#3496,.F.);
#5564=ORIENTED_EDGE('',*,*,#3770,.T.);
#5565=ORIENTED_EDGE('',*,*,#3779,.T.);
#5566=ORIENTED_EDGE('',*,*,#3776,.T.);
#5567=ORIENTED_EDGE('',*,*,#3773,.T.);
#5568=ORIENTED_EDGE('',*,*,#3757,.T.);
#5569=ORIENTED_EDGE('',*,*,#3761,.T.);
#5570=ORIENTED_EDGE('',*,*,#3764,.T.);
#5571=ORIENTED_EDGE('',*,*,#3767,.T.);
#5572=ORIENTED_EDGE('',*,*,#4056,.T.);
#5573=ORIENTED_EDGE('',*,*,#3598,.F.);
#5574=ORIENTED_EDGE('',*,*,#4152,.T.);
#5575=ORIENTED_EDGE('',*,*,#3939,.T.);
#5576=ORIENTED_EDGE('',*,*,#4144,.T.);
#5577=ORIENTED_EDGE('',*,*,#3585,.F.);
#5578=ORIENTED_EDGE('',*,*,#4155,.F.);
#5579=ORIENTED_EDGE('',*,*,#3952,.T.);
#5580=ORIENTED_EDGE('',*,*,#4155,.T.);
#5581=ORIENTED_EDGE('',*,*,#3584,.F.);
#5582=ORIENTED_EDGE('',*,*,#4156,.F.);
#5583=ORIENTED_EDGE('',*,*,#3953,.T.);
#5584=ORIENTED_EDGE('',*,*,#4156,.T.);
#5585=ORIENTED_EDGE('',*,*,#3583,.F.);
#5586=ORIENTED_EDGE('',*,*,#4157,.T.);
#5587=ORIENTED_EDGE('',*,*,#3954,.T.);
#5588=ORIENTED_EDGE('',*,*,#4157,.F.);
#5589=ORIENTED_EDGE('',*,*,#3582,.F.);
#5590=ORIENTED_EDGE('',*,*,#4158,.F.);
#5591=ORIENTED_EDGE('',*,*,#3955,.T.);
#5592=ORIENTED_EDGE('',*,*,#4149,.T.);
#5593=ORIENTED_EDGE('',*,*,#3942,.T.);
#5594=ORIENTED_EDGE('',*,*,#4154,.T.);
#5595=ORIENTED_EDGE('',*,*,#3595,.F.);
#5596=ORIENTED_EDGE('',*,*,#4141,.T.);
#5597=ORIENTED_EDGE('',*,*,#3956,.T.);
#5598=ORIENTED_EDGE('',*,*,#4158,.T.);
#5599=ORIENTED_EDGE('',*,*,#3581,.F.);
#5600=ORIENTED_EDGE('',*,*,#3621,.F.);
#5601=ORIENTED_EDGE('',*,*,#4159,.T.);
#5602=ORIENTED_EDGE('',*,*,#3753,.F.);
#5603=ORIENTED_EDGE('',*,*,#4160,.T.);
#5604=ORIENTED_EDGE('',*,*,#3622,.F.);
#5605=ORIENTED_EDGE('',*,*,#4160,.F.);
#5606=ORIENTED_EDGE('',*,*,#3752,.F.);
#5607=ORIENTED_EDGE('',*,*,#4161,.T.);
#5608=ORIENTED_EDGE('',*,*,#3750,.F.);
#5609=ORIENTED_EDGE('',*,*,#4159,.F.);
#5610=ORIENTED_EDGE('',*,*,#3620,.F.);
#5611=ORIENTED_EDGE('',*,*,#4162,.T.);
#5612=ORIENTED_EDGE('',*,*,#3751,.F.);
#5613=ORIENTED_EDGE('',*,*,#4162,.F.);
#5614=ORIENTED_EDGE('',*,*,#3623,.F.);
#5615=ORIENTED_EDGE('',*,*,#4161,.F.);
#5616=ORIENTED_EDGE('',*,*,#3619,.F.);
#5617=ORIENTED_EDGE('',*,*,#4163,.T.);
#5618=ORIENTED_EDGE('',*,*,#3749,.F.);
#5619=ORIENTED_EDGE('',*,*,#4163,.F.);
#5620=ORIENTED_EDGE('',*,*,#3618,.F.);
#5621=ORIENTED_EDGE('',*,*,#4164,.T.);
#5622=ORIENTED_EDGE('',*,*,#3748,.F.);
#5623=ORIENTED_EDGE('',*,*,#4164,.F.);
#5624=ORIENTED_EDGE('',*,*,#4165,.F.);
#5625=ORIENTED_EDGE('',*,*,#3865,.T.);
#5626=ORIENTED_EDGE('',*,*,#4166,.T.);
#5627=ORIENTED_EDGE('',*,*,#3686,.F.);
#5628=ORIENTED_EDGE('',*,*,#4167,.F.);
#5629=ORIENTED_EDGE('',*,*,#3866,.T.);
#5630=ORIENTED_EDGE('',*,*,#4165,.T.);
#5631=ORIENTED_EDGE('',*,*,#3685,.F.);
#5632=ORIENTED_EDGE('',*,*,#4168,.F.);
#5633=ORIENTED_EDGE('',*,*,#3867,.T.);
#5634=ORIENTED_EDGE('',*,*,#4167,.T.);
#5635=ORIENTED_EDGE('',*,*,#3684,.F.);
#5636=ORIENTED_EDGE('',*,*,#4169,.F.);
#5637=ORIENTED_EDGE('',*,*,#3868,.T.);
#5638=ORIENTED_EDGE('',*,*,#4168,.T.);
#5639=ORIENTED_EDGE('',*,*,#3683,.F.);
#5640=ORIENTED_EDGE('',*,*,#4170,.F.);
#5641=ORIENTED_EDGE('',*,*,#3869,.T.);
#5642=ORIENTED_EDGE('',*,*,#4169,.T.);
#5643=ORIENTED_EDGE('',*,*,#3682,.F.);
#5644=ORIENTED_EDGE('',*,*,#4171,.F.);
#5645=ORIENTED_EDGE('',*,*,#3870,.T.);
#5646=ORIENTED_EDGE('',*,*,#4170,.T.);
#5647=ORIENTED_EDGE('',*,*,#3681,.F.);
#5648=ORIENTED_EDGE('',*,*,#4172,.F.);
#5649=ORIENTED_EDGE('',*,*,#3871,.T.);
#5650=ORIENTED_EDGE('',*,*,#4171,.T.);
#5651=ORIENTED_EDGE('',*,*,#3680,.F.);
#5652=ORIENTED_EDGE('',*,*,#4173,.F.);
#5653=ORIENTED_EDGE('',*,*,#3872,.T.);
#5654=ORIENTED_EDGE('',*,*,#4172,.T.);
#5655=ORIENTED_EDGE('',*,*,#3679,.F.);
#5656=ORIENTED_EDGE('',*,*,#4174,.F.);
#5657=ORIENTED_EDGE('',*,*,#3873,.T.);
#5658=ORIENTED_EDGE('',*,*,#4173,.T.);
#5659=ORIENTED_EDGE('',*,*,#3678,.F.);
#5660=ORIENTED_EDGE('',*,*,#4175,.F.);
#5661=ORIENTED_EDGE('',*,*,#3874,.T.);
#5662=ORIENTED_EDGE('',*,*,#4174,.T.);
#5663=ORIENTED_EDGE('',*,*,#3677,.F.);
#5664=ORIENTED_EDGE('',*,*,#4176,.F.);
#5665=ORIENTED_EDGE('',*,*,#3875,.T.);
#5666=ORIENTED_EDGE('',*,*,#4175,.T.);
#5667=ORIENTED_EDGE('',*,*,#3676,.F.);
#5668=ORIENTED_EDGE('',*,*,#4177,.F.);
#5669=ORIENTED_EDGE('',*,*,#3876,.T.);
#5670=ORIENTED_EDGE('',*,*,#4176,.T.);
#5671=ORIENTED_EDGE('',*,*,#3675,.F.);
#5672=ORIENTED_EDGE('',*,*,#4178,.F.);
#5673=ORIENTED_EDGE('',*,*,#3877,.T.);
#5674=ORIENTED_EDGE('',*,*,#4177,.T.);
#5675=ORIENTED_EDGE('',*,*,#3674,.F.);
#5676=ORIENTED_EDGE('',*,*,#4179,.F.);
#5677=ORIENTED_EDGE('',*,*,#3878,.T.);
#5678=ORIENTED_EDGE('',*,*,#4178,.T.);
#5679=ORIENTED_EDGE('',*,*,#3673,.F.);
#5680=ORIENTED_EDGE('',*,*,#4180,.F.);
#5681=ORIENTED_EDGE('',*,*,#3879,.T.);
#5682=ORIENTED_EDGE('',*,*,#4179,.T.);
#5683=ORIENTED_EDGE('',*,*,#3672,.F.);
#5684=ORIENTED_EDGE('',*,*,#4181,.F.);
#5685=ORIENTED_EDGE('',*,*,#3880,.T.);
#5686=ORIENTED_EDGE('',*,*,#4180,.T.);
#5687=ORIENTED_EDGE('',*,*,#3671,.F.);
#5688=ORIENTED_EDGE('',*,*,#4182,.F.);
#5689=ORIENTED_EDGE('',*,*,#3881,.T.);
#5690=ORIENTED_EDGE('',*,*,#4181,.T.);
#5691=ORIENTED_EDGE('',*,*,#3670,.F.);
#5692=ORIENTED_EDGE('',*,*,#4183,.F.);
#5693=ORIENTED_EDGE('',*,*,#3882,.T.);
#5694=ORIENTED_EDGE('',*,*,#4182,.T.);
#5695=ORIENTED_EDGE('',*,*,#3669,.F.);
#5696=ORIENTED_EDGE('',*,*,#4184,.F.);
#5697=ORIENTED_EDGE('',*,*,#3883,.T.);
#5698=ORIENTED_EDGE('',*,*,#4183,.T.);
#5699=ORIENTED_EDGE('',*,*,#3668,.F.);
#5700=ORIENTED_EDGE('',*,*,#4185,.F.);
#5701=ORIENTED_EDGE('',*,*,#3884,.T.);
#5702=ORIENTED_EDGE('',*,*,#4184,.T.);
#5703=ORIENTED_EDGE('',*,*,#3667,.F.);
#5704=ORIENTED_EDGE('',*,*,#4186,.F.);
#5705=ORIENTED_EDGE('',*,*,#3885,.T.);
#5706=ORIENTED_EDGE('',*,*,#4185,.T.);
#5707=ORIENTED_EDGE('',*,*,#3666,.F.);
#5708=ORIENTED_EDGE('',*,*,#4187,.F.);
#5709=ORIENTED_EDGE('',*,*,#3886,.T.);
#5710=ORIENTED_EDGE('',*,*,#4186,.T.);
#5711=ORIENTED_EDGE('',*,*,#3665,.F.);
#5712=ORIENTED_EDGE('',*,*,#4188,.F.);
#5713=ORIENTED_EDGE('',*,*,#3887,.T.);
#5714=ORIENTED_EDGE('',*,*,#4187,.T.);
#5715=ORIENTED_EDGE('',*,*,#3664,.F.);
#5716=ORIENTED_EDGE('',*,*,#4189,.F.);
#5717=ORIENTED_EDGE('',*,*,#3888,.T.);
#5718=ORIENTED_EDGE('',*,*,#4188,.T.);
#5719=ORIENTED_EDGE('',*,*,#3663,.F.);
#5720=ORIENTED_EDGE('',*,*,#4190,.F.);
#5721=ORIENTED_EDGE('',*,*,#3889,.T.);
#5722=ORIENTED_EDGE('',*,*,#4189,.T.);
#5723=ORIENTED_EDGE('',*,*,#3662,.F.);
#5724=ORIENTED_EDGE('',*,*,#4191,.F.);
#5725=ORIENTED_EDGE('',*,*,#3890,.T.);
#5726=ORIENTED_EDGE('',*,*,#4190,.T.);
#5727=ORIENTED_EDGE('',*,*,#3661,.F.);
#5728=ORIENTED_EDGE('',*,*,#4192,.F.);
#5729=ORIENTED_EDGE('',*,*,#3891,.T.);
#5730=ORIENTED_EDGE('',*,*,#4191,.T.);
#5731=ORIENTED_EDGE('',*,*,#3660,.F.);
#5732=ORIENTED_EDGE('',*,*,#4193,.F.);
#5733=ORIENTED_EDGE('',*,*,#3892,.T.);
#5734=ORIENTED_EDGE('',*,*,#4192,.T.);
#5735=ORIENTED_EDGE('',*,*,#3659,.F.);
#5736=ORIENTED_EDGE('',*,*,#4194,.F.);
#5737=ORIENTED_EDGE('',*,*,#3893,.T.);
#5738=ORIENTED_EDGE('',*,*,#4193,.T.);
#5739=ORIENTED_EDGE('',*,*,#3658,.F.);
#5740=ORIENTED_EDGE('',*,*,#4195,.F.);
#5741=ORIENTED_EDGE('',*,*,#3894,.T.);
#5742=ORIENTED_EDGE('',*,*,#4194,.T.);
#5743=ORIENTED_EDGE('',*,*,#3657,.F.);
#5744=ORIENTED_EDGE('',*,*,#4196,.F.);
#5745=ORIENTED_EDGE('',*,*,#3895,.T.);
#5746=ORIENTED_EDGE('',*,*,#4195,.T.);
#5747=ORIENTED_EDGE('',*,*,#3656,.F.);
#5748=ORIENTED_EDGE('',*,*,#4197,.F.);
#5749=ORIENTED_EDGE('',*,*,#3896,.T.);
#5750=ORIENTED_EDGE('',*,*,#4196,.T.);
#5751=ORIENTED_EDGE('',*,*,#3655,.F.);
#5752=ORIENTED_EDGE('',*,*,#4198,.F.);
#5753=ORIENTED_EDGE('',*,*,#3897,.T.);
#5754=ORIENTED_EDGE('',*,*,#4197,.T.);
#5755=ORIENTED_EDGE('',*,*,#3654,.F.);
#5756=ORIENTED_EDGE('',*,*,#4199,.F.);
#5757=ORIENTED_EDGE('',*,*,#3898,.T.);
#5758=ORIENTED_EDGE('',*,*,#4198,.T.);
#5759=ORIENTED_EDGE('',*,*,#3653,.F.);
#5760=ORIENTED_EDGE('',*,*,#4200,.F.);
#5761=ORIENTED_EDGE('',*,*,#3899,.T.);
#5762=ORIENTED_EDGE('',*,*,#4199,.T.);
#5763=ORIENTED_EDGE('',*,*,#3652,.F.);
#5764=ORIENTED_EDGE('',*,*,#4201,.F.);
#5765=ORIENTED_EDGE('',*,*,#3900,.T.);
#5766=ORIENTED_EDGE('',*,*,#4200,.T.);
#5767=ORIENTED_EDGE('',*,*,#3651,.F.);
#5768=ORIENTED_EDGE('',*,*,#4202,.F.);
#5769=ORIENTED_EDGE('',*,*,#3901,.T.);
#5770=ORIENTED_EDGE('',*,*,#4201,.T.);
#5771=ORIENTED_EDGE('',*,*,#3650,.F.);
#5772=ORIENTED_EDGE('',*,*,#4203,.F.);
#5773=ORIENTED_EDGE('',*,*,#3902,.T.);
#5774=ORIENTED_EDGE('',*,*,#4202,.T.);
#5775=ORIENTED_EDGE('',*,*,#3649,.F.);
#5776=ORIENTED_EDGE('',*,*,#4204,.F.);
#5777=ORIENTED_EDGE('',*,*,#3903,.T.);
#5778=ORIENTED_EDGE('',*,*,#4203,.T.);
#5779=ORIENTED_EDGE('',*,*,#3648,.F.);
#5780=ORIENTED_EDGE('',*,*,#4205,.F.);
#5781=ORIENTED_EDGE('',*,*,#3904,.T.);
#5782=ORIENTED_EDGE('',*,*,#4204,.T.);
#5783=ORIENTED_EDGE('',*,*,#3647,.F.);
#5784=ORIENTED_EDGE('',*,*,#4206,.F.);
#5785=ORIENTED_EDGE('',*,*,#3905,.T.);
#5786=ORIENTED_EDGE('',*,*,#4205,.T.);
#5787=ORIENTED_EDGE('',*,*,#3646,.F.);
#5788=ORIENTED_EDGE('',*,*,#4207,.F.);
#5789=ORIENTED_EDGE('',*,*,#3906,.T.);
#5790=ORIENTED_EDGE('',*,*,#4206,.T.);
#5791=ORIENTED_EDGE('',*,*,#3645,.F.);
#5792=ORIENTED_EDGE('',*,*,#4208,.F.);
#5793=ORIENTED_EDGE('',*,*,#3907,.T.);
#5794=ORIENTED_EDGE('',*,*,#4207,.T.);
#5795=ORIENTED_EDGE('',*,*,#3644,.F.);
#5796=ORIENTED_EDGE('',*,*,#4209,.F.);
#5797=ORIENTED_EDGE('',*,*,#3908,.T.);
#5798=ORIENTED_EDGE('',*,*,#4208,.T.);
#5799=ORIENTED_EDGE('',*,*,#3643,.F.);
#5800=ORIENTED_EDGE('',*,*,#4210,.F.);
#5801=ORIENTED_EDGE('',*,*,#3909,.T.);
#5802=ORIENTED_EDGE('',*,*,#4209,.T.);
#5803=ORIENTED_EDGE('',*,*,#3642,.F.);
#5804=ORIENTED_EDGE('',*,*,#4211,.F.);
#5805=ORIENTED_EDGE('',*,*,#3910,.T.);
#5806=ORIENTED_EDGE('',*,*,#4210,.T.);
#5807=ORIENTED_EDGE('',*,*,#3641,.F.);
#5808=ORIENTED_EDGE('',*,*,#4212,.F.);
#5809=ORIENTED_EDGE('',*,*,#3911,.T.);
#5810=ORIENTED_EDGE('',*,*,#4211,.T.);
#5811=ORIENTED_EDGE('',*,*,#3640,.F.);
#5812=ORIENTED_EDGE('',*,*,#4213,.F.);
#5813=ORIENTED_EDGE('',*,*,#3912,.T.);
#5814=ORIENTED_EDGE('',*,*,#4212,.T.);
#5815=ORIENTED_EDGE('',*,*,#3639,.F.);
#5816=ORIENTED_EDGE('',*,*,#4214,.F.);
#5817=ORIENTED_EDGE('',*,*,#3913,.T.);
#5818=ORIENTED_EDGE('',*,*,#4213,.T.);
#5819=ORIENTED_EDGE('',*,*,#3638,.F.);
#5820=ORIENTED_EDGE('',*,*,#4215,.F.);
#5821=ORIENTED_EDGE('',*,*,#3914,.T.);
#5822=ORIENTED_EDGE('',*,*,#4214,.T.);
#5823=ORIENTED_EDGE('',*,*,#3637,.F.);
#5824=ORIENTED_EDGE('',*,*,#4216,.F.);
#5825=ORIENTED_EDGE('',*,*,#3915,.T.);
#5826=ORIENTED_EDGE('',*,*,#4215,.T.);
#5827=ORIENTED_EDGE('',*,*,#3636,.F.);
#5828=ORIENTED_EDGE('',*,*,#4217,.F.);
#5829=ORIENTED_EDGE('',*,*,#3916,.T.);
#5830=ORIENTED_EDGE('',*,*,#4216,.T.);
#5831=ORIENTED_EDGE('',*,*,#3635,.F.);
#5832=ORIENTED_EDGE('',*,*,#4218,.F.);
#5833=ORIENTED_EDGE('',*,*,#3917,.T.);
#5834=ORIENTED_EDGE('',*,*,#4217,.T.);
#5835=ORIENTED_EDGE('',*,*,#3634,.F.);
#5836=ORIENTED_EDGE('',*,*,#4219,.F.);
#5837=ORIENTED_EDGE('',*,*,#3918,.T.);
#5838=ORIENTED_EDGE('',*,*,#4218,.T.);
#5839=ORIENTED_EDGE('',*,*,#3633,.F.);
#5840=ORIENTED_EDGE('',*,*,#4220,.F.);
#5841=ORIENTED_EDGE('',*,*,#3919,.T.);
#5842=ORIENTED_EDGE('',*,*,#4219,.T.);
#5843=ORIENTED_EDGE('',*,*,#3632,.F.);
#5844=ORIENTED_EDGE('',*,*,#4221,.F.);
#5845=ORIENTED_EDGE('',*,*,#3920,.T.);
#5846=ORIENTED_EDGE('',*,*,#4220,.T.);
#5847=ORIENTED_EDGE('',*,*,#3631,.F.);
#5848=ORIENTED_EDGE('',*,*,#4222,.F.);
#5849=ORIENTED_EDGE('',*,*,#3921,.T.);
#5850=ORIENTED_EDGE('',*,*,#4221,.T.);
#5851=ORIENTED_EDGE('',*,*,#3630,.F.);
#5852=ORIENTED_EDGE('',*,*,#4223,.F.);
#5853=ORIENTED_EDGE('',*,*,#3922,.T.);
#5854=ORIENTED_EDGE('',*,*,#4222,.T.);
#5855=ORIENTED_EDGE('',*,*,#3629,.F.);
#5856=ORIENTED_EDGE('',*,*,#4224,.F.);
#5857=ORIENTED_EDGE('',*,*,#3923,.T.);
#5858=ORIENTED_EDGE('',*,*,#4223,.T.);
#5859=ORIENTED_EDGE('',*,*,#3628,.F.);
#5860=ORIENTED_EDGE('',*,*,#4225,.T.);
#5861=ORIENTED_EDGE('',*,*,#3803,.T.);
#5862=ORIENTED_EDGE('',*,*,#4224,.T.);
#5863=ORIENTED_EDGE('',*,*,#3627,.F.);
#5864=ORIENTED_EDGE('',*,*,#4226,.F.);
#5865=ORIENTED_EDGE('',*,*,#3804,.T.);
#5866=ORIENTED_EDGE('',*,*,#4225,.F.);
#5867=ORIENTED_EDGE('',*,*,#3626,.F.);
#5868=ORIENTED_EDGE('',*,*,#4227,.F.);
#5869=ORIENTED_EDGE('',*,*,#3805,.T.);
#5870=ORIENTED_EDGE('',*,*,#4226,.T.);
#5871=ORIENTED_EDGE('',*,*,#3625,.F.);
#5872=ORIENTED_EDGE('',*,*,#4228,.F.);
#5873=ORIENTED_EDGE('',*,*,#3806,.T.);
#5874=ORIENTED_EDGE('',*,*,#4227,.T.);
#5875=ORIENTED_EDGE('',*,*,#3745,.F.);
#5876=ORIENTED_EDGE('',*,*,#4229,.F.);
#5877=ORIENTED_EDGE('',*,*,#3807,.T.);
#5878=ORIENTED_EDGE('',*,*,#4228,.T.);
#5879=ORIENTED_EDGE('',*,*,#3744,.F.);
#5880=ORIENTED_EDGE('',*,*,#4230,.F.);
#5881=ORIENTED_EDGE('',*,*,#3808,.T.);
#5882=ORIENTED_EDGE('',*,*,#4229,.T.);
#5883=ORIENTED_EDGE('',*,*,#3743,.F.);
#5884=ORIENTED_EDGE('',*,*,#4231,.F.);
#5885=ORIENTED_EDGE('',*,*,#3809,.T.);
#5886=ORIENTED_EDGE('',*,*,#4230,.T.);
#5887=ORIENTED_EDGE('',*,*,#3742,.F.);
#5888=ORIENTED_EDGE('',*,*,#4232,.F.);
#5889=ORIENTED_EDGE('',*,*,#3810,.T.);
#5890=ORIENTED_EDGE('',*,*,#4231,.T.);
#5891=ORIENTED_EDGE('',*,*,#3741,.F.);
#5892=ORIENTED_EDGE('',*,*,#4233,.F.);
#5893=ORIENTED_EDGE('',*,*,#3811,.T.);
#5894=ORIENTED_EDGE('',*,*,#4232,.T.);
#5895=ORIENTED_EDGE('',*,*,#3740,.F.);
#5896=ORIENTED_EDGE('',*,*,#4234,.F.);
#5897=ORIENTED_EDGE('',*,*,#3812,.T.);
#5898=ORIENTED_EDGE('',*,*,#4233,.T.);
#5899=ORIENTED_EDGE('',*,*,#3739,.F.);
#5900=ORIENTED_EDGE('',*,*,#4235,.F.);
#5901=ORIENTED_EDGE('',*,*,#3813,.T.);
#5902=ORIENTED_EDGE('',*,*,#4234,.T.);
#5903=ORIENTED_EDGE('',*,*,#3738,.F.);
#5904=ORIENTED_EDGE('',*,*,#4236,.F.);
#5905=ORIENTED_EDGE('',*,*,#3814,.T.);
#5906=ORIENTED_EDGE('',*,*,#4235,.T.);
#5907=ORIENTED_EDGE('',*,*,#3737,.F.);
#5908=ORIENTED_EDGE('',*,*,#4237,.F.);
#5909=ORIENTED_EDGE('',*,*,#3815,.T.);
#5910=ORIENTED_EDGE('',*,*,#4236,.T.);
#5911=ORIENTED_EDGE('',*,*,#3736,.F.);
#5912=ORIENTED_EDGE('',*,*,#4238,.F.);
#5913=ORIENTED_EDGE('',*,*,#3816,.T.);
#5914=ORIENTED_EDGE('',*,*,#4237,.T.);
#5915=ORIENTED_EDGE('',*,*,#3735,.F.);
#5916=ORIENTED_EDGE('',*,*,#4239,.F.);
#5917=ORIENTED_EDGE('',*,*,#3817,.T.);
#5918=ORIENTED_EDGE('',*,*,#4238,.T.);
#5919=ORIENTED_EDGE('',*,*,#3734,.F.);
#5920=ORIENTED_EDGE('',*,*,#4240,.F.);
#5921=ORIENTED_EDGE('',*,*,#3818,.T.);
#5922=ORIENTED_EDGE('',*,*,#4239,.T.);
#5923=ORIENTED_EDGE('',*,*,#3733,.F.);
#5924=ORIENTED_EDGE('',*,*,#4241,.F.);
#5925=ORIENTED_EDGE('',*,*,#3819,.T.);
#5926=ORIENTED_EDGE('',*,*,#4240,.T.);
#5927=ORIENTED_EDGE('',*,*,#3732,.F.);
#5928=ORIENTED_EDGE('',*,*,#4242,.F.);
#5929=ORIENTED_EDGE('',*,*,#3820,.T.);
#5930=ORIENTED_EDGE('',*,*,#4241,.T.);
#5931=ORIENTED_EDGE('',*,*,#3731,.F.);
#5932=ORIENTED_EDGE('',*,*,#4243,.F.);
#5933=ORIENTED_EDGE('',*,*,#3821,.T.);
#5934=ORIENTED_EDGE('',*,*,#4242,.T.);
#5935=ORIENTED_EDGE('',*,*,#3730,.F.);
#5936=ORIENTED_EDGE('',*,*,#4244,.F.);
#5937=ORIENTED_EDGE('',*,*,#3822,.T.);
#5938=ORIENTED_EDGE('',*,*,#4243,.T.);
#5939=ORIENTED_EDGE('',*,*,#3729,.F.);
#5940=ORIENTED_EDGE('',*,*,#4245,.F.);
#5941=ORIENTED_EDGE('',*,*,#3823,.T.);
#5942=ORIENTED_EDGE('',*,*,#4244,.T.);
#5943=ORIENTED_EDGE('',*,*,#3728,.F.);
#5944=ORIENTED_EDGE('',*,*,#4246,.F.);
#5945=ORIENTED_EDGE('',*,*,#3824,.T.);
#5946=ORIENTED_EDGE('',*,*,#4245,.T.);
#5947=ORIENTED_EDGE('',*,*,#3727,.F.);
#5948=ORIENTED_EDGE('',*,*,#4247,.F.);
#5949=ORIENTED_EDGE('',*,*,#3825,.T.);
#5950=ORIENTED_EDGE('',*,*,#4246,.T.);
#5951=ORIENTED_EDGE('',*,*,#3726,.F.);
#5952=ORIENTED_EDGE('',*,*,#4248,.F.);
#5953=ORIENTED_EDGE('',*,*,#3826,.T.);
#5954=ORIENTED_EDGE('',*,*,#4247,.T.);
#5955=ORIENTED_EDGE('',*,*,#3725,.F.);
#5956=ORIENTED_EDGE('',*,*,#4249,.F.);
#5957=ORIENTED_EDGE('',*,*,#3827,.T.);
#5958=ORIENTED_EDGE('',*,*,#4248,.T.);
#5959=ORIENTED_EDGE('',*,*,#3724,.F.);
#5960=ORIENTED_EDGE('',*,*,#4250,.F.);
#5961=ORIENTED_EDGE('',*,*,#3828,.T.);
#5962=ORIENTED_EDGE('',*,*,#4249,.T.);
#5963=ORIENTED_EDGE('',*,*,#3723,.F.);
#5964=ORIENTED_EDGE('',*,*,#4251,.F.);
#5965=ORIENTED_EDGE('',*,*,#3829,.T.);
#5966=ORIENTED_EDGE('',*,*,#4250,.T.);
#5967=ORIENTED_EDGE('',*,*,#3722,.F.);
#5968=ORIENTED_EDGE('',*,*,#4252,.F.);
#5969=ORIENTED_EDGE('',*,*,#3830,.T.);
#5970=ORIENTED_EDGE('',*,*,#4251,.T.);
#5971=ORIENTED_EDGE('',*,*,#3721,.F.);
#5972=ORIENTED_EDGE('',*,*,#4253,.F.);
#5973=ORIENTED_EDGE('',*,*,#3831,.T.);
#5974=ORIENTED_EDGE('',*,*,#4252,.T.);
#5975=ORIENTED_EDGE('',*,*,#3720,.F.);
#5976=ORIENTED_EDGE('',*,*,#4254,.F.);
#5977=ORIENTED_EDGE('',*,*,#3832,.T.);
#5978=ORIENTED_EDGE('',*,*,#4253,.T.);
#5979=ORIENTED_EDGE('',*,*,#3719,.F.);
#5980=ORIENTED_EDGE('',*,*,#4255,.F.);
#5981=ORIENTED_EDGE('',*,*,#3833,.T.);
#5982=ORIENTED_EDGE('',*,*,#4254,.T.);
#5983=ORIENTED_EDGE('',*,*,#3718,.F.);
#5984=ORIENTED_EDGE('',*,*,#4256,.F.);
#5985=ORIENTED_EDGE('',*,*,#3834,.T.);
#5986=ORIENTED_EDGE('',*,*,#4255,.T.);
#5987=ORIENTED_EDGE('',*,*,#3717,.F.);
#5988=ORIENTED_EDGE('',*,*,#4257,.F.);
#5989=ORIENTED_EDGE('',*,*,#3835,.T.);
#5990=ORIENTED_EDGE('',*,*,#4256,.T.);
#5991=ORIENTED_EDGE('',*,*,#3716,.F.);
#5992=ORIENTED_EDGE('',*,*,#4258,.F.);
#5993=ORIENTED_EDGE('',*,*,#3836,.T.);
#5994=ORIENTED_EDGE('',*,*,#4257,.T.);
#5995=ORIENTED_EDGE('',*,*,#3715,.F.);
#5996=ORIENTED_EDGE('',*,*,#4259,.F.);
#5997=ORIENTED_EDGE('',*,*,#3837,.T.);
#5998=ORIENTED_EDGE('',*,*,#4258,.T.);
#5999=ORIENTED_EDGE('',*,*,#3714,.F.);
#6000=ORIENTED_EDGE('',*,*,#4260,.F.);
#6001=ORIENTED_EDGE('',*,*,#3838,.T.);
#6002=ORIENTED_EDGE('',*,*,#4259,.T.);
#6003=ORIENTED_EDGE('',*,*,#3713,.F.);
#6004=ORIENTED_EDGE('',*,*,#4261,.F.);
#6005=ORIENTED_EDGE('',*,*,#3839,.T.);
#6006=ORIENTED_EDGE('',*,*,#4260,.T.);
#6007=ORIENTED_EDGE('',*,*,#3712,.F.);
#6008=ORIENTED_EDGE('',*,*,#4262,.F.);
#6009=ORIENTED_EDGE('',*,*,#3840,.T.);
#6010=ORIENTED_EDGE('',*,*,#4261,.T.);
#6011=ORIENTED_EDGE('',*,*,#3711,.F.);
#6012=ORIENTED_EDGE('',*,*,#4263,.F.);
#6013=ORIENTED_EDGE('',*,*,#3841,.T.);
#6014=ORIENTED_EDGE('',*,*,#4262,.T.);
#6015=ORIENTED_EDGE('',*,*,#3710,.F.);
#6016=ORIENTED_EDGE('',*,*,#4264,.F.);
#6017=ORIENTED_EDGE('',*,*,#3842,.T.);
#6018=ORIENTED_EDGE('',*,*,#4263,.T.);
#6019=ORIENTED_EDGE('',*,*,#3709,.F.);
#6020=ORIENTED_EDGE('',*,*,#4265,.F.);
#6021=ORIENTED_EDGE('',*,*,#3843,.T.);
#6022=ORIENTED_EDGE('',*,*,#4264,.T.);
#6023=ORIENTED_EDGE('',*,*,#3708,.F.);
#6024=ORIENTED_EDGE('',*,*,#4266,.F.);
#6025=ORIENTED_EDGE('',*,*,#3844,.T.);
#6026=ORIENTED_EDGE('',*,*,#4265,.T.);
#6027=ORIENTED_EDGE('',*,*,#3707,.F.);
#6028=ORIENTED_EDGE('',*,*,#4267,.F.);
#6029=ORIENTED_EDGE('',*,*,#3845,.T.);
#6030=ORIENTED_EDGE('',*,*,#4266,.T.);
#6031=ORIENTED_EDGE('',*,*,#3706,.F.);
#6032=ORIENTED_EDGE('',*,*,#4268,.F.);
#6033=ORIENTED_EDGE('',*,*,#3846,.T.);
#6034=ORIENTED_EDGE('',*,*,#4267,.T.);
#6035=ORIENTED_EDGE('',*,*,#3705,.F.);
#6036=ORIENTED_EDGE('',*,*,#4269,.F.);
#6037=ORIENTED_EDGE('',*,*,#3847,.T.);
#6038=ORIENTED_EDGE('',*,*,#4268,.T.);
#6039=ORIENTED_EDGE('',*,*,#3704,.F.);
#6040=ORIENTED_EDGE('',*,*,#4270,.F.);
#6041=ORIENTED_EDGE('',*,*,#3848,.T.);
#6042=ORIENTED_EDGE('',*,*,#4269,.T.);
#6043=ORIENTED_EDGE('',*,*,#3703,.F.);
#6044=ORIENTED_EDGE('',*,*,#4271,.F.);
#6045=ORIENTED_EDGE('',*,*,#3849,.T.);
#6046=ORIENTED_EDGE('',*,*,#4270,.T.);
#6047=ORIENTED_EDGE('',*,*,#3702,.F.);
#6048=ORIENTED_EDGE('',*,*,#4272,.F.);
#6049=ORIENTED_EDGE('',*,*,#3850,.T.);
#6050=ORIENTED_EDGE('',*,*,#4271,.T.);
#6051=ORIENTED_EDGE('',*,*,#3701,.F.);
#6052=ORIENTED_EDGE('',*,*,#4273,.F.);
#6053=ORIENTED_EDGE('',*,*,#3851,.T.);
#6054=ORIENTED_EDGE('',*,*,#4272,.T.);
#6055=ORIENTED_EDGE('',*,*,#3700,.F.);
#6056=ORIENTED_EDGE('',*,*,#4274,.F.);
#6057=ORIENTED_EDGE('',*,*,#3852,.T.);
#6058=ORIENTED_EDGE('',*,*,#4273,.T.);
#6059=ORIENTED_EDGE('',*,*,#3699,.F.);
#6060=ORIENTED_EDGE('',*,*,#4275,.F.);
#6061=ORIENTED_EDGE('',*,*,#3853,.T.);
#6062=ORIENTED_EDGE('',*,*,#4274,.T.);
#6063=ORIENTED_EDGE('',*,*,#3698,.F.);
#6064=ORIENTED_EDGE('',*,*,#4276,.F.);
#6065=ORIENTED_EDGE('',*,*,#3854,.T.);
#6066=ORIENTED_EDGE('',*,*,#4275,.T.);
#6067=ORIENTED_EDGE('',*,*,#3697,.F.);
#6068=ORIENTED_EDGE('',*,*,#4277,.F.);
#6069=ORIENTED_EDGE('',*,*,#3855,.T.);
#6070=ORIENTED_EDGE('',*,*,#4276,.T.);
#6071=ORIENTED_EDGE('',*,*,#3696,.F.);
#6072=ORIENTED_EDGE('',*,*,#4278,.F.);
#6073=ORIENTED_EDGE('',*,*,#3856,.T.);
#6074=ORIENTED_EDGE('',*,*,#4277,.T.);
#6075=ORIENTED_EDGE('',*,*,#3695,.F.);
#6076=ORIENTED_EDGE('',*,*,#4279,.F.);
#6077=ORIENTED_EDGE('',*,*,#3857,.T.);
#6078=ORIENTED_EDGE('',*,*,#4278,.T.);
#6079=ORIENTED_EDGE('',*,*,#3694,.F.);
#6080=ORIENTED_EDGE('',*,*,#4280,.F.);
#6081=ORIENTED_EDGE('',*,*,#3858,.T.);
#6082=ORIENTED_EDGE('',*,*,#4279,.T.);
#6083=ORIENTED_EDGE('',*,*,#3693,.F.);
#6084=ORIENTED_EDGE('',*,*,#4281,.F.);
#6085=ORIENTED_EDGE('',*,*,#3859,.T.);
#6086=ORIENTED_EDGE('',*,*,#4280,.T.);
#6087=ORIENTED_EDGE('',*,*,#3692,.F.);
#6088=ORIENTED_EDGE('',*,*,#4282,.F.);
#6089=ORIENTED_EDGE('',*,*,#3860,.T.);
#6090=ORIENTED_EDGE('',*,*,#4281,.T.);
#6091=ORIENTED_EDGE('',*,*,#3691,.F.);
#6092=ORIENTED_EDGE('',*,*,#3771,.T.);
#6093=ORIENTED_EDGE('',*,*,#3768,.T.);
#6094=ORIENTED_EDGE('',*,*,#3765,.T.);
#6095=ORIENTED_EDGE('',*,*,#3762,.T.);
#6096=ORIENTED_EDGE('',*,*,#3759,.T.);
#6097=ORIENTED_EDGE('',*,*,#3775,.T.);
#6098=ORIENTED_EDGE('',*,*,#3778,.T.);
#6099=ORIENTED_EDGE('',*,*,#3780,.T.);
#6100=ORIENTED_EDGE('',*,*,#4283,.F.);
#6101=ORIENTED_EDGE('',*,*,#3861,.T.);
#6102=ORIENTED_EDGE('',*,*,#4282,.T.);
#6103=ORIENTED_EDGE('',*,*,#3690,.F.);
#6104=ORIENTED_EDGE('',*,*,#4284,.F.);
#6105=ORIENTED_EDGE('',*,*,#3862,.T.);
#6106=ORIENTED_EDGE('',*,*,#4283,.T.);
#6107=ORIENTED_EDGE('',*,*,#3689,.F.);
#6108=ORIENTED_EDGE('',*,*,#4285,.F.);
#6109=ORIENTED_EDGE('',*,*,#3863,.T.);
#6110=ORIENTED_EDGE('',*,*,#4284,.T.);
#6111=ORIENTED_EDGE('',*,*,#3688,.F.);
#6112=ORIENTED_EDGE('',*,*,#4166,.F.);
#6113=ORIENTED_EDGE('',*,*,#3864,.T.);
#6114=ORIENTED_EDGE('',*,*,#4285,.T.);
#6115=ORIENTED_EDGE('',*,*,#3687,.F.);
#6116=CYLINDRICAL_SURFACE('',#6476,5.74999999999999);
#6117=CYLINDRICAL_SURFACE('',#6479,5.74999999999999);
#6118=CYLINDRICAL_SURFACE('',#6484,5.74999999999999);
#6119=CYLINDRICAL_SURFACE('',#6487,5.74999999999999);
#6120=CYLINDRICAL_SURFACE('',#6490,5.74999999999999);
#6121=CYLINDRICAL_SURFACE('',#6495,5.74999999999999);
#6122=CYLINDRICAL_SURFACE('',#6498,5.74999999999999);
#6123=CYLINDRICAL_SURFACE('',#6503,5.74999999999999);
#6124=CYLINDRICAL_SURFACE('',#6506,5.74999999999999);
#6125=CYLINDRICAL_SURFACE('',#6511,5.74999999999999);
#6126=CYLINDRICAL_SURFACE('',#6514,5.74999999999999);
#6127=CYLINDRICAL_SURFACE('',#6519,5.74999999999999);
#6128=CYLINDRICAL_SURFACE('',#6522,5.74999999999999);
#6129=CYLINDRICAL_SURFACE('',#6527,5.74999999999999);
#6130=CYLINDRICAL_SURFACE('',#6532,5.74999999999999);
#6131=CYLINDRICAL_SURFACE('',#6535,5.74999999999999);
#6132=CYLINDRICAL_SURFACE('',#6540,5.74999999999999);
#6133=CYLINDRICAL_SURFACE('',#6543,5.74999999999999);
#6134=CYLINDRICAL_SURFACE('',#6548,5.74999999999999);
#6135=CYLINDRICAL_SURFACE('',#6553,5.74999999999999);
#6136=CYLINDRICAL_SURFACE('',#6556,5.74999999999999);
#6137=CYLINDRICAL_SURFACE('',#6569,5.74999999999999);
#6138=CYLINDRICAL_SURFACE('',#6570,1.30000000000002);
#6139=CYLINDRICAL_SURFACE('',#6574,1.3);
#6140=CYLINDRICAL_SURFACE('',#6578,1.3);
#6141=CYLINDRICAL_SURFACE('',#6582,1.30000000000001);
#6142=CYLINDRICAL_SURFACE('',#6586,1.00000000000001);
#6143=CYLINDRICAL_SURFACE('',#6590,0.999999999999996);
#6144=CYLINDRICAL_SURFACE('',#6594,1.00000000000001);
#6145=CYLINDRICAL_SURFACE('',#6598,0.999999999999996);
#6146=CYLINDRICAL_SURFACE('',#6602,1.);
#6147=CYLINDRICAL_SURFACE('',#6732,1.6);
#6148=CYLINDRICAL_SURFACE('',#6733,1.59999999999999);
#6149=ADVANCED_FACE('',(#333),#6116,.F.);
#6150=ADVANCED_FACE('',(#334),#6117,.F.);
#6151=ADVANCED_FACE('',(#335),#53,.T.);
#6152=ADVANCED_FACE('',(#336),#54,.T.);
#6153=ADVANCED_FACE('',(#337),#6118,.F.);
#6154=ADVANCED_FACE('',(#338),#6119,.F.);
#6155=ADVANCED_FACE('',(#339),#6120,.F.);
#6156=ADVANCED_FACE('',(#340),#55,.T.);
#6157=ADVANCED_FACE('',(#341),#56,.T.);
#6158=ADVANCED_FACE('',(#342),#6121,.F.);
#6159=ADVANCED_FACE('',(#343),#6122,.F.);
#6160=ADVANCED_FACE('',(#344),#57,.T.);
#6161=ADVANCED_FACE('',(#345),#58,.T.);
#6162=ADVANCED_FACE('',(#346),#6123,.F.);
#6163=ADVANCED_FACE('',(#347),#6124,.F.);
#6164=ADVANCED_FACE('',(#348),#59,.T.);
#6165=ADVANCED_FACE('',(#349),#60,.T.);
#6166=ADVANCED_FACE('',(#350),#6125,.F.);
#6167=ADVANCED_FACE('',(#351),#6126,.F.);
#6168=ADVANCED_FACE('',(#352),#61,.T.);
#6169=ADVANCED_FACE('',(#353),#62,.T.);
#6170=ADVANCED_FACE('',(#354),#6127,.F.);
#6171=ADVANCED_FACE('',(#355),#6128,.F.);
#6172=ADVANCED_FACE('',(#356),#63,.T.);
#6173=ADVANCED_FACE('',(#357),#64,.T.);
#6174=ADVANCED_FACE('',(#358),#6129,.F.);
#6175=ADVANCED_FACE('',(#359),#65,.T.);
#6176=ADVANCED_FACE('',(#360),#66,.T.);
#6177=ADVANCED_FACE('',(#361),#6130,.F.);
#6178=ADVANCED_FACE('',(#362),#6131,.F.);
#6179=ADVANCED_FACE('',(#363),#67,.T.);
#6180=ADVANCED_FACE('',(#364),#68,.T.);
#6181=ADVANCED_FACE('',(#365),#6132,.F.);
#6182=ADVANCED_FACE('',(#366),#6133,.F.);
#6183=ADVANCED_FACE('',(#367),#69,.T.);
#6184=ADVANCED_FACE('',(#368),#70,.T.);
#6185=ADVANCED_FACE('',(#369),#6134,.F.);
#6186=ADVANCED_FACE('',(#370),#71,.T.);
#6187=ADVANCED_FACE('',(#371),#72,.T.);
#6188=ADVANCED_FACE('',(#372),#6135,.F.);
#6189=ADVANCED_FACE('',(#373),#6136,.F.);
#6190=ADVANCED_FACE('',(#374,#15,#16,#17,#18,#19,#20,#21,#22,#23,#24,#25,
#26,#27,#28,#29),#73,.T.);
#6191=ADVANCED_FACE('',(#375,#30,#31,#32,#33,#34,#35,#36,#37,#38,#39,#40,
#41,#42,#43,#44),#74,.F.);
#6192=ADVANCED_FACE('',(#376),#75,.T.);
#6193=ADVANCED_FACE('',(#377),#76,.T.);
#6194=ADVANCED_FACE('',(#378),#6137,.F.);
#6195=ADVANCED_FACE('',(#379),#6138,.F.);
#6196=ADVANCED_FACE('',(#380),#77,.F.);
#6197=ADVANCED_FACE('',(#381),#6139,.F.);
#6198=ADVANCED_FACE('',(#382),#78,.F.);
#6199=ADVANCED_FACE('',(#383),#6140,.F.);
#6200=ADVANCED_FACE('',(#384),#79,.F.);
#6201=ADVANCED_FACE('',(#385),#6141,.F.);
#6202=ADVANCED_FACE('',(#386),#80,.F.);
#6203=ADVANCED_FACE('',(#387),#6142,.F.);
#6204=ADVANCED_FACE('',(#388),#81,.T.);
#6205=ADVANCED_FACE('',(#389),#6143,.F.);
#6206=ADVANCED_FACE('',(#390),#82,.T.);
#6207=ADVANCED_FACE('',(#391),#6144,.F.);
#6208=ADVANCED_FACE('',(#392),#83,.T.);
#6209=ADVANCED_FACE('',(#393),#6145,.F.);
#6210=ADVANCED_FACE('',(#394),#84,.T.);
#6211=ADVANCED_FACE('',(#395),#6146,.F.);
#6212=ADVANCED_FACE('',(#396),#85,.T.);
#6213=ADVANCED_FACE('',(#397),#86,.T.);
#6214=ADVANCED_FACE('',(#398),#87,.T.);
#6215=ADVANCED_FACE('',(#399),#88,.T.);
#6216=ADVANCED_FACE('',(#400,#45,#46,#47,#48,#49,#50),#89,.T.);
#6217=ADVANCED_FACE('',(#401),#90,.T.);
#6218=ADVANCED_FACE('',(#402),#91,.T.);
#6219=ADVANCED_FACE('',(#403),#92,.T.);
#6220=ADVANCED_FACE('',(#404),#93,.T.);
#6221=ADVANCED_FACE('',(#405),#94,.T.);
#6222=ADVANCED_FACE('',(#406),#95,.T.);
#6223=ADVANCED_FACE('',(#407),#96,.T.);
#6224=ADVANCED_FACE('',(#408),#97,.T.);
#6225=ADVANCED_FACE('',(#409),#98,.T.);
#6226=ADVANCED_FACE('',(#410),#99,.T.);
#6227=ADVANCED_FACE('',(#411),#100,.T.);
#6228=ADVANCED_FACE('',(#412),#101,.T.);
#6229=ADVANCED_FACE('',(#413),#102,.T.);
#6230=ADVANCED_FACE('',(#414),#103,.T.);
#6231=ADVANCED_FACE('',(#415),#104,.T.);
#6232=ADVANCED_FACE('',(#416),#105,.T.);
#6233=ADVANCED_FACE('',(#417),#106,.T.);
#6234=ADVANCED_FACE('',(#418),#107,.T.);
#6235=ADVANCED_FACE('',(#419),#108,.T.);
#6236=ADVANCED_FACE('',(#420),#109,.T.);
#6237=ADVANCED_FACE('',(#421),#110,.T.);
#6238=ADVANCED_FACE('',(#422),#111,.T.);
#6239=ADVANCED_FACE('',(#423),#112,.T.);
#6240=ADVANCED_FACE('',(#424),#113,.T.);
#6241=ADVANCED_FACE('',(#425),#114,.T.);
#6242=ADVANCED_FACE('',(#426),#115,.T.);
#6243=ADVANCED_FACE('',(#427),#116,.T.);
#6244=ADVANCED_FACE('',(#428),#117,.T.);
#6245=ADVANCED_FACE('',(#429),#118,.T.);
#6246=ADVANCED_FACE('',(#430),#119,.T.);
#6247=ADVANCED_FACE('',(#431),#120,.T.);
#6248=ADVANCED_FACE('',(#432),#121,.T.);
#6249=ADVANCED_FACE('',(#433),#122,.T.);
#6250=ADVANCED_FACE('',(#434),#123,.T.);
#6251=ADVANCED_FACE('',(#435),#124,.T.);
#6252=ADVANCED_FACE('',(#436),#125,.T.);
#6253=ADVANCED_FACE('',(#437),#126,.T.);
#6254=ADVANCED_FACE('',(#438),#127,.T.);
#6255=ADVANCED_FACE('',(#439),#128,.T.);
#6256=ADVANCED_FACE('',(#440),#129,.T.);
#6257=ADVANCED_FACE('',(#441),#130,.T.);
#6258=ADVANCED_FACE('',(#442),#131,.T.);
#6259=ADVANCED_FACE('',(#443),#132,.T.);
#6260=ADVANCED_FACE('',(#444),#133,.T.);
#6261=ADVANCED_FACE('',(#445),#134,.T.);
#6262=ADVANCED_FACE('',(#446),#135,.T.);
#6263=ADVANCED_FACE('',(#447),#136,.T.);
#6264=ADVANCED_FACE('',(#448),#137,.T.);
#6265=ADVANCED_FACE('',(#449),#138,.T.);
#6266=ADVANCED_FACE('',(#450),#139,.T.);
#6267=ADVANCED_FACE('',(#451),#140,.T.);
#6268=ADVANCED_FACE('',(#452),#141,.T.);
#6269=ADVANCED_FACE('',(#453),#142,.T.);
#6270=ADVANCED_FACE('',(#454),#143,.T.);
#6271=ADVANCED_FACE('',(#455),#144,.T.);
#6272=ADVANCED_FACE('',(#456),#145,.T.);
#6273=ADVANCED_FACE('',(#457),#146,.T.);
#6274=ADVANCED_FACE('',(#458),#147,.T.);
#6275=ADVANCED_FACE('',(#459),#148,.T.);
#6276=ADVANCED_FACE('',(#460),#149,.T.);
#6277=ADVANCED_FACE('',(#461),#150,.T.);
#6278=ADVANCED_FACE('',(#462),#151,.T.);
#6279=ADVANCED_FACE('',(#463),#152,.T.);
#6280=ADVANCED_FACE('',(#464),#153,.T.);
#6281=ADVANCED_FACE('',(#465),#154,.T.);
#6282=ADVANCED_FACE('',(#466),#155,.T.);
#6283=ADVANCED_FACE('',(#467),#156,.T.);
#6284=ADVANCED_FACE('',(#468),#157,.T.);
#6285=ADVANCED_FACE('',(#469),#158,.T.);
#6286=ADVANCED_FACE('',(#470),#159,.T.);
#6287=ADVANCED_FACE('',(#471),#160,.T.);
#6288=ADVANCED_FACE('',(#472),#161,.T.);
#6289=ADVANCED_FACE('',(#473),#162,.T.);
#6290=ADVANCED_FACE('',(#474),#163,.T.);
#6291=ADVANCED_FACE('',(#475),#164,.T.);
#6292=ADVANCED_FACE('',(#476),#165,.T.);
#6293=ADVANCED_FACE('',(#477),#166,.T.);
#6294=ADVANCED_FACE('',(#478),#167,.T.);
#6295=ADVANCED_FACE('',(#479),#168,.T.);
#6296=ADVANCED_FACE('',(#480),#169,.T.);
#6297=ADVANCED_FACE('',(#481),#170,.T.);
#6298=ADVANCED_FACE('',(#482),#171,.T.);
#6299=ADVANCED_FACE('',(#483),#172,.T.);
#6300=ADVANCED_FACE('',(#484),#173,.T.);
#6301=ADVANCED_FACE('',(#485),#174,.T.);
#6302=ADVANCED_FACE('',(#486),#175,.T.);
#6303=ADVANCED_FACE('',(#487),#176,.T.);
#6304=ADVANCED_FACE('',(#488),#177,.T.);
#6305=ADVANCED_FACE('',(#489),#178,.T.);
#6306=ADVANCED_FACE('',(#490),#179,.T.);
#6307=ADVANCED_FACE('',(#491),#180,.T.);
#6308=ADVANCED_FACE('',(#492),#181,.T.);
#6309=ADVANCED_FACE('',(#493),#182,.T.);
#6310=ADVANCED_FACE('',(#494),#183,.T.);
#6311=ADVANCED_FACE('',(#495),#184,.T.);
#6312=ADVANCED_FACE('',(#496),#185,.T.);
#6313=ADVANCED_FACE('',(#497),#186,.T.);
#6314=ADVANCED_FACE('',(#498),#187,.T.);
#6315=ADVANCED_FACE('',(#499),#188,.T.);
#6316=ADVANCED_FACE('',(#500),#189,.T.);
#6317=ADVANCED_FACE('',(#501),#190,.T.);
#6318=ADVANCED_FACE('',(#502),#191,.T.);
#6319=ADVANCED_FACE('',(#503),#192,.T.);
#6320=ADVANCED_FACE('',(#504),#193,.T.);
#6321=ADVANCED_FACE('',(#505),#194,.T.);
#6322=ADVANCED_FACE('',(#506),#195,.T.);
#6323=ADVANCED_FACE('',(#507),#196,.T.);
#6324=ADVANCED_FACE('',(#508),#197,.T.);
#6325=ADVANCED_FACE('',(#509),#198,.T.);
#6326=ADVANCED_FACE('',(#510),#199,.T.);
#6327=ADVANCED_FACE('',(#511,#51),#200,.T.);
#6328=ADVANCED_FACE('',(#512),#201,.T.);
#6329=ADVANCED_FACE('',(#513),#202,.T.);
#6330=ADVANCED_FACE('',(#514),#203,.T.);
#6331=ADVANCED_FACE('',(#515),#204,.T.);
#6332=ADVANCED_FACE('',(#516),#205,.T.);
#6333=ADVANCED_FACE('',(#517),#206,.T.);
#6334=ADVANCED_FACE('',(#518),#207,.T.);
#6335=ADVANCED_FACE('',(#519),#208,.F.);
#6336=ADVANCED_FACE('',(#520),#209,.F.);
#6337=ADVANCED_FACE('',(#521),#210,.F.);
#6338=ADVANCED_FACE('',(#522),#211,.F.);
#6339=ADVANCED_FACE('',(#523),#6147,.F.);
#6340=ADVANCED_FACE('',(#524),#6148,.F.);
#6341=ADVANCED_FACE('',(#525),#212,.T.);
#6342=ADVANCED_FACE('',(#526),#213,.T.);
#6343=ADVANCED_FACE('',(#527),#214,.T.);
#6344=ADVANCED_FACE('',(#528),#215,.T.);
#6345=ADVANCED_FACE('',(#529),#216,.T.);
#6346=ADVANCED_FACE('',(#530),#217,.T.);
#6347=ADVANCED_FACE('',(#531),#218,.T.);
#6348=ADVANCED_FACE('',(#532),#219,.T.);
#6349=ADVANCED_FACE('',(#533),#220,.T.);
#6350=ADVANCED_FACE('',(#534),#221,.T.);
#6351=ADVANCED_FACE('',(#535),#222,.T.);
#6352=ADVANCED_FACE('',(#536),#223,.T.);
#6353=ADVANCED_FACE('',(#537),#224,.T.);
#6354=ADVANCED_FACE('',(#538),#225,.T.);
#6355=ADVANCED_FACE('',(#539),#226,.T.);
#6356=ADVANCED_FACE('',(#540),#227,.T.);
#6357=ADVANCED_FACE('',(#541),#228,.T.);
#6358=ADVANCED_FACE('',(#542),#229,.T.);
#6359=ADVANCED_FACE('',(#543),#230,.T.);
#6360=ADVANCED_FACE('',(#544),#231,.T.);
#6361=ADVANCED_FACE('',(#545),#232,.T.);
#6362=ADVANCED_FACE('',(#546),#233,.T.);
#6363=ADVANCED_FACE('',(#547),#234,.T.);
#6364=ADVANCED_FACE('',(#548),#235,.T.);
#6365=ADVANCED_FACE('',(#549),#236,.T.);
#6366=ADVANCED_FACE('',(#550),#237,.T.);
#6367=ADVANCED_FACE('',(#551),#238,.T.);
#6368=ADVANCED_FACE('',(#552),#239,.T.);
#6369=ADVANCED_FACE('',(#553),#240,.T.);
#6370=ADVANCED_FACE('',(#554),#241,.T.);
#6371=ADVANCED_FACE('',(#555),#242,.T.);
#6372=ADVANCED_FACE('',(#556),#243,.T.);
#6373=ADVANCED_FACE('',(#557),#244,.T.);
#6374=ADVANCED_FACE('',(#558),#245,.T.);
#6375=ADVANCED_FACE('',(#559),#246,.T.);
#6376=ADVANCED_FACE('',(#560),#247,.T.);
#6377=ADVANCED_FACE('',(#561),#248,.T.);
#6378=ADVANCED_FACE('',(#562),#249,.T.);
#6379=ADVANCED_FACE('',(#563),#250,.T.);
#6380=ADVANCED_FACE('',(#564),#251,.T.);
#6381=ADVANCED_FACE('',(#565),#252,.T.);
#6382=ADVANCED_FACE('',(#566),#253,.T.);
#6383=ADVANCED_FACE('',(#567),#254,.T.);
#6384=ADVANCED_FACE('',(#568),#255,.T.);
#6385=ADVANCED_FACE('',(#569),#256,.T.);
#6386=ADVANCED_FACE('',(#570),#257,.T.);
#6387=ADVANCED_FACE('',(#571),#258,.T.);
#6388=ADVANCED_FACE('',(#572),#259,.T.);
#6389=ADVANCED_FACE('',(#573),#260,.T.);
#6390=ADVANCED_FACE('',(#574),#261,.T.);
#6391=ADVANCED_FACE('',(#575),#262,.T.);
#6392=ADVANCED_FACE('',(#576),#263,.T.);
#6393=ADVANCED_FACE('',(#577),#264,.T.);
#6394=ADVANCED_FACE('',(#578),#265,.T.);
#6395=ADVANCED_FACE('',(#579),#266,.T.);
#6396=ADVANCED_FACE('',(#580),#267,.T.);
#6397=ADVANCED_FACE('',(#581),#268,.T.);
#6398=ADVANCED_FACE('',(#582),#269,.T.);
#6399=ADVANCED_FACE('',(#583),#270,.T.);
#6400=ADVANCED_FACE('',(#584),#271,.T.);
#6401=ADVANCED_FACE('',(#585),#272,.T.);
#6402=ADVANCED_FACE('',(#586),#273,.T.);
#6403=ADVANCED_FACE('',(#587),#274,.T.);
#6404=ADVANCED_FACE('',(#588),#275,.T.);
#6405=ADVANCED_FACE('',(#589),#276,.T.);
#6406=ADVANCED_FACE('',(#590),#277,.T.);
#6407=ADVANCED_FACE('',(#591),#278,.T.);
#6408=ADVANCED_FACE('',(#592),#279,.T.);
#6409=ADVANCED_FACE('',(#593),#280,.T.);
#6410=ADVANCED_FACE('',(#594),#281,.T.);
#6411=ADVANCED_FACE('',(#595),#282,.T.);
#6412=ADVANCED_FACE('',(#596),#283,.T.);
#6413=ADVANCED_FACE('',(#597),#284,.T.);
#6414=ADVANCED_FACE('',(#598),#285,.T.);
#6415=ADVANCED_FACE('',(#599),#286,.T.);
#6416=ADVANCED_FACE('',(#600),#287,.T.);
#6417=ADVANCED_FACE('',(#601),#288,.T.);
#6418=ADVANCED_FACE('',(#602),#289,.T.);
#6419=ADVANCED_FACE('',(#603),#290,.T.);
#6420=ADVANCED_FACE('',(#604),#291,.T.);
#6421=ADVANCED_FACE('',(#605),#292,.T.);
#6422=ADVANCED_FACE('',(#606),#293,.T.);
#6423=ADVANCED_FACE('',(#607),#294,.T.);
#6424=ADVANCED_FACE('',(#608),#295,.T.);
#6425=ADVANCED_FACE('',(#609),#296,.T.);
#6426=ADVANCED_FACE('',(#610),#297,.T.);
#6427=ADVANCED_FACE('',(#611),#298,.T.);
#6428=ADVANCED_FACE('',(#612),#299,.T.);
#6429=ADVANCED_FACE('',(#613),#300,.T.);
#6430=ADVANCED_FACE('',(#614),#301,.T.);
#6431=ADVANCED_FACE('',(#615),#302,.T.);
#6432=ADVANCED_FACE('',(#616),#303,.T.);
#6433=ADVANCED_FACE('',(#617),#304,.T.);
#6434=ADVANCED_FACE('',(#618),#305,.T.);
#6435=ADVANCED_FACE('',(#619),#306,.T.);
#6436=ADVANCED_FACE('',(#620),#307,.T.);
#6437=ADVANCED_FACE('',(#621),#308,.T.);
#6438=ADVANCED_FACE('',(#622),#309,.T.);
#6439=ADVANCED_FACE('',(#623),#310,.T.);
#6440=ADVANCED_FACE('',(#624),#311,.T.);
#6441=ADVANCED_FACE('',(#625),#312,.T.);
#6442=ADVANCED_FACE('',(#626),#313,.T.);
#6443=ADVANCED_FACE('',(#627),#314,.T.);
#6444=ADVANCED_FACE('',(#628),#315,.T.);
#6445=ADVANCED_FACE('',(#629),#316,.T.);
#6446=ADVANCED_FACE('',(#630),#317,.T.);
#6447=ADVANCED_FACE('',(#631),#318,.T.);
#6448=ADVANCED_FACE('',(#632),#319,.T.);
#6449=ADVANCED_FACE('',(#633),#320,.T.);
#6450=ADVANCED_FACE('',(#634),#321,.T.);
#6451=ADVANCED_FACE('',(#635),#322,.T.);
#6452=ADVANCED_FACE('',(#636),#323,.T.);
#6453=ADVANCED_FACE('',(#637),#324,.T.);
#6454=ADVANCED_FACE('',(#638),#325,.T.);
#6455=ADVANCED_FACE('',(#639),#326,.T.);
#6456=ADVANCED_FACE('',(#640),#327,.T.);
#6457=ADVANCED_FACE('',(#641,#52),#328,.T.);
#6458=ADVANCED_FACE('',(#642),#329,.T.);
#6459=ADVANCED_FACE('',(#643),#330,.T.);
#6460=ADVANCED_FACE('',(#644),#331,.T.);
#6461=ADVANCED_FACE('',(#645),#332,.T.);
#6462=CLOSED_SHELL('',(#6149,#6150,#6151,#6152,#6153,#6154,#6155,#6156,
#6157,#6158,#6159,#6160,#6161,#6162,#6163,#6164,#6165,#6166,#6167,#6168,
#6169,#6170,#6171,#6172,#6173,#6174,#6175,#6176,#6177,#6178,#6179,#6180,
#6181,#6182,#6183,#6184,#6185,#6186,#6187,#6188,#6189,#6190,#6191,#6192,
#6193,#6194,#6195,#6196,#6197,#6198,#6199,#6200,#6201,#6202,#6203,#6204,
#6205,#6206,#6207,#6208,#6209,#6210,#6211,#6212,#6213,#6214,#6215,#6216,
#6217,#6218,#6219,#6220,#6221,#6222,#6223,#6224,#6225,#6226,#6227,#6228,
#6229,#6230,#6231,#6232,#6233,#6234,#6235,#6236,#6237,#6238,#6239,#6240,
#6241,#6242,#6243,#6244,#6245,#6246,#6247,#6248,#6249,#6250,#6251,#6252,
#6253,#6254,#6255,#6256,#6257,#6258,#6259,#6260,#6261,#6262,#6263,#6264,
#6265,#6266,#6267,#6268,#6269,#6270,#6271,#6272,#6273,#6274,#6275,#6276,
#6277,#6278,#6279,#6280,#6281,#6282,#6283,#6284,#6285,#6286,#6287,#6288,
#6289,#6290,#6291,#6292,#6293,#6294,#6295,#6296,#6297,#6298,#6299,#6300,
#6301,#6302,#6303,#6304,#6305,#6306,#6307,#6308,#6309,#6310,#6311,#6312,
#6313,#6314,#6315,#6316,#6317,#6318,#6319,#6320,#6321,#6322,#6323,#6324,
#6325,#6326,#6327,#6328,#6329,#6330,#6331,#6332,#6333,#6334,#6335,#6336,
#6337,#6338,#6339,#6340,#6341,#6342,#6343,#6344,#6345,#6346,#6347,#6348,
#6349,#6350,#6351,#6352,#6353,#6354,#6355,#6356,#6357,#6358,#6359,#6360,
#6361,#6362,#6363,#6364,#6365,#6366,#6367,#6368,#6369,#6370,#6371,#6372,
#6373,#6374,#6375,#6376,#6377,#6378,#6379,#6380,#6381,#6382,#6383,#6384,
#6385,#6386,#6387,#6388,#6389,#6390,#6391,#6392,#6393,#6394,#6395,#6396,
#6397,#6398,#6399,#6400,#6401,#6402,#6403,#6404,#6405,#6406,#6407,#6408,
#6409,#6410,#6411,#6412,#6413,#6414,#6415,#6416,#6417,#6418,#6419,#6420,
#6421,#6422,#6423,#6424,#6425,#6426,#6427,#6428,#6429,#6430,#6431,#6432,
#6433,#6434,#6435,#6436,#6437,#6438,#6439,#6440,#6441,#6442,#6443,#6444,
#6445,#6446,#6447,#6448,#6449,#6450,#6451,#6452,#6453,#6454,#6455,#6456,
#6457,#6458,#6459,#6460,#6461));
#6463=DERIVED_UNIT_ELEMENT(#6465,1.);
#6464=DERIVED_UNIT_ELEMENT(#10308,-3.);
#6465=(
MASS_UNIT()
NAMED_UNIT(*)
SI_UNIT(.KILO.,.GRAM.)
);
#6466=DERIVED_UNIT((#6463,#6464));
#6467=MEASURE_REPRESENTATION_ITEM('density measure',
POSITIVE_RATIO_MEASURE(7850.),#6466);
#6468=PROPERTY_DEFINITION_REPRESENTATION(#6473,#6470);
#6469=PROPERTY_DEFINITION_REPRESENTATION(#6474,#6471);
#6470=REPRESENTATION('material name',(#6472),#10305);
#6471=REPRESENTATION('density',(#6467),#10305);
#6472=DESCRIPTIVE_REPRESENTATION_ITEM('Steel','Steel');
#6473=PROPERTY_DEFINITION('material property','material name',#10315);
#6474=PROPERTY_DEFINITION('material property','density of part',#10315);
#6475=AXIS2_PLACEMENT_3D('',#8464,#6855,#6856);
#6476=AXIS2_PLACEMENT_3D('',#8465,#6857,#6858);
#6477=AXIS2_PLACEMENT_3D('',#8470,#6860,#6861);
#6478=AXIS2_PLACEMENT_3D('',#8473,#6863,#6864);
#6479=AXIS2_PLACEMENT_3D('',#8474,#6865,#6866);
#6480=AXIS2_PLACEMENT_3D('',#8479,#6868,#6869);
#6481=AXIS2_PLACEMENT_3D('',#8482,#6871,#6872);
#6482=AXIS2_PLACEMENT_3D('',#8483,#6873,#6874);
#6483=AXIS2_PLACEMENT_3D('',#8492,#6879,#6880);
#6484=AXIS2_PLACEMENT_3D('',#8501,#6885,#6886);
#6485=AXIS2_PLACEMENT_3D('',#8503,#6887,#6888);
#6486=AXIS2_PLACEMENT_3D('',#8506,#6890,#6891);
#6487=AXIS2_PLACEMENT_3D('',#8507,#6892,#6893);
#6488=AXIS2_PLACEMENT_3D('',#8508,#6894,#6895);
#6489=AXIS2_PLACEMENT_3D('',#8509,#6896,#6897);
#6490=AXIS2_PLACEMENT_3D('',#8510,#6898,#6899);
#6491=AXIS2_PLACEMENT_3D('',#8512,#6900,#6901);
#6492=AXIS2_PLACEMENT_3D('',#8515,#6903,#6904);
#6493=AXIS2_PLACEMENT_3D('',#8516,#6905,#6906);
#6494=AXIS2_PLACEMENT_3D('',#8519,#6909,#6910);
#6495=AXIS2_PLACEMENT_3D('',#8528,#6915,#6916);
#6496=AXIS2_PLACEMENT_3D('',#8530,#6917,#6918);
#6497=AXIS2_PLACEMENT_3D('',#8533,#6920,#6921);
#6498=AXIS2_PLACEMENT_3D('',#8534,#6922,#6923);
#6499=AXIS2_PLACEMENT_3D('',#8536,#6924,#6925);
#6500=AXIS2_PLACEMENT_3D('',#8539,#6927,#6928);
#6501=AXIS2_PLACEMENT_3D('',#8540,#6929,#6930);
#6502=AXIS2_PLACEMENT_3D('',#8543,#6933,#6934);
#6503=AXIS2_PLACEMENT_3D('',#8552,#6939,#6940);
#6504=AXIS2_PLACEMENT_3D('',#8554,#6941,#6942);
#6505=AXIS2_PLACEMENT_3D('',#8557,#6944,#6945);
#6506=AXIS2_PLACEMENT_3D('',#8558,#6946,#6947);
#6507=AXIS2_PLACEMENT_3D('',#8560,#6948,#6949);
#6508=AXIS2_PLACEMENT_3D('',#8563,#6951,#6952);
#6509=AXIS2_PLACEMENT_3D('',#8564,#6953,#6954);
#6510=AXIS2_PLACEMENT_3D('',#8567,#6957,#6958);
#6511=AXIS2_PLACEMENT_3D('',#8576,#6963,#6964);
#6512=AXIS2_PLACEMENT_3D('',#8578,#6965,#6966);
#6513=AXIS2_PLACEMENT_3D('',#8581,#6968,#6969);
#6514=AXIS2_PLACEMENT_3D('',#8582,#6970,#6971);
#6515=AXIS2_PLACEMENT_3D('',#8584,#6972,#6973);
#6516=AXIS2_PLACEMENT_3D('',#8587,#6975,#6976);
#6517=AXIS2_PLACEMENT_3D('',#8588,#6977,#6978);
#6518=AXIS2_PLACEMENT_3D('',#8591,#6981,#6982);
#6519=AXIS2_PLACEMENT_3D('',#8600,#6987,#6988);
#6520=AXIS2_PLACEMENT_3D('',#8602,#6989,#6990);
#6521=AXIS2_PLACEMENT_3D('',#8605,#6992,#6993);
#6522=AXIS2_PLACEMENT_3D('',#8606,#6994,#6995);
#6523=AXIS2_PLACEMENT_3D('',#8610,#6997,#6998);
#6524=AXIS2_PLACEMENT_3D('',#8611,#6999,#7000);
#6525=AXIS2_PLACEMENT_3D('',#8612,#7001,#7002);
#6526=AXIS2_PLACEMENT_3D('',#8615,#7005,#7006);
#6527=AXIS2_PLACEMENT_3D('',#8621,#7010,#7011);
#6528=AXIS2_PLACEMENT_3D('',#8623,#7012,#7013);
#6529=AXIS2_PLACEMENT_3D('',#8626,#7015,#7016);
#6530=AXIS2_PLACEMENT_3D('',#8627,#7017,#7018);
#6531=AXIS2_PLACEMENT_3D('',#8630,#7021,#7022);
#6532=AXIS2_PLACEMENT_3D('',#8639,#7027,#7028);
#6533=AXIS2_PLACEMENT_3D('',#8641,#7029,#7030);
#6534=AXIS2_PLACEMENT_3D('',#8644,#7032,#7033);
#6535=AXIS2_PLACEMENT_3D('',#8645,#7034,#7035);
#6536=AXIS2_PLACEMENT_3D('',#8647,#7036,#7037);
#6537=AXIS2_PLACEMENT_3D('',#8650,#7039,#7040);
#6538=AXIS2_PLACEMENT_3D('',#8651,#7041,#7042);
#6539=AXIS2_PLACEMENT_3D('',#8654,#7045,#7046);
#6540=AXIS2_PLACEMENT_3D('',#8663,#7051,#7052);
#6541=AXIS2_PLACEMENT_3D('',#8665,#7053,#7054);
#6542=AXIS2_PLACEMENT_3D('',#8668,#7056,#7057);
#6543=AXIS2_PLACEMENT_3D('',#8669,#7058,#7059);
#6544=AXIS2_PLACEMENT_3D('',#8671,#7060,#7061);
#6545=AXIS2_PLACEMENT_3D('',#8674,#7063,#7064);
#6546=AXIS2_PLACEMENT_3D('',#8675,#7065,#7066);
#6547=AXIS2_PLACEMENT_3D('',#8678,#7069,#7070);
#6548=AXIS2_PLACEMENT_3D('',#8684,#7074,#7075);
#6549=AXIS2_PLACEMENT_3D('',#8688,#7077,#7078);
#6550=AXIS2_PLACEMENT_3D('',#8689,#7079,#7080);
#6551=AXIS2_PLACEMENT_3D('',#8690,#7081,#7082);
#6552=AXIS2_PLACEMENT_3D('',#8699,#7087,#7088);
#6553=AXIS2_PLACEMENT_3D('',#8702,#7091,#7092);
#6554=AXIS2_PLACEMENT_3D('',#8704,#7093,#7094);
#6555=AXIS2_PLACEMENT_3D('',#8707,#7096,#7097);
#6556=AXIS2_PLACEMENT_3D('',#8708,#7098,#7099);
#6557=AXIS2_PLACEMENT_3D('',#8710,#7100,#7101);
#6558=AXIS2_PLACEMENT_3D('',#8713,#7103,#7104);
#6559=AXIS2_PLACEMENT_3D('',#8714,#7105,#7106);
#6560=AXIS2_PLACEMENT_3D('',#8959,#7228,#7229);
#6561=AXIS2_PLACEMENT_3D('',#8962,#7231,#7232);
#6562=AXIS2_PLACEMENT_3D('',#8964,#7233,#7234);
#6563=AXIS2_PLACEMENT_3D('',#8974,#7240,#7241);
#6564=AXIS2_PLACEMENT_3D('',#9220,#7364,#7365);
#6565=AXIS2_PLACEMENT_3D('',#9222,#7366,#7367);
#6566=AXIS2_PLACEMENT_3D('',#9224,#7368,#7369);
#6567=AXIS2_PLACEMENT_3D('',#9234,#7375,#7376);
#6568=AXIS2_PLACEMENT_3D('',#9237,#7379,#7380);
#6569=AXIS2_PLACEMENT_3D('',#9238,#7381,#7382);
#6570=AXIS2_PLACEMENT_3D('',#9239,#7383,#7384);
#6571=AXIS2_PLACEMENT_3D('',#9242,#7385,#7386);
#6572=AXIS2_PLACEMENT_3D('',#9246,#7388,#7389);
#6573=AXIS2_PLACEMENT_3D('',#9248,#7391,#7392);
#6574=AXIS2_PLACEMENT_3D('',#9254,#7396,#7397);
#6575=AXIS2_PLACEMENT_3D('',#9256,#7398,#7399);
#6576=AXIS2_PLACEMENT_3D('',#9258,#7400,#7401);
#6577=AXIS2_PLACEMENT_3D('',#9260,#7403,#7404);
#6578=AXIS2_PLACEMENT_3D('',#9266,#7408,#7409);
#6579=AXIS2_PLACEMENT_3D('',#9268,#7410,#7411);
#6580=AXIS2_PLACEMENT_3D('',#9270,#7412,#7413);
#6581=AXIS2_PLACEMENT_3D('',#9272,#7415,#7416);
#6582=AXIS2_PLACEMENT_3D('',#9278,#7420,#7421);
#6583=AXIS2_PLACEMENT_3D('',#9280,#7422,#7423);
#6584=AXIS2_PLACEMENT_3D('',#9283,#7425,#7426);
#6585=AXIS2_PLACEMENT_3D('',#9284,#7427,#7428);
#6586=AXIS2_PLACEMENT_3D('',#9287,#7431,#7432);
#6587=AXIS2_PLACEMENT_3D('',#9289,#7433,#7434);
#6588=AXIS2_PLACEMENT_3D('',#9292,#7436,#7437);
#6589=AXIS2_PLACEMENT_3D('',#9293,#7438,#7439);
#6590=AXIS2_PLACEMENT_3D('',#9294,#7440,#7441);
#6591=AXIS2_PLACEMENT_3D('',#9296,#7442,#7443);
#6592=AXIS2_PLACEMENT_3D('',#9299,#7445,#7446);
#6593=AXIS2_PLACEMENT_3D('',#9300,#7447,#7448);
#6594=AXIS2_PLACEMENT_3D('',#9301,#7449,#7450);
#6595=AXIS2_PLACEMENT_3D('',#9303,#7451,#7452);
#6596=AXIS2_PLACEMENT_3D('',#9306,#7454,#7455);
#6597=AXIS2_PLACEMENT_3D('',#9307,#7456,#7457);
#6598=AXIS2_PLACEMENT_3D('',#9308,#7458,#7459);
#6599=AXIS2_PLACEMENT_3D('',#9310,#7460,#7461);
#6600=AXIS2_PLACEMENT_3D('',#9313,#7463,#7464);
#6601=AXIS2_PLACEMENT_3D('',#9314,#7465,#7466);
#6602=AXIS2_PLACEMENT_3D('',#9315,#7467,#7468);
#6603=AXIS2_PLACEMENT_3D('',#9317,#7469,#7470);
#6604=AXIS2_PLACEMENT_3D('',#9320,#7472,#7473);
#6605=AXIS2_PLACEMENT_3D('',#9321,#7474,#7475);
#6606=AXIS2_PLACEMENT_3D('',#9322,#7476,#7477);
#6607=AXIS2_PLACEMENT_3D('',#9328,#7481,#7482);
#6608=AXIS2_PLACEMENT_3D('',#9332,#7485,#7486);
#6609=AXIS2_PLACEMENT_3D('',#9336,#7489,#7490);
#6610=AXIS2_PLACEMENT_3D('',#9814,#7730,#7731);
#6611=AXIS2_PLACEMENT_3D('',#9816,#7733,#7734);
#6612=AXIS2_PLACEMENT_3D('',#9818,#7736,#7737);
#6613=AXIS2_PLACEMENT_3D('',#9820,#7739,#7740);
#6614=AXIS2_PLACEMENT_3D('',#9822,#7742,#7743);
#6615=AXIS2_PLACEMENT_3D('',#9824,#7745,#7746);
#6616=AXIS2_PLACEMENT_3D('',#9826,#7748,#7749);
#6617=AXIS2_PLACEMENT_3D('',#9828,#7751,#7752);
#6618=AXIS2_PLACEMENT_3D('',#9830,#7754,#7755);
#6619=AXIS2_PLACEMENT_3D('',#9832,#7757,#7758);
#6620=AXIS2_PLACEMENT_3D('',#9834,#7760,#7761);
#6621=AXIS2_PLACEMENT_3D('',#9836,#7763,#7764);
#6622=AXIS2_PLACEMENT_3D('',#9838,#7766,#7767);
#6623=AXIS2_PLACEMENT_3D('',#9840,#7769,#7770);
#6624=AXIS2_PLACEMENT_3D('',#9842,#7772,#7773);
#6625=AXIS2_PLACEMENT_3D('',#9844,#7775,#7776);
#6626=AXIS2_PLACEMENT_3D('',#9847,#7779,#7780);
#6627=AXIS2_PLACEMENT_3D('',#9849,#7782,#7783);
#6628=AXIS2_PLACEMENT_3D('',#9851,#7785,#7786);
#6629=AXIS2_PLACEMENT_3D('',#9853,#7788,#7789);
#6630=AXIS2_PLACEMENT_3D('',#9855,#7791,#7792);
#6631=AXIS2_PLACEMENT_3D('',#9857,#7794,#7795);
#6632=AXIS2_PLACEMENT_3D('',#9859,#7797,#7798);
#6633=AXIS2_PLACEMENT_3D('',#9861,#7800,#7801);
#6634=AXIS2_PLACEMENT_3D('',#9863,#7803,#7804);
#6635=AXIS2_PLACEMENT_3D('',#9865,#7806,#7807);
#6636=AXIS2_PLACEMENT_3D('',#9867,#7809,#7810);
#6637=AXIS2_PLACEMENT_3D('',#9869,#7812,#7813);
#6638=AXIS2_PLACEMENT_3D('',#9871,#7815,#7816);
#6639=AXIS2_PLACEMENT_3D('',#9873,#7818,#7819);
#6640=AXIS2_PLACEMENT_3D('',#9875,#7821,#7822);
#6641=AXIS2_PLACEMENT_3D('',#9877,#7824,#7825);
#6642=AXIS2_PLACEMENT_3D('',#9879,#7827,#7828);
#6643=AXIS2_PLACEMENT_3D('',#9881,#7830,#7831);
#6644=AXIS2_PLACEMENT_3D('',#9883,#7833,#7834);
#6645=AXIS2_PLACEMENT_3D('',#9885,#7836,#7837);
#6646=AXIS2_PLACEMENT_3D('',#9887,#7839,#7840);
#6647=AXIS2_PLACEMENT_3D('',#9889,#7842,#7843);
#6648=AXIS2_PLACEMENT_3D('',#9891,#7845,#7846);
#6649=AXIS2_PLACEMENT_3D('',#9893,#7848,#7849);
#6650=AXIS2_PLACEMENT_3D('',#9895,#7851,#7852);
#6651=AXIS2_PLACEMENT_3D('',#9897,#7854,#7855);
#6652=AXIS2_PLACEMENT_3D('',#9899,#7857,#7858);
#6653=AXIS2_PLACEMENT_3D('',#9901,#7860,#7861);
#6654=AXIS2_PLACEMENT_3D('',#9903,#7863,#7864);
#6655=AXIS2_PLACEMENT_3D('',#9905,#7866,#7867);
#6656=AXIS2_PLACEMENT_3D('',#9907,#7869,#7870);
#6657=AXIS2_PLACEMENT_3D('',#9909,#7872,#7873);
#6658=AXIS2_PLACEMENT_3D('',#9912,#7876,#7877);
#6659=AXIS2_PLACEMENT_3D('',#9913,#7878,#7879);
#6660=AXIS2_PLACEMENT_3D('',#9915,#7881,#7882);
#6661=AXIS2_PLACEMENT_3D('',#9917,#7884,#7885);
#6662=AXIS2_PLACEMENT_3D('',#9919,#7887,#7888);
#6663=AXIS2_PLACEMENT_3D('',#9921,#7890,#7891);
#6664=AXIS2_PLACEMENT_3D('',#9923,#7893,#7894);
#6665=AXIS2_PLACEMENT_3D('',#9925,#7896,#7897);
#6666=AXIS2_PLACEMENT_3D('',#9927,#7899,#7900);
#6667=AXIS2_PLACEMENT_3D('',#9929,#7902,#7903);
#6668=AXIS2_PLACEMENT_3D('',#9931,#7905,#7906);
#6669=AXIS2_PLACEMENT_3D('',#9933,#7908,#7909);
#6670=AXIS2_PLACEMENT_3D('',#9935,#7911,#7912);
#6671=AXIS2_PLACEMENT_3D('',#9937,#7914,#7915);
#6672=AXIS2_PLACEMENT_3D('',#9939,#7917,#7918);
#6673=AXIS2_PLACEMENT_3D('',#9941,#7920,#7921);
#6674=AXIS2_PLACEMENT_3D('',#9943,#7923,#7924);
#6675=AXIS2_PLACEMENT_3D('',#9945,#7926,#7927);
#6676=AXIS2_PLACEMENT_3D('',#9947,#7929,#7930);
#6677=AXIS2_PLACEMENT_3D('',#9949,#7932,#7933);
#6678=AXIS2_PLACEMENT_3D('',#9951,#7935,#7936);
#6679=AXIS2_PLACEMENT_3D('',#9953,#7938,#7939);
#6680=AXIS2_PLACEMENT_3D('',#9955,#7941,#7942);
#6681=AXIS2_PLACEMENT_3D('',#9957,#7944,#7945);
#6682=AXIS2_PLACEMENT_3D('',#9959,#7947,#7948);
#6683=AXIS2_PLACEMENT_3D('',#9961,#7950,#7951);
#6684=AXIS2_PLACEMENT_3D('',#9963,#7953,#7954);
#6685=AXIS2_PLACEMENT_3D('',#9965,#7956,#7957);
#6686=AXIS2_PLACEMENT_3D('',#9967,#7959,#7960);
#6687=AXIS2_PLACEMENT_3D('',#9969,#7962,#7963);
#6688=AXIS2_PLACEMENT_3D('',#9971,#7965,#7966);
#6689=AXIS2_PLACEMENT_3D('',#9973,#7968,#7969);
#6690=AXIS2_PLACEMENT_3D('',#9975,#7971,#7972);
#6691=AXIS2_PLACEMENT_3D('',#9978,#7975,#7976);
#6692=AXIS2_PLACEMENT_3D('',#9979,#7977,#7978);
#6693=AXIS2_PLACEMENT_3D('',#9981,#7980,#7981);
#6694=AXIS2_PLACEMENT_3D('',#9983,#7983,#7984);
#6695=AXIS2_PLACEMENT_3D('',#9985,#7986,#7987);
#6696=AXIS2_PLACEMENT_3D('',#9987,#7989,#7990);
#6697=AXIS2_PLACEMENT_3D('',#9989,#7992,#7993);
#6698=AXIS2_PLACEMENT_3D('',#9991,#7995,#7996);
#6699=AXIS2_PLACEMENT_3D('',#9993,#7998,#7999);
#6700=AXIS2_PLACEMENT_3D('',#9995,#8001,#8002);
#6701=AXIS2_PLACEMENT_3D('',#9997,#8004,#8005);
#6702=AXIS2_PLACEMENT_3D('',#9999,#8007,#8008);
#6703=AXIS2_PLACEMENT_3D('',#10001,#8010,#8011);
#6704=AXIS2_PLACEMENT_3D('',#10003,#8013,#8014);
#6705=AXIS2_PLACEMENT_3D('',#10005,#8016,#8017);
#6706=AXIS2_PLACEMENT_3D('',#10007,#8019,#8020);
#6707=AXIS2_PLACEMENT_3D('',#10009,#8022,#8023);
#6708=AXIS2_PLACEMENT_3D('',#10011,#8025,#8026);
#6709=AXIS2_PLACEMENT_3D('',#10013,#8028,#8029);
#6710=AXIS2_PLACEMENT_3D('',#10016,#8032,#8033);
#6711=AXIS2_PLACEMENT_3D('',#10018,#8035,#8036);
#6712=AXIS2_PLACEMENT_3D('',#10020,#8038,#8039);
#6713=AXIS2_PLACEMENT_3D('',#10022,#8041,#8042);
#6714=AXIS2_PLACEMENT_3D('',#10024,#8044,#8045);
#6715=AXIS2_PLACEMENT_3D('',#10026,#8047,#8048);
#6716=AXIS2_PLACEMENT_3D('',#10029,#8051,#8052);
#6717=AXIS2_PLACEMENT_3D('',#10031,#8054,#8055);
#6718=AXIS2_PLACEMENT_3D('',#10032,#8056,#8057);
#6719=AXIS2_PLACEMENT_3D('',#10035,#8060,#8061);
#6720=AXIS2_PLACEMENT_3D('',#10037,#8063,#8064);
#6721=AXIS2_PLACEMENT_3D('',#10038,#8065,#8066);
#6722=AXIS2_PLACEMENT_3D('',#10039,#8067,#8068);
#6723=AXIS2_PLACEMENT_3D('',#10041,#8070,#8071);
#6724=AXIS2_PLACEMENT_3D('',#10043,#8073,#8074);
#6725=AXIS2_PLACEMENT_3D('',#10045,#8076,#8077);
#6726=AXIS2_PLACEMENT_3D('',#10047,#8079,#8080);
#6727=AXIS2_PLACEMENT_3D('',#10048,#8081,#8082);
#6728=AXIS2_PLACEMENT_3D('',#10049,#8083,#8084);
#6729=AXIS2_PLACEMENT_3D('',#10052,#8087,#8088);
#6730=AXIS2_PLACEMENT_3D('',#10054,#8090,#8091);
#6731=AXIS2_PLACEMENT_3D('',#10056,#8093,#8094);
#6732=AXIS2_PLACEMENT_3D('',#10057,#8095,#8096);
#6733=AXIS2_PLACEMENT_3D('',#10059,#8098,#8099);
#6734=AXIS2_PLACEMENT_3D('',#10061,#8101,#8102);
#6735=AXIS2_PLACEMENT_3D('',#10064,#8105,#8106);
#6736=AXIS2_PLACEMENT_3D('',#10066,#8108,#8109);
#6737=AXIS2_PLACEMENT_3D('',#10068,#8111,#8112);
#6738=AXIS2_PLACEMENT_3D('',#10070,#8114,#8115);
#6739=AXIS2_PLACEMENT_3D('',#10072,#8117,#8118);
#6740=AXIS2_PLACEMENT_3D('',#10074,#8120,#8121);
#6741=AXIS2_PLACEMENT_3D('',#10076,#8123,#8124);
#6742=AXIS2_PLACEMENT_3D('',#10078,#8126,#8127);
#6743=AXIS2_PLACEMENT_3D('',#10080,#8129,#8130);
#6744=AXIS2_PLACEMENT_3D('',#10082,#8132,#8133);
#6745=AXIS2_PLACEMENT_3D('',#10084,#8135,#8136);
#6746=AXIS2_PLACEMENT_3D('',#10086,#8138,#8139);
#6747=AXIS2_PLACEMENT_3D('',#10088,#8141,#8142);
#6748=AXIS2_PLACEMENT_3D('',#10090,#8144,#8145);
#6749=AXIS2_PLACEMENT_3D('',#10092,#8147,#8148);
#6750=AXIS2_PLACEMENT_3D('',#10094,#8150,#8151);
#6751=AXIS2_PLACEMENT_3D('',#10096,#8153,#8154);
#6752=AXIS2_PLACEMENT_3D('',#10098,#8156,#8157);
#6753=AXIS2_PLACEMENT_3D('',#10100,#8159,#8160);
#6754=AXIS2_PLACEMENT_3D('',#10102,#8162,#8163);
#6755=AXIS2_PLACEMENT_3D('',#10104,#8165,#8166);
#6756=AXIS2_PLACEMENT_3D('',#10106,#8168,#8169);
#6757=AXIS2_PLACEMENT_3D('',#10108,#8171,#8172);
#6758=AXIS2_PLACEMENT_3D('',#10110,#8174,#8175);
#6759=AXIS2_PLACEMENT_3D('',#10112,#8177,#8178);
#6760=AXIS2_PLACEMENT_3D('',#10114,#8180,#8181);
#6761=AXIS2_PLACEMENT_3D('',#10116,#8183,#8184);
#6762=AXIS2_PLACEMENT_3D('',#10118,#8186,#8187);
#6763=AXIS2_PLACEMENT_3D('',#10120,#8189,#8190);
#6764=AXIS2_PLACEMENT_3D('',#10122,#8192,#8193);
#6765=AXIS2_PLACEMENT_3D('',#10124,#8195,#8196);
#6766=AXIS2_PLACEMENT_3D('',#10126,#8198,#8199);
#6767=AXIS2_PLACEMENT_3D('',#10128,#8201,#8202);
#6768=AXIS2_PLACEMENT_3D('',#10130,#8204,#8205);
#6769=AXIS2_PLACEMENT_3D('',#10132,#8207,#8208);
#6770=AXIS2_PLACEMENT_3D('',#10134,#8210,#8211);
#6771=AXIS2_PLACEMENT_3D('',#10136,#8213,#8214);
#6772=AXIS2_PLACEMENT_3D('',#10138,#8216,#8217);
#6773=AXIS2_PLACEMENT_3D('',#10140,#8219,#8220);
#6774=AXIS2_PLACEMENT_3D('',#10142,#8222,#8223);
#6775=AXIS2_PLACEMENT_3D('',#10144,#8225,#8226);
#6776=AXIS2_PLACEMENT_3D('',#10146,#8228,#8229);
#6777=AXIS2_PLACEMENT_3D('',#10148,#8231,#8232);
#6778=AXIS2_PLACEMENT_3D('',#10150,#8234,#8235);
#6779=AXIS2_PLACEMENT_3D('',#10152,#8237,#8238);
#6780=AXIS2_PLACEMENT_3D('',#10154,#8240,#8241);
#6781=AXIS2_PLACEMENT_3D('',#10156,#8243,#8244);
#6782=AXIS2_PLACEMENT_3D('',#10158,#8246,#8247);
#6783=AXIS2_PLACEMENT_3D('',#10160,#8249,#8250);
#6784=AXIS2_PLACEMENT_3D('',#10162,#8252,#8253);
#6785=AXIS2_PLACEMENT_3D('',#10164,#8255,#8256);
#6786=AXIS2_PLACEMENT_3D('',#10166,#8258,#8259);
#6787=AXIS2_PLACEMENT_3D('',#10168,#8261,#8262);
#6788=AXIS2_PLACEMENT_3D('',#10170,#8264,#8265);
#6789=AXIS2_PLACEMENT_3D('',#10172,#8267,#8268);
#6790=AXIS2_PLACEMENT_3D('',#10174,#8270,#8271);
#6791=AXIS2_PLACEMENT_3D('',#10176,#8273,#8274);
#6792=AXIS2_PLACEMENT_3D('',#10178,#8276,#8277);
#6793=AXIS2_PLACEMENT_3D('',#10180,#8279,#8280);
#6794=AXIS2_PLACEMENT_3D('',#10182,#8282,#8283);
#6795=AXIS2_PLACEMENT_3D('',#10184,#8285,#8286);
#6796=AXIS2_PLACEMENT_3D('',#10186,#8288,#8289);
#6797=AXIS2_PLACEMENT_3D('',#10188,#8291,#8292);
#6798=AXIS2_PLACEMENT_3D('',#10190,#8294,#8295);
#6799=AXIS2_PLACEMENT_3D('',#10192,#8297,#8298);
#6800=AXIS2_PLACEMENT_3D('',#10194,#8300,#8301);
#6801=AXIS2_PLACEMENT_3D('',#10196,#8303,#8304);
#6802=AXIS2_PLACEMENT_3D('',#10198,#8306,#8307);
#6803=AXIS2_PLACEMENT_3D('',#10200,#8309,#8310);
#6804=AXIS2_PLACEMENT_3D('',#10202,#8312,#8313);
#6805=AXIS2_PLACEMENT_3D('',#10204,#8315,#8316);
#6806=AXIS2_PLACEMENT_3D('',#10206,#8318,#8319);
#6807=AXIS2_PLACEMENT_3D('',#10208,#8321,#8322);
#6808=AXIS2_PLACEMENT_3D('',#10210,#8324,#8325);
#6809=AXIS2_PLACEMENT_3D('',#10212,#8327,#8328);
#6810=AXIS2_PLACEMENT_3D('',#10214,#8330,#8331);
#6811=AXIS2_PLACEMENT_3D('',#10216,#8333,#8334);
#6812=AXIS2_PLACEMENT_3D('',#10218,#8336,#8337);
#6813=AXIS2_PLACEMENT_3D('',#10220,#8339,#8340);
#6814=AXIS2_PLACEMENT_3D('',#10222,#8342,#8343);
#6815=AXIS2_PLACEMENT_3D('',#10224,#8345,#8346);
#6816=AXIS2_PLACEMENT_3D('',#10226,#8348,#8349);
#6817=AXIS2_PLACEMENT_3D('',#10228,#8351,#8352);
#6818=AXIS2_PLACEMENT_3D('',#10230,#8354,#8355);
#6819=AXIS2_PLACEMENT_3D('',#10232,#8357,#8358);
#6820=AXIS2_PLACEMENT_3D('',#10234,#8360,#8361);
#6821=AXIS2_PLACEMENT_3D('',#10236,#8363,#8364);
#6822=AXIS2_PLACEMENT_3D('',#10238,#8366,#8367);
#6823=AXIS2_PLACEMENT_3D('',#10240,#8369,#8370);
#6824=AXIS2_PLACEMENT_3D('',#10242,#8372,#8373);
#6825=AXIS2_PLACEMENT_3D('',#10244,#8375,#8376);
#6826=AXIS2_PLACEMENT_3D('',#10246,#8378,#8379);
#6827=AXIS2_PLACEMENT_3D('',#10248,#8381,#8382);
#6828=AXIS2_PLACEMENT_3D('',#10250,#8384,#8385);
#6829=AXIS2_PLACEMENT_3D('',#10252,#8387,#8388);
#6830=AXIS2_PLACEMENT_3D('',#10254,#8390,#8391);
#6831=AXIS2_PLACEMENT_3D('',#10256,#8393,#8394);
#6832=AXIS2_PLACEMENT_3D('',#10258,#8396,#8397);
#6833=AXIS2_PLACEMENT_3D('',#10260,#8399,#8400);
#6834=AXIS2_PLACEMENT_3D('',#10262,#8402,#8403);
#6835=AXIS2_PLACEMENT_3D('',#10264,#8405,#8406);
#6836=AXIS2_PLACEMENT_3D('',#10266,#8408,#8409);
#6837=AXIS2_PLACEMENT_3D('',#10268,#8411,#8412);
#6838=AXIS2_PLACEMENT_3D('',#10270,#8414,#8415);
#6839=AXIS2_PLACEMENT_3D('',#10272,#8417,#8418);
#6840=AXIS2_PLACEMENT_3D('',#10274,#8420,#8421);
#6841=AXIS2_PLACEMENT_3D('',#10276,#8423,#8424);
#6842=AXIS2_PLACEMENT_3D('',#10278,#8426,#8427);
#6843=AXIS2_PLACEMENT_3D('',#10280,#8429,#8430);
#6844=AXIS2_PLACEMENT_3D('',#10282,#8432,#8433);
#6845=AXIS2_PLACEMENT_3D('',#10284,#8435,#8436);
#6846=AXIS2_PLACEMENT_3D('',#10286,#8438,#8439);
#6847=AXIS2_PLACEMENT_3D('',#10288,#8441,#8442);
#6848=AXIS2_PLACEMENT_3D('',#10290,#8444,#8445);
#6849=AXIS2_PLACEMENT_3D('',#10292,#8447,#8448);
#6850=AXIS2_PLACEMENT_3D('',#10294,#8450,#8451);
#6851=AXIS2_PLACEMENT_3D('',#10296,#8453,#8454);
#6852=AXIS2_PLACEMENT_3D('',#10298,#8456,#8457);
#6853=AXIS2_PLACEMENT_3D('',#10300,#8459,#8460);
#6854=AXIS2_PLACEMENT_3D('',#10302,#8462,#8463);
#6855=DIRECTION('axis',(0.,0.,1.));
#6856=DIRECTION('refdir',(1.,0.,0.));
#6857=DIRECTION('center_axis',(0.,0.,-1.));
#6858=DIRECTION('ref_axis',(1.,4.57156271342117E-64,0.));
#6859=DIRECTION('',(0.,0.,-1.));
#6860=DIRECTION('center_axis',(0.,0.,1.));
#6861=DIRECTION('ref_axis',(1.,4.57156271342117E-64,0.));
#6862=DIRECTION('',(0.,0.,1.));
#6863=DIRECTION('center_axis',(0.,0.,-1.));
#6864=DIRECTION('ref_axis',(1.,4.57156271342117E-64,0.));
#6865=DIRECTION('center_axis',(0.,0.,-1.));
#6866=DIRECTION('ref_axis',(1.,4.57156271342117E-64,0.));
#6867=DIRECTION('',(0.,0.,-1.));
#6868=DIRECTION('center_axis',(0.,0.,1.));
#6869=DIRECTION('ref_axis',(1.,4.57156271342117E-64,0.));
#6870=DIRECTION('',(0.,0.,1.));
#6871=DIRECTION('center_axis',(0.,0.,-1.));
#6872=DIRECTION('ref_axis',(1.,4.57156271342117E-64,0.));
#6873=DIRECTION('center_axis',(0.,-1.,0.));
#6874=DIRECTION('ref_axis',(1.,0.,0.));
#6875=DIRECTION('',(1.,0.,0.));
#6876=DIRECTION('',(0.,0.,-1.));
#6877=DIRECTION('',(1.,0.,0.));
#6878=DIRECTION('',(0.,0.,1.));
#6879=DIRECTION('center_axis',(0.,1.,0.));
#6880=DIRECTION('ref_axis',(-1.,0.,0.));
#6881=DIRECTION('',(-1.,0.,0.));
#6882=DIRECTION('',(0.,0.,-1.));
#6883=DIRECTION('',(-1.,0.,0.));
#6884=DIRECTION('',(0.,0.,1.));
#6885=DIRECTION('center_axis',(0.,0.,-1.));
#6886=DIRECTION('ref_axis',(1.,4.57156271342117E-64,0.));
#6887=DIRECTION('center_axis',(0.,0.,-1.));
#6888=DIRECTION('ref_axis',(1.,4.57156271342117E-64,0.));
#6889=DIRECTION('',(0.,0.,-1.));
#6890=DIRECTION('center_axis',(0.,0.,1.));
#6891=DIRECTION('ref_axis',(1.,4.57156271342117E-64,0.));
#6892=DIRECTION('center_axis',(0.,0.,-1.));
#6893=DIRECTION('ref_axis',(1.,4.57156271342117E-64,0.));
#6894=DIRECTION('center_axis',(0.,0.,-1.));
#6895=DIRECTION('ref_axis',(1.,4.57156271342117E-64,0.));
#6896=DIRECTION('center_axis',(0.,0.,1.));
#6897=DIRECTION('ref_axis',(1.,4.57156271342117E-64,0.));
#6898=DIRECTION('center_axis',(0.,0.,-1.));
#6899=DIRECTION('ref_axis',(1.,4.57156271342117E-64,0.));
#6900=DIRECTION('center_axis',(0.,0.,1.));
#6901=DIRECTION('ref_axis',(1.,4.57156271342117E-64,0.));
#6902=DIRECTION('',(0.,0.,1.));
#6903=DIRECTION('center_axis',(0.,0.,-1.));
#6904=DIRECTION('ref_axis',(1.,4.57156271342117E-64,0.));
#6905=DIRECTION('center_axis',(0.,-1.,0.));
#6906=DIRECTION('ref_axis',(1.,0.,0.));
#6907=DIRECTION('',(1.,0.,0.));
#6908=DIRECTION('',(1.,0.,0.));
#6909=DIRECTION('center_axis',(0.,1.,0.));
#6910=DIRECTION('ref_axis',(-1.,0.,0.));
#6911=DIRECTION('',(-1.,0.,0.));
#6912=DIRECTION('',(0.,0.,-1.));
#6913=DIRECTION('',(-1.,0.,0.));
#6914=DIRECTION('',(0.,0.,1.));
#6915=DIRECTION('center_axis',(0.,0.,-1.));
#6916=DIRECTION('ref_axis',(1.,4.57156271342117E-64,0.));
#6917=DIRECTION('center_axis',(0.,0.,-1.));
#6918=DIRECTION('ref_axis',(1.,4.57156271342117E-64,0.));
#6919=DIRECTION('',(0.,0.,-1.));
#6920=DIRECTION('center_axis',(0.,0.,1.));
#6921=DIRECTION('ref_axis',(1.,4.57156271342117E-64,0.));
#6922=DIRECTION('center_axis',(0.,0.,-1.));
#6923=DIRECTION('ref_axis',(1.,4.57156271342117E-64,0.));
#6924=DIRECTION('center_axis',(0.,0.,1.));
#6925=DIRECTION('ref_axis',(1.,4.57156271342117E-64,0.));
#6926=DIRECTION('',(0.,0.,1.));
#6927=DIRECTION('center_axis',(0.,0.,-1.));
#6928=DIRECTION('ref_axis',(1.,4.57156271342117E-64,0.));
#6929=DIRECTION('center_axis',(0.,-1.,0.));
#6930=DIRECTION('ref_axis',(1.,0.,0.));
#6931=DIRECTION('',(1.,0.,0.));
#6932=DIRECTION('',(1.,0.,0.));
#6933=DIRECTION('center_axis',(0.,1.,0.));
#6934=DIRECTION('ref_axis',(-1.,0.,0.));
#6935=DIRECTION('',(-1.,0.,0.));
#6936=DIRECTION('',(0.,0.,-1.));
#6937=DIRECTION('',(-1.,0.,0.));
#6938=DIRECTION('',(0.,0.,1.));
#6939=DIRECTION('center_axis',(0.,0.,-1.));
#6940=DIRECTION('ref_axis',(1.,4.57156271342117E-64,0.));
#6941=DIRECTION('center_axis',(0.,0.,-1.));
#6942=DIRECTION('ref_axis',(1.,4.57156271342117E-64,0.));
#6943=DIRECTION('',(0.,0.,-1.));
#6944=DIRECTION('center_axis',(0.,0.,1.));
#6945=DIRECTION('ref_axis',(1.,4.57156271342117E-64,0.));
#6946=DIRECTION('center_axis',(0.,0.,-1.));
#6947=DIRECTION('ref_axis',(1.,4.57156271342117E-64,0.));
#6948=DIRECTION('center_axis',(0.,0.,1.));
#6949=DIRECTION('ref_axis',(1.,4.57156271342117E-64,0.));
#6950=DIRECTION('',(0.,0.,1.));
#6951=DIRECTION('center_axis',(0.,0.,-1.));
#6952=DIRECTION('ref_axis',(1.,4.57156271342117E-64,0.));
#6953=DIRECTION('center_axis',(0.,-1.,0.));
#6954=DIRECTION('ref_axis',(1.,0.,0.));
#6955=DIRECTION('',(-1.,0.,0.));
#6956=DIRECTION('',(1.,0.,0.));
#6957=DIRECTION('center_axis',(0.,1.,0.));
#6958=DIRECTION('ref_axis',(-1.,0.,0.));
#6959=DIRECTION('',(1.,0.,0.));
#6960=DIRECTION('',(0.,0.,-1.));
#6961=DIRECTION('',(-1.,0.,0.));
#6962=DIRECTION('',(0.,0.,1.));
#6963=DIRECTION('center_axis',(0.,0.,-1.));
#6964=DIRECTION('ref_axis',(1.,4.57156271342117E-64,0.));
#6965=DIRECTION('center_axis',(0.,0.,-1.));
#6966=DIRECTION('ref_axis',(1.,4.57156271342117E-64,0.));
#6967=DIRECTION('',(0.,0.,-1.));
#6968=DIRECTION('center_axis',(0.,0.,1.));
#6969=DIRECTION('ref_axis',(1.,4.57156271342117E-64,0.));
#6970=DIRECTION('center_axis',(0.,0.,-1.));
#6971=DIRECTION('ref_axis',(1.,4.57156271342117E-64,0.));
#6972=DIRECTION('center_axis',(0.,0.,1.));
#6973=DIRECTION('ref_axis',(1.,4.57156271342117E-64,0.));
#6974=DIRECTION('',(0.,0.,1.));
#6975=DIRECTION('center_axis',(0.,0.,-1.));
#6976=DIRECTION('ref_axis',(1.,4.57156271342117E-64,0.));
#6977=DIRECTION('center_axis',(0.,-1.,0.));
#6978=DIRECTION('ref_axis',(1.,0.,0.));
#6979=DIRECTION('',(1.,0.,0.));
#6980=DIRECTION('',(1.,0.,0.));
#6981=DIRECTION('center_axis',(0.,1.,0.));
#6982=DIRECTION('ref_axis',(-1.,0.,0.));
#6983=DIRECTION('',(-1.,0.,0.));
#6984=DIRECTION('',(0.,0.,-1.));
#6985=DIRECTION('',(-1.,0.,0.));
#6986=DIRECTION('',(0.,0.,1.));
#6987=DIRECTION('center_axis',(0.,0.,-1.));
#6988=DIRECTION('ref_axis',(1.,4.57156271342117E-64,0.));
#6989=DIRECTION('center_axis',(0.,0.,-1.));
#6990=DIRECTION('ref_axis',(1.,4.57156271342117E-64,0.));
#6991=DIRECTION('',(0.,0.,-1.));
#6992=DIRECTION('center_axis',(0.,0.,1.));
#6993=DIRECTION('ref_axis',(1.,4.57156271342117E-64,0.));
#6994=DIRECTION('center_axis',(0.,0.,-1.));
#6995=DIRECTION('ref_axis',(1.,4.57156271342117E-64,0.));
#6996=DIRECTION('',(0.,0.,1.));
#6997=DIRECTION('center_axis',(0.,0.,-1.));
#6998=DIRECTION('ref_axis',(1.,4.57156271342117E-64,0.));
#6999=DIRECTION('center_axis',(0.,0.,1.));
#7000=DIRECTION('ref_axis',(1.,4.57156271342117E-64,0.));
#7001=DIRECTION('center_axis',(0.,-1.,0.));
#7002=DIRECTION('ref_axis',(1.,0.,0.));
#7003=DIRECTION('',(1.,0.,0.));
#7004=DIRECTION('',(-1.,0.,0.));
#7005=DIRECTION('center_axis',(0.,1.,0.));
#7006=DIRECTION('ref_axis',(-1.,0.,0.));
#7007=DIRECTION('',(-1.,0.,0.));
#7008=DIRECTION('',(-1.,0.,0.));
#7009=DIRECTION('',(0.,0.,1.));
#7010=DIRECTION('center_axis',(0.,0.,-1.));
#7011=DIRECTION('ref_axis',(1.,4.57156271342117E-64,0.));
#7012=DIRECTION('center_axis',(0.,0.,-1.));
#7013=DIRECTION('ref_axis',(1.,4.57156271342117E-64,0.));
#7014=DIRECTION('',(0.,0.,-1.));
#7015=DIRECTION('center_axis',(0.,0.,1.));
#7016=DIRECTION('ref_axis',(1.,4.57156271342117E-64,0.));
#7017=DIRECTION('center_axis',(0.,-1.,0.));
#7018=DIRECTION('ref_axis',(1.,0.,0.));
#7019=DIRECTION('',(1.,0.,0.));
#7020=DIRECTION('',(1.,0.,0.));
#7021=DIRECTION('center_axis',(0.,1.,0.));
#7022=DIRECTION('ref_axis',(-1.,0.,0.));
#7023=DIRECTION('',(-1.,0.,0.));
#7024=DIRECTION('',(0.,0.,-1.));
#7025=DIRECTION('',(-1.,0.,0.));
#7026=DIRECTION('',(0.,0.,1.));
#7027=DIRECTION('center_axis',(0.,0.,-1.));
#7028=DIRECTION('ref_axis',(1.,4.57156271342117E-64,0.));
#7029=DIRECTION('center_axis',(0.,0.,-1.));
#7030=DIRECTION('ref_axis',(1.,4.57156271342117E-64,0.));
#7031=DIRECTION('',(0.,0.,-1.));
#7032=DIRECTION('center_axis',(0.,0.,1.));
#7033=DIRECTION('ref_axis',(1.,4.57156271342117E-64,0.));
#7034=DIRECTION('center_axis',(0.,0.,-1.));
#7035=DIRECTION('ref_axis',(1.,4.57156271342117E-64,0.));
#7036=DIRECTION('center_axis',(0.,0.,1.));
#7037=DIRECTION('ref_axis',(1.,4.57156271342117E-64,0.));
#7038=DIRECTION('',(0.,0.,1.));
#7039=DIRECTION('center_axis',(0.,0.,-1.));
#7040=DIRECTION('ref_axis',(1.,4.57156271342117E-64,0.));
#7041=DIRECTION('center_axis',(0.,-1.,0.));
#7042=DIRECTION('ref_axis',(1.,0.,0.));
#7043=DIRECTION('',(1.,0.,0.));
#7044=DIRECTION('',(1.,0.,0.));
#7045=DIRECTION('center_axis',(0.,1.,0.));
#7046=DIRECTION('ref_axis',(-1.,0.,0.));
#7047=DIRECTION('',(-1.,0.,0.));
#7048=DIRECTION('',(0.,0.,-1.));
#7049=DIRECTION('',(-1.,0.,0.));
#7050=DIRECTION('',(0.,0.,1.));
#7051=DIRECTION('center_axis',(0.,0.,-1.));
#7052=DIRECTION('ref_axis',(1.,4.57156271342117E-64,0.));
#7053=DIRECTION('center_axis',(0.,0.,-1.));
#7054=DIRECTION('ref_axis',(1.,4.57156271342117E-64,0.));
#7055=DIRECTION('',(0.,0.,-1.));
#7056=DIRECTION('center_axis',(0.,0.,1.));
#7057=DIRECTION('ref_axis',(1.,4.57156271342117E-64,0.));
#7058=DIRECTION('center_axis',(0.,0.,-1.));
#7059=DIRECTION('ref_axis',(1.,4.57156271342117E-64,0.));
#7060=DIRECTION('center_axis',(0.,0.,1.));
#7061=DIRECTION('ref_axis',(1.,4.57156271342117E-64,0.));
#7062=DIRECTION('',(0.,0.,1.));
#7063=DIRECTION('center_axis',(0.,0.,-1.));
#7064=DIRECTION('ref_axis',(1.,4.57156271342117E-64,0.));
#7065=DIRECTION('center_axis',(0.,-1.,0.));
#7066=DIRECTION('ref_axis',(1.,0.,0.));
#7067=DIRECTION('',(1.,0.,0.));
#7068=DIRECTION('',(1.,0.,0.));
#7069=DIRECTION('center_axis',(0.,1.,0.));
#7070=DIRECTION('ref_axis',(-1.,0.,0.));
#7071=DIRECTION('',(-1.,0.,0.));
#7072=DIRECTION('',(0.,0.,-1.));
#7073=DIRECTION('',(-1.,0.,0.));
#7074=DIRECTION('center_axis',(0.,0.,-1.));
#7075=DIRECTION('ref_axis',(1.,4.57156271342117E-64,0.));
#7076=DIRECTION('',(0.,0.,1.));
#7077=DIRECTION('center_axis',(0.,0.,-1.));
#7078=DIRECTION('ref_axis',(1.,4.57156271342117E-64,0.));
#7079=DIRECTION('center_axis',(0.,0.,1.));
#7080=DIRECTION('ref_axis',(1.,4.57156271342117E-64,0.));
#7081=DIRECTION('center_axis',(0.,1.,0.));
#7082=DIRECTION('ref_axis',(-1.,0.,0.));
#7083=DIRECTION('',(-1.,0.,0.));
#7084=DIRECTION('',(0.,0.,-1.));
#7085=DIRECTION('',(-1.,0.,0.));
#7086=DIRECTION('',(0.,0.,1.));
#7087=DIRECTION('center_axis',(0.,-1.,0.));
#7088=DIRECTION('ref_axis',(1.,0.,0.));
#7089=DIRECTION('',(1.,0.,0.));
#7090=DIRECTION('',(-1.,0.,0.));
#7091=DIRECTION('center_axis',(0.,0.,-1.));
#7092=DIRECTION('ref_axis',(1.,4.57156271342117E-64,0.));
#7093=DIRECTION('center_axis',(0.,0.,1.));
#7094=DIRECTION('ref_axis',(1.,4.57156271342117E-64,0.));
#7095=DIRECTION('',(0.,0.,1.));
#7096=DIRECTION('center_axis',(0.,0.,-1.));
#7097=DIRECTION('ref_axis',(1.,4.57156271342117E-64,0.));
#7098=DIRECTION('center_axis',(0.,0.,-1.));
#7099=DIRECTION('ref_axis',(1.,4.57156271342117E-64,0.));
#7100=DIRECTION('center_axis',(0.,0.,-1.));
#7101=DIRECTION('ref_axis',(1.,4.57156271342117E-64,0.));
#7102=DIRECTION('',(0.,0.,-1.));
#7103=DIRECTION('center_axis',(0.,0.,1.));
#7104=DIRECTION('ref_axis',(1.,4.57156271342117E-64,0.));
#7105=DIRECTION('center_axis',(0.,0.,1.));
#7106=DIRECTION('ref_axis',(1.,0.,0.));
#7107=DIRECTION('',(0.999794563287071,-0.020268971893369,0.));
#7108=DIRECTION('',(1.,0.,0.));
#7109=DIRECTION('',(0.999794537331858,0.0202702521290732,0.));
#7110=DIRECTION('',(0.998151918902946,0.0607679750392084,0.));
#7111=DIRECTION('',(0.994882268087498,0.10104094538887,0.));
#7112=DIRECTION('',(0.990005463670033,0.141029010857636,0.));
#7113=DIRECTION('',(0.983549877747498,0.180636757009421,0.));
#7114=DIRECTION('',(0.975542299116058,0.219811789118227,0.));
#7115=DIRECTION('',(0.966011529080785,0.258498985845214,0.));
#7116=DIRECTION('',(0.954998216802214,0.296611540410333,0.));
#7117=DIRECTION('',(0.942519192087059,0.334152020115931,0.));
#7118=DIRECTION('',(0.928624858829355,0.37102004199795,0.));
#7119=DIRECTION('',(0.913338522944416,0.407201108183307,0.));
#7120=DIRECTION('',(0.896682444707888,0.442674364914758,0.));
#7121=DIRECTION('',(0.878705117431277,0.477364972112624,0.));
#7122=DIRECTION('',(0.859415684214917,0.511277499725351,0.));
#7123=DIRECTION('',(0.838853541097334,0.544357177401441,0.));
#7124=DIRECTION('',(0.817035961629694,0.576586712822834,0.));
#7125=DIRECTION('',(0.793984240268152,0.60793834079272,0.));
#7126=DIRECTION('',(0.769723195487304,0.638377789658141,0.));
#7127=DIRECTION('',(0.744274176508724,0.667874202363186,0.));
#7128=DIRECTION('',(0.717667629135975,0.696385794003832,0.));
#7129=DIRECTION('',(0.68991178227556,0.723893453953936,0.));
#7130=DIRECTION('',(0.661023230035822,0.750365437205772,0.));
#7131=DIRECTION('',(0.631051185423057,0.775741194842813,0.));
#7132=DIRECTION('',(0.599997003662566,0.800002247244308,0.));
#7133=DIRECTION('',(0.567904658574609,0.823094343784026,0.));
#7134=DIRECTION('',(0.534798770881243,0.844979452214024,0.));
#7135=DIRECTION('',(0.500725950824265,0.865605869995771,0.));
#7136=DIRECTION('',(0.465732354303529,0.884925631991125,0.));
#7137=DIRECTION('',(0.429841919021233,0.902904161388208,0.));
#7138=DIRECTION('',(0.393139352264086,0.919478901172493,0.));
#7139=DIRECTION('',(0.355684017584285,0.934606269845812,0.));
#7140=DIRECTION('',(0.31752167356398,0.948251014667071,0.));
#7141=DIRECTION('',(0.29821067812904,0.954500074096287,0.));
#7142=DIRECTION('',(0.279596862261815,0.96011749000492,0.));
#7143=DIRECTION('',(0.24177426919188,0.970332521745372,0.));
#7144=DIRECTION('',(0.203711020905208,0.979031061796181,0.));
#7145=DIRECTION('',(0.165437787421157,0.986220228191043,0.));
#7146=DIRECTION('',(0.127053039060154,0.991895924613857,0.));
#7147=DIRECTION('',(0.0886124948303911,0.996066175391944,0.));
#7148=DIRECTION('',(0.050177031719496,0.998740339371461,0.));
#7149=DIRECTION('',(0.0118109975703718,0.999930247735507,0.));
#7150=DIRECTION('',(-0.0264524753142314,0.99965007205009,0.));
#7151=DIRECTION('',(-0.0645570451766188,0.997914018299204,0.));
#7152=DIRECTION('',(-0.10243737138711,0.994739455809057,0.));
#7153=DIRECTION('',(-0.140092896032353,0.990138364311407,0.));
#7154=DIRECTION('',(-0.177459339739255,0.984128133293276,0.));
#7155=DIRECTION('',(-0.214502149200122,0.976723516655829,0.));
#7156=DIRECTION('',(-0.251195821700171,0.967936288791972,0.));
#7157=DIRECTION('',(-0.287497434816029,0.957781407720051,0.));
#7158=DIRECTION('',(-0.32338434903866,0.946267701444386,0.));
#7159=DIRECTION('',(-0.358814292971207,0.933408968866045,0.));
#7160=DIRECTION('',(-0.393772170633504,0.919208070914621,0.));
#7161=DIRECTION('',(-0.428192304149563,0.903687639988004,0.));
#7162=DIRECTION('',(-0.46207474622259,0.886840982873102,0.));
#7163=DIRECTION('',(-0.495366565265416,0.868684042685915,0.));
#7164=DIRECTION('',(-0.528012757757487,0.849236438010836,0.));
#7165=DIRECTION('',(-0.560004789847831,0.828489369483693,0.));
#7166=DIRECTION('',(-0.591264937685103,0.806477385587613,0.));
#7167=DIRECTION('',(-0.621769706673032,0.783200122487051,0.));
#7168=DIRECTION('',(-0.651460518100879,0.758682537927251,0.));
#7169=DIRECTION('',(-0.680279698689045,0.732952612077712,0.));
#7170=DIRECTION('',(-0.708189492613204,0.706022409383903,0.));
#7171=DIRECTION('',(-0.735118452665419,0.67793868494931,0.));
#7172=DIRECTION('',(-0.76100588047233,0.64874498062531,0.));
#7173=DIRECTION('',(-0.785816268808638,0.618460016230371,0.));
#7174=DIRECTION('',(-0.797849291033269,0.602856955502472,0.));
#7175=DIRECTION('',(-0.810138657201942,0.586238309996059,0.));
#7176=DIRECTION('',(-0.833709962352812,0.55220258843442,0.));
#7177=DIRECTION('',(-0.86621807845965,0.49966612907988,0.));
#7178=DIRECTION('',(-0.904234160974222,0.427036979812341,0.));
#7179=DIRECTION('',(-0.935951346329906,0.3521293474041,0.));
#7180=DIRECTION('',(-0.961300143440891,0.275503238130739,0.));
#7181=DIRECTION('',(-0.980279802616032,0.19761454547445,0.));
#7182=DIRECTION('',(-0.992906929520908,0.11889419375799,0.));
#7183=DIRECTION('',(-0.999212358440677,0.0396820203545723,0.));
#7184=DIRECTION('',(-0.999212351145996,-0.039682204037721,0.));
#7185=DIRECTION('',(-0.992906994918647,-0.118893647608367,0.));
#7186=DIRECTION('',(-0.980279802616032,-0.19761454547445,0.));
#7187=DIRECTION('',(-0.961300143440889,-0.275503238130747,0.));
#7188=DIRECTION('',(-0.935950779974745,-0.352130852758839,0.));
#7189=DIRECTION('',(-0.904234987427714,-0.427035229824897,0.));
#7190=DIRECTION('',(-0.866218078459631,-0.499666129079914,0.));
#7191=DIRECTION('',(-0.833707251034114,-0.552206681934528,0.));
#7192=DIRECTION('',(-0.810138657201942,-0.586238309996059,0.));
#7193=DIRECTION('',(-0.797849383048264,-0.602856833725474,0.));
#7194=DIRECTION('',(-0.773621676819048,-0.63364777373213,0.));
#7195=DIRECTION('',(-0.721830974649445,-0.692069392500949,0.));
#7196=DIRECTION('',(-0.666007022645854,-0.745945471054289,0.));
#7197=DIRECTION('',(-0.606616027456291,-0.794994965539498,0.));
#7198=DIRECTION('',(-0.544064670378716,-0.839043285203868,0.));
#7199=DIRECTION('',(-0.478737308870335,-0.877958193250447,0.));
#7200=DIRECTION('',(-0.41096620079343,-0.911650580982327,0.));
#7201=DIRECTION('',(-0.341054806170717,-0.94004341345911,0.));
#7202=DIRECTION('',(-0.269283032427987,-0.963061082406712,0.));
#7203=DIRECTION('',(-0.195904258255126,-0.98062302726252,0.));
#7204=DIRECTION('',(-0.121185966428588,-0.992629821001147,0.));
#7205=DIRECTION('',(-0.0454331500475203,-0.998967381287677,0.));
#7206=DIRECTION('',(0.0310581564110635,-0.999517579095208,0.));
#7207=DIRECTION('',(0.107872301699903,-0.994164758239782,0.));
#7208=DIRECTION('',(0.184593138113955,-0.982815024997706,0.));
#7209=DIRECTION('',(0.260684252893313,-0.965424114207562,0.));
#7210=DIRECTION('',(0.298206484753854,-0.95450138420578,0.));
#7211=DIRECTION('',(0.317546018864353,-0.948242862300265,0.));
#7212=DIRECTION('',(0.355691952926645,-0.934603249846281,0.));
#7213=DIRECTION('',(0.411536380461789,-0.911393333065592,0.));
#7214=DIRECTION('',(0.483291987270483,-0.875459225229906,0.));
#7215=DIRECTION('',(0.551436312931714,-0.834216993821318,0.));
#7216=DIRECTION('',(0.615621842289881,-0.788041716722924,0.));
#7217=DIRECTION('',(0.67558264392167,-0.737284267587344,0.));
#7218=DIRECTION('',(0.731105649072885,-0.682264266903753,0.));
#7219=DIRECTION('',(0.781999912694677,-0.623278538492637,0.));
#7220=DIRECTION('',(0.82810326181923,-0.560575586129428,0.));
#7221=DIRECTION('',(0.869231576156797,-0.494405164831407,0.));
#7222=DIRECTION('',(0.905193778085171,-0.42499908719419,0.));
#7223=DIRECTION('',(0.93576440460243,-0.352625834389739,0.));
#7224=DIRECTION('',(0.960705426322855,-0.277569962052492,0.));
#7225=DIRECTION('',(0.979751745894143,-0.200216174215217,0.));
#7226=DIRECTION('',(0.992652591203973,-0.120999310642818,0.));
#7227=DIRECTION('',(0.99815212017288,-0.0607646689646653,0.));
#7228=DIRECTION('center_axis',(0.,0.,-1.));
#7229=DIRECTION('ref_axis',(1.,4.57156271342117E-64,0.));
#7230=DIRECTION('',(-1.,0.,0.));
#7231=DIRECTION('center_axis',(0.,0.,-1.));
#7232=DIRECTION('ref_axis',(1.,0.,0.));
#7233=DIRECTION('center_axis',(0.,0.,-1.));
#7234=DIRECTION('ref_axis',(1.,0.,0.));
#7235=DIRECTION('',(1.,0.,0.));
#7236=DIRECTION('',(0.,-1.,0.));
#7237=DIRECTION('',(-1.,0.,0.));
#7238=DIRECTION('',(0.,1.,0.));
#7239=DIRECTION('',(-1.,0.,0.));
#7240=DIRECTION('center_axis',(0.,0.,1.));
#7241=DIRECTION('ref_axis',(1.,0.,0.));
#7242=DIRECTION('',(0.797849291033269,-0.602856955502472,0.));
#7243=DIRECTION('',(0.785816268808636,-0.618460016230373,0.));
#7244=DIRECTION('',(0.761005880472331,-0.648744980625309,0.));
#7245=DIRECTION('',(0.73511845266542,-0.677938684949309,0.));
#7246=DIRECTION('',(0.708189492613201,-0.706022409383906,0.));
#7247=DIRECTION('',(0.680279698689048,-0.73295261207771,0.));
#7248=DIRECTION('',(0.651460518100881,-0.758682537927249,0.));
#7249=DIRECTION('',(0.621769706673033,-0.783200122487051,0.));
#7250=DIRECTION('',(0.591264937685103,-0.806477385587613,0.));
#7251=DIRECTION('',(0.560004789847836,-0.82848936948369,0.));
#7252=DIRECTION('',(0.528012757757488,-0.849236438010836,0.));
#7253=DIRECTION('',(0.495366565265416,-0.868684042685915,0.));
#7254=DIRECTION('',(0.462074746222584,-0.886840982873105,0.));
#7255=DIRECTION('',(0.428192304149561,-0.903687639988005,0.));
#7256=DIRECTION('',(0.393772170633504,-0.919208070914621,0.));
#7257=DIRECTION('',(0.358814292971206,-0.933408968866045,0.));
#7258=DIRECTION('',(0.323384349038656,-0.946267701444388,0.));
#7259=DIRECTION('',(0.28749743481603,-0.957781407720051,0.));
#7260=DIRECTION('',(0.251195821700176,-0.967936288791971,0.));
#7261=DIRECTION('',(0.214502149200121,-0.976723516655829,0.));
#7262=DIRECTION('',(0.177459339739254,-0.984128133293276,0.));
#7263=DIRECTION('',(0.140092896032351,-0.990138364311407,0.));
#7264=DIRECTION('',(0.102437371387114,-0.994739455809057,0.));
#7265=DIRECTION('',(0.0645570451766165,-0.997914018299204,0.));
#7266=DIRECTION('',(0.0264524753142339,-0.99965007205009,0.));
#7267=DIRECTION('',(-0.0118109975703745,-0.999930247735507,0.));
#7268=DIRECTION('',(-0.0501770317194968,-0.998740339371461,0.));
#7269=DIRECTION('',(-0.088612494830395,-0.996066175391943,0.));
#7270=DIRECTION('',(-0.127053039060154,-0.991895924613857,0.));
#7271=DIRECTION('',(-0.165437787421157,-0.986220228191043,0.));
#7272=DIRECTION('',(-0.203711020905207,-0.979031061796181,0.));
#7273=DIRECTION('',(-0.241774269191877,-0.970332521745373,0.));
#7274=DIRECTION('',(-0.279596862261816,-0.96011749000492,0.));
#7275=DIRECTION('',(-0.298210678129045,-0.954500074096286,0.));
#7276=DIRECTION('',(-0.31752167356398,-0.948251014667071,0.));
#7277=DIRECTION('',(-0.355684017584283,-0.934606269845813,0.));
#7278=DIRECTION('',(-0.393139352264088,-0.919478901172492,0.));
#7279=DIRECTION('',(-0.429841919021227,-0.902904161388211,0.));
#7280=DIRECTION('',(-0.465732354303533,-0.884925631991123,0.));
#7281=DIRECTION('',(-0.500725950824262,-0.865605869995773,0.));
#7282=DIRECTION('',(-0.534798770881236,-0.844979452214028,0.));
#7283=DIRECTION('',(-0.567904658574607,-0.823094343784028,0.));
#7284=DIRECTION('',(-0.599997003662562,-0.800002247244311,0.));
#7285=DIRECTION('',(-0.631051185423057,-0.775741194842812,0.));
#7286=DIRECTION('',(-0.661023230035826,-0.750365437205768,0.));
#7287=DIRECTION('',(-0.689911782275565,-0.723893453953932,0.));
#7288=DIRECTION('',(-0.717667629135972,-0.696385794003836,0.));
#7289=DIRECTION('',(-0.744274176508729,-0.667874202363179,0.));
#7290=DIRECTION('',(-0.76972319548731,-0.638377789658133,0.));
#7291=DIRECTION('',(-0.793984240268155,-0.607938340792717,0.));
#7292=DIRECTION('',(-0.81703596162969,-0.57658671282284,0.));
#7293=DIRECTION('',(-0.838853541097335,-0.544357177401438,0.));
#7294=DIRECTION('',(-0.85941568421492,-0.511277499725346,0.));
#7295=DIRECTION('',(-0.878705117431278,-0.477364972112622,0.));
#7296=DIRECTION('',(-0.896682444707888,-0.442674364914759,0.));
#7297=DIRECTION('',(-0.913338522944414,-0.40720110818331,0.));
#7298=DIRECTION('',(-0.928624858829354,-0.371020041997953,0.));
#7299=DIRECTION('',(-0.94251919208706,-0.334152020115928,0.));
#7300=DIRECTION('',(-0.954998216802216,-0.296611540410328,0.));
#7301=DIRECTION('',(-0.966011529080786,-0.258498985845209,0.));
#7302=DIRECTION('',(-0.975542299116058,-0.219811789118227,0.));
#7303=DIRECTION('',(-0.9835498777475,-0.180636757009413,0.));
#7304=DIRECTION('',(-0.990005463670033,-0.141029010857635,0.));
#7305=DIRECTION('',(-0.994882268087497,-0.101040945388875,0.));
#7306=DIRECTION('',(-0.998151918902946,-0.0607679750392158,0.));
#7307=DIRECTION('',(-0.999794537331858,-0.0202702521290788,0.));
#7308=DIRECTION('',(-1.,0.,0.));
#7309=DIRECTION('',(-0.999794563287071,0.0202689718933702,0.));
#7310=DIRECTION('',(-0.99815212017288,0.0607646689646651,0.));
#7311=DIRECTION('',(-0.992652591203974,0.120999310642816,0.));
#7312=DIRECTION('',(-0.979751745894142,0.200216174215221,0.));
#7313=DIRECTION('',(-0.960705426322855,0.277569962052492,0.));
#7314=DIRECTION('',(-0.93576440460243,0.352625834389738,0.));
#7315=DIRECTION('',(-0.905193778085169,0.424999087194193,0.));
#7316=DIRECTION('',(-0.869231576156798,0.494405164831404,0.));
#7317=DIRECTION('',(-0.828103261819233,0.560575586129424,0.));
#7318=DIRECTION('',(-0.781999912694672,0.623278538492643,0.));
#7319=DIRECTION('',(-0.731105649072879,0.68226426690376,0.));
#7320=DIRECTION('',(-0.675582643921671,0.737284267587343,0.));
#7321=DIRECTION('',(-0.615621842289882,0.788041716722923,0.));
#7322=DIRECTION('',(-0.551436312931715,0.834216993821317,0.));
#7323=DIRECTION('',(-0.483291987270489,0.875459225229903,0.));
#7324=DIRECTION('',(-0.411536380461796,0.911393333065589,0.));
#7325=DIRECTION('',(-0.355691952926636,0.934603249846284,0.));
#7326=DIRECTION('',(-0.317546018864352,0.948242862300266,0.));
#7327=DIRECTION('',(-0.298206484753856,0.954501384205779,0.));
#7328=DIRECTION('',(-0.260684252893315,0.965424114207561,0.));
#7329=DIRECTION('',(-0.184593138113961,0.982815024997705,0.));
#7330=DIRECTION('',(-0.107872301699897,0.994164758239783,0.));
#7331=DIRECTION('',(-0.0310581564110641,0.999517579095208,0.));
#7332=DIRECTION('',(0.0454331500475222,0.998967381287677,0.));
#7333=DIRECTION('',(0.121185966428592,0.992629821001146,0.));
#7334=DIRECTION('',(0.195904258255135,0.980623027262518,0.));
#7335=DIRECTION('',(0.269283032427976,0.963061082406715,0.));
#7336=DIRECTION('',(0.341054806170719,0.940043413459109,0.));
#7337=DIRECTION('',(0.410966200793426,0.911650580982328,0.));
#7338=DIRECTION('',(0.478737308870338,0.877958193250445,0.));
#7339=DIRECTION('',(0.544064670378716,0.839043285203868,0.));
#7340=DIRECTION('',(0.606616027456285,0.794994965539503,0.));
#7341=DIRECTION('',(0.666007022645854,0.745945471054289,0.));
#7342=DIRECTION('',(0.721830974649448,0.692069392500946,0.));
#7343=DIRECTION('',(0.77362167681905,0.633647773732128,0.));
#7344=DIRECTION('',(0.797849383048262,0.602856833725478,0.));
#7345=DIRECTION('',(0.81013865720195,0.586238309996047,0.));
#7346=DIRECTION('',(0.833707251034116,0.552206681934525,0.));
#7347=DIRECTION('',(0.866218078459631,0.499666129079913,0.));
#7348=DIRECTION('',(0.904234987427709,0.427035229824906,0.));
#7349=DIRECTION('',(0.935950779974746,0.352130852758836,0.));
#7350=DIRECTION('',(0.961300143440889,0.275503238130745,0.));
#7351=DIRECTION('',(0.980279802616032,0.19761454547445,0.));
#7352=DIRECTION('',(0.992906994918647,0.118893647608363,0.));
#7353=DIRECTION('',(0.999212351145995,0.0396822040377261,0.));
#7354=DIRECTION('',(0.999212358440676,-0.0396820203545895,0.));
#7355=DIRECTION('',(0.99290692952091,-0.118894193757974,0.));
#7356=DIRECTION('',(0.980279802616031,-0.197614545474454,0.));
#7357=DIRECTION('',(0.961300143440891,-0.275503238130737,0.));
#7358=DIRECTION('',(0.935951346329904,-0.352129347404104,0.));
#7359=DIRECTION('',(0.904234160974218,-0.427036979812349,0.));
#7360=DIRECTION('',(0.866218078459649,-0.499666129079882,0.));
#7361=DIRECTION('',(0.833709962352818,-0.552202588434411,0.));
#7362=DIRECTION('',(0.810138657201941,-0.586238309996059,0.));
#7363=DIRECTION('',(-1.,0.,0.));
#7364=DIRECTION('center_axis',(0.,0.,1.));
#7365=DIRECTION('ref_axis',(1.,4.57156271342117E-64,0.));
#7366=DIRECTION('center_axis',(0.,0.,1.));
#7367=DIRECTION('ref_axis',(1.,0.,0.));
#7368=DIRECTION('center_axis',(0.,0.,1.));
#7369=DIRECTION('ref_axis',(1.,0.,0.));
#7370=DIRECTION('',(-1.,0.,0.));
#7371=DIRECTION('',(0.,-1.,0.));
#7372=DIRECTION('',(1.,0.,0.));
#7373=DIRECTION('',(0.,1.,0.));
#7374=DIRECTION('',(1.,0.,0.));
#7375=DIRECTION('center_axis',(0.,1.,0.));
#7376=DIRECTION('ref_axis',(-1.,0.,0.));
#7377=DIRECTION('',(0.,0.,-1.));
#7378=DIRECTION('',(0.,0.,1.));
#7379=DIRECTION('center_axis',(0.,-1.,0.));
#7380=DIRECTION('ref_axis',(1.,0.,0.));
#7381=DIRECTION('center_axis',(0.,0.,-1.));
#7382=DIRECTION('ref_axis',(1.,4.57156271342117E-64,0.));
#7383=DIRECTION('center_axis',(0.,-1.,-1.11022302462516E-16));
#7384=DIRECTION('ref_axis',(1.,-7.5852010117404E-31,6.83214169000088E-15));
#7385=DIRECTION('center_axis',(0.,-1.,0.));
#7386=DIRECTION('ref_axis',(1.,-7.5852010117404E-31,6.83214169000088E-15));
#7387=DIRECTION('',(0.,-1.,-1.11022302462516E-16));
#7388=DIRECTION('center_axis',(-1.49325356442454E-31,1.,5.45748514363037E-16));
#7389=DIRECTION('ref_axis',(1.,-7.5852010117404E-31,6.83214169000088E-15));
#7390=DIRECTION('',(0.,-1.,-1.11022302462516E-16));
#7391=DIRECTION('center_axis',(2.46519032881531E-32,-1.11022302462516E-16,
1.));
#7392=DIRECTION('ref_axis',(-1.,-2.22044604925E-16,0.));
#7393=DIRECTION('',(-1.,0.,2.46519032881531E-32));
#7394=DIRECTION('',(1.,1.49325356442454E-31,-2.46519032881531E-32));
#7395=DIRECTION('',(0.,-1.,-1.11022302462516E-16));
#7396=DIRECTION('center_axis',(0.,-1.,-1.11022302462516E-16));
#7397=DIRECTION('ref_axis',(2.46519032881497E-32,-1.11022302462516E-16,
1.));
#7398=DIRECTION('center_axis',(0.,-1.,0.));
#7399=DIRECTION('ref_axis',(2.46519032881497E-32,-1.11022302462516E-16,
1.));
#7400=DIRECTION('center_axis',(-1.49325356442454E-31,1.,5.45748514363037E-16));
#7401=DIRECTION('ref_axis',(2.46519032881497E-32,-1.11022302462516E-16,
1.));
#7402=DIRECTION('',(0.,-1.,-1.11022302462516E-16));
#7403=DIRECTION('center_axis',(-1.,-2.73691106313364E-48,2.46519032881497E-32));
#7404=DIRECTION('ref_axis',(-2.46519032881497E-32,1.110223024625E-16,-1.));
#7405=DIRECTION('',(-2.46519032881497E-32,0.,-1.));
#7406=DIRECTION('',(2.46519032881497E-32,-5.45748514363037E-16,1.));
#7407=DIRECTION('',(0.,-1.,-1.11022302462516E-16));
#7408=DIRECTION('center_axis',(0.,-1.,-1.11022302462516E-16));
#7409=DIRECTION('ref_axis',(-1.,-1.89630025293513E-31,1.70803542250024E-15));
#7410=DIRECTION('center_axis',(0.,-1.,0.));
#7411=DIRECTION('ref_axis',(-1.,-1.89630025293513E-31,1.70803542250024E-15));
#7412=DIRECTION('center_axis',(-1.49325356442454E-31,1.,5.45748514363037E-16));
#7413=DIRECTION('ref_axis',(-1.,-1.89630025293513E-31,1.70803542250024E-15));
#7414=DIRECTION('',(0.,-1.,-1.11022302462516E-16));
#7415=DIRECTION('center_axis',(1.,2.73691106313364E-48,-2.46519032881497E-32));
#7416=DIRECTION('ref_axis',(2.46519032881497E-32,-1.110223024625E-16,1.));
#7417=DIRECTION('',(2.46519032881497E-32,0.,1.));
#7418=DIRECTION('',(0.,-1.,-1.11022302462516E-16));
#7419=DIRECTION('',(-2.46519032881497E-32,5.45748514363037E-16,-1.));
#7420=DIRECTION('center_axis',(0.,-1.,-1.11022302462516E-16));
#7421=DIRECTION('ref_axis',(1.36642833800018E-14,1.11022302462516E-16,-1.));
#7422=DIRECTION('center_axis',(0.,-1.,0.));
#7423=DIRECTION('ref_axis',(1.36642833800018E-14,1.11022302462516E-16,-1.));
#7424=DIRECTION('',(0.,-1.,-1.11022302462516E-16));
#7425=DIRECTION('center_axis',(-1.49325356442454E-31,1.,5.45748514363037E-16));
#7426=DIRECTION('ref_axis',(1.36642833800018E-14,1.11022302462516E-16,-1.));
#7427=DIRECTION('center_axis',(-2.46519032881531E-32,1.11022302462516E-16,
-1.));
#7428=DIRECTION('ref_axis',(1.,2.22044604925E-16,0.));
#7429=DIRECTION('',(1.,0.,-2.46519032881531E-32));
#7430=DIRECTION('',(-1.,-1.49325356442454E-31,2.46519032881531E-32));
#7431=DIRECTION('center_axis',(0.,0.,-1.));
#7432=DIRECTION('ref_axis',(-1.,0.,0.));
#7433=DIRECTION('center_axis',(2.736156902172E-16,3.330669073875E-16,-1.));
#7434=DIRECTION('ref_axis',(-1.,0.,0.));
#7435=DIRECTION('',(0.,0.,-1.));
#7436=DIRECTION('center_axis',(0.,0.,-1.));
#7437=DIRECTION('ref_axis',(-1.,0.,0.));
#7438=DIRECTION('center_axis',(0.,0.,1.));
#7439=DIRECTION('ref_axis',(-1.,0.,0.));
#7440=DIRECTION('center_axis',(0.,0.,-1.));
#7441=DIRECTION('ref_axis',(-1.,0.,0.));
#7442=DIRECTION('center_axis',(2.736156902172E-16,3.330669073875E-16,-1.));
#7443=DIRECTION('ref_axis',(-1.,0.,0.));
#7444=DIRECTION('',(0.,0.,-1.));
#7445=DIRECTION('center_axis',(0.,0.,-1.));
#7446=DIRECTION('ref_axis',(-1.,0.,0.));
#7447=DIRECTION('center_axis',(0.,0.,1.));
#7448=DIRECTION('ref_axis',(-1.,0.,0.));
#7449=DIRECTION('center_axis',(0.,0.,-1.));
#7450=DIRECTION('ref_axis',(-1.,0.,0.));
#7451=DIRECTION('center_axis',(2.736156902172E-16,3.330669073875E-16,-1.));
#7452=DIRECTION('ref_axis',(-1.,0.,0.));
#7453=DIRECTION('',(0.,0.,-1.));
#7454=DIRECTION('center_axis',(0.,0.,-1.));
#7455=DIRECTION('ref_axis',(-1.,0.,0.));
#7456=DIRECTION('center_axis',(0.,0.,1.));
#7457=DIRECTION('ref_axis',(-1.,0.,0.));
#7458=DIRECTION('center_axis',(0.,0.,-1.));
#7459=DIRECTION('ref_axis',(-1.,0.,0.));
#7460=DIRECTION('center_axis',(2.736156902172E-16,3.330669073875E-16,-1.));
#7461=DIRECTION('ref_axis',(-1.,0.,0.));
#7462=DIRECTION('',(0.,0.,-1.));
#7463=DIRECTION('center_axis',(0.,0.,-1.));
#7464=DIRECTION('ref_axis',(-1.,0.,0.));
#7465=DIRECTION('center_axis',(0.,0.,1.));
#7466=DIRECTION('ref_axis',(-1.,0.,0.));
#7467=DIRECTION('center_axis',(0.,0.,-1.));
#7468=DIRECTION('ref_axis',(-1.,0.,0.));
#7469=DIRECTION('center_axis',(2.736156902172E-16,3.330669073875E-16,-1.));
#7470=DIRECTION('ref_axis',(-1.,0.,0.));
#7471=DIRECTION('',(0.,0.,-1.));
#7472=DIRECTION('center_axis',(0.,0.,-1.));
#7473=DIRECTION('ref_axis',(-1.,0.,0.));
#7474=DIRECTION('center_axis',(0.,0.,1.));
#7475=DIRECTION('ref_axis',(-1.,0.,0.));
#7476=DIRECTION('center_axis',(0.020268971893369,0.999794563287072,0.));
#7477=DIRECTION('ref_axis',(0.,0.,1.));
#7478=DIRECTION('',(0.,0.,1.));
#7479=DIRECTION('',(0.,0.,-1.));
#7480=DIRECTION('',(0.999794563287071,-0.0202689718933702,2.66808555724747E-16));
#7481=DIRECTION('center_axis',(0.0607646689646653,0.99815212017288,0.));
#7482=DIRECTION('ref_axis',(0.,0.,1.));
#7483=DIRECTION('',(0.,0.,-1.));
#7484=DIRECTION('',(0.99815212017288,-0.0607646689646651,2.52871380932378E-16));
#7485=DIRECTION('center_axis',(0.120999310642818,0.992652591203974,0.));
#7486=DIRECTION('ref_axis',(0.,0.,1.));
#7487=DIRECTION('',(0.,0.,-1.));
#7488=DIRECTION('',(0.992652591203974,-0.120999310642816,2.31304457696345E-16));
#7489=DIRECTION('center_axis',(-2.736156902172E-16,-3.330669073875E-16,
1.));
#7490=DIRECTION('ref_axis',(1.,0.,2.736156902172E-16));
#7491=DIRECTION('',(0.761005880472331,-0.648744980625309,-7.85233513525076E-18));
#7492=DIRECTION('',(0.785816268808636,-0.618460016230373,9.02309582530646E-18));
#7493=DIRECTION('',(0.797849291033269,-0.602856955502472,1.75123826891195E-17));
#7494=DIRECTION('',(0.810138657201941,-0.586238309996059,2.64100669594827E-17));
#7495=DIRECTION('',(0.833709962352812,-0.552202588434419,4.41957184088961E-17));
#7496=DIRECTION('',(0.866218078459649,-0.499666129079882,7.05886050774337E-17));
#7497=DIRECTION('',(0.904234160974221,-0.427036979812343,1.05180767866737E-16));
#7498=DIRECTION('',(0.935951346329904,-0.352129347404104,1.38808340895511E-16));
#7499=DIRECTION('',(0.961300143440891,-0.275503238130737,1.71265790754026E-16));
#7500=DIRECTION('',(0.980279802616032,-0.197614545474447,2.02401069282806E-16));
#7501=DIRECTION('',(0.992906929520908,-0.118894193757988,2.32075193421001E-16));
#7502=DIRECTION('',(0.999212358440677,-0.0396820203545751,2.60183411329916E-16));
#7503=DIRECTION('',(0.999212351145996,0.0396822040377189,2.86617006109526E-16));
#7504=DIRECTION('',(0.992906994918647,0.118893647608363,3.11274472253088E-16));
#7505=DIRECTION('',(0.980279802616032,0.19761454547445,3.34038800314728E-16));
#7506=DIRECTION('',(0.961300143440889,0.275503238130745,3.54787813752921E-16));
#7507=DIRECTION('',(0.935950779974743,0.352130852758843,3.73373952796227E-16));
#7508=DIRECTION('',(0.904234987427712,0.4270352298249,3.89644183546864E-16));
#7509=DIRECTION('',(0.866218078459631,0.499666129079913,4.03433109755279E-16));
#7510=DIRECTION('',(0.833707251034116,0.552206681934525,4.12037156721429E-16));
#7511=DIRECTION('',(0.810138657201942,0.586238309996058,4.16923228764407E-16));
#7512=DIRECTION('',(0.797849383048262,0.602856833725477,4.19095770838482E-16));
#7513=DIRECTION('',(0.77362167681905,0.633647773732128,4.22722133439766E-16));
#7514=DIRECTION('',(0.721830974649444,0.69206939250095,4.28009692606699E-16));
#7515=DIRECTION('',(0.666007022645854,0.745945471054289,4.30679722314512E-16));
#7516=DIRECTION('',(0.60661602745629,0.794994965539499,4.30766177610142E-16));
#7517=DIRECTION('',(0.544064670378716,0.839043285203868,4.28322182475566E-16));
#7518=DIRECTION('',(0.478737308870333,0.877958193250448,4.23408859440725E-16));
#7519=DIRECTION('',(0.410966200793433,0.911650580982326,4.16087440311836E-16));
#7520=DIRECTION('',(0.341054806170719,0.940043413459109,4.06415298723109E-16));
#7521=DIRECTION('',(0.269283032427983,0.963061082406713,3.94443839124026E-16));
#7522=DIRECTION('',(0.195904258255127,0.98062302726252,3.80215557842261E-16));
#7523=DIRECTION('',(0.121185966428592,0.992629821001146,3.63770526510457E-16));
#7524=DIRECTION('',(0.0454331500475222,0.998967381287677,3.45154198975471E-16));
#7525=DIRECTION('',(-0.0310581564110641,0.999517579095208,3.24408230045395E-16));
#7526=DIRECTION('',(-0.107872301699904,0.994164758239782,3.01607827175629E-16));
#7527=DIRECTION('',(-0.184593138113954,0.982815024997707,2.76835582015546E-16));
#7528=DIRECTION('',(-0.260684252893315,0.965424114207561,2.5022352225227E-16));
#7529=DIRECTION('',(-0.298206484753856,0.954501384205779,2.36318850981336E-16));
#7530=DIRECTION('',(-0.317546018864352,0.948242862300266,2.28942744471327E-16));
#7531=DIRECTION('',(-0.355691952926636,0.934603249846284,2.13962514855884E-16));
#7532=DIRECTION('',(-0.411536380461796,0.911393333065589,1.90952148068199E-16));
#7533=DIRECTION('',(-0.483291987270489,0.875459225229903,1.59350226017724E-16));
#7534=DIRECTION('',(-0.551436312931715,0.834216993821317,1.26968446848524E-16));
#7535=DIRECTION('',(-0.615621842289882,0.788041716722923,9.40268221903101E-17));
#7536=DIRECTION('',(-0.675582643921671,0.737284267587343,6.07149794553855E-17));
#7537=DIRECTION('',(-0.731105649072879,0.68226426690376,2.71976726058654E-17));
#7538=DIRECTION('',(-0.781999912694672,0.623278538492643,-6.37399060499702E-18));
#7539=DIRECTION('',(-0.828103261819233,0.560575586129424,-3.98728687247218E-17));
#7540=DIRECTION('',(-0.869231576156798,0.494405164831404,-7.3165398421924E-17));
#7541=DIRECTION('',(-0.905193778085169,0.424999087194193,-1.06122088756808E-16));
#7542=DIRECTION('',(-0.93576440460243,0.352625834389738,-1.38591827320854E-16));
#7543=DIRECTION('',(-0.960705426322855,0.277569962052492,-1.70414709474248E-16));
#7544=DIRECTION('',(-0.979751745894142,0.200216174215221,-2.01390068239512E-16));
#7545=DIRECTION('',(-0.992652591203974,0.120999310642816,-2.31304457696345E-16));
#7546=DIRECTION('',(-0.99815212017288,0.0607646689646651,-2.52871380932378E-16));
#7547=DIRECTION('',(-0.999794563287071,0.0202689718933702,-2.66808555724747E-16));
#7548=DIRECTION('',(-1.,0.,-2.736156902172E-16));
#7549=DIRECTION('',(-0.999794537331858,-0.0202702521290788,-2.8031082259604E-16));
#7550=DIRECTION('',(-0.998151918902946,-0.0607679750392158,-2.93349827746765E-16));
#7551=DIRECTION('',(-0.994882268087497,-0.101040945388875,-3.05868793667796E-16));
#7552=DIRECTION('',(-0.990005463670033,-0.141029010857635,-3.17853124759146E-16));
#7553=DIRECTION('',(-0.9835498777475,-0.180636757009413,-3.29278804680557E-16));
#7554=DIRECTION('',(-0.975542299116058,-0.219811789118227,-3.40135712317635E-16));
#7555=DIRECTION('',(-0.966011529080786,-0.258498985845209,-3.50413369065481E-16));
#7556=DIRECTION('',(-0.954998216802216,-0.296611540410328,-3.60093984706444E-16));
#7557=DIRECTION('',(-0.94251919208706,-0.334152020115928,-3.69183019223156E-16));
#7558=DIRECTION('',(-0.928624858829354,-0.371020041997953,-3.77660829668482E-16));
#7559=DIRECTION('',(-0.913338522944414,-0.40720110818331,-3.85528964144772E-16));
#7560=DIRECTION('',(-0.896682444707888,-0.442674364914759,-3.92786567716279E-16));
#7561=DIRECTION('',(-0.878705117431278,-0.477364972112622,-3.99421982160016E-16));
#7562=DIRECTION('',(-0.85941568421492,-0.511277499725346,-4.05439231270287E-16));
#7563=DIRECTION('',(-0.838853541097335,-0.544357177401438,-4.10830852229776E-16));
#7564=DIRECTION('',(-0.81703596162969,-0.57658671282284,-4.15595811854209E-16));
#7565=DIRECTION('',(-0.793984240268155,-0.607938340792717,-4.19730688972669E-16));
#7566=DIRECTION('',(-0.76972319548731,-0.638377789658133,-4.23230859555752E-16));
#7567=DIRECTION('',(-0.744274176508729,-0.667874202363179,-4.26091887621272E-16));
#7568=DIRECTION('',(-0.717667629135972,-0.696385794003836,-4.28308186450027E-16));
#7569=DIRECTION('',(-0.689911782275565,-0.723893453953932,-4.29875642482799E-16));
#7570=DIRECTION('',(-0.661023230035826,-0.750365437205768,-4.3078822291645E-16));
#7571=DIRECTION('',(-0.631051185423057,-0.775741194842812,-4.31039226361292E-16));
#7572=DIRECTION('',(-0.599997003662562,-0.800002247244311,-4.30622868678097E-16));
#7573=DIRECTION('',(-0.567904658574607,-0.823094343784028,-4.29533112705744E-16));
#7574=DIRECTION('',(-0.534798770881236,-0.844979452214028,-4.2776402777689E-16));
#7575=DIRECTION('',(-0.500725950824262,-0.865605869995773,-4.25311146780403E-16));
#7576=DIRECTION('',(-0.465732354303533,-0.884925631991123,-4.22171123094455E-16));
#7577=DIRECTION('',(-0.429841919021227,-0.902904161388211,-4.18338990058155E-16));
#7578=DIRECTION('',(-0.393139352264088,-0.919478901172492,-4.1381708924286E-16));
#7579=DIRECTION('',(-0.355684017584283,-0.934606269845813,-4.08607147893062E-16));
#7580=DIRECTION('',(-0.31752167356398,-0.948251014667071,-4.02709944753349E-16));
#7581=DIRECTION('',(-0.298210678129045,-0.954500074096286,-3.99507508306808E-16));
#7582=DIRECTION('',(-0.279596862261816,-0.96011749000492,-3.96285451574918E-16));
#7583=DIRECTION('',(-0.241774269191877,-0.970332521745373,-3.8933888569694E-16));
#7584=DIRECTION('',(-0.203711020905207,-0.979031061796181,-3.81821379578583E-16));
#7585=DIRECTION('',(-0.165437787421157,-0.986220228191043,-3.73743695799831E-16));
#7586=DIRECTION('',(-0.127053039060154,-0.991895924613857,-3.65131413038039E-16));
#7587=DIRECTION('',(-0.088612494830395,-0.996066175391943,-3.56002449525976E-16));
#7588=DIRECTION('',(-0.0501770317194968,-0.998740339371461,-3.46376579284575E-16));
#7589=DIRECTION('',(-0.0118109975703745,-0.999930247735507,-3.36275349468854E-16));
#7590=DIRECTION('',(0.0264524753142339,-0.99965007205009,-3.25712545676358E-16));
#7591=DIRECTION('',(0.0645570451766165,-0.997914018299204,-3.14708315439166E-16));
#7592=DIRECTION('',(0.102437371387114,-0.994739455809057,-3.03286322126527E-16));
#7593=DIRECTION('',(0.140092896032351,-0.990138364311407,-2.914507084445E-16));
#7594=DIRECTION('',(0.177459339739254,-0.984128133293276,-2.7922485410078E-16));
#7595=DIRECTION('',(0.214502149200121,-0.976723516655829,-2.66623127458736E-16));
#7596=DIRECTION('',(0.251195821700176,-0.967936288791971,-2.53656428121905E-16));
#7597=DIRECTION('',(0.28749743481603,-0.957781407720051,-2.40341482359701E-16));
#7598=DIRECTION('',(0.323384349038656,-0.946267701444388,-2.26687425013109E-16));
#7599=DIRECTION('',(0.358814292971206,-0.933408968866045,-2.12710418156856E-16));
#7600=DIRECTION('',(0.393772170633504,-0.919208070914621,-1.98415545168952E-16));
#7601=DIRECTION('',(0.428192304149561,-0.903687639988005,-1.83828314649538E-16));
#7602=DIRECTION('',(0.462074746222584,-0.886840982873105,-1.68946482890406E-16));
#7603=DIRECTION('',(0.495366565265416,-0.868684042685915,-1.53789842928648E-16));
#7604=DIRECTION('',(0.528012757757488,-0.849236438010836,-1.38379978891743E-16));
#7605=DIRECTION('',(0.560004789847836,-0.82848936948369,-1.22716294998199E-16));
#7606=DIRECTION('',(0.591264937685103,-0.806477385587613,-1.06831564669683E-16));
#7607=DIRECTION('',(0.621769706673033,-0.783200122487051,-9.07320952147854E-17));
#7608=DIRECTION('',(0.651460518100881,-0.758682537927249,-7.44422272869011E-17));
#7609=DIRECTION('',(0.680279698689048,-0.73295261207771,-5.79870604687605E-17));
#7610=DIRECTION('',(0.708189492613201,-0.706022409383906,-4.13809436138395E-17));
#7611=DIRECTION('',(0.73511845266542,-0.677938684949309,-2.46589983769663E-17));
#7612=DIRECTION('',(0.979751745894142,-0.200216174215221,2.01390068239512E-16));
#7613=DIRECTION('',(0.960705426322855,-0.277569962052492,1.70414709474248E-16));
#7614=DIRECTION('',(0.93576440460243,-0.352625834389738,1.38591827320854E-16));
#7615=DIRECTION('',(0.905193778085169,-0.424999087194193,1.06122088756808E-16));
#7616=DIRECTION('',(0.869231576156798,-0.494405164831404,7.3165398421924E-17));
#7617=DIRECTION('',(0.828103261819233,-0.560575586129424,3.98728687247218E-17));
#7618=DIRECTION('',(0.781999912694672,-0.623278538492643,6.37399060499701E-18));
#7619=DIRECTION('',(0.731105649072879,-0.68226426690376,-2.71976726058654E-17));
#7620=DIRECTION('',(0.675582643921671,-0.737284267587343,-6.07149794553855E-17));
#7621=DIRECTION('',(0.615621842289882,-0.788041716722923,-9.40268221903101E-17));
#7622=DIRECTION('',(0.551436312931715,-0.834216993821317,-1.26968446848524E-16));
#7623=DIRECTION('',(0.483291987270489,-0.875459225229903,-1.59350226017724E-16));
#7624=DIRECTION('',(0.411536380461796,-0.911393333065589,-1.90952148068199E-16));
#7625=DIRECTION('',(0.355691952926636,-0.934603249846284,-2.13962514855884E-16));
#7626=DIRECTION('',(0.317546018864352,-0.948242862300266,-2.28942744471327E-16));
#7627=DIRECTION('',(0.298206484753856,-0.954501384205779,-2.36318850981336E-16));
#7628=DIRECTION('',(0.260684252893315,-0.965424114207561,-2.5022352225227E-16));
#7629=DIRECTION('',(0.184593138113954,-0.982815024997707,-2.76835582015546E-16));
#7630=DIRECTION('',(0.107872301699904,-0.994164758239782,-3.01607827175629E-16));
#7631=DIRECTION('',(0.0310581564110641,-0.999517579095208,-3.24408230045395E-16));
#7632=DIRECTION('',(-0.0454331500475222,-0.998967381287677,-3.45154198975471E-16));
#7633=DIRECTION('',(-0.121185966428592,-0.992629821001146,-3.63770526510457E-16));
#7634=DIRECTION('',(-0.195904258255127,-0.98062302726252,-3.80215557842261E-16));
#7635=DIRECTION('',(-0.269283032427983,-0.963061082406713,-3.94443839124026E-16));
#7636=DIRECTION('',(-0.341054806170719,-0.940043413459109,-4.06415298723109E-16));
#7637=DIRECTION('',(-0.410966200793433,-0.911650580982326,-4.16087440311836E-16));
#7638=DIRECTION('',(-0.478737308870333,-0.877958193250448,-4.23408859440725E-16));
#7639=DIRECTION('',(-0.544064670378716,-0.839043285203868,-4.28322182475566E-16));
#7640=DIRECTION('',(-0.60661602745629,-0.794994965539499,-4.30766177610142E-16));
#7641=DIRECTION('',(-0.666007022645854,-0.745945471054289,-4.30679722314512E-16));
#7642=DIRECTION('',(-0.721830974649444,-0.69206939250095,-4.28009692606699E-16));
#7643=DIRECTION('',(-0.77362167681905,-0.633647773732128,-4.22722133439766E-16));
#7644=DIRECTION('',(-0.797849383048262,-0.602856833725477,-4.19095770838482E-16));
#7645=DIRECTION('',(-0.810138657201942,-0.586238309996058,-4.16923228764407E-16));
#7646=DIRECTION('',(-0.833707251034116,-0.552206681934525,-4.12037156721429E-16));
#7647=DIRECTION('',(-0.866218078459631,-0.499666129079913,-4.03433109755279E-16));
#7648=DIRECTION('',(-0.904234987427712,-0.4270352298249,-3.89644183546864E-16));
#7649=DIRECTION('',(-0.935950779974743,-0.352130852758843,-3.73373952796227E-16));
#7650=DIRECTION('',(-0.961300143440889,-0.275503238130745,-3.54787813752921E-16));
#7651=DIRECTION('',(-0.980279802616032,-0.19761454547445,-3.34038800314728E-16));
#7652=DIRECTION('',(-0.992906994918647,-0.118893647608363,-3.11274472253088E-16));
#7653=DIRECTION('',(-0.999212351145996,-0.0396822040377189,-2.86617006109526E-16));
#7654=DIRECTION('',(-0.999212358440677,0.0396820203545751,-2.60183411329916E-16));
#7655=DIRECTION('',(-0.992906929520908,0.118894193757988,-2.32075193421001E-16));
#7656=DIRECTION('',(-0.980279802616032,0.197614545474447,-2.02401069282806E-16));
#7657=DIRECTION('',(-0.961300143440892,0.275503238130737,-1.71265790754026E-16));
#7658=DIRECTION('',(-0.935951346329904,0.352129347404104,-1.38808340895511E-16));
#7659=DIRECTION('',(-0.904234160974221,0.427036979812343,-1.05180767866737E-16));
#7660=DIRECTION('',(-0.866218078459649,0.499666129079882,-7.05886050774337E-17));
#7661=DIRECTION('',(-0.833709962352812,0.552202588434419,-4.41957184088961E-17));
#7662=DIRECTION('',(-0.810138657201941,0.586238309996059,-2.64100669594827E-17));
#7663=DIRECTION('',(-0.797849291033269,0.602856955502472,-1.75123826891195E-17));
#7664=DIRECTION('',(-0.785816268808636,0.618460016230373,-9.02309582530645E-18));
#7665=DIRECTION('',(-0.761005880472331,0.648744980625309,7.85233513525076E-18));
#7666=DIRECTION('',(-0.73511845266542,0.677938684949309,2.46589983769663E-17));
#7667=DIRECTION('',(-0.708189492613201,0.706022409383906,4.13809436138395E-17));
#7668=DIRECTION('',(-0.680279698689048,0.73295261207771,5.79870604687605E-17));
#7669=DIRECTION('',(-0.651460518100881,0.758682537927249,7.44422272869011E-17));
#7670=DIRECTION('',(-0.621769706673033,0.783200122487051,9.07320952147854E-17));
#7671=DIRECTION('',(-0.591264937685103,0.806477385587613,1.06831564669683E-16));
#7672=DIRECTION('',(-0.560004789847836,0.82848936948369,1.22716294998199E-16));
#7673=DIRECTION('',(-0.528012757757488,0.849236438010836,1.38379978891743E-16));
#7674=DIRECTION('',(-0.495366565265416,0.868684042685915,1.53789842928648E-16));
#7675=DIRECTION('',(-0.462074746222584,0.886840982873105,1.68946482890406E-16));
#7676=DIRECTION('',(-0.428192304149561,0.903687639988005,1.83828314649538E-16));
#7677=DIRECTION('',(-0.393772170633504,0.919208070914621,1.98415545168952E-16));
#7678=DIRECTION('',(-0.358814292971206,0.933408968866045,2.12710418156856E-16));
#7679=DIRECTION('',(-0.323384349038656,0.946267701444388,2.26687425013109E-16));
#7680=DIRECTION('',(-0.28749743481603,0.957781407720051,2.40341482359701E-16));
#7681=DIRECTION('',(-0.251195821700176,0.967936288791971,2.53656428121905E-16));
#7682=DIRECTION('',(-0.214502149200121,0.976723516655829,2.66623127458736E-16));
#7683=DIRECTION('',(-0.177459339739254,0.984128133293276,2.7922485410078E-16));
#7684=DIRECTION('',(-0.140092896032351,0.990138364311407,2.914507084445E-16));
#7685=DIRECTION('',(-0.102437371387114,0.994739455809057,3.03286322126527E-16));
#7686=DIRECTION('',(-0.0645570451766165,0.997914018299204,3.14708315439166E-16));
#7687=DIRECTION('',(-0.0264524753142339,0.99965007205009,3.25712545676357E-16));
#7688=DIRECTION('',(0.0118109975703745,0.999930247735507,3.36275349468854E-16));
#7689=DIRECTION('',(0.0501770317194968,0.998740339371461,3.46376579284575E-16));
#7690=DIRECTION('',(0.088612494830395,0.996066175391943,3.56002449525976E-16));
#7691=DIRECTION('',(0.127053039060154,0.991895924613857,3.65131413038039E-16));
#7692=DIRECTION('',(0.165437787421157,0.986220228191043,3.73743695799831E-16));
#7693=DIRECTION('',(0.203711020905207,0.979031061796181,3.81821379578583E-16));
#7694=DIRECTION('',(0.241774269191877,0.970332521745373,3.8933888569694E-16));
#7695=DIRECTION('',(0.279596862261816,0.96011749000492,3.96285451574918E-16));
#7696=DIRECTION('',(0.298210678129045,0.954500074096286,3.99507508306808E-16));
#7697=DIRECTION('',(0.31752167356398,0.948251014667071,4.02709944753349E-16));
#7698=DIRECTION('',(0.355684017584283,0.934606269845813,4.08607147893062E-16));
#7699=DIRECTION('',(0.393139352264088,0.919478901172492,4.1381708924286E-16));
#7700=DIRECTION('',(0.429841919021227,0.902904161388211,4.18338990058154E-16));
#7701=DIRECTION('',(0.465732354303533,0.884925631991123,4.22171123094455E-16));
#7702=DIRECTION('',(0.500725950824262,0.865605869995773,4.25311146780403E-16));
#7703=DIRECTION('',(0.534798770881236,0.844979452214028,4.2776402777689E-16));
#7704=DIRECTION('',(0.567904658574607,0.823094343784028,4.29533112705744E-16));
#7705=DIRECTION('',(0.599997003662562,0.800002247244311,4.30622868678097E-16));
#7706=DIRECTION('',(0.631051185423057,0.775741194842812,4.31039226361292E-16));
#7707=DIRECTION('',(0.661023230035826,0.750365437205768,4.3078822291645E-16));
#7708=DIRECTION('',(0.689911782275565,0.723893453953932,4.29875642482799E-16));
#7709=DIRECTION('',(0.717667629135972,0.696385794003836,4.28308186450027E-16));
#7710=DIRECTION('',(0.744274176508729,0.667874202363179,4.26091887621272E-16));
#7711=DIRECTION('',(0.76972319548731,0.638377789658133,4.23230859555752E-16));
#7712=DIRECTION('',(0.793984240268155,0.607938340792717,4.19730688972669E-16));
#7713=DIRECTION('',(0.81703596162969,0.57658671282284,4.15595811854209E-16));
#7714=DIRECTION('',(0.838853541097335,0.544357177401438,4.10830852229775E-16));
#7715=DIRECTION('',(0.85941568421492,0.511277499725346,4.05439231270287E-16));
#7716=DIRECTION('',(0.878705117431278,0.477364972112622,3.99421982160016E-16));
#7717=DIRECTION('',(0.896682444707888,0.442674364914759,3.92786567716279E-16));
#7718=DIRECTION('',(0.913338522944414,0.40720110818331,3.85528964144772E-16));
#7719=DIRECTION('',(0.928624858829354,0.371020041997953,3.77660829668482E-16));
#7720=DIRECTION('',(0.94251919208706,0.334152020115928,3.69183019223156E-16));
#7721=DIRECTION('',(0.954998216802216,0.296611540410328,3.60093984706444E-16));
#7722=DIRECTION('',(0.966011529080786,0.258498985845209,3.50413369065481E-16));
#7723=DIRECTION('',(0.975542299116058,0.219811789118227,3.40135712317635E-16));
#7724=DIRECTION('',(0.9835498777475,0.180636757009413,3.29278804680557E-16));
#7725=DIRECTION('',(0.990005463670033,0.141029010857635,3.17853124759146E-16));
#7726=DIRECTION('',(0.994882268087497,0.101040945388875,3.05868793667796E-16));
#7727=DIRECTION('',(0.998151918902946,0.0607679750392158,2.93349827746765E-16));
#7728=DIRECTION('',(0.999794537331858,0.0202702521290788,2.80310822596039E-16));
#7729=DIRECTION('',(1.,0.,2.736156902172E-16));
#7730=DIRECTION('center_axis',(0.200216174215217,0.979751745894143,0.));
#7731=DIRECTION('ref_axis',(0.,0.,1.));
#7732=DIRECTION('',(0.,0.,-1.));
#7733=DIRECTION('center_axis',(0.277569962052492,0.960705426322855,0.));
#7734=DIRECTION('ref_axis',(0.,0.,1.));
#7735=DIRECTION('',(0.,0.,-1.));
#7736=DIRECTION('center_axis',(0.352625834389739,0.93576440460243,0.));
#7737=DIRECTION('ref_axis',(0.,0.,1.));
#7738=DIRECTION('',(0.,0.,-1.));
#7739=DIRECTION('center_axis',(0.42499908719419,0.905193778085171,0.));
#7740=DIRECTION('ref_axis',(0.,0.,1.));
#7741=DIRECTION('',(0.,0.,-1.));
#7742=DIRECTION('center_axis',(0.494405164831407,0.869231576156797,0.));
#7743=DIRECTION('ref_axis',(0.,0.,1.));
#7744=DIRECTION('',(0.,0.,-1.));
#7745=DIRECTION('center_axis',(0.560575586129428,0.82810326181923,0.));
#7746=DIRECTION('ref_axis',(0.,0.,-1.));
#7747=DIRECTION('',(0.,0.,-1.));
#7748=DIRECTION('center_axis',(0.623278538492637,0.781999912694677,0.));
#7749=DIRECTION('ref_axis',(0.,0.,-1.));
#7750=DIRECTION('',(0.,0.,-1.));
#7751=DIRECTION('center_axis',(0.682264266903753,0.731105649072885,0.));
#7752=DIRECTION('ref_axis',(0.,0.,-1.));
#7753=DIRECTION('',(0.,0.,-1.));
#7754=DIRECTION('center_axis',(0.737284267587344,0.67558264392167,0.));
#7755=DIRECTION('ref_axis',(0.,0.,-1.));
#7756=DIRECTION('',(0.,0.,-1.));
#7757=DIRECTION('center_axis',(0.788041716722924,0.615621842289881,0.));
#7758=DIRECTION('ref_axis',(0.,0.,-1.));
#7759=DIRECTION('',(0.,0.,-1.));
#7760=DIRECTION('center_axis',(0.834216993821318,0.551436312931714,0.));
#7761=DIRECTION('ref_axis',(0.,0.,-1.));
#7762=DIRECTION('',(0.,0.,-1.));
#7763=DIRECTION('center_axis',(0.875459225229906,0.483291987270483,0.));
#7764=DIRECTION('ref_axis',(0.,0.,-1.));
#7765=DIRECTION('',(0.,0.,-1.));
#7766=DIRECTION('center_axis',(0.911393333065592,0.411536380461789,0.));
#7767=DIRECTION('ref_axis',(0.,0.,-1.));
#7768=DIRECTION('',(0.,0.,-1.));
#7769=DIRECTION('center_axis',(0.934603249846281,0.355691952926645,0.));
#7770=DIRECTION('ref_axis',(0.,0.,-1.));
#7771=DIRECTION('',(0.,0.,-1.));
#7772=DIRECTION('center_axis',(0.948242862300266,0.317546018864353,0.));
#7773=DIRECTION('ref_axis',(0.,0.,-1.));
#7774=DIRECTION('',(0.,0.,-1.));
#7775=DIRECTION('center_axis',(-0.948251014667071,0.31752167356398,0.));
#7776=DIRECTION('ref_axis',(0.,0.,1.));
#7777=DIRECTION('',(0.,0.,-1.));
#7778=DIRECTION('',(0.,0.,1.));
#7779=DIRECTION('center_axis',(-0.934606269845812,0.355684017584285,0.));
#7780=DIRECTION('ref_axis',(0.,0.,1.));
#7781=DIRECTION('',(0.,0.,-1.));
#7782=DIRECTION('center_axis',(-0.919478901172493,0.393139352264086,0.));
#7783=DIRECTION('ref_axis',(0.,0.,1.));
#7784=DIRECTION('',(0.,0.,-1.));
#7785=DIRECTION('center_axis',(-0.902904161388209,0.429841919021233,0.));
#7786=DIRECTION('ref_axis',(0.,0.,1.));
#7787=DIRECTION('',(0.,0.,-1.));
#7788=DIRECTION('center_axis',(-0.884925631991125,0.465732354303529,0.));
#7789=DIRECTION('ref_axis',(0.,0.,1.));
#7790=DIRECTION('',(0.,0.,-1.));
#7791=DIRECTION('center_axis',(-0.865605869995771,0.500725950824265,0.));
#7792=DIRECTION('ref_axis',(0.,0.,1.));
#7793=DIRECTION('',(0.,0.,-1.));
#7794=DIRECTION('center_axis',(-0.844979452214024,0.534798770881243,0.));
#7795=DIRECTION('ref_axis',(0.,0.,1.));
#7796=DIRECTION('',(0.,0.,-1.));
#7797=DIRECTION('center_axis',(-0.823094343784026,0.567904658574609,0.));
#7798=DIRECTION('ref_axis',(0.,0.,1.));
#7799=DIRECTION('',(0.,0.,-1.));
#7800=DIRECTION('center_axis',(-0.800002247244308,0.599997003662566,0.));
#7801=DIRECTION('ref_axis',(0.,0.,1.));
#7802=DIRECTION('',(0.,0.,-1.));
#7803=DIRECTION('center_axis',(-0.775741194842813,0.631051185423057,0.));
#7804=DIRECTION('ref_axis',(0.,0.,1.));
#7805=DIRECTION('',(0.,0.,-1.));
#7806=DIRECTION('center_axis',(-0.750365437205772,0.661023230035822,0.));
#7807=DIRECTION('ref_axis',(0.,0.,1.));
#7808=DIRECTION('',(0.,0.,-1.));
#7809=DIRECTION('center_axis',(-0.723893453953936,0.68991178227556,0.));
#7810=DIRECTION('ref_axis',(0.,0.,1.));
#7811=DIRECTION('',(0.,0.,-1.));
#7812=DIRECTION('center_axis',(-0.696385794003832,0.717667629135975,0.));
#7813=DIRECTION('ref_axis',(0.,0.,1.));
#7814=DIRECTION('',(0.,0.,-1.));
#7815=DIRECTION('center_axis',(-0.667874202363186,0.744274176508724,0.));
#7816=DIRECTION('ref_axis',(0.,0.,1.));
#7817=DIRECTION('',(0.,0.,-1.));
#7818=DIRECTION('center_axis',(-0.638377789658141,0.769723195487304,0.));
#7819=DIRECTION('ref_axis',(0.,0.,1.));
#7820=DIRECTION('',(0.,0.,-1.));
#7821=DIRECTION('center_axis',(-0.60793834079272,0.793984240268152,0.));
#7822=DIRECTION('ref_axis',(0.,0.,1.));
#7823=DIRECTION('',(0.,0.,-1.));
#7824=DIRECTION('center_axis',(-0.576586712822834,0.817035961629694,0.));
#7825=DIRECTION('ref_axis',(0.,0.,1.));
#7826=DIRECTION('',(0.,0.,-1.));
#7827=DIRECTION('center_axis',(-0.544357177401441,0.838853541097334,0.));
#7828=DIRECTION('ref_axis',(0.,0.,1.));
#7829=DIRECTION('',(0.,0.,-1.));
#7830=DIRECTION('center_axis',(-0.511277499725351,0.859415684214917,0.));
#7831=DIRECTION('ref_axis',(0.,0.,1.));
#7832=DIRECTION('',(0.,0.,-1.));
#7833=DIRECTION('center_axis',(-0.477364972112624,0.878705117431277,0.));
#7834=DIRECTION('ref_axis',(0.,0.,1.));
#7835=DIRECTION('',(0.,0.,-1.));
#7836=DIRECTION('center_axis',(-0.442674364914758,0.896682444707888,0.));
#7837=DIRECTION('ref_axis',(0.,0.,1.));
#7838=DIRECTION('',(0.,0.,-1.));
#7839=DIRECTION('center_axis',(-0.407201108183307,0.913338522944416,0.));
#7840=DIRECTION('ref_axis',(0.,0.,1.));
#7841=DIRECTION('',(0.,0.,-1.));
#7842=DIRECTION('center_axis',(-0.37102004199795,0.928624858829355,0.));
#7843=DIRECTION('ref_axis',(0.,0.,1.));
#7844=DIRECTION('',(0.,0.,-1.));
#7845=DIRECTION('center_axis',(-0.334152020115931,0.942519192087059,0.));
#7846=DIRECTION('ref_axis',(0.,0.,1.));
#7847=DIRECTION('',(0.,0.,-1.));
#7848=DIRECTION('center_axis',(-0.296611540410333,0.954998216802214,0.));
#7849=DIRECTION('ref_axis',(0.,0.,1.));
#7850=DIRECTION('',(0.,0.,-1.));
#7851=DIRECTION('center_axis',(-0.258498985845214,0.966011529080785,0.));
#7852=DIRECTION('ref_axis',(0.,0.,1.));
#7853=DIRECTION('',(0.,0.,-1.));
#7854=DIRECTION('center_axis',(-0.219811789118227,0.975542299116058,0.));
#7855=DIRECTION('ref_axis',(0.,0.,1.));
#7856=DIRECTION('',(0.,0.,-1.));
#7857=DIRECTION('center_axis',(-0.180636757009421,0.983549877747499,0.));
#7858=DIRECTION('ref_axis',(0.,0.,1.));
#7859=DIRECTION('',(0.,0.,-1.));
#7860=DIRECTION('center_axis',(-0.141029010857636,0.990005463670033,0.));
#7861=DIRECTION('ref_axis',(0.,0.,1.));
#7862=DIRECTION('',(0.,0.,-1.));
#7863=DIRECTION('center_axis',(-0.10104094538887,0.994882268087498,0.));
#7864=DIRECTION('ref_axis',(0.,0.,1.));
#7865=DIRECTION('',(0.,0.,-1.));
#7866=DIRECTION('center_axis',(-0.0607679750392084,0.998151918902946,0.));
#7867=DIRECTION('ref_axis',(0.,0.,1.));
#7868=DIRECTION('',(0.,0.,-1.));
#7869=DIRECTION('center_axis',(-0.0202702521290732,0.999794537331858,0.));
#7870=DIRECTION('ref_axis',(0.,0.,1.));
#7871=DIRECTION('',(0.,0.,-1.));
#7872=DIRECTION('center_axis',(-0.96011749000492,0.279596862261815,0.));
#7873=DIRECTION('ref_axis',(0.,0.,1.));
#7874=DIRECTION('',(0.,0.,-1.));
#7875=DIRECTION('',(0.,0.,1.));
#7876=DIRECTION('center_axis',(-0.954500074096287,0.29821067812904,0.));
#7877=DIRECTION('ref_axis',(0.,0.,1.));
#7878=DIRECTION('center_axis',(-0.970332521745372,0.24177426919188,0.));
#7879=DIRECTION('ref_axis',(0.,0.,1.));
#7880=DIRECTION('',(0.,0.,1.));
#7881=DIRECTION('center_axis',(-0.979031061796181,0.203711020905208,0.));
#7882=DIRECTION('ref_axis',(0.,0.,1.));
#7883=DIRECTION('',(0.,0.,1.));
#7884=DIRECTION('center_axis',(-0.986220228191042,0.165437787421157,0.));
#7885=DIRECTION('ref_axis',(0.,0.,1.));
#7886=DIRECTION('',(0.,0.,1.));
#7887=DIRECTION('center_axis',(-0.991895924613857,0.127053039060154,0.));
#7888=DIRECTION('ref_axis',(0.,0.,1.));
#7889=DIRECTION('',(0.,0.,1.));
#7890=DIRECTION('center_axis',(-0.996066175391944,0.0886124948303911,0.));
#7891=DIRECTION('ref_axis',(0.,0.,1.));
#7892=DIRECTION('',(0.,0.,1.));
#7893=DIRECTION('center_axis',(-0.998740339371461,0.050177031719496,0.));
#7894=DIRECTION('ref_axis',(0.,0.,1.));
#7895=DIRECTION('',(0.,0.,1.));
#7896=DIRECTION('center_axis',(-0.999930247735507,0.0118109975703718,0.));
#7897=DIRECTION('ref_axis',(0.,0.,1.));
#7898=DIRECTION('',(0.,0.,1.));
#7899=DIRECTION('center_axis',(-0.99965007205009,-0.0264524753142314,0.));
#7900=DIRECTION('ref_axis',(0.,0.,1.));
#7901=DIRECTION('',(0.,0.,1.));
#7902=DIRECTION('center_axis',(-0.997914018299204,-0.0645570451766188,0.));
#7903=DIRECTION('ref_axis',(0.,0.,1.));
#7904=DIRECTION('',(0.,0.,1.));
#7905=DIRECTION('center_axis',(-0.994739455809057,-0.10243737138711,0.));
#7906=DIRECTION('ref_axis',(0.,0.,1.));
#7907=DIRECTION('',(0.,0.,1.));
#7908=DIRECTION('center_axis',(-0.990138364311407,-0.140092896032353,0.));
#7909=DIRECTION('ref_axis',(0.,0.,1.));
#7910=DIRECTION('',(0.,0.,1.));
#7911=DIRECTION('center_axis',(-0.984128133293276,-0.177459339739255,0.));
#7912=DIRECTION('ref_axis',(0.,0.,1.));
#7913=DIRECTION('',(0.,0.,1.));
#7914=DIRECTION('center_axis',(-0.976723516655829,-0.214502149200122,0.));
#7915=DIRECTION('ref_axis',(0.,0.,1.));
#7916=DIRECTION('',(0.,0.,1.));
#7917=DIRECTION('center_axis',(-0.967936288791972,-0.251195821700171,0.));
#7918=DIRECTION('ref_axis',(0.,0.,1.));
#7919=DIRECTION('',(0.,0.,1.));
#7920=DIRECTION('center_axis',(-0.957781407720051,-0.287497434816029,0.));
#7921=DIRECTION('ref_axis',(0.,0.,1.));
#7922=DIRECTION('',(0.,0.,1.));
#7923=DIRECTION('center_axis',(-0.946267701444386,-0.32338434903866,0.));
#7924=DIRECTION('ref_axis',(0.,0.,1.));
#7925=DIRECTION('',(0.,0.,1.));
#7926=DIRECTION('center_axis',(-0.933408968866045,-0.358814292971207,0.));
#7927=DIRECTION('ref_axis',(0.,0.,1.));
#7928=DIRECTION('',(0.,0.,1.));
#7929=DIRECTION('center_axis',(-0.919208070914621,-0.393772170633504,0.));
#7930=DIRECTION('ref_axis',(0.,0.,1.));
#7931=DIRECTION('',(0.,0.,1.));
#7932=DIRECTION('center_axis',(-0.903687639988004,-0.428192304149563,0.));
#7933=DIRECTION('ref_axis',(0.,0.,1.));
#7934=DIRECTION('',(0.,0.,1.));
#7935=DIRECTION('center_axis',(-0.886840982873102,-0.46207474622259,0.));
#7936=DIRECTION('ref_axis',(0.,0.,1.));
#7937=DIRECTION('',(0.,0.,1.));
#7938=DIRECTION('center_axis',(-0.868684042685915,-0.495366565265416,0.));
#7939=DIRECTION('ref_axis',(0.,0.,1.));
#7940=DIRECTION('',(0.,0.,1.));
#7941=DIRECTION('center_axis',(-0.849236438010836,-0.528012757757487,0.));
#7942=DIRECTION('ref_axis',(0.,0.,1.));
#7943=DIRECTION('',(0.,0.,1.));
#7944=DIRECTION('center_axis',(-0.828489369483693,-0.560004789847831,0.));
#7945=DIRECTION('ref_axis',(0.,0.,1.));
#7946=DIRECTION('',(0.,0.,1.));
#7947=DIRECTION('center_axis',(-0.806477385587613,-0.591264937685103,0.));
#7948=DIRECTION('ref_axis',(0.,0.,1.));
#7949=DIRECTION('',(0.,0.,1.));
#7950=DIRECTION('center_axis',(-0.783200122487051,-0.621769706673032,0.));
#7951=DIRECTION('ref_axis',(0.,0.,1.));
#7952=DIRECTION('',(0.,0.,1.));
#7953=DIRECTION('center_axis',(-0.758682537927251,-0.651460518100879,0.));
#7954=DIRECTION('ref_axis',(0.,0.,1.));
#7955=DIRECTION('',(0.,0.,1.));
#7956=DIRECTION('center_axis',(-0.732952612077712,-0.680279698689045,0.));
#7957=DIRECTION('ref_axis',(0.,0.,1.));
#7958=DIRECTION('',(0.,0.,1.));
#7959=DIRECTION('center_axis',(-0.706022409383904,-0.708189492613204,0.));
#7960=DIRECTION('ref_axis',(0.,0.,1.));
#7961=DIRECTION('',(0.,0.,1.));
#7962=DIRECTION('center_axis',(-0.67793868494931,-0.735118452665419,0.));
#7963=DIRECTION('ref_axis',(0.,0.,1.));
#7964=DIRECTION('',(0.,0.,1.));
#7965=DIRECTION('center_axis',(-0.64874498062531,-0.76100588047233,0.));
#7966=DIRECTION('ref_axis',(0.,0.,1.));
#7967=DIRECTION('',(0.,0.,1.));
#7968=DIRECTION('center_axis',(-0.618460016230371,-0.785816268808638,0.));
#7969=DIRECTION('ref_axis',(0.,0.,1.));
#7970=DIRECTION('',(0.,0.,1.));
#7971=DIRECTION('center_axis',(-0.586238309996059,-0.810138657201942,0.));
#7972=DIRECTION('ref_axis',(0.,0.,1.));
#7973=DIRECTION('',(0.,0.,-1.));
#7974=DIRECTION('',(0.,0.,1.));
#7975=DIRECTION('center_axis',(-0.602856955502472,-0.797849291033269,0.));
#7976=DIRECTION('ref_axis',(0.,0.,1.));
#7977=DIRECTION('center_axis',(-0.55220258843442,-0.833709962352812,0.));
#7978=DIRECTION('ref_axis',(0.,0.,1.));
#7979=DIRECTION('',(0.,0.,1.));
#7980=DIRECTION('center_axis',(-0.49966612907988,-0.86621807845965,0.));
#7981=DIRECTION('ref_axis',(0.,0.,-1.));
#7982=DIRECTION('',(0.,0.,1.));
#7983=DIRECTION('center_axis',(-0.427036979812341,-0.904234160974222,0.));
#7984=DIRECTION('ref_axis',(0.,0.,-1.));
#7985=DIRECTION('',(0.,0.,1.));
#7986=DIRECTION('center_axis',(-0.3521293474041,-0.935951346329906,0.));
#7987=DIRECTION('ref_axis',(0.,0.,-1.));
#7988=DIRECTION('',(0.,0.,1.));
#7989=DIRECTION('center_axis',(-0.275503238130739,-0.961300143440891,0.));
#7990=DIRECTION('ref_axis',(0.,0.,-1.));
#7991=DIRECTION('',(0.,0.,1.));
#7992=DIRECTION('center_axis',(-0.19761454547445,-0.980279802616032,0.));
#7993=DIRECTION('ref_axis',(0.,0.,-1.));
#7994=DIRECTION('',(0.,0.,1.));
#7995=DIRECTION('center_axis',(-0.11889419375799,-0.992906929520908,0.));
#7996=DIRECTION('ref_axis',(0.,0.,-1.));
#7997=DIRECTION('',(0.,0.,1.));
#7998=DIRECTION('center_axis',(-0.0396820203545723,-0.999212358440677,0.));
#7999=DIRECTION('ref_axis',(0.,0.,-1.));
#8000=DIRECTION('',(0.,0.,1.));
#8001=DIRECTION('center_axis',(0.039682204037721,-0.999212351145996,0.));
#8002=DIRECTION('ref_axis',(0.,0.,-1.));
#8003=DIRECTION('',(0.,0.,1.));
#8004=DIRECTION('center_axis',(0.118893647608367,-0.992906994918647,0.));
#8005=DIRECTION('ref_axis',(0.,0.,-1.));
#8006=DIRECTION('',(0.,0.,1.));
#8007=DIRECTION('center_axis',(0.19761454547445,-0.980279802616032,0.));
#8008=DIRECTION('ref_axis',(0.,0.,-1.));
#8009=DIRECTION('',(0.,0.,1.));
#8010=DIRECTION('center_axis',(0.275503238130747,-0.961300143440889,0.));
#8011=DIRECTION('ref_axis',(0.,0.,-1.));
#8012=DIRECTION('',(0.,0.,1.));
#8013=DIRECTION('center_axis',(0.352130852758839,-0.935950779974745,0.));
#8014=DIRECTION('ref_axis',(0.,0.,-1.));
#8015=DIRECTION('',(0.,0.,1.));
#8016=DIRECTION('center_axis',(0.427035229824897,-0.904234987427714,0.));
#8017=DIRECTION('ref_axis',(0.,0.,-1.));
#8018=DIRECTION('',(0.,0.,1.));
#8019=DIRECTION('center_axis',(0.499666129079914,-0.866218078459631,0.));
#8020=DIRECTION('ref_axis',(0.,0.,-1.));
#8021=DIRECTION('',(0.,0.,1.));
#8022=DIRECTION('center_axis',(0.552206681934528,-0.833707251034114,0.));
#8023=DIRECTION('ref_axis',(0.,0.,-1.));
#8024=DIRECTION('',(0.,0.,1.));
#8025=DIRECTION('center_axis',(0.586238309996059,-0.810138657201942,0.));
#8026=DIRECTION('ref_axis',(0.,0.,-1.));
#8027=DIRECTION('',(0.,0.,1.));
#8028=DIRECTION('center_axis',(0.877958193250447,-0.478737308870335,0.));
#8029=DIRECTION('ref_axis',(0.,0.,-1.));
#8030=DIRECTION('',(0.,0.,-1.));
#8031=DIRECTION('',(0.,0.,1.));
#8032=DIRECTION('center_axis',(0.839043285203868,-0.544064670378716,0.));
#8033=DIRECTION('ref_axis',(0.,0.,-1.));
#8034=DIRECTION('',(0.,0.,-1.));
#8035=DIRECTION('center_axis',(0.911650580982327,-0.41096620079343,0.));
#8036=DIRECTION('ref_axis',(0.,0.,-1.));
#8037=DIRECTION('',(0.,0.,1.));
#8038=DIRECTION('center_axis',(0.94004341345911,-0.341054806170717,0.));
#8039=DIRECTION('ref_axis',(0.,0.,-1.));
#8040=DIRECTION('',(0.,0.,1.));
#8041=DIRECTION('center_axis',(0.963061082406712,-0.269283032427987,0.));
#8042=DIRECTION('ref_axis',(0.,0.,-1.));
#8043=DIRECTION('',(0.,0.,1.));
#8044=DIRECTION('center_axis',(0.98062302726252,-0.195904258255126,0.));
#8045=DIRECTION('ref_axis',(0.,0.,-1.));
#8046=DIRECTION('',(0.,0.,1.));
#8047=DIRECTION('center_axis',(0.999517579095208,0.0310581564110635,0.));
#8048=DIRECTION('ref_axis',(0.,0.,-1.));
#8049=DIRECTION('',(0.,0.,1.));
#8050=DIRECTION('',(0.,0.,-1.));
#8051=DIRECTION('center_axis',(0.998967381287677,-0.0454331500475203,0.));
#8052=DIRECTION('ref_axis',(0.,0.,-1.));
#8053=DIRECTION('',(0.,0.,-1.));
#8054=DIRECTION('center_axis',(0.992629821001147,-0.121185966428588,0.));
#8055=DIRECTION('ref_axis',(0.,0.,-1.));
#8056=DIRECTION('center_axis',(0.965424114207562,0.260684252893313,0.));
#8057=DIRECTION('ref_axis',(0.,0.,-1.));
#8058=DIRECTION('',(0.,0.,1.));
#8059=DIRECTION('',(0.,0.,-1.));
#8060=DIRECTION('center_axis',(0.982815024997706,0.184593138113955,0.));
#8061=DIRECTION('ref_axis',(0.,0.,-1.));
#8062=DIRECTION('',(0.,0.,-1.));
#8063=DIRECTION('center_axis',(0.,1.,0.));
#8064=DIRECTION('ref_axis',(0.,0.,1.));
#8065=DIRECTION('center_axis',(0.95450138420578,0.298206484753854,0.));
#8066=DIRECTION('ref_axis',(0.,0.,-1.));
#8067=DIRECTION('center_axis',(0.794994965539498,-0.606616027456291,0.));
#8068=DIRECTION('ref_axis',(0.,0.,-1.));
#8069=DIRECTION('',(0.,0.,-1.));
#8070=DIRECTION('center_axis',(0.745945471054289,-0.666007022645854,0.));
#8071=DIRECTION('ref_axis',(0.,0.,-1.));
#8072=DIRECTION('',(0.,0.,-1.));
#8073=DIRECTION('center_axis',(0.692069392500949,-0.721830974649445,0.));
#8074=DIRECTION('ref_axis',(0.,0.,-1.));
#8075=DIRECTION('',(0.,0.,1.));
#8076=DIRECTION('center_axis',(0.63364777373213,-0.773621676819048,0.));
#8077=DIRECTION('ref_axis',(0.,0.,-1.));
#8078=DIRECTION('',(0.,0.,-1.));
#8079=DIRECTION('center_axis',(0.994164758239782,0.107872301699903,0.));
#8080=DIRECTION('ref_axis',(0.,0.,-1.));
#8081=DIRECTION('center_axis',(0.602856833725474,-0.797849383048264,0.));
#8082=DIRECTION('ref_axis',(0.,0.,-1.));
#8083=DIRECTION('center_axis',(1.,0.,0.));
#8084=DIRECTION('ref_axis',(0.,0.,-1.));
#8085=DIRECTION('',(0.,0.,-1.));
#8086=DIRECTION('',(0.,0.,1.));
#8087=DIRECTION('center_axis',(0.,-1.,0.));
#8088=DIRECTION('ref_axis',(0.,0.,-1.));
#8089=DIRECTION('',(0.,0.,1.));
#8090=DIRECTION('center_axis',(0.,1.,0.));
#8091=DIRECTION('ref_axis',(0.,0.,1.));
#8092=DIRECTION('',(0.,0.,-1.));
#8093=DIRECTION('center_axis',(-1.,0.,0.));
#8094=DIRECTION('ref_axis',(0.,0.,1.));
#8095=DIRECTION('center_axis',(0.,0.,-1.));
#8096=DIRECTION('ref_axis',(1.,0.,0.));
#8097=DIRECTION('',(0.,0.,-1.));
#8098=DIRECTION('center_axis',(0.,0.,-1.));
#8099=DIRECTION('ref_axis',(1.,0.,0.));
#8100=DIRECTION('',(0.,0.,-1.));
#8101=DIRECTION('center_axis',(0.180636757009413,-0.9835498777475,-5.36770884582645E-16));
#8102=DIRECTION('ref_axis',(-0.9835498777475,-0.180636757009413,-3.29278804680557E-16));
#8103=DIRECTION('',(0.,5.45748514363037E-16,-1.));
#8104=DIRECTION('',(0.,5.45748514363037E-16,-1.));
#8105=DIRECTION('center_axis',(0.219811789118227,-0.975542299116058,-5.3240076044089E-16));
#8106=DIRECTION('ref_axis',(-0.975542299116058,-0.219811789118227,-3.40135712317635E-16));
#8107=DIRECTION('',(0.,5.45748514363037E-16,-1.));
#8108=DIRECTION('center_axis',(0.258498985845209,-0.966011529080786,-5.27199356853405E-16));
#8109=DIRECTION('ref_axis',(-0.966011529080786,-0.258498985845209,-3.50413369065481E-16));
#8110=DIRECTION('',(0.,5.45748514363037E-16,-1.));
#8111=DIRECTION('center_axis',(0.296611540410328,-0.954998216802216,-5.21188858039159E-16));
#8112=DIRECTION('ref_axis',(-0.954998216802216,-0.296611540410328,-3.60093984706444E-16));
#8113=DIRECTION('',(0.,5.45748514363037E-16,-1.));
#8114=DIRECTION('center_axis',(0.334152020115928,-0.94251919208706,-5.14378448840163E-16));
#8115=DIRECTION('ref_axis',(-0.94251919208706,-0.334152020115928,-3.69183019223156E-16));
#8116=DIRECTION('',(0.,5.45748514363037E-16,-1.));
#8117=DIRECTION('center_axis',(0.371020041997953,-0.928624858829354,-5.06795637106705E-16));
#8118=DIRECTION('ref_axis',(-0.928624858829354,-0.371020041997953,-3.77660829668482E-16));
#8119=DIRECTION('',(0.,5.45748514363037E-16,-1.));
#8120=DIRECTION('center_axis',(0.40720110818331,-0.913338522944414,-4.98453142007445E-16));
#8121=DIRECTION('ref_axis',(-0.913338522944414,-0.40720110818331,-3.85528964144772E-16));
#8122=DIRECTION('',(0.,5.45748514363037E-16,-1.));
#8123=DIRECTION('center_axis',(0.442674364914759,-0.896682444707888,-4.89363112054746E-16));
#8124=DIRECTION('ref_axis',(-0.896682444707888,-0.442674364914759,-3.92786567716279E-16));
#8125=DIRECTION('',(0.,5.45748514363037E-16,-1.));
#8126=DIRECTION('center_axis',(0.477364972112622,-0.878705117431278,-4.79552012401318E-16));
#8127=DIRECTION('ref_axis',(-0.878705117431278,-0.477364972112622,-3.99421982160016E-16));
#8128=DIRECTION('',(0.,5.45748514363037E-16,-1.));
#8129=DIRECTION('center_axis',(0.511277499725346,-0.85941568421492,-4.69024832880586E-16));
#8130=DIRECTION('ref_axis',(-0.85941568421492,-0.511277499725346,-4.05439231270287E-16));
#8131=DIRECTION('',(0.,5.45748514363037E-16,-1.));
#8132=DIRECTION('center_axis',(0.544357177401438,-0.838853541097335,-4.57803073822044E-16));
#8133=DIRECTION('ref_axis',(-0.838853541097335,-0.544357177401438,-4.10830852229776E-16));
#8134=DIRECTION('',(0.,5.45748514363037E-16,-1.));
#8135=DIRECTION('center_axis',(0.57658671282284,-0.81703596162969,-4.45896162240579E-16));
#8136=DIRECTION('ref_axis',(-0.81703596162969,-0.57658671282284,-4.15595811854209E-16));
#8137=DIRECTION('',(0.,5.45748514363037E-16,-1.));
#8138=DIRECTION('center_axis',(0.607938340792717,-0.793984240268155,-4.3331571955401E-16));
#8139=DIRECTION('ref_axis',(-0.793984240268155,-0.607938340792717,-4.19730688972669E-16));
#8140=DIRECTION('',(0.,5.45748514363037E-16,-1.));
#8141=DIRECTION('center_axis',(0.638377789658133,-0.76972319548731,-4.20075290407969E-16));
#8142=DIRECTION('ref_axis',(-0.76972319548731,-0.638377789658133,-4.23230859555752E-16));
#8143=DIRECTION('',(0.,5.45748514363037E-16,-1.));
#8144=DIRECTION('center_axis',(0.667874202363179,-0.744274176508729,-4.06186526108412E-16));
#8145=DIRECTION('ref_axis',(-0.744274176508729,-0.667874202363179,-4.26091887621272E-16));
#8146=DIRECTION('',(0.,5.45748514363037E-16,-1.));
#8147=DIRECTION('center_axis',(0.696385794003836,-0.717667629135972,-3.916660424074E-16));
#8148=DIRECTION('ref_axis',(-0.717667629135972,-0.696385794003836,-4.28308186450027E-16));
#8149=DIRECTION('',(0.,5.45748514363037E-16,-1.));
#8150=DIRECTION('center_axis',(0.723893453953932,-0.689911782275565,-3.76518330218444E-16));
#8151=DIRECTION('ref_axis',(-0.689911782275565,-0.723893453953932,-4.29875642482799E-16));
#8152=DIRECTION('',(0.,5.45748514363037E-16,-1.));
#8153=DIRECTION('center_axis',(0.750365437205768,-0.661023230035826,-3.60752445751508E-16));
#8154=DIRECTION('ref_axis',(-0.661023230035826,-0.750365437205768,-4.3078822291645E-16));
#8155=DIRECTION('',(0.,5.45748514363037E-16,-1.));
#8156=DIRECTION('center_axis',(0.775741194842812,-0.631051185423057,-3.44395246931667E-16));
#8157=DIRECTION('ref_axis',(-0.631051185423057,-0.775741194842812,-4.31039226361292E-16));
#8158=DIRECTION('',(0.,5.45748514363037E-16,-1.));
#8159=DIRECTION('center_axis',(0.800002247244311,-0.599997003662562,-3.27447473371117E-16));
#8160=DIRECTION('ref_axis',(-0.599997003662562,-0.800002247244311,-4.30622868678097E-16));
#8161=DIRECTION('',(0.,5.45748514363037E-16,-1.));
#8162=DIRECTION('center_axis',(0.823094343784028,-0.567904658574607,-3.09933123716939E-16));
#8163=DIRECTION('ref_axis',(-0.567904658574607,-0.823094343784028,-4.29533112705744E-16));
#8164=DIRECTION('',(0.,5.45748514363037E-16,-1.));
#8165=DIRECTION('center_axis',(0.844979452214028,-0.534798770881236,-2.91865634691613E-16));
#8166=DIRECTION('ref_axis',(-0.534798770881236,-0.844979452214028,-4.2776402777689E-16));
#8167=DIRECTION('',(0.,5.45748514363037E-16,-1.));
#8168=DIRECTION('center_axis',(0.865605869995773,-0.500725950824262,-2.7327044376536E-16));
#8169=DIRECTION('ref_axis',(-0.500725950824262,-0.865605869995773,-4.25311146780403E-16));
#8170=DIRECTION('',(0.,5.45748514363037E-16,-1.));
#8171=DIRECTION('center_axis',(0.884925631991123,-0.465732354303533,-2.54172740451952E-16));
#8172=DIRECTION('ref_axis',(-0.465732354303533,-0.884925631991123,-4.22171123094455E-16));
#8173=DIRECTION('',(0.,5.45748514363037E-16,-1.));
#8174=DIRECTION('center_axis',(0.902904161388211,-0.429841919021227,-2.34585588716792E-16));
#8175=DIRECTION('ref_axis',(-0.429841919021227,-0.902904161388211,-4.18338990058155E-16));
#8176=DIRECTION('',(0.,5.45748514363037E-16,-1.));
#8177=DIRECTION('center_axis',(0.919478901172492,-0.393139352264088,-2.14555217435772E-16));
#8178=DIRECTION('ref_axis',(-0.393139352264088,-0.919478901172492,-4.1381708924286E-16));
#8179=DIRECTION('',(0.,5.45748514363037E-16,-1.));
#8180=DIRECTION('center_axis',(0.934606269845813,-0.355684017584283,-1.94114024179299E-16));
#8181=DIRECTION('ref_axis',(-0.355684017584283,-0.934606269845813,-4.08607147893062E-16));
#8182=DIRECTION('',(0.,5.45748514363037E-16,-1.));
#8183=DIRECTION('center_axis',(0.948251014667071,-0.317521673563979,-1.73286981625607E-16));
#8184=DIRECTION('ref_axis',(-0.31752167356398,-0.948251014667071,-4.02709944753349E-16));
#8185=DIRECTION('',(0.,5.45748514363037E-16,-1.));
#8186=DIRECTION('center_axis',(0.954500074096286,-0.298210678129045,-1.6274803455612E-16));
#8187=DIRECTION('ref_axis',(-0.298210678129045,-0.954500074096286,-3.99507508306808E-16));
#8188=DIRECTION('',(0.,5.45748514363037E-16,-1.));
#8189=DIRECTION('center_axis',(0.96011749000492,-0.279596862261816,-1.52589572199953E-16));
#8190=DIRECTION('ref_axis',(-0.279596862261816,-0.96011749000492,-3.96285451574918E-16));
#8191=DIRECTION('',(0.,5.45748514363037E-16,-1.));
#8192=DIRECTION('center_axis',(0.970332521745373,-0.241774269191877,-1.31947948222676E-16));
#8193=DIRECTION('ref_axis',(-0.241774269191877,-0.970332521745373,-3.8933888569694E-16));
#8194=DIRECTION('',(0.,5.45748514363037E-16,-1.));
#8195=DIRECTION('center_axis',(0.979031061796181,-0.203711020905207,-1.11174987018394E-16));
#8196=DIRECTION('ref_axis',(-0.203711020905207,-0.979031061796181,-3.81821379578583E-16));
#8197=DIRECTION('',(0.,5.45748514363037E-16,-1.));
#8198=DIRECTION('center_axis',(0.986220228191043,-0.165437787421157,-9.02874267046043E-17));
#8199=DIRECTION('ref_axis',(-0.165437787421157,-0.986220228191043,-3.73743695799831E-16));
#8200=DIRECTION('',(0.,5.45748514363037E-16,-1.));
#8201=DIRECTION('center_axis',(0.991895924613857,-0.127053039060154,-6.93390073123878E-17));
#8202=DIRECTION('ref_axis',(-0.127053039060154,-0.991895924613857,-3.65131413038039E-16));
#8203=DIRECTION('',(0.,5.45748514363037E-16,-1.));
#8204=DIRECTION('center_axis',(0.996066175391943,-0.088612494830395,-4.83601374076903E-17));
#8205=DIRECTION('ref_axis',(-0.088612494830395,-0.996066175391943,-3.56002449525976E-16));
#8206=DIRECTION('',(0.,5.45748514363037E-16,-1.));
#8207=DIRECTION('center_axis',(0.998740339371461,-0.0501770317194968,-2.73840405160623E-17));
#8208=DIRECTION('ref_axis',(-0.0501770317194968,-0.998740339371461,-3.46376579284575E-16));
#8209=DIRECTION('',(0.,5.45748514363037E-16,-1.));
#8210=DIRECTION('center_axis',(0.999930247735507,-0.0118109975703745,-6.44583437717734E-18));
#8211=DIRECTION('ref_axis',(-0.0118109975703745,-0.999930247735507,-3.36275349468854E-16));
#8212=DIRECTION('',(0.,5.45748514363037E-16,-1.));
#8213=DIRECTION('center_axis',(0.99965007205009,0.0264524753142339,1.44363991039681E-17));
#8214=DIRECTION('ref_axis',(0.0264524753142339,-0.99965007205009,-3.25712545676358E-16));
#8215=DIRECTION('',(0.,5.45748514363037E-16,-1.));
#8216=DIRECTION('center_axis',(0.997914018299204,0.0645570451766165,3.52319114968059E-17));
#8217=DIRECTION('ref_axis',(0.0645570451766165,-0.997914018299204,-3.14708315439166E-16));
#8218=DIRECTION('',(0.,5.45748514363037E-16,-1.));
#8219=DIRECTION('center_axis',(0.994739455809057,0.102437371387114,5.5905043249772E-17));
#8220=DIRECTION('ref_axis',(0.102437371387114,-0.994739455809057,-3.03286322126527E-16));
#8221=DIRECTION('',(0.,5.45748514363037E-16,-1.));
#8222=DIRECTION('center_axis',(0.990138364311407,0.140092896032351,7.64554898824707E-17));
#8223=DIRECTION('ref_axis',(0.140092896032351,-0.990138364311407,-2.914507084445E-16));
#8224=DIRECTION('',(0.,5.45748514363037E-16,-1.));
#8225=DIRECTION('center_axis',(0.984128133293276,0.177459339739254,9.68481710225433E-17));
#8226=DIRECTION('ref_axis',(0.177459339739254,-0.984128133293276,-2.7922485410078E-16));
#8227=DIRECTION('',(0.,5.45748514363037E-16,-1.));
#8228=DIRECTION('center_axis',(0.976723516655829,0.214502149200121,1.17064229253645E-16));
#8229=DIRECTION('ref_axis',(0.214502149200121,-0.976723516655829,-2.66623127458736E-16));
#8230=DIRECTION('',(0.,5.45748514363037E-16,-1.));
#8231=DIRECTION('center_axis',(0.967936288791971,0.251195821700176,1.37089746507073E-16));
#8232=DIRECTION('ref_axis',(0.251195821700176,-0.967936288791971,-2.53656428121905E-16));
#8233=DIRECTION('',(0.,5.45748514363037E-16,-1.));
#8234=DIRECTION('center_axis',(0.957781407720051,0.28749743481603,1.56901297934032E-16));
#8235=DIRECTION('ref_axis',(0.28749743481603,-0.957781407720051,-2.40341482359701E-16));
#8236=DIRECTION('',(0.,5.45748514363037E-16,-1.));
#8237=DIRECTION('center_axis',(0.946267701444388,0.323384349038656,1.76486528056104E-16));
#8238=DIRECTION('ref_axis',(0.323384349038656,-0.946267701444388,-2.26687425013109E-16));
#8239=DIRECTION('',(0.,5.45748514363037E-16,-1.));
#8240=DIRECTION('center_axis',(0.933408968866045,0.358814292971206,1.95822367321259E-16));
#8241=DIRECTION('ref_axis',(0.358814292971206,-0.933408968866045,-2.12710418156856E-16));
#8242=DIRECTION('',(0.,5.45748514363037E-16,-1.));
#8243=DIRECTION('center_axis',(0.919208070914621,0.393772170633504,2.14900577120743E-16));
#8244=DIRECTION('ref_axis',(0.393772170633504,-0.919208070914621,-1.98415545168952E-16));
#8245=DIRECTION('',(0.,5.45748514363037E-16,-1.));
#8246=DIRECTION('center_axis',(0.903687639988005,0.428192304149561,2.33685313851308E-16));
#8247=DIRECTION('ref_axis',(0.428192304149561,-0.903687639988005,-1.83828314649538E-16));
#8248=DIRECTION('',(0.,5.45748514363037E-16,-1.));
#8249=DIRECTION('center_axis',(0.886840982873105,0.462074746222584,2.52176606275653E-16));
#8250=DIRECTION('ref_axis',(0.462074746222584,-0.886840982873105,-1.68946482890406E-16));
#8251=DIRECTION('',(0.,5.45748514363037E-16,-1.));
#8252=DIRECTION('center_axis',(0.868684042685915,0.495366565265416,2.70345567058721E-16));
#8253=DIRECTION('ref_axis',(0.495366565265416,-0.868684042685915,-1.53789842928648E-16));
#8254=DIRECTION('',(0.,5.45748514363037E-16,-1.));
#8255=DIRECTION('center_axis',(0.849236438010836,0.528012757757488,2.88162178110879E-16));
#8256=DIRECTION('ref_axis',(0.528012757757488,-0.849236438010836,-1.38379978891743E-16));
#8257=DIRECTION('',(0.,5.45748514363037E-16,-1.));
#8258=DIRECTION('center_axis',(0.82848936948369,0.560004789847836,3.05621782095641E-16));
#8259=DIRECTION('ref_axis',(0.560004789847836,-0.82848936948369,-1.22716294998199E-16));
#8260=DIRECTION('',(0.,5.45748514363037E-16,-1.));
#8261=DIRECTION('center_axis',(0.806477385587613,0.591264937685104,3.22681961336599E-16));
#8262=DIRECTION('ref_axis',(0.591264937685103,-0.806477385587613,-1.06831564669683E-16));
#8263=DIRECTION('',(0.,5.45748514363037E-16,-1.));
#8264=DIRECTION('center_axis',(0.783200122487051,0.621769706673033,3.39329893692749E-16));
#8265=DIRECTION('ref_axis',(0.621769706673033,-0.783200122487051,-9.07320952147854E-17));
#8266=DIRECTION('',(0.,5.45748514363037E-16,-1.));
#8267=DIRECTION('center_axis',(0.758682537927249,0.651460518100881,3.5553360991973E-16));
#8268=DIRECTION('ref_axis',(0.651460518100881,-0.758682537927249,-7.44422272869011E-17));
#8269=DIRECTION('',(0.,5.45748514363037E-16,-1.));
#8270=DIRECTION('center_axis',(0.73295261207771,0.680279698689048,3.71261634910882E-16));
#8271=DIRECTION('ref_axis',(0.680279698689048,-0.73295261207771,-5.79870604687605E-17));
#8272=DIRECTION('',(0.,5.45748514363037E-16,-1.));
#8273=DIRECTION('center_axis',(0.706022409383906,0.708189492613201,3.86493363481167E-16));
#8274=DIRECTION('ref_axis',(0.708189492613201,-0.706022409383906,-4.13809436138395E-17));
#8275=DIRECTION('',(0.,5.45748514363037E-16,-1.));
#8276=DIRECTION('center_axis',(0.677938684949309,0.73511845266542,4.01189803423007E-16));
#8277=DIRECTION('ref_axis',(0.73511845266542,-0.677938684949309,-2.46589983769663E-17));
#8278=DIRECTION('',(0.,5.45748514363037E-16,-1.));
#8279=DIRECTION('center_axis',(0.648744980625309,0.761005880472331,4.15317828689309E-16));
#8280=DIRECTION('ref_axis',(0.761005880472331,-0.648744980625309,-7.85233513525076E-18));
#8281=DIRECTION('',(0.,0.,1.));
#8282=DIRECTION('center_axis',(0.618460016230373,0.785816268808636,4.28858061264618E-16));
#8283=DIRECTION('ref_axis',(0.785816268808636,-0.618460016230373,9.02309582530646E-18));
#8284=DIRECTION('',(0.,5.45748514363037E-16,-1.));
#8285=DIRECTION('center_axis',(0.602856955502472,0.797849291033269,4.35425065267009E-16));
#8286=DIRECTION('ref_axis',(0.797849291033269,-0.602856955502472,1.75123826891195E-17));
#8287=DIRECTION('',(0.,5.45748514363037E-16,-1.));
#8288=DIRECTION('center_axis',(0.586238309996059,0.810138657201941,4.42131968596025E-16));
#8289=DIRECTION('ref_axis',(0.810138657201941,-0.586238309996059,2.64100669594827E-17));
#8290=DIRECTION('',(0.,5.45748514363037E-16,-1.));
#8291=DIRECTION('center_axis',(0.552202588434419,0.833709962352812,4.54995973363711E-16));
#8292=DIRECTION('ref_axis',(0.833709962352812,-0.552202588434419,4.41957184088961E-17));
#8293=DIRECTION('',(0.,5.45748514363037E-16,-1.));
#8294=DIRECTION('center_axis',(0.499666129079882,0.866218078459649,4.72737229433758E-16));
#8295=DIRECTION('ref_axis',(0.866218078459649,-0.499666129079882,7.05886050774337E-17));
#8296=DIRECTION('',(0.,5.45748514363037E-16,-1.));
#8297=DIRECTION('center_axis',(0.427036979812343,0.904234160974221,4.93484449987988E-16));
#8298=DIRECTION('ref_axis',(0.904234160974221,-0.427036979812343,1.05180767866737E-16));
#8299=DIRECTION('',(0.,5.45748514363037E-16,-1.));
#8300=DIRECTION('center_axis',(0.352129347404104,0.935951346329904,5.10794056775629E-16));
#8301=DIRECTION('ref_axis',(0.935951346329904,-0.352129347404104,1.38808340895511E-16));
#8302=DIRECTION('',(0.,5.45748514363037E-16,-1.));
#8303=DIRECTION('center_axis',(0.275503238130737,0.961300143440892,5.24628125139841E-16));
#8304=DIRECTION('ref_axis',(0.961300143440891,-0.275503238130737,1.71265790754026E-16));
#8305=DIRECTION('',(0.,5.45748514363037E-16,-1.));
#8306=DIRECTION('center_axis',(0.197614545474447,0.980279802616033,5.34986245937791E-16));
#8307=DIRECTION('ref_axis',(0.980279802616032,-0.197614545474447,2.02401069282806E-16));
#8308=DIRECTION('',(0.,5.45748514363037E-16,-1.));
#8309=DIRECTION('center_axis',(0.118894193757988,0.992906929520908,5.418774816868E-16));
#8310=DIRECTION('ref_axis',(0.992906929520908,-0.118894193757988,2.32075193421001E-16));
#8311=DIRECTION('',(0.,5.45748514363037E-16,-1.));
#8312=DIRECTION('center_axis',(0.0396820203545751,0.999212358440677,5.45318660152185E-16));
#8313=DIRECTION('ref_axis',(0.999212358440677,-0.0396820203545751,2.60183411329916E-16));
#8314=DIRECTION('',(0.,5.45748514363037E-16,-1.));
#8315=DIRECTION('center_axis',(-0.0396822040377189,0.999212351145996,5.45318656171124E-16));
#8316=DIRECTION('ref_axis',(0.999212351145996,0.0396822040377189,2.86617006109526E-16));
#8317=DIRECTION('',(0.,5.45748514363037E-16,-1.));
#8318=DIRECTION('center_axis',(-0.118893647608363,0.992906994918647,5.41877517377519E-16));
#8319=DIRECTION('ref_axis',(0.992906994918647,0.118893647608363,3.11274472253088E-16));
#8320=DIRECTION('',(0.,5.45748514363037E-16,-1.));
#8321=DIRECTION('center_axis',(-0.19761454547445,0.980279802616032,5.3498624593779E-16));
#8322=DIRECTION('ref_axis',(0.980279802616032,0.19761454547445,3.34038800314728E-16));
#8323=DIRECTION('',(0.,5.45748514363037E-16,-1.));
#8324=DIRECTION('center_axis',(-0.275503238130745,0.961300143440889,5.2462812513984E-16));
#8325=DIRECTION('ref_axis',(0.961300143440889,0.275503238130745,3.54787813752921E-16));
#8326=DIRECTION('',(0.,5.45748514363037E-16,-1.));
#8327=DIRECTION('center_axis',(-0.352130852758843,0.935950779974743,5.10793747688142E-16));
#8328=DIRECTION('ref_axis',(0.935950779974743,0.352130852758843,3.73373952796227E-16));
#8329=DIRECTION('',(0.,5.45748514363037E-16,-1.));
#8330=DIRECTION('center_axis',(-0.4270352298249,0.904234987427712,4.93484901023753E-16));
#8331=DIRECTION('ref_axis',(0.904234987427712,0.4270352298249,3.89644183546864E-16));
#8332=DIRECTION('',(0.,5.45748514363037E-16,-1.));
#8333=DIRECTION('center_axis',(-0.499666129079913,0.866218078459631,4.72737229433748E-16));
#8334=DIRECTION('ref_axis',(0.866218078459631,0.499666129079913,4.03433109755279E-16));
#8335=DIRECTION('',(0.,5.45748514363037E-16,-1.));
#8336=DIRECTION('center_axis',(-0.552206681934525,0.833707251034116,4.5499449366556E-16));
#8337=DIRECTION('ref_axis',(0.833707251034116,0.552206681934525,4.12037156721429E-16));
#8338=DIRECTION('',(0.,5.45748514363037E-16,-1.));
#8339=DIRECTION('center_axis',(-0.586238309996058,0.810138657201942,4.42131968596025E-16));
#8340=DIRECTION('ref_axis',(0.810138657201942,0.586238309996058,4.16923228764407E-16));
#8341=DIRECTION('',(0.,5.45748514363037E-16,-1.));
#8342=DIRECTION('center_axis',(-0.602856833725478,0.797849383048262,4.35425115484054E-16));
#8343=DIRECTION('ref_axis',(0.797849383048262,0.602856833725477,4.19095770838482E-16));
#8344=DIRECTION('',(0.,5.45748514363037E-16,-1.));
#8345=DIRECTION('center_axis',(-0.633647773732128,0.77362167681905,4.22202880803038E-16));
#8346=DIRECTION('ref_axis',(0.77362167681905,0.633647773732128,4.22722133439766E-16));
#8347=DIRECTION('',(0.,5.45748514363037E-16,-1.));
#8348=DIRECTION('center_axis',(-0.69206939250095,0.721830974649444,3.93938182036157E-16));
#8349=DIRECTION('ref_axis',(0.721830974649444,0.69206939250095,4.28009692606699E-16));
#8350=DIRECTION('',(0.,5.45748514363037E-16,-1.));
#8351=DIRECTION('center_axis',(-0.745945471054289,0.666007022645854,3.63472343164324E-16));
#8352=DIRECTION('ref_axis',(0.666007022645854,0.745945471054289,4.30679722314512E-16));
#8353=DIRECTION('',(0.,5.45748514363037E-16,-1.));
#8354=DIRECTION('center_axis',(-0.794994965539499,0.60661602745629,3.31059795773077E-16));
#8355=DIRECTION('ref_axis',(0.60661602745629,0.794994965539499,4.30766177610142E-16));
#8356=DIRECTION('',(0.,5.45748514363037E-16,-1.));
#8357=DIRECTION('center_axis',(-0.839043285203868,0.544064670378716,2.969224855766E-16));
#8358=DIRECTION('ref_axis',(0.544064670378716,0.839043285203868,4.28322182475566E-16));
#8359=DIRECTION('',(0.,5.45748514363037E-16,-1.));
#8360=DIRECTION('center_axis',(-0.877958193250448,0.478737308870333,2.61270175086142E-16));
#8361=DIRECTION('ref_axis',(0.478737308870333,0.877958193250448,4.23408859440725E-16));
#8362=DIRECTION('',(0.,5.45748514363037E-16,-1.));
#8363=DIRECTION('center_axis',(-0.911650580982326,0.410966200793433,2.24284193536437E-16));
#8364=DIRECTION('ref_axis',(0.410966200793433,0.911650580982326,4.16087440311836E-16));
#8365=DIRECTION('',(0.,5.45748514363037E-16,-1.));
#8366=DIRECTION('center_axis',(-0.940043413459109,0.341054806170719,1.86130153784043E-16));
#8367=DIRECTION('ref_axis',(0.341054806170719,0.940043413459109,4.06415298723109E-16));
#8368=DIRECTION('',(0.,5.45748514363037E-16,-1.));
#8369=DIRECTION('center_axis',(-0.963061082406713,0.269283032427983,1.46960814890745E-16));
#8370=DIRECTION('ref_axis',(0.269283032427983,0.963061082406713,3.94443839124026E-16));
#8371=DIRECTION('',(0.,5.45748514363037E-16,-1.));
#8372=DIRECTION('center_axis',(-0.98062302726252,0.195904258255127,1.06914457900129E-16));
#8373=DIRECTION('ref_axis',(0.195904258255127,0.98062302726252,3.80215557842261E-16));
#8374=DIRECTION('',(0.,5.45748514363037E-16,-1.));
#8375=DIRECTION('center_axis',(-0.992629821001147,0.121185966428592,6.61370611400527E-17));
#8376=DIRECTION('ref_axis',(0.121185966428592,0.992629821001146,3.63770526510457E-16));
#8377=DIRECTION('',(0.,5.45748514363037E-16,-1.));
#8378=DIRECTION('center_axis',(-0.998967381287677,0.0454331500475222,2.47950741412682E-17));
#8379=DIRECTION('ref_axis',(0.0454331500475222,0.998967381287677,3.45154198975471E-16));
#8380=DIRECTION('',(0.,5.45748514363037E-16,-1.));
#8381=DIRECTION('center_axis',(-0.999517579095208,-0.0310581564110641,-1.69499427201931E-17));
#8382=DIRECTION('ref_axis',(-0.0310581564110641,0.999517579095208,3.24408230045395E-16));
#8383=DIRECTION('',(0.,5.45748514363037E-16,-1.));
#8384=DIRECTION('center_axis',(-0.994164758239782,-0.107872301699904,-5.88711483936441E-17));
#8385=DIRECTION('ref_axis',(-0.107872301699904,0.994164758239782,3.01607827175629E-16));
#8386=DIRECTION('',(0.,5.45748514363037E-16,-1.));
#8387=DIRECTION('center_axis',(-0.982815024997707,-0.184593138113954,-1.00741430887301E-16));
#8388=DIRECTION('ref_axis',(-0.184593138113954,0.982815024997707,2.76835582015546E-16));
#8389=DIRECTION('',(0.,5.45748514363037E-16,-1.));
#8390=DIRECTION('center_axis',(-0.965424114207561,-0.260684252893315,-1.42268043734365E-16));
#8391=DIRECTION('ref_axis',(-0.260684252893315,0.965424114207561,2.5022352225227E-16));
#8392=DIRECTION('',(0.,5.45748514363037E-16,-1.));
#8393=DIRECTION('center_axis',(-0.954501384205779,-0.298206484753856,-1.62745746027841E-16));
#8394=DIRECTION('ref_axis',(-0.298206484753856,0.954501384205779,2.36318850981336E-16));
#8395=DIRECTION('',(0.,5.45748514363037E-16,-1.));
#8396=DIRECTION('center_axis',(-0.948242862300266,-0.317546018864352,-1.73300268037117E-16));
#8397=DIRECTION('ref_axis',(-0.317546018864352,0.948242862300266,2.28942744471327E-16));
#8398=DIRECTION('',(0.,5.45748514363037E-16,-1.));
#8399=DIRECTION('center_axis',(-0.934603249846284,-0.355691952926636,-1.94118354880599E-16));
#8400=DIRECTION('ref_axis',(-0.355691952926636,0.934603249846284,2.13962514855884E-16));
#8401=DIRECTION('',(0.,5.45748514363037E-16,-1.));
#8402=DIRECTION('center_axis',(-0.911393333065589,-0.411536380461796,-2.24595368243367E-16));
#8403=DIRECTION('ref_axis',(-0.411536380461796,0.911393333065589,1.90952148068199E-16));
#8404=DIRECTION('',(0.,5.45748514363037E-16,-1.));
#8405=DIRECTION('center_axis',(-0.875459225229903,-0.483291987270489,-2.63755884056429E-16));
#8406=DIRECTION('ref_axis',(-0.483291987270489,0.875459225229903,1.59350226017724E-16));
#8407=DIRECTION('',(0.,5.45748514363037E-16,-1.));
#8408=DIRECTION('center_axis',(-0.834216993821317,-0.551436312931715,-3.00945548548314E-16));
#8409=DIRECTION('ref_axis',(-0.551436312931715,0.834216993821317,1.26968446848524E-16));
#8410=DIRECTION('',(0.,5.45748514363037E-16,-1.));
#8411=DIRECTION('center_axis',(-0.788041716722923,-0.615621842289882,-3.35974705839139E-16));
#8412=DIRECTION('ref_axis',(-0.615621842289882,0.788041716722923,9.40268221903101E-17));
#8413=DIRECTION('',(0.,5.45748514363037E-16,-1.));
#8414=DIRECTION('center_axis',(-0.737284267587343,-0.675582643921671,-3.68698224249705E-16));
#8415=DIRECTION('ref_axis',(-0.675582643921671,0.737284267587343,6.07149794553855E-17));
#8416=DIRECTION('',(0.,5.45748514363037E-16,-1.));
#8417=DIRECTION('center_axis',(-0.68226426690376,-0.731105649072879,-3.98999821823947E-16));
#8418=DIRECTION('ref_axis',(-0.731105649072879,0.68226426690376,2.71976726058654E-17));
#8419=DIRECTION('',(0.,5.45748514363037E-16,-1.));
#8420=DIRECTION('center_axis',(-0.623278538492644,-0.781999912694672,-4.26775290585142E-16));
#8421=DIRECTION('ref_axis',(-0.781999912694672,0.623278538492644,-6.37399060499702E-18));
#8422=DIRECTION('',(0.,5.45748514363037E-16,-1.));
#8423=DIRECTION('center_axis',(-0.560575586129424,-0.828103261819233,-4.51936124877031E-16));
#8424=DIRECTION('ref_axis',(-0.828103261819233,0.560575586129424,-3.98728687247218E-17));
#8425=DIRECTION('',(0.,5.45748514363037E-16,-1.));
#8426=DIRECTION('center_axis',(-0.494405164831404,-0.869231576156798,-4.74381841325014E-16));
#8427=DIRECTION('ref_axis',(-0.869231576156798,0.494405164831404,-7.3165398421924E-17));
#8428=DIRECTION('',(0.,5.45748514363037E-16,-1.));
#8429=DIRECTION('center_axis',(-0.424999087194193,-0.905193778085169,-4.94008159600646E-16));
#8430=DIRECTION('ref_axis',(-0.905193778085169,0.424999087194193,-1.06122088756808E-16));
#8431=DIRECTION('',(0.,5.45748514363037E-16,-1.));
#8432=DIRECTION('center_axis',(-0.352625834389738,-0.93576440460243,-5.10692033605588E-16));
#8433=DIRECTION('ref_axis',(-0.93576440460243,0.352625834389738,-1.38591827320854E-16));
#8434=DIRECTION('',(0.,5.45748514363037E-16,-1.));
#8435=DIRECTION('center_axis',(-0.277569962052492,-0.960705426322855,-5.24303559156206E-16));
#8436=DIRECTION('ref_axis',(-0.960705426322855,0.277569962052492,-1.70414709474248E-16));
#8437=DIRECTION('',(0.,5.45748514363037E-16,-1.));
#8438=DIRECTION('center_axis',(-0.200216174215221,-0.979751745894142,-5.3469805976632E-16));
#8439=DIRECTION('ref_axis',(-0.979751745894142,0.200216174215221,-2.01390068239512E-16));
#8440=DIRECTION('',(0.,5.45748514363037E-16,-1.));
#8441=DIRECTION('center_axis',(-0.120999310642816,-0.992652591203974,-5.41738676928188E-16));
#8442=DIRECTION('ref_axis',(-0.992652591203974,0.120999310642816,-2.31304457696345E-16));
#8443=DIRECTION('',(0.,5.45748514363037E-16,-1.));
#8444=DIRECTION('center_axis',(-0.0607646689646651,-0.99815212017288,-5.44740036692665E-16));
#8445=DIRECTION('ref_axis',(-0.99815212017288,0.0607646689646651,-2.52871380932378E-16));
#8446=DIRECTION('',(0.,5.45748514363037E-16,-1.));
#8447=DIRECTION('center_axis',(-0.0202689718933702,-0.999794563287071,-5.4563639758216E-16));
#8448=DIRECTION('ref_axis',(-0.999794563287071,0.0202689718933702,-2.66808555724747E-16));
#8449=DIRECTION('',(0.,5.45748514363037E-16,-1.));
#8450=DIRECTION('center_axis',(1.49325356442454E-31,-1.,-5.45748514363037E-16));
#8451=DIRECTION('ref_axis',(-1.,0.,-2.736156902172E-16));
#8452=DIRECTION('',(0.,5.45748514363037E-16,-1.));
#8453=DIRECTION('center_axis',(0.0202702521290788,-0.999794537331858,-5.45636383417141E-16));
#8454=DIRECTION('ref_axis',(-0.999794537331858,-0.0202702521290788,-2.8031082259604E-16));
#8455=DIRECTION('',(0.,5.45748514363037E-16,-1.));
#8456=DIRECTION('center_axis',(0.0607679750392158,-0.998151918902946,-5.44739926849897E-16));
#8457=DIRECTION('ref_axis',(-0.998151918902946,-0.0607679750392158,-2.93349827746765E-16));
#8458=DIRECTION('',(0.,5.45748514363037E-16,-1.));
#8459=DIRECTION('center_axis',(0.101040945388875,-0.994882268087497,-5.4295551977488E-16));
#8460=DIRECTION('ref_axis',(-0.994882268087497,-0.101040945388875,-3.05868793667796E-16));
#8461=DIRECTION('',(0.,5.45748514363037E-16,-1.));
#8462=DIRECTION('center_axis',(0.141029010857635,-0.990005463670033,-5.4029401100921E-16));
#8463=DIRECTION('ref_axis',(-0.990005463670033,-0.141029010857635,-3.17853124759146E-16));
#8464=CARTESIAN_POINT('',(0.,0.,0.));
#8465=CARTESIAN_POINT('Origin',(76.22,-42.68,-6.585));
#8466=CARTESIAN_POINT('',(80.63815620788,-39.0000005811453,-8.49));
#8467=CARTESIAN_POINT('',(80.63815620788,-39.0000005811453,-10.49));
#8468=CARTESIAN_POINT('',(80.63815620788,-39.0000005811453,-6.585));
#8469=CARTESIAN_POINT('',(81.0106266545692,-39.5000005885959,-10.49));
#8470=CARTESIAN_POINT('Origin',(76.22,-42.68,-10.49));
#8471=CARTESIAN_POINT('',(81.0106266545692,-39.5000005885959,-8.49));
#8472=CARTESIAN_POINT('',(81.0106266545692,-39.5000005885959,-6.585));
#8473=CARTESIAN_POINT('Origin',(76.22,-42.68,-8.49));
#8474=CARTESIAN_POINT('Origin',(76.22,-42.68,-6.585));
#8475=CARTESIAN_POINT('',(70.4728180620423,-42.5000006332994,-8.49));
#8476=CARTESIAN_POINT('',(70.4728180620423,-42.5000006332994,-10.49));
#8477=CARTESIAN_POINT('',(70.4728180620423,-42.5000006332994,-6.585));
#8478=CARTESIAN_POINT('',(70.5000010505319,-42.0933893812047,-10.49));
#8479=CARTESIAN_POINT('Origin',(76.22,-42.68,-10.49));
#8480=CARTESIAN_POINT('',(70.5000010505319,-42.0933893812047,-8.49));
#8481=CARTESIAN_POINT('',(70.5000010505319,-42.0933893812047,-6.585));
#8482=CARTESIAN_POINT('Origin',(76.22,-42.68,-8.49));
#8483=CARTESIAN_POINT('Origin',(74.0382364038058,-48.0000007152557,-10.49));
#8484=CARTESIAN_POINT('',(74.0382364038058,-48.0000007152557,-10.49));
#8485=CARTESIAN_POINT('',(78.4017635961942,-48.0000007152557,-10.49));
#8486=CARTESIAN_POINT('',(73.0000010877848,-48.0000007152557,-10.49));
#8487=CARTESIAN_POINT('',(78.4017635961942,-48.0000007152557,-8.49));
#8488=CARTESIAN_POINT('',(78.4017635961942,-48.0000007152557,-6.585));
#8489=CARTESIAN_POINT('',(74.0382364038058,-48.0000007152557,-8.49));
#8490=CARTESIAN_POINT('',(73.0000010877848,-48.0000007152557,-8.49));
#8491=CARTESIAN_POINT('',(74.0382364038058,-48.0000007152557,-6.585));
#8492=CARTESIAN_POINT('Origin',(79.3552979406681,-47.5000007078052,-10.49));
#8493=CARTESIAN_POINT('',(79.3552979406681,-47.5000007078052,-10.49));
#8494=CARTESIAN_POINT('',(73.0847020593319,-47.5000007078052,-10.49));
#8495=CARTESIAN_POINT('',(79.5000011846423,-47.5000007078052,-10.49));
#8496=CARTESIAN_POINT('',(73.0847020593319,-47.5000007078052,-8.49));
#8497=CARTESIAN_POINT('',(73.0847020593319,-47.5000007078052,-6.585));
#8498=CARTESIAN_POINT('',(79.3552979406681,-47.5000007078052,-8.49));
#8499=CARTESIAN_POINT('',(79.5000011846423,-47.5000007078052,-8.49));
#8500=CARTESIAN_POINT('',(79.3552979406681,-47.5000007078052,-6.585));
#8501=CARTESIAN_POINT('Origin',(76.22,-42.68,-6.585));
#8502=CARTESIAN_POINT('',(80.0147455710411,-47.0000007003546,-8.49));
#8503=CARTESIAN_POINT('Origin',(76.22,-42.68,-8.49));
#8504=CARTESIAN_POINT('',(80.0147455710411,-47.0000007003546,-10.49));
#8505=CARTESIAN_POINT('',(80.0147455710411,-47.0000007003546,-6.585));
#8506=CARTESIAN_POINT('Origin',(76.22,-42.68,-10.49));
#8507=CARTESIAN_POINT('Origin',(76.22,-42.68,-6.585));
#8508=CARTESIAN_POINT('Origin',(76.22,-42.68,-8.49));
#8509=CARTESIAN_POINT('Origin',(76.22,-42.68,-10.49));
#8510=CARTESIAN_POINT('Origin',(76.22,-42.68,-6.585));
#8511=CARTESIAN_POINT('',(72.4252544289589,-47.0000007003546,-10.49));
#8512=CARTESIAN_POINT('Origin',(76.22,-42.68,-10.49));
#8513=CARTESIAN_POINT('',(72.4252544289589,-47.0000007003546,-8.49));
#8514=CARTESIAN_POINT('',(72.4252544289589,-47.0000007003546,-6.585));
#8515=CARTESIAN_POINT('Origin',(76.22,-42.68,-8.49));
#8516=CARTESIAN_POINT('Origin',(72.4252544289589,-47.0000007003546,-10.49));
#8517=CARTESIAN_POINT('',(71.500001065433,-47.0000007003546,-10.49));
#8518=CARTESIAN_POINT('',(71.500001065433,-47.0000007003546,-8.49));
#8519=CARTESIAN_POINT('Origin',(80.5176848076857,-46.500000692904,-10.49));
#8520=CARTESIAN_POINT('',(80.5176848076857,-46.500000692904,-10.49));
#8521=CARTESIAN_POINT('',(71.9223151923143,-46.500000692904,-10.49));
#8522=CARTESIAN_POINT('',(81.5000012144446,-46.500000692904,-10.49));
#8523=CARTESIAN_POINT('',(71.9223151923143,-46.500000692904,-8.49));
#8524=CARTESIAN_POINT('',(71.9223151923142,-46.500000692904,-6.585));
#8525=CARTESIAN_POINT('',(80.5176848076857,-46.500000692904,-8.49));
#8526=CARTESIAN_POINT('',(81.5000012144446,-46.500000692904,-8.49));
#8527=CARTESIAN_POINT('',(80.5176848076857,-46.500000692904,-6.585));
#8528=CARTESIAN_POINT('Origin',(76.22,-42.68,-6.585));
#8529=CARTESIAN_POINT('',(80.9146880033277,-46.0000006854534,-8.49));
#8530=CARTESIAN_POINT('Origin',(76.22,-42.68,-8.49));
#8531=CARTESIAN_POINT('',(80.9146880033277,-46.0000006854534,-10.49));
#8532=CARTESIAN_POINT('',(80.9146880033277,-46.0000006854534,-6.585));
#8533=CARTESIAN_POINT('Origin',(76.22,-42.68,-10.49));
#8534=CARTESIAN_POINT('Origin',(76.22,-42.68,-6.585));
#8535=CARTESIAN_POINT('',(71.5253119966723,-46.0000006854534,-10.49));
#8536=CARTESIAN_POINT('Origin',(76.22,-42.68,-10.49));
#8537=CARTESIAN_POINT('',(71.5253119966723,-46.0000006854534,-8.49));
#8538=CARTESIAN_POINT('',(71.5253119966723,-46.0000006854534,-6.585));
#8539=CARTESIAN_POINT('Origin',(76.22,-42.68,-8.49));
#8540=CARTESIAN_POINT('Origin',(71.5253119966723,-46.0000006854534,-10.49));
#8541=CARTESIAN_POINT('',(71.0000010579824,-46.0000006854534,-10.49));
#8542=CARTESIAN_POINT('',(71.0000010579824,-46.0000006854534,-8.49));
#8543=CARTESIAN_POINT('Origin',(81.230997523055,-45.5000006780028,-10.49));
#8544=CARTESIAN_POINT('',(81.230997523055,-45.5000006780028,-10.49));
#8545=CARTESIAN_POINT('',(71.209002476945,-45.5000006780028,-10.49));
#8546=CARTESIAN_POINT('',(81.5000012144446,-45.5000006780028,-10.49));
#8547=CARTESIAN_POINT('',(71.209002476945,-45.5000006780028,-8.49));
#8548=CARTESIAN_POINT('',(71.209002476945,-45.5000006780028,-6.585));
#8549=CARTESIAN_POINT('',(81.230997523055,-45.5000006780028,-8.49));
#8550=CARTESIAN_POINT('',(81.5000012144446,-45.5000006780028,-8.49));
#8551=CARTESIAN_POINT('',(81.230997523055,-45.5000006780028,-6.585));
#8552=CARTESIAN_POINT('Origin',(76.22,-42.68,-6.585));
#8553=CARTESIAN_POINT('',(81.4811877830616,-45.0000006705523,-8.49));
#8554=CARTESIAN_POINT('Origin',(76.22,-42.68,-8.49));
#8555=CARTESIAN_POINT('',(81.4811877830616,-45.0000006705523,-10.49));
#8556=CARTESIAN_POINT('',(81.4811877830616,-45.0000006705523,-6.585));
#8557=CARTESIAN_POINT('Origin',(76.22,-42.68,-10.49));
#8558=CARTESIAN_POINT('Origin',(76.22,-42.68,-6.585));
#8559=CARTESIAN_POINT('',(70.9588122169384,-45.0000006705523,-10.49));
#8560=CARTESIAN_POINT('Origin',(76.22,-42.68,-10.49));
#8561=CARTESIAN_POINT('',(70.9588122169384,-45.0000006705523,-8.49));
#8562=CARTESIAN_POINT('',(70.9588122169384,-45.0000006705523,-6.585));
#8563=CARTESIAN_POINT('Origin',(76.22,-42.68,-8.49));
#8564=CARTESIAN_POINT('Origin',(70.9588122169384,-45.0000006705523,-10.49));
#8565=CARTESIAN_POINT('',(82.0000012218952,-45.0000006705523,-10.49));
#8566=CARTESIAN_POINT('',(82.0000012218952,-45.0000006705523,-8.49));
#8567=CARTESIAN_POINT('Origin',(81.6743650030328,-44.5000006631017,-10.49));
#8568=CARTESIAN_POINT('',(70.7656349969672,-44.5000006631017,-10.49));
#8569=CARTESIAN_POINT('',(81.6743650030328,-44.5000006631017,-10.49));
#8570=CARTESIAN_POINT('',(70.5000010505319,-44.5000006631017,-10.49));
#8571=CARTESIAN_POINT('',(70.7656349969672,-44.5000006631017,-8.49));
#8572=CARTESIAN_POINT('',(70.7656349969672,-44.5000006631017,-6.585));
#8573=CARTESIAN_POINT('',(81.6743650030328,-44.5000006631017,-8.49));
#8574=CARTESIAN_POINT('',(70.5000010505319,-44.5000006631017,-8.49));
#8575=CARTESIAN_POINT('',(81.6743650030328,-44.5000006631017,-6.585));
#8576=CARTESIAN_POINT('Origin',(76.22,-42.68,-6.585));
#8577=CARTESIAN_POINT('',(81.8164362114725,-44.0000006556511,-8.49));
#8578=CARTESIAN_POINT('Origin',(76.22,-42.68,-8.49));
#8579=CARTESIAN_POINT('',(81.8164362114725,-44.0000006556511,-10.49));
#8580=CARTESIAN_POINT('',(81.8164362114725,-44.0000006556511,-6.585));
#8581=CARTESIAN_POINT('Origin',(76.22,-42.68,-10.49));
#8582=CARTESIAN_POINT('Origin',(76.22,-42.68,-6.585));
#8583=CARTESIAN_POINT('',(70.6235637885275,-44.0000006556511,-10.49));
#8584=CARTESIAN_POINT('Origin',(76.22,-42.68,-10.49));
#8585=CARTESIAN_POINT('',(70.6235637885275,-44.0000006556511,-8.49));
#8586=CARTESIAN_POINT('',(70.6235637885275,-44.0000006556511,-6.585));
#8587=CARTESIAN_POINT('Origin',(76.22,-42.68,-8.49));
#8588=CARTESIAN_POINT('Origin',(70.6235637885275,-44.0000006556511,-10.49));
#8589=CARTESIAN_POINT('',(70.5000010505319,-44.0000006556511,-10.49));
#8590=CARTESIAN_POINT('',(70.5000010505319,-44.0000006556511,-8.49));
#8591=CARTESIAN_POINT('Origin',(81.9112300021129,-43.5000006482005,-10.49));
#8592=CARTESIAN_POINT('',(81.9112300021129,-43.5000006482005,-10.49));
#8593=CARTESIAN_POINT('',(70.5287699978871,-43.5000006482005,-10.49));
#8594=CARTESIAN_POINT('',(82.0000012218952,-43.5000006482005,-10.49));
#8595=CARTESIAN_POINT('',(70.5287699978871,-43.5000006482005,-8.49));
#8596=CARTESIAN_POINT('',(70.528769997887,-43.5000006482005,-6.585));
#8597=CARTESIAN_POINT('',(81.9112300021129,-43.5000006482005,-8.49));
#8598=CARTESIAN_POINT('',(82.0000012218952,-43.5000006482005,-8.49));
#8599=CARTESIAN_POINT('',(81.9112300021129,-43.5000006482005,-6.585));
#8600=CARTESIAN_POINT('Origin',(76.22,-42.68,-6.585));
#8601=CARTESIAN_POINT('',(81.9610887112045,-43.0000006407499,-8.49));
#8602=CARTESIAN_POINT('Origin',(76.22,-42.68,-8.49));
#8603=CARTESIAN_POINT('',(81.9610887112045,-43.0000006407499,-10.49));
#8604=CARTESIAN_POINT('',(81.9610887112045,-43.0000006407499,-6.585));
#8605=CARTESIAN_POINT('Origin',(76.22,-42.68,-10.49));
#8606=CARTESIAN_POINT('Origin',(76.22,-42.68,-6.585));
#8607=CARTESIAN_POINT('',(70.4789112887955,-43.0000006407499,-10.49));
#8608=CARTESIAN_POINT('',(70.4789112887955,-43.0000006407499,-8.49));
#8609=CARTESIAN_POINT('',(70.4789112887955,-43.0000006407499,-6.585));
#8610=CARTESIAN_POINT('Origin',(76.22,-42.68,-8.49));
#8611=CARTESIAN_POINT('Origin',(76.22,-42.68,-10.49));
#8612=CARTESIAN_POINT('Origin',(70.5000010505319,-43.0000006407499,-10.49));
#8613=CARTESIAN_POINT('',(70.5000010505319,-43.0000006407499,-10.49));
#8614=CARTESIAN_POINT('',(70.5000010505319,-43.0000006407499,-8.49));
#8615=CARTESIAN_POINT('Origin',(81.9671819379577,-42.5000006332994,-10.49));
#8616=CARTESIAN_POINT('',(81.9671819379577,-42.5000006332994,-10.49));
#8617=CARTESIAN_POINT('',(82.0000012218952,-42.5000006332994,-10.49));
#8618=CARTESIAN_POINT('',(81.9671819379577,-42.5000006332994,-8.49));
#8619=CARTESIAN_POINT('',(82.0000012218952,-42.5000006332994,-8.49));
#8620=CARTESIAN_POINT('',(81.9671819379577,-42.5000006332994,-6.585));
#8621=CARTESIAN_POINT('Origin',(76.22,-42.68,-6.585));
#8622=CARTESIAN_POINT('',(81.9399989494681,-42.0933893812047,-8.49));
#8623=CARTESIAN_POINT('Origin',(76.22,-42.68,-8.49));
#8624=CARTESIAN_POINT('',(81.9399989494681,-42.0933893812047,-10.49));
#8625=CARTESIAN_POINT('',(81.9399989494681,-42.0933893812047,-6.585));
#8626=CARTESIAN_POINT('Origin',(76.22,-42.68,-10.49));
#8627=CARTESIAN_POINT('Origin',(70.5000010505319,-42.0933893812047,-10.49));
#8628=CARTESIAN_POINT('',(70.5000010505319,-42.0933893812047,-10.49));
#8629=CARTESIAN_POINT('',(70.5000010505319,-42.0933893812047,-8.49));
#8630=CARTESIAN_POINT('Origin',(81.8476195197809,-41.5000006183982,-10.49));
#8631=CARTESIAN_POINT('',(81.8476195197809,-41.5000006183982,-10.49));
#8632=CARTESIAN_POINT('',(70.5923804802191,-41.5000006183982,-10.49));
#8633=CARTESIAN_POINT('',(82.0000012218952,-41.5000006183982,-10.49));
#8634=CARTESIAN_POINT('',(70.5923804802191,-41.5000006183982,-8.49));
#8635=CARTESIAN_POINT('',(70.5923804802191,-41.5000006183982,-6.585));
#8636=CARTESIAN_POINT('',(81.8476195197809,-41.5000006183982,-8.49));
#8637=CARTESIAN_POINT('',(82.0000012218952,-41.5000006183982,-8.49));
#8638=CARTESIAN_POINT('',(81.8476195197809,-41.5000006183982,-6.585));
#8639=CARTESIAN_POINT('Origin',(76.22,-42.68,-6.585));
#8640=CARTESIAN_POINT('',(81.7191001129988,-41.0000006109476,-8.49));
#8641=CARTESIAN_POINT('Origin',(76.22,-42.68,-8.49));
#8642=CARTESIAN_POINT('',(81.7191001129988,-41.0000006109476,-10.49));
#8643=CARTESIAN_POINT('',(81.7191001129988,-41.0000006109476,-6.585));
#8644=CARTESIAN_POINT('Origin',(76.22,-42.68,-10.49));
#8645=CARTESIAN_POINT('Origin',(76.22,-42.68,-6.585));
#8646=CARTESIAN_POINT('',(70.7208998870012,-41.0000006109476,-10.49));
#8647=CARTESIAN_POINT('Origin',(76.22,-42.68,-10.49));
#8648=CARTESIAN_POINT('',(70.7208998870012,-41.0000006109476,-8.49));
#8649=CARTESIAN_POINT('',(70.7208998870012,-41.0000006109476,-6.585));
#8650=CARTESIAN_POINT('Origin',(76.22,-42.68,-8.49));
#8651=CARTESIAN_POINT('Origin',(70.7208998870012,-41.0000006109476,-10.49));
#8652=CARTESIAN_POINT('',(70.5000010505319,-41.0000006109476,-10.49));
#8653=CARTESIAN_POINT('',(70.5000010505319,-41.0000006109476,-8.49));
#8654=CARTESIAN_POINT('Origin',(81.5407238822595,-40.500000603497,-10.49));
#8655=CARTESIAN_POINT('',(81.5407238822595,-40.500000603497,-10.49));
#8656=CARTESIAN_POINT('',(70.8992761177405,-40.500000603497,-10.49));
#8657=CARTESIAN_POINT('',(82.0000012218952,-40.500000603497,-10.49));
#8658=CARTESIAN_POINT('',(70.8992761177405,-40.500000603497,-8.49));
#8659=CARTESIAN_POINT('',(70.8992761177405,-40.500000603497,-6.585));
#8660=CARTESIAN_POINT('',(81.5407238822595,-40.500000603497,-8.49));
#8661=CARTESIAN_POINT('',(82.0000012218952,-40.500000603497,-8.49));
#8662=CARTESIAN_POINT('',(81.5407238822595,-40.500000603497,-6.585));
#8663=CARTESIAN_POINT('Origin',(76.22,-42.68,-6.585));
#8664=CARTESIAN_POINT('',(81.307249079297,-40.0000005960464,-8.49));
#8665=CARTESIAN_POINT('Origin',(76.22,-42.68,-8.49));
#8666=CARTESIAN_POINT('',(81.307249079297,-40.0000005960464,-10.49));
#8667=CARTESIAN_POINT('',(81.307249079297,-40.0000005960464,-6.585));
#8668=CARTESIAN_POINT('Origin',(76.22,-42.68,-10.49));
#8669=CARTESIAN_POINT('Origin',(76.22,-42.68,-6.585));
#8670=CARTESIAN_POINT('',(71.132750920703,-40.0000005960464,-10.49));
#8671=CARTESIAN_POINT('Origin',(76.22,-42.68,-10.49));
#8672=CARTESIAN_POINT('',(71.132750920703,-40.0000005960464,-8.49));
#8673=CARTESIAN_POINT('',(71.132750920703,-40.0000005960464,-6.585));
#8674=CARTESIAN_POINT('Origin',(76.22,-42.68,-8.49));
#8675=CARTESIAN_POINT('Origin',(71.132750920703,-40.0000005960464,-10.49));
#8676=CARTESIAN_POINT('',(71.0000010579824,-40.0000005960464,-10.49));
#8677=CARTESIAN_POINT('',(71.0000010579824,-40.0000005960464,-8.49));
#8678=CARTESIAN_POINT('Origin',(81.0106266545692,-39.5000005885959,-10.49));
#8679=CARTESIAN_POINT('',(71.4293733454308,-39.5000005885959,-10.49));
#8680=CARTESIAN_POINT('',(81.5000012144446,-39.5000005885959,-10.49));
#8681=CARTESIAN_POINT('',(71.4293733454308,-39.5000005885959,-8.49));
#8682=CARTESIAN_POINT('',(71.4293733454308,-39.5000005885959,-6.585));
#8683=CARTESIAN_POINT('',(81.5000012144446,-39.5000005885959,-8.49));
#8684=CARTESIAN_POINT('Origin',(76.22,-42.68,-6.585));
#8685=CARTESIAN_POINT('',(71.80184379212,-39.0000005811453,-10.49));
#8686=CARTESIAN_POINT('',(71.80184379212,-39.0000005811453,-8.49));
#8687=CARTESIAN_POINT('',(71.80184379212,-39.0000005811453,-6.585));
#8688=CARTESIAN_POINT('Origin',(76.22,-42.68,-8.49));
#8689=CARTESIAN_POINT('Origin',(76.22,-42.68,-10.49));
#8690=CARTESIAN_POINT('Origin',(80.1684306751021,-38.5000005736947,-10.49));
#8691=CARTESIAN_POINT('',(80.1684306751021,-38.5000005736947,-10.49));
#8692=CARTESIAN_POINT('',(72.2715693248979,-38.5000005736947,-10.49));
#8693=CARTESIAN_POINT('',(80.5000011995435,-38.5000005736947,-10.49));
#8694=CARTESIAN_POINT('',(72.2715693248979,-38.5000005736947,-8.49));
#8695=CARTESIAN_POINT('',(72.2715693248979,-38.5000005736947,-6.585));
#8696=CARTESIAN_POINT('',(80.1684306751021,-38.5000005736947,-8.49));
#8697=CARTESIAN_POINT('',(80.5000011995435,-38.5000005736947,-8.49));
#8698=CARTESIAN_POINT('',(80.1684306751021,-38.5000005736947,-6.585));
#8699=CARTESIAN_POINT('Origin',(72.0000010728836,-39.0000005811453,-10.49));
#8700=CARTESIAN_POINT('',(72.0000010728836,-39.0000005811453,-10.49));
#8701=CARTESIAN_POINT('',(72.0000010728836,-39.0000005811453,-8.49));
#8702=CARTESIAN_POINT('Origin',(76.22,-42.68,-6.585));
#8703=CARTESIAN_POINT('',(72.8793256219672,-38.0000005662441,-10.49));
#8704=CARTESIAN_POINT('Origin',(76.22,-42.68,-10.49));
#8705=CARTESIAN_POINT('',(72.8793256219672,-38.0000005662441,-8.49));
#8706=CARTESIAN_POINT('',(72.8793256219672,-38.0000005662441,-6.585));
#8707=CARTESIAN_POINT('Origin',(76.22,-42.68,-8.49));
#8708=CARTESIAN_POINT('Origin',(76.22,-42.68,-6.585));
#8709=CARTESIAN_POINT('',(79.5606743780328,-38.0000005662441,-8.49));
#8710=CARTESIAN_POINT('Origin',(76.22,-42.68,-8.49));
#8711=CARTESIAN_POINT('',(79.5606743780328,-38.0000005662441,-10.49));
#8712=CARTESIAN_POINT('',(79.5606743780328,-38.0000005662441,-6.585));
#8713=CARTESIAN_POINT('Origin',(76.22,-42.68,-10.49));
#8714=CARTESIAN_POINT('Origin',(76.3030073524632,-70.8640543347984,-8.49));
#8715=CARTESIAN_POINT('',(54.7097223362809,-110.426829346094,-8.49));
#8716=CARTESIAN_POINT('',(54.8965041823723,-110.430616,-8.49));
#8717=CARTESIAN_POINT('',(65.2071209577938,-110.639644543761,-8.49));
#8718=CARTESIAN_POINT('',(97.7120754184153,-110.430616,-8.49));
#8719=CARTESIAN_POINT('',(87.0202115946479,-110.430616,-8.49));
#8720=CARTESIAN_POINT('',(97.8988544031352,-110.426829164834,-8.49));
#8721=CARTESIAN_POINT('',(87.5315907739645,-110.637019398732,-8.49));
#8722=CARTESIAN_POINT('',(98.1097297372703,-110.413990971771,-8.49));
#8723=CARTESIAN_POINT('',(88.4713077670013,-111.000782796357,-8.49));
#8724=CARTESIAN_POINT('',(98.3189572570243,-110.392741677181,-8.49));
#8725=CARTESIAN_POINT('',(89.4352074871898,-111.294981574438,-8.49));
#8726=CARTESIAN_POINT('',(98.5262391581738,-110.363213798234,-8.49));
#8727=CARTESIAN_POINT('',(90.4178862960022,-111.518271043674,-8.49));
#8728=CARTESIAN_POINT('',(98.7312908373248,-110.325554426626,-8.49));
#8729=CARTESIAN_POINT('',(91.4131157949334,-111.669595473037,-8.49));
#8730=CARTESIAN_POINT('',(98.9338738551016,-110.279907881496,-8.49));
#8731=CARTESIAN_POINT('',(92.4155521388777,-111.748633491641,-8.49));
#8732=CARTESIAN_POINT('',(99.1337082859654,-110.226433366793,-8.49));
#8733=CARTESIAN_POINT('',(93.4197570364216,-111.755453009635,-8.49));
#8734=CARTESIAN_POINT('',(99.3305900569008,-110.165284137058,-8.49));
#8735=CARTESIAN_POINT('',(94.419682616982,-111.69055590714,-8.49));
#8736=CARTESIAN_POINT('',(99.5242912857836,-110.096611098383,-8.49));
#8737=CARTESIAN_POINT('',(95.411321788392,-111.554785189443,-8.49));
#8738=CARTESIAN_POINT('',(99.714567768159,-110.020588592835,-8.49));
#8739=CARTESIAN_POINT('',(96.388423268221,-111.349506573358,-8.49));
#8740=CARTESIAN_POINT('',(99.9012753790073,-109.937347227083,-8.49));
#8741=CARTESIAN_POINT('',(97.3468851542744,-111.076191701628,-8.49));
#8742=CARTESIAN_POINT('',(100.084188261607,-109.847046759379,-8.49));
#8743=CARTESIAN_POINT('',(98.2825081321353,-110.736500558548,-8.49));
#8744=CARTESIAN_POINT('',(100.263120535693,-109.749840087499,-8.49));
#8745=CARTESIAN_POINT('',(99.1900526733015,-110.332794482602,-8.49));
#8746=CARTESIAN_POINT('',(100.437905995139,-109.645857958321,-8.49));
#8747=CARTESIAN_POINT('',(100.066229906427,-109.866972867945,-8.49));
#8748=CARTESIAN_POINT('',(100.608352672995,-109.535250006027,-8.49));
#8749=CARTESIAN_POINT('',(100.906555409291,-109.341737322501,-8.49));
#8750=CARTESIAN_POINT('',(100.774303071155,-109.418137909302,-8.49));
#8751=CARTESIAN_POINT('',(101.707560563021,-108.759533031765,-8.49));
#8752=CARTESIAN_POINT('',(100.935576501139,-109.294653970369,-8.49));
#8753=CARTESIAN_POINT('',(102.465674959262,-108.123087243092,-8.49));
#8754=CARTESIAN_POINT('',(101.091989752304,-109.164931043819,-8.49));
#8755=CARTESIAN_POINT('',(103.177354796377,-107.435412256715,-8.49));
#8756=CARTESIAN_POINT('',(101.243349614825,-109.029108317946,-8.49));
#8757=CARTESIAN_POINT('',(103.839288131062,-106.699643692357,-8.49));
#8758=CARTESIAN_POINT('',(101.389480084212,-108.887311225781,-8.49));
#8759=CARTESIAN_POINT('',(104.448166189511,-105.919327906522,-8.49));
#8760=CARTESIAN_POINT('',(101.53021521393,-108.739644173613,-8.49));
#8761=CARTESIAN_POINT('',(105.0012758722,-105.097616086325,-8.49));
#8762=CARTESIAN_POINT('',(101.665334086825,-108.58626297984,-8.49));
#8763=CARTESIAN_POINT('',(105.49578301861,-104.2381003786,-8.49));
#8764=CARTESIAN_POINT('',(101.794640308335,-108.427308896413,-8.49));
#8765=CARTESIAN_POINT('',(105.928690661778,-103.345386486949,-8.49));
#8766=CARTESIAN_POINT('',(101.91793791294,-108.262910807487,-8.49));
#8767=CARTESIAN_POINT('',(106.297831552731,-102.423007052743,-8.49));
#8768=CARTESIAN_POINT('',(102.035010551437,-108.093231222887,-8.49));
#8769=CARTESIAN_POINT('',(106.600798567298,-101.475792478496,-8.49));
#8770=CARTESIAN_POINT('',(102.145643015199,-107.918432469194,-8.49));
#8771=CARTESIAN_POINT('',(106.835661209769,-100.508226573636,-8.49));
#8772=CARTESIAN_POINT('',(102.249608791765,-107.738706640473,-8.49));
#8773=CARTESIAN_POINT('',(107.000685508867,-99.5255116016421,-8.49));
#8774=CARTESIAN_POINT('',(102.346704861116,-107.554216987262,-8.49));
#8775=CARTESIAN_POINT('',(107.094580739063,-98.5329045895204,-8.49));
#8776=CARTESIAN_POINT('',(102.436702809576,-107.365171855587,-8.49));
#8777=CARTESIAN_POINT('',(107.116392380621,-97.5352529930373,-8.49));
#8778=CARTESIAN_POINT('',(102.519370282038,-107.171828207072,-8.49));
#8779=CARTESIAN_POINT('',(107.065643949236,-96.5389503436083,-8.49));
#8780=CARTESIAN_POINT('',(102.59450846364,-106.974392808914,-8.49));
#8781=CARTESIAN_POINT('',(106.942417066613,-95.5496943682761,-8.49));
#8782=CARTESIAN_POINT('',(102.653835844749,-106.79721671664,-8.49));
#8783=CARTESIAN_POINT('',(106.739080967696,-94.5969855024453,-8.49));
#8784=CARTESIAN_POINT('',(115.950732158359,-64.2370756907738,-8.49));
#8785=CARTESIAN_POINT('',(113.248269214907,-72.8870043115431,-8.49));
#8786=CARTESIAN_POINT('',(116.001132819784,-64.0640030884901,-8.49));
#8787=CARTESIAN_POINT('',(113.543568964187,-72.5031179679456,-8.49));
#8788=CARTESIAN_POINT('',(116.050483507548,-63.8659399220984,-8.49));
#8789=CARTESIAN_POINT('',(114.073785432983,-71.7991845714687,-8.49));
#8790=CARTESIAN_POINT('',(116.09188482565,-63.6669660215146,-8.49));
#8791=CARTESIAN_POINT('',(114.553569361783,-71.0600791445818,-8.49));
#8792=CARTESIAN_POINT('',(116.125370246612,-63.4673502020775,-8.49));
#8793=CARTESIAN_POINT('',(114.981004719872,-70.2892283745782,-8.49));
#8794=CARTESIAN_POINT('',(116.150982764603,-63.2673947157568,-8.49));
#8795=CARTESIAN_POINT('',(115.353752867768,-69.4913236473307,-8.49));
#8796=CARTESIAN_POINT('',(116.168778850292,-63.0673543146421,-8.49));
#8797=CARTESIAN_POINT('',(115.670312954361,-68.6704582501893,-8.49));
#8798=CARTESIAN_POINT('',(116.178819816161,-62.8674955881313,-8.49));
#8799=CARTESIAN_POINT('',(115.929456369839,-67.8309086174038,-8.49));
#8800=CARTESIAN_POINT('',(116.181175650136,-62.668048451105,-8.49));
#8801=CARTESIAN_POINT('',(116.130278543329,-66.977045749255,-8.49));
#8802=CARTESIAN_POINT('',(116.175914693449,-62.4692347042308,-8.49));
#8803=CARTESIAN_POINT('',(116.272326772963,-66.1126873901433,-8.49));
#8804=CARTESIAN_POINT('',(116.163110973499,-62.2713165437856,-8.49));
#8805=CARTESIAN_POINT('',(116.355298523816,-65.2421255403733,-8.49));
#8806=CARTESIAN_POINT('',(116.142841238512,-62.0744830554119,-8.49));
#8807=CARTESIAN_POINT('',(116.37920612446,-64.3697535688658,-8.49));
#8808=CARTESIAN_POINT('',(116.115172153567,-61.878925512628,-8.49));
#8809=CARTESIAN_POINT('',(116.344350291824,-63.4986940617599,-8.49));
#8810=CARTESIAN_POINT('',(116.080181290602,-61.6848782863558,-8.49));
#8811=CARTESIAN_POINT('',(116.251201199285,-62.633295561748,-8.49));
#8812=CARTESIAN_POINT('',(116.037937220269,-61.4925222792624,-8.49));
#8813=CARTESIAN_POINT('',(116.100464118048,-61.777235004574,-8.49));
#8814=CARTESIAN_POINT('',(115.988507520627,-61.3020541428767,-8.49));
#8815=CARTESIAN_POINT('',(115.892983749855,-60.9339710929781,-8.49));
#8816=CARTESIAN_POINT('',(115.931958867939,-61.1136655118231,-8.49));
#8817=CARTESIAN_POINT('',(115.629856566278,-60.1072288180633,-8.49));
#8818=CARTESIAN_POINT('',(115.868352609731,-60.9275447303718,-8.49));
#8819=CARTESIAN_POINT('',(115.312238616788,-59.300277636564,-8.49));
#8820=CARTESIAN_POINT('',(115.79774684494,-60.7438729664527,-8.49));
#8821=CARTESIAN_POINT('',(114.941583179666,-58.5166739399953,-8.49));
#8822=CARTESIAN_POINT('',(115.720205044944,-60.5628620832438,-8.49));
#8823=CARTESIAN_POINT('',(114.519266524148,-57.7594329348297,-8.49));
#8824=CARTESIAN_POINT('',(115.635787231752,-60.3847006972566,-8.49));
#8825=CARTESIAN_POINT('',(114.047356675563,-57.0323633322538,-8.49));
#8826=CARTESIAN_POINT('',(115.544535465525,-60.2095649498227,-8.49));
#8827=CARTESIAN_POINT('',(113.527327051812,-56.3380201253077,-8.49));
#8828=CARTESIAN_POINT('',(115.446530083421,-60.0377008849051,-8.49));
#8829=CARTESIAN_POINT('',(112.96146916271,-55.679851731789,-8.49));
#8830=CARTESIAN_POINT('',(115.341822817016,-59.8692935412395,-8.49));
#8831=CARTESIAN_POINT('',(112.352343195129,-55.0611236849274,-8.49));
#8832=CARTESIAN_POINT('',(115.230475551418,-59.7045627611792,-8.49));
#8833=CARTESIAN_POINT('',(111.701927966348,-54.4843142616211,-8.49));
#8834=CARTESIAN_POINT('',(115.112571590837,-59.5437433521134,-8.49));
#8835=CARTESIAN_POINT('',(111.013588097409,-53.9527852542266,-8.49));
#8836=CARTESIAN_POINT('',(114.988172991025,-59.3870470744333,-8.49));
#8837=CARTESIAN_POINT('',(110.289891100486,-53.468947635593,-8.49));
#8838=CARTESIAN_POINT('',(114.857380939784,-59.2347283342803,-8.49));
#8839=CARTESIAN_POINT('',(109.534301296839,-53.0355382669047,-8.49));
#8840=CARTESIAN_POINT('',(114.720283436069,-59.0870156013394,-8.49));
#8841=CARTESIAN_POINT('',(108.750498901644,-52.6550006867683,-8.49));
#8842=CARTESIAN_POINT('',(114.576985343779,-58.9441560059439,-8.49));
#8843=CARTESIAN_POINT('',(107.941901886004,-52.3293761226161,-8.49));
#8844=CARTESIAN_POINT('',(114.427636005019,-58.8064235167785,-8.49));
#8845=CARTESIAN_POINT('',(107.112999414146,-52.0607417925359,-8.49));
#8846=CARTESIAN_POINT('',(114.272350443968,-58.6740451332725,-8.49));
#8847=CARTESIAN_POINT('',(106.268230178239,-51.8506644210361,-8.49));
#8848=CARTESIAN_POINT('',(114.130468408816,-58.5623798888047,-8.49));
#8849=CARTESIAN_POINT('',(105.430707587985,-51.7154177781724,-8.49));
#8850=CARTESIAN_POINT('',(79.425826845982,-32.3394643714153,-8.49));
#8851=CARTESIAN_POINT('',(87.6865350308188,-38.5812765063306,-8.49));
#8852=CARTESIAN_POINT('',(79.2712181749383,-32.2275853427852,-8.49));
#8853=CARTESIAN_POINT('',(87.451088430422,-38.1467613652257,-8.49));
#8854=CARTESIAN_POINT('',(79.0698847304337,-32.0942333928096,-8.49));
#8855=CARTESIAN_POINT('',(87.0004504825123,-37.3469941055261,-8.49));
#8856=CARTESIAN_POINT('',(78.7210683002749,-31.8930233745117,-8.49));
#8857=CARTESIAN_POINT('',(86.2031909877612,-36.2089841856796,-8.49));
#8858=CARTESIAN_POINT('',(78.3367897811358,-31.7115425752869,-8.49));
#8859=CARTESIAN_POINT('',(85.0185324508317,-34.8670871595304,-8.49));
#8860=CARTESIAN_POINT('',(77.9421244645395,-31.5630591728953,-8.49));
#8861=CARTESIAN_POINT('',(83.6532668315627,-33.7117401299959,-8.49));
#8862=CARTESIAN_POINT('',(77.539426967834,-31.4476483253192,-8.49));
#8863=CARTESIAN_POINT('',(82.1394821288088,-32.7659983755879,-8.49));
#8864=CARTESIAN_POINT('',(77.1308826236116,-31.365289895946,-8.49));
#8865=CARTESIAN_POINT('',(80.510026397918,-32.0464912828055,-8.49));
#8866=CARTESIAN_POINT('',(76.7185336692601,-31.3159137711382,-8.49));
#8867=CARTESIAN_POINT('',(78.7987026855487,-31.5650005794973,-8.49));
#8868=CARTESIAN_POINT('',(76.3043037700341,-31.2994633347984,-8.49));
#8869=CARTESIAN_POINT('',(77.0384370944555,-31.3286181918981,-8.49));
#8870=CARTESIAN_POINT('',(75.8900757903326,-31.3159137711744,-8.49));
#8871=CARTESIAN_POINT('',(75.2624919643222,-31.3408373116069,-8.49));
#8872=CARTESIAN_POINT('',(75.4777260514664,-31.3652897598571,-8.49));
#8873=CARTESIAN_POINT('',(73.5035971405216,-31.6016778488448,-8.49));
#8874=CARTESIAN_POINT('',(75.0691810321661,-31.4476483253192,-8.49));
#8875=CARTESIAN_POINT('',(71.7950217463654,-32.1076858955596,-8.49));
#8876=CARTESIAN_POINT('',(74.6664815996511,-31.5630597276874,-8.49));
#8877=CARTESIAN_POINT('',(70.1698412093249,-32.8517716837785,-8.49));
#8878=CARTESIAN_POINT('',(74.2718196658867,-31.7115425819799,-8.49));
#8879=CARTESIAN_POINT('',(68.6619751474212,-33.8221229419696,-8.49));
#8880=CARTESIAN_POINT('',(73.887541798768,-31.8930221637073,-8.49));
#8881=CARTESIAN_POINT('',(67.3045234710964,-35.0019272421269,-8.49));
#8882=CARTESIAN_POINT('',(73.5387179480864,-32.094236462433,-8.49));
#8883=CARTESIAN_POINT('',(66.1521488421787,-36.3550784883735,-8.49));
#8884=CARTESIAN_POINT('',(73.3373858507161,-32.2275889423567,-8.49));
#8885=CARTESIAN_POINT('',(65.4527619650339,-37.4499760438408,-8.49));
#8886=CARTESIAN_POINT('',(73.1827823086001,-32.3394642595555,-8.49));
#8887=CARTESIAN_POINT('',(65.0479317032207,-38.2260628418761,-8.49));
#8888=CARTESIAN_POINT('',(38.4586998525275,-58.5770610394278,-8.49));
#8889=CARTESIAN_POINT('',(47.5293598319624,-51.7232494414163,-8.49));
#8890=CARTESIAN_POINT('',(38.180259461252,-58.8051222990014,-8.49));
#8891=CARTESIAN_POINT('',(46.5948663414229,-51.9129977939399,-8.49));
#8892=CARTESIAN_POINT('',(37.8874665528519,-59.0858431566003,-8.49));
#8893=CARTESIAN_POINT('',(44.9185107614793,-52.3446936839343,-8.49));
#8894=CARTESIAN_POINT('',(37.6194461412684,-59.3860331026111,-8.49));
#8895=CARTESIAN_POINT('',(43.315534593341,-53.0062634619423,-8.49));
#8896=CARTESIAN_POINT('',(37.3770390862941,-59.7037174030472,-8.49));
#8897=CARTESIAN_POINT('',(41.8189861574267,-53.8823651820201,-8.49));
#8898=CARTESIAN_POINT('',(37.160905235445,-60.0370337643798,-8.49));
#8899=CARTESIAN_POINT('',(40.4569517266826,-54.953951133288,-8.49));
#8900=CARTESIAN_POINT('',(36.9715959825251,-60.3842087319028,-8.49));
#8901=CARTESIAN_POINT('',(39.2537067277916,-56.1990370530139,-8.49));
#8902=CARTESIAN_POINT('',(36.8095960936051,-60.7435747638729,-8.49));
#8903=CARTESIAN_POINT('',(38.2294283585606,-57.5939461405333,-8.49));
#8904=CARTESIAN_POINT('',(36.6753729693268,-61.1135316201578,-8.49));
#8905=CARTESIAN_POINT('',(37.4009667311098,-59.1135901905985,-8.49));
#8906=CARTESIAN_POINT('',(36.5693980802573,-61.4925391293013,-8.49));
#8907=CARTESIAN_POINT('',(36.7821133878622,-60.7317862792634,-8.49));
#8908=CARTESIAN_POINT('',(36.4921773787462,-61.87907691443,-8.49));
#8909=CARTESIAN_POINT('',(36.3838003514036,-62.4215715471907,-8.49));
#8910=CARTESIAN_POINT('',(36.4442608092681,-62.2715597834096,-8.49));
#8911=CARTESIAN_POINT('',(36.2143749003141,-64.1545468600547,-8.49));
#8912=CARTESIAN_POINT('',(36.4262142023267,-62.6683619346711,-8.49));
#8913=CARTESIAN_POINT('',(36.2792109822243,-65.9006146328196,-8.49));
#8914=CARTESIAN_POINT('',(36.4386236343389,-63.0677238697003,-8.49));
#8915=CARTESIAN_POINT('',(36.5803576175159,-67.6290251222807,-8.49));
#8916=CARTESIAN_POINT('',(36.4820266302528,-63.4677313624454,-8.49));
#8917=CARTESIAN_POINT('',(37.1155478329951,-69.3063427894661,-8.49));
#8918=CARTESIAN_POINT('',(36.5568892742323,-63.866316770689,-8.49));
#8919=CARTESIAN_POINT('',(37.8778362167093,-70.8993328164412,-8.49));
#8920=CARTESIAN_POINT('',(36.6506704782092,-64.2136282587205,-8.49));
#8921=CARTESIAN_POINT('',(38.8412107459547,-72.3261259418457,-8.49));
#8922=CARTESIAN_POINT('',(49.9546949825568,-106.79724214421,-8.49));
#8923=CARTESIAN_POINT('',(46.0160389243813,-94.1903645220081,-8.49));
#8924=CARTESIAN_POINT('',(50.0140323274123,-106.974432883141,-8.49));
#8925=CARTESIAN_POINT('',(45.9108931904483,-94.7218075359061,-8.49));
#8926=CARTESIAN_POINT('',(50.0981015393318,-107.195330089349,-8.49));
#8927=CARTESIAN_POINT('',(45.7304132976686,-95.7189511851126,-8.49));
#8928=CARTESIAN_POINT('',(50.2603453911303,-107.554637241475,-8.49));
#8929=CARTESIAN_POINT('',(45.6055281860533,-97.2460240331219,-8.49));
#8930=CARTESIAN_POINT('',(50.4614776029835,-107.918978167862,-8.49));
#8931=CARTESIAN_POINT('',(45.6644601463711,-99.2294213438427,-8.49));
#8932=CARTESIAN_POINT('',(50.6892601935286,-108.263569380797,-8.49));
#8933=CARTESIAN_POINT('',(46.0086558415763,-101.182715979987,-8.49));
#8934=CARTESIAN_POINT('',(50.941962184067,-108.587046711787,-8.49));
#8935=CARTESIAN_POINT('',(46.6276218476987,-103.064370400381,-8.49));
#8936=CARTESIAN_POINT('',(51.2179267328197,-108.888215372702,-8.49));
#8937=CARTESIAN_POINT('',(47.5056717921076,-104.836916557249,-8.49));
#8938=CARTESIAN_POINT('',(51.5155674653506,-109.165972269313,-8.49));
#8939=CARTESIAN_POINT('',(48.6231912106834,-106.466820693199,-8.49));
#8940=CARTESIAN_POINT('',(51.8333830656027,-109.419281303776,-8.49));
#8941=CARTESIAN_POINT('',(49.9573485141695,-107.924022730985,-8.49));
#8942=CARTESIAN_POINT('',(52.169938832503,-109.64710910617,-8.49));
#8943=CARTESIAN_POINT('',(51.4831519461076,-109.182196118699,-8.49));
#8944=CARTESIAN_POINT('',(52.5238183724999,-109.848390188337,-8.49));
#8945=CARTESIAN_POINT('',(53.1728525637318,-110.217550565271,-8.49));
#8946=CARTESIAN_POINT('',(52.8935855761989,-110.022000223946,-8.49));
#8947=CARTESIAN_POINT('',(54.9964655576374,-111.009327019851,-8.49));
#8948=CARTESIAN_POINT('',(53.2777334026664,-110.166759361151,-8.49));
#8949=CARTESIAN_POINT('',(56.9206755400467,-111.539535996497,-8.49));
#8950=CARTESIAN_POINT('',(53.6746162588845,-110.281427974777,-8.49));
#8951=CARTESIAN_POINT('',(58.909403306117,-111.793878724238,-8.49));
#8952=CARTESIAN_POINT('',(54.0823909797525,-110.364758364231,-8.49));
#8953=CARTESIAN_POINT('',(60.9222408819647,-111.762508952956,-8.49));
#8954=CARTESIAN_POINT('',(54.473766030354,-110.41246499568,-8.49));
#8955=CARTESIAN_POINT('',(62.8910448805545,-111.43848854852,-8.49));
#8956=CARTESIAN_POINT('',(64.2920006253948,-111.010171260014,-8.49));
#8957=CARTESIAN_POINT('',(73.7239820134661,-37.5000005587935,-8.49));
#8958=CARTESIAN_POINT('',(78.7160179865339,-37.5000005587935,-8.49));
#8959=CARTESIAN_POINT('Origin',(76.22,-42.68,-8.49));
#8960=CARTESIAN_POINT('',(79.0000011771917,-37.5000005587935,-8.49));
#8961=CARTESIAN_POINT('',(50.33,-66.13,-8.49));
#8962=CARTESIAN_POINT('Origin',(51.93,-66.13,-8.49));
#8963=CARTESIAN_POINT('',(98.45,-66.25,-8.49));
#8964=CARTESIAN_POINT('Origin',(100.05,-66.25,-8.49));
#8965=CARTESIAN_POINT('',(53.86,-99.55,-8.49));
#8966=CARTESIAN_POINT('',(57.2,-99.55,-8.49));
#8967=CARTESIAN_POINT('',(65.2815036762316,-99.55,-8.49));
#8968=CARTESIAN_POINT('',(57.2,-105.43,-8.49));
#8969=CARTESIAN_POINT('',(57.2,-85.4070271673992,-8.49));
#8970=CARTESIAN_POINT('',(53.86,-105.43,-8.49));
#8971=CARTESIAN_POINT('',(65.2815036762316,-105.43,-8.49));
#8972=CARTESIAN_POINT('',(53.86,-87.9470271673992,-8.49));
#8973=CARTESIAN_POINT('',(73.0000010877848,-38.0000005662441,-8.49));
#8974=CARTESIAN_POINT('Origin',(76.3030073524632,-70.8640543347984,-10.49));
#8975=CARTESIAN_POINT('',(80.9123546919654,-30.3292647428317,-10.49));
#8976=CARTESIAN_POINT('',(115.657262817631,-56.5826057776094,-10.49));
#8977=CARTESIAN_POINT('',(106.566131482408,-49.7133237961363,-10.49));
#8978=CARTESIAN_POINT('',(115.856963887937,-56.7397762665455,-10.49));
#8979=CARTESIAN_POINT('',(107.076708163714,-49.8294623506189,-10.49));
#8980=CARTESIAN_POINT('',(116.086622010039,-56.9355560335571,-10.49));
#8981=CARTESIAN_POINT('',(108.004921690853,-50.0460396033611,-10.49));
#8982=CARTESIAN_POINT('',(116.307591687559,-57.1393380118875,-10.49));
#8983=CARTESIAN_POINT('',(108.918330965279,-50.3248366500376,-10.49));
#8984=CARTESIAN_POINT('',(116.519678872137,-57.3507762026784,-10.49));
#8985=CARTESIAN_POINT('',(109.813001501753,-50.6646214864786,-10.49));
#8986=CARTESIAN_POINT('',(116.722620879568,-57.5694316685608,-10.49));
#8987=CARTESIAN_POINT('',(110.684351435553,-51.0636291729868,-10.49));
#8988=CARTESIAN_POINT('',(116.916240982051,-57.7949191488668,-10.49));
#8989=CARTESIAN_POINT('',(111.527817692899,-51.5196307118055,-10.49));
#8990=CARTESIAN_POINT('',(117.100400181674,-58.0268917042266,-10.49));
#8991=CARTESIAN_POINT('',(112.339971006515,-52.0305096465903,-10.49));
#8992=CARTESIAN_POINT('',(117.274931102836,-58.2649495223568,-10.49));
#8993=CARTESIAN_POINT('',(113.117047021958,-52.593651819079,-10.49));
#8994=CARTESIAN_POINT('',(117.439742634033,-58.5087770824797,-10.49));
#8995=CARTESIAN_POINT('',(113.855557155656,-53.2062160670629,-10.49));
#8996=CARTESIAN_POINT('',(117.594706166842,-58.7580147698095,-10.49));
#8997=CARTESIAN_POINT('',(114.55291605656,-53.8657106341986,-10.49));
#8998=CARTESIAN_POINT('',(117.739730931051,-59.0123328996475,-10.49));
#8999=CARTESIAN_POINT('',(115.20569165153,-54.5685943835444,-10.49));
#9000=CARTESIAN_POINT('',(117.874749463504,-59.2714683945124,-10.49));
#9001=CARTESIAN_POINT('',(115.811938775221,-55.3124010071837,-10.49));
#9002=CARTESIAN_POINT('',(117.999637089889,-59.5350401664878,-10.49));
#9003=CARTESIAN_POINT('',(116.369019588726,-56.0936684578677,-10.49));
#9004=CARTESIAN_POINT('',(118.114342689879,-59.8028049329033,-10.49));
#9005=CARTESIAN_POINT('',(116.87463950143,-56.9088848914537,-10.49));
#9006=CARTESIAN_POINT('',(118.218783219463,-60.0744934607455,-10.49));
#9007=CARTESIAN_POINT('',(117.327325866622,-57.7554824714884,-10.49));
#9008=CARTESIAN_POINT('',(118.312865735878,-60.3497920236451,-10.49));
#9009=CARTESIAN_POINT('',(117.724949128607,-58.6294660454172,-10.49));
#9010=CARTESIAN_POINT('',(118.396510041255,-60.6284482857538,-10.49));
#9011=CARTESIAN_POINT('',(118.066132238267,-59.5278133620777,-10.49));
#9012=CARTESIAN_POINT('',(118.469627440538,-60.9101925585236,-10.49));
#9013=CARTESIAN_POINT('',(118.349383171476,-60.4468536751124,-10.49));
#9014=CARTESIAN_POINT('',(118.532120581203,-61.194751572712,-10.49));
#9015=CARTESIAN_POINT('',(118.57351948002,-61.3832591386679,-10.49));
#9016=CARTESIAN_POINT('',(118.583889307134,-61.4818430252568,-10.49));
#9017=CARTESIAN_POINT('',(118.737405895483,-62.3331929386723,-10.49));
#9018=CARTESIAN_POINT('',(118.624831477024,-61.7712111108229,-10.49));
#9019=CARTESIAN_POINT('',(118.840167287548,-63.2931458644621,-10.49));
#9020=CARTESIAN_POINT('',(118.654827946998,-62.0624980875736,-10.49));
#9021=CARTESIAN_POINT('',(118.88105299897,-64.2593036287732,-10.49));
#9022=CARTESIAN_POINT('',(118.673778386899,-62.355431408461,-10.49));
#9023=CARTESIAN_POINT('',(118.859558789514,-65.2271995878756,-10.49));
#9024=CARTESIAN_POINT('',(118.681566300273,-62.6497399022093,-10.49));
#9025=CARTESIAN_POINT('',(118.775345909776,-66.1937104487319,-10.49));
#9026=CARTESIAN_POINT('',(118.678078632322,-62.9450091762627,-10.49));
#9027=CARTESIAN_POINT('',(118.628360328692,-67.1542078802077,-10.49));
#9028=CARTESIAN_POINT('',(118.663212700584,-63.2409056292826,-10.49));
#9029=CARTESIAN_POINT('',(118.418874252398,-68.1042994232125,-10.49));
#9030=CARTESIAN_POINT('',(118.636864529205,-63.5370774315139,-10.49));
#9031=CARTESIAN_POINT('',(118.147304307152,-69.040075388381,-10.49));
#9032=CARTESIAN_POINT('',(118.598946493224,-63.8331014041541,-10.49));
#9033=CARTESIAN_POINT('',(117.814533661312,-69.9569682313012,-10.49));
#9034=CARTESIAN_POINT('',(118.5493806513,-64.1285770430311,-10.49));
#9035=CARTESIAN_POINT('',(117.421772369388,-70.8505606625696,-10.49));
#9036=CARTESIAN_POINT('',(118.488117015096,-64.4230088441959,-10.49));
#9037=CARTESIAN_POINT('',(116.970515198171,-71.7165725974272,-10.49));
#9038=CARTESIAN_POINT('',(118.415121639567,-64.7159671769812,-10.49));
#9039=CARTESIAN_POINT('',(116.463119049582,-72.550099410841,-10.49));
#9040=CARTESIAN_POINT('',(118.344230316712,-64.9594033815652,-10.49));
#9041=CARTESIAN_POINT('',(115.908417027772,-73.3238282258921,-10.49));
#9042=CARTESIAN_POINT('',(105.032519689496,-107.566961433285,-10.49));
#9043=CARTESIAN_POINT('',(108.97866408654,-94.9363100327256,-10.49));
#9044=CARTESIAN_POINT('',(104.94904692728,-107.816245617827,-10.49));
#9045=CARTESIAN_POINT('',(109.067972123256,-95.5154317786262,-10.49));
#9046=CARTESIAN_POINT('',(104.837922564076,-108.108239414142,-10.49));
#9047=CARTESIAN_POINT('',(109.223370559625,-96.5849013103942,-10.49));
#9048=CARTESIAN_POINT('',(104.715605619152,-108.394315711174,-10.49));
#9049=CARTESIAN_POINT('',(109.303182729705,-97.6648368727849,-10.49));
#9050=CARTESIAN_POINT('',(104.582392722232,-108.674135974526,-10.49));
#9051=CARTESIAN_POINT('',(109.307046335631,-98.749767922266,-10.49));
#9052=CARTESIAN_POINT('',(104.438647583532,-108.947262280942,-10.49));
#9053=CARTESIAN_POINT('',(109.235022249691,-99.8337986284876,-10.49));
#9054=CARTESIAN_POINT('',(104.284723030399,-109.213351938386,-10.49));
#9055=CARTESIAN_POINT('',(109.08773790729,-100.910371307425,-10.49));
#9056=CARTESIAN_POINT('',(104.120924102874,-109.472153445775,-10.49));
#9057=CARTESIAN_POINT('',(108.866210376541,-101.974624254533,-10.49));
#9058=CARTESIAN_POINT('',(103.94760182588,-109.723358614972,-10.49));
#9059=CARTESIAN_POINT('',(108.571873288261,-103.021156709531,-10.49));
#9060=CARTESIAN_POINT('',(103.76508461667,-109.966716792826,-10.49));
#9061=CARTESIAN_POINT('',(108.206578566237,-104.044678650826,-10.49));
#9062=CARTESIAN_POINT('',(103.573703173651,-110.201978959679,-10.49));
#9063=CARTESIAN_POINT('',(107.772352927376,-105.040645533933,-10.49));
#9064=CARTESIAN_POINT('',(103.373746427861,-110.428961347226,-10.49));
#9065=CARTESIAN_POINT('',(107.271718238729,-106.004149647463,-10.49));
#9066=CARTESIAN_POINT('',(103.165507168425,-110.64745745156,-10.49));
#9067=CARTESIAN_POINT('',(106.706889877367,-106.931643594182,-10.49));
#9068=CARTESIAN_POINT('',(102.94932322965,-110.857230635891,-10.49));
#9069=CARTESIAN_POINT('',(106.081038705133,-107.818383571528,-10.49));
#9070=CARTESIAN_POINT('',(102.725424504607,-111.05814608764,-10.49));
#9071=CARTESIAN_POINT('',(105.397024274449,-108.660786859503,-10.49));
#9072=CARTESIAN_POINT('',(102.49406200228,-111.250028940737,-10.49));
#9073=CARTESIAN_POINT('',(104.657618019359,-109.455661671982,-10.49));
#9074=CARTESIAN_POINT('',(102.255520142309,-111.432675818604,-10.49));
#9075=CARTESIAN_POINT('',(103.866249881258,-110.199371282696,-10.49));
#9076=CARTESIAN_POINT('',(102.010063345991,-111.605896012054,-10.49));
#9077=CARTESIAN_POINT('',(103.026298946919,-110.888733032564,-10.49));
#9078=CARTESIAN_POINT('',(101.75794999028,-111.769499916641,-10.49));
#9079=CARTESIAN_POINT('',(102.141391674939,-111.520673127537,-10.49));
#9080=CARTESIAN_POINT('',(101.499394071385,-111.923318174999,-10.49));
#9081=CARTESIAN_POINT('',(101.215145696292,-112.092421207661,-10.49));
#9082=CARTESIAN_POINT('',(101.234676523215,-112.067128518757,-10.49));
#9083=CARTESIAN_POINT('',(100.251106329498,-112.601462448059,-10.49));
#9084=CARTESIAN_POINT('',(100.964027758014,-112.200742454167,-10.49));
#9085=CARTESIAN_POINT('',(99.2538696618217,-113.045013638022,-10.49));
#9086=CARTESIAN_POINT('',(100.687719536318,-112.32393118567,-10.49));
#9087=CARTESIAN_POINT('',(98.2267338138848,-113.421132374741,-10.49));
#9088=CARTESIAN_POINT('',(100.406098571568,-112.436449196766,-10.49));
#9089=CARTESIAN_POINT('',(97.1751628908407,-113.727327725979,-10.49));
#9090=CARTESIAN_POINT('',(100.119353113801,-112.538109274116,-10.49));
#9091=CARTESIAN_POINT('',(96.1033291097982,-113.961913208336,-10.49));
#9092=CARTESIAN_POINT('',(99.8278695719318,-112.628640733586,-10.49));
#9093=CARTESIAN_POINT('',(95.0154696970733,-114.12331717888,-10.49));
#9094=CARTESIAN_POINT('',(99.531999710204,-112.707813762992,-10.49));
#9095=CARTESIAN_POINT('',(93.9180695701705,-114.21006834704,-10.49));
#9096=CARTESIAN_POINT('',(99.2320516746485,-112.775398853252,-10.49));
#9097=CARTESIAN_POINT('',(92.8151075938955,-114.221281784561,-10.49));
#9098=CARTESIAN_POINT('',(98.9284833163467,-112.831151596468,-10.49));
#9099=CARTESIAN_POINT('',(91.7129235083059,-114.156346539013,-10.49));
#9100=CARTESIAN_POINT('',(98.6216675140477,-112.874858354362,-10.49));
#9101=CARTESIAN_POINT('',(90.6170509219967,-114.015138081795,-10.49));
#9102=CARTESIAN_POINT('',(98.3120734745422,-112.906300943542,-10.49));
#9103=CARTESIAN_POINT('',(89.5330128309094,-113.797908539247,-10.49));
#9104=CARTESIAN_POINT('',(98.0001938062697,-112.925288329668,-10.49));
#9105=CARTESIAN_POINT('',(88.4672878704633,-113.505656286677,-10.49));
#9106=CARTESIAN_POINT('',(97.7374158368328,-112.930616,-10.49));
#9107=CARTESIAN_POINT('',(87.4508774195688,-113.139169577228,-10.49));
#9108=CARTESIAN_POINT('',(54.871165364743,-112.930616,-10.49));
#9109=CARTESIAN_POINT('',(65.5870863586031,-112.930616,-10.49));
#9110=CARTESIAN_POINT('',(54.6083886725624,-112.925288692187,-10.49));
#9111=CARTESIAN_POINT('',(65.0250601819701,-113.136467298073,-10.49));
#9112=CARTESIAN_POINT('',(54.24635306071,-112.903248991361,-10.49));
#9113=CARTESIAN_POINT('',(63.9590711470569,-113.494531710033,-10.49));
#9114=CARTESIAN_POINT('',(53.680223959504,-112.834240728463,-10.49));
#9115=CARTESIAN_POINT('',(62.3054820533446,-113.885615895081,-10.49));
#9116=CARTESIAN_POINT('',(53.0764345177688,-112.710853949554,-10.49));
#9117=CARTESIAN_POINT('',(60.1198057255589,-114.150194928237,-10.49));
#9118=CARTESIAN_POINT('',(52.4887548053331,-112.541059722302,-10.49));
#9119=CARTESIAN_POINT('',(57.921638544768,-114.110745176419,-10.49));
#9120=CARTESIAN_POINT('',(51.9200521523981,-112.326754447892,-10.49));
#9121=CARTESIAN_POINT('',(55.7547596276048,-113.771794370799,-10.49));
#9122=CARTESIAN_POINT('',(51.3728047450002,-112.069815376674,-10.49));
#9123=CARTESIAN_POINT('',(53.6603441359529,-113.143841929455,-10.49));
#9124=CARTESIAN_POINT('',(50.8492086650059,-111.77200221234,-10.49));
#9125=CARTESIAN_POINT('',(51.6750416116562,-112.241722923496,-10.49));
#9126=CARTESIAN_POINT('',(50.3513211312055,-111.434962607553,-10.49));
#9127=CARTESIAN_POINT('',(49.832769213884,-111.083934470853,-10.49));
#9128=CARTESIAN_POINT('',(49.8811589307015,-111.060228538625,-10.49));
#9129=CARTESIAN_POINT('',(48.1640710676858,-109.691655478258,-10.49));
#9130=CARTESIAN_POINT('',(49.4407764656397,-110.649265745404,-10.49));
#9131=CARTESIAN_POINT('',(46.697339310893,-108.089103419271,-10.49));
#9132=CARTESIAN_POINT('',(49.0323583681342,-110.203546423575,-10.49));
#9133=CARTESIAN_POINT('',(45.4582520743866,-106.303013506139,-10.49));
#9134=CARTESIAN_POINT('',(48.6582623870571,-109.724675761594,-10.49));
#9135=CARTESIAN_POINT('',(44.4704695653529,-104.363989675115,-10.49));
#9136=CARTESIAN_POINT('',(48.3209872059673,-109.214443335725,-10.49));
#9137=CARTESIAN_POINT('',(43.7544757664781,-102.306190549382,-10.49));
#9138=CARTESIAN_POINT('',(48.0231777822607,-108.67497648295,-10.49));
#9139=CARTESIAN_POINT('',(43.326907371443,-100.167917885631,-10.49));
#9140=CARTESIAN_POINT('',(47.7884940786635,-108.155243178697,-10.49));
#9141=CARTESIAN_POINT('',(43.2097030015908,-98.0149983321502,-10.49));
#9142=CARTESIAN_POINT('',(47.6595086548248,-107.816325766283,-10.49));
#9143=CARTESIAN_POINT('',(43.3294124611335,-96.4387223612218,-10.49));
#9144=CARTESIAN_POINT('',(47.5760189651163,-107.567012288429,-10.49));
#9145=CARTESIAN_POINT('',(43.4985411898434,-95.39101584414,-10.49));
#9146=CARTESIAN_POINT('',(34.2498469564182,-64.9125085174402,-10.49));
#9147=CARTESIAN_POINT('',(36.9666994595178,-73.6086288483983,-10.49));
#9148=CARTESIAN_POINT('',(34.1178755484645,-64.423762541378,-10.49));
#9149=CARTESIAN_POINT('',(36.361664756459,-72.7334635860479,-10.49));
#9150=CARTESIAN_POINT('',(34.0070802605055,-63.8338637248911,-10.49));
#9151=CARTESIAN_POINT('',(35.3654010102356,-71.0658662534827,-10.49));
#9152=CARTESIAN_POINT('',(33.9428212686778,-63.2416447394009,-10.49));
#9153=CARTESIAN_POINT('',(34.5980064414817,-69.2799140509706,-10.49));
#9154=CARTESIAN_POINT('',(33.9244484046534,-62.6503668693417,-10.49));
#9155=CARTESIAN_POINT('',(34.0723772377657,-67.4110315782787,-10.49));
#9156=CARTESIAN_POINT('',(33.9511626185363,-62.0629845668195,-10.49));
#9157=CARTESIAN_POINT('',(33.7951496359466,-65.4933406064396,-10.49));
#9158=CARTESIAN_POINT('',(34.0220747574923,-61.4821458288602,-10.49));
#9159=CARTESIAN_POINT('',(33.7682564172892,-63.5611625750035,-10.49));
#9160=CARTESIAN_POINT('',(34.1363301605147,-60.9102262586025,-10.49));
#9161=CARTESIAN_POINT('',(33.9893704847586,-61.6458511164238,-10.49));
#9162=CARTESIAN_POINT('',(34.2931089386536,-60.3495242403154,-10.49));
#9163=CARTESIAN_POINT('',(34.4528500709148,-59.7782276890501,-10.49));
#9164=CARTESIAN_POINT('',(34.4916791872102,-59.802208527746,-10.49));
#9165=CARTESIAN_POINT('',(35.1501433217403,-57.987295318887,-10.49));
#9166=CARTESIAN_POINT('',(34.7313769650503,-59.2704844638054,-10.49));
#9167=CARTESIAN_POINT('',(36.0701507950248,-56.3006686065795,-10.49));
#9168=CARTESIAN_POINT('',(35.0115464708897,-58.75668052876,-10.49));
#9169=CARTESIAN_POINT('',(37.1988959975852,-54.7452918133153,-10.49));
#9170=CARTESIAN_POINT('',(35.3314981725883,-58.2632588060943,-10.49));
#9171=CARTESIAN_POINT('',(38.5193193645223,-53.3470785960084,-10.49));
#9172=CARTESIAN_POINT('',(35.6904092825369,-57.792891205222,-10.49));
#9173=CARTESIAN_POINT('',(40.0109542985521,-52.1306413129433,-10.49));
#9174=CARTESIAN_POINT('',(36.0872391057041,-57.3484313132004,-10.49));
#9175=CARTESIAN_POINT('',(41.6490858272889,-51.1190159593168,-10.49));
#9176=CARTESIAN_POINT('',(36.520583922504,-56.9329535980029,-10.49));
#9177=CARTESIAN_POINT('',(43.405009688627,-50.3323773897119,-10.49));
#9178=CARTESIAN_POINT('',(36.912475705048,-56.6119680788613,-10.49));
#9179=CARTESIAN_POINT('',(45.2066927983647,-49.8184508423214,-10.49));
#9180=CARTESIAN_POINT('',(71.6962546171995,-30.3292645191116,-10.49));
#9181=CARTESIAN_POINT('',(63.4141072037245,-36.5872742039209,-10.49));
#9182=CARTESIAN_POINT('',(71.9137197014314,-30.171900884714,-10.49));
#9183=CARTESIAN_POINT('',(63.6910684703466,-36.1220343816722,-10.49));
#9184=CARTESIAN_POINT('',(72.2226208961729,-29.967299924866,-10.49));
#9185=CARTESIAN_POINT('',(64.2266958575684,-35.2634074363314,-10.49));
#9186=CARTESIAN_POINT('',(72.7272155975363,-29.6762313274144,-10.49));
#9187=CARTESIAN_POINT('',(65.1552808701606,-34.0439989934986,-10.49));
#9188=CARTESIAN_POINT('',(73.296248331773,-29.4074991639599,-10.49));
#9189=CARTESIAN_POINT('',(66.5214517636524,-32.6069736918305,-10.49));
#9190=CARTESIAN_POINT('',(73.8806591993022,-29.1876274553748,-10.49));
#9191=CARTESIAN_POINT('',(68.0738534492888,-31.3723101377402,-10.49));
#9192=CARTESIAN_POINT('',(74.4768320643323,-29.0167676506383,-10.49));
#9193=CARTESIAN_POINT('',(69.7791695465131,-30.363091422808,-10.49));
#9194=CARTESIAN_POINT('',(75.0814611029324,-28.8948805197143,-10.49));
#9195=CARTESIAN_POINT('',(71.6032999019793,-29.5960428235575,-10.49));
#9196=CARTESIAN_POINT('',(75.6915425806651,-28.8218275423487,-10.49));
#9197=CARTESIAN_POINT('',(73.5114037603672,-29.0828838728654,-10.49));
#9198=CARTESIAN_POINT('',(76.3043035400679,-28.7974926695967,-10.49));
#9199=CARTESIAN_POINT('',(75.4696669339291,-28.830638997366,-10.49));
#9200=CARTESIAN_POINT('',(76.9170673385205,-28.8218275422765,-10.49));
#9201=CARTESIAN_POINT('',(77.4440240445685,-28.8427547321364,-10.49));
#9202=CARTESIAN_POINT('',(77.5271482472233,-28.8948807918921,-10.49));
#9203=CARTESIAN_POINT('',(79.4009786242947,-29.1192598805028,-10.49));
#9204=CARTESIAN_POINT('',(78.1317759356677,-29.0167676506383,-10.49));
#9205=CARTESIAN_POINT('',(81.3063766058264,-29.6567352056386,-10.49));
#9206=CARTESIAN_POINT('',(78.7279449290791,-29.1876263457906,-10.49));
#9207=CARTESIAN_POINT('',(83.1263247208413,-30.4481773645618,-10.49));
#9208=CARTESIAN_POINT('',(79.3123615622715,-29.4074991505738,-10.49));
#9209=CARTESIAN_POINT('',(84.8257985166692,-31.4817981665628,-10.49));
#9210=CARTESIAN_POINT('',(79.8813966005497,-29.6762337490233,-10.49));
#9211=CARTESIAN_POINT('',(86.3706424195018,-32.7408690563198,-10.49));
#9212=CARTESIAN_POINT('',(80.3859764608675,-29.9672937856193,-10.49));
#9213=CARTESIAN_POINT('',(87.7046462406198,-34.1889690078285,-10.49));
#9214=CARTESIAN_POINT('',(80.6948793498763,-30.1718936855703,-10.49));
#9215=CARTESIAN_POINT('',(88.5354083981026,-35.3650191496193,-10.49));
#9216=CARTESIAN_POINT('',(89.0254218764568,-36.2001002508515,-10.49));
#9217=CARTESIAN_POINT('',(78.7160179865339,-37.5000005587935,-10.49));
#9218=CARTESIAN_POINT('',(73.7239820134661,-37.5000005587935,-10.49));
#9219=CARTESIAN_POINT('',(79.0000011771917,-37.5000005587935,-10.49));
#9220=CARTESIAN_POINT('Origin',(76.22,-42.68,-10.49));
#9221=CARTESIAN_POINT('',(50.33,-66.13,-10.49));
#9222=CARTESIAN_POINT('Origin',(51.93,-66.13,-10.49));
#9223=CARTESIAN_POINT('',(98.45,-66.25,-10.49));
#9224=CARTESIAN_POINT('Origin',(100.05,-66.25,-10.49));
#9225=CARTESIAN_POINT('',(57.2,-99.55,-10.49));
#9226=CARTESIAN_POINT('',(53.86,-99.55,-10.49));
#9227=CARTESIAN_POINT('',(65.2815036762316,-99.55,-10.49));
#9228=CARTESIAN_POINT('',(53.86,-105.43,-10.49));
#9229=CARTESIAN_POINT('',(53.86,-87.9470271673992,-10.49));
#9230=CARTESIAN_POINT('',(57.2,-105.43,-10.49));
#9231=CARTESIAN_POINT('',(65.2815036762316,-105.43,-10.49));
#9232=CARTESIAN_POINT('',(57.2,-85.4070271673992,-10.49));
#9233=CARTESIAN_POINT('',(73.0000010877848,-38.0000005662441,-10.49));
#9234=CARTESIAN_POINT('Origin',(79.0000011771917,-37.5000005587935,-10.49));
#9235=CARTESIAN_POINT('',(73.7239820134661,-37.5000005587935,-6.585));
#9236=CARTESIAN_POINT('',(78.7160179865339,-37.5000005587935,-6.585));
#9237=CARTESIAN_POINT('Origin',(73.0000010877848,-38.0000005662441,-10.49));
#9238=CARTESIAN_POINT('Origin',(76.22,-42.68,-6.585));
#9239=CARTESIAN_POINT('Origin',(79.92,-109.3755,4.50499999999999));
#9240=CARTESIAN_POINT('',(81.22,-110.430616,4.505));
#9241=CARTESIAN_POINT('',(79.92,-110.430616,5.80500000000001));
#9242=CARTESIAN_POINT('Origin',(79.92,-110.430616,4.50499999999999));
#9243=CARTESIAN_POINT('',(81.22,-112.930616,4.505));
#9244=CARTESIAN_POINT('',(81.22,-109.3755,4.505));
#9245=CARTESIAN_POINT('',(79.92,-112.930616,5.80500000000001));
#9246=CARTESIAN_POINT('Origin',(79.92,-112.930616,4.50499999999999));
#9247=CARTESIAN_POINT('',(79.92,-109.3755,5.80500000000001));
#9248=CARTESIAN_POINT('Origin',(79.92,-109.3755,5.805));
#9249=CARTESIAN_POINT('',(73.58,-110.430616,5.805));
#9250=CARTESIAN_POINT('',(88.8287079184164,-110.430616,5.805));
#9251=CARTESIAN_POINT('',(73.58,-112.930616,5.805));
#9252=CARTESIAN_POINT('',(88.8287079184164,-112.930616,5.805));
#9253=CARTESIAN_POINT('',(73.58,-109.3755,5.805));
#9254=CARTESIAN_POINT('Origin',(73.58,-109.3755,4.505));
#9255=CARTESIAN_POINT('',(72.28,-110.430616,4.505));
#9256=CARTESIAN_POINT('Origin',(73.58,-110.430616,4.505));
#9257=CARTESIAN_POINT('',(72.28,-112.930616,4.505));
#9258=CARTESIAN_POINT('Origin',(73.58,-112.930616,4.505));
#9259=CARTESIAN_POINT('',(72.28,-109.3755,4.505));
#9260=CARTESIAN_POINT('Origin',(72.28,-109.3755,4.505));
#9261=CARTESIAN_POINT('',(72.28,-110.430616,3.945));
#9262=CARTESIAN_POINT('',(72.28,-110.430616,5.405));
#9263=CARTESIAN_POINT('',(72.28,-112.930616,3.945));
#9264=CARTESIAN_POINT('',(72.28,-112.930616,5.405));
#9265=CARTESIAN_POINT('',(72.28,-109.3755,3.945));
#9266=CARTESIAN_POINT('Origin',(73.58,-109.3755,3.945));
#9267=CARTESIAN_POINT('',(73.58,-110.430616,2.645));
#9268=CARTESIAN_POINT('Origin',(73.58,-110.430616,3.945));
#9269=CARTESIAN_POINT('',(73.58,-112.930616,2.645));
#9270=CARTESIAN_POINT('Origin',(73.58,-112.930616,3.94499999999999));
#9271=CARTESIAN_POINT('',(73.58,-109.3755,2.645));
#9272=CARTESIAN_POINT('Origin',(81.22,-109.3755,3.945));
#9273=CARTESIAN_POINT('',(81.22,-110.430616,3.945));
#9274=CARTESIAN_POINT('',(81.22,-110.430616,5.125));
#9275=CARTESIAN_POINT('',(81.22,-112.930616,3.945));
#9276=CARTESIAN_POINT('',(81.22,-109.3755,3.945));
#9277=CARTESIAN_POINT('',(81.22,-112.930616,5.125));
#9278=CARTESIAN_POINT('Origin',(79.92,-109.3755,3.94500000000001));
#9279=CARTESIAN_POINT('',(79.92,-110.430616,2.645));
#9280=CARTESIAN_POINT('Origin',(79.92,-110.430616,3.94500000000001));
#9281=CARTESIAN_POINT('',(79.92,-112.930616,2.645));
#9282=CARTESIAN_POINT('',(79.92,-109.3755,2.645));
#9283=CARTESIAN_POINT('Origin',(79.92,-112.930616,3.94500000000001));
#9284=CARTESIAN_POINT('Origin',(73.58,-109.3755,2.645));
#9285=CARTESIAN_POINT('',(85.6587079184164,-110.430616,2.645));
#9286=CARTESIAN_POINT('',(85.6587079184164,-112.930616,2.645));
#9287=CARTESIAN_POINT('Origin',(76.2999982945621,-29.9999993249774,6.30500000000001));
#9288=CARTESIAN_POINT('',(77.2999982945621,-29.9999993249774,6.30500000000001));
#9289=CARTESIAN_POINT('Origin',(76.2999982945621,-29.9999993249774,6.30500000000001));
#9290=CARTESIAN_POINT('',(77.2999982945621,-29.9999993249774,3.30500000000001));
#9291=CARTESIAN_POINT('',(77.2999982945621,-29.9999993249774,6.30500000000001));
#9292=CARTESIAN_POINT('Origin',(76.2999982945621,-29.9999993249774,3.30500000000001));
#9293=CARTESIAN_POINT('Origin',(76.2999982945621,-29.9999993249774,3.30500000000001));
#9294=CARTESIAN_POINT('Origin',(117.500000521541,-62.000000923872,6.30500000000001));
#9295=CARTESIAN_POINT('',(118.500000521541,-62.000000923872,6.30500000000001));
#9296=CARTESIAN_POINT('Origin',(117.500000521541,-62.000000923872,6.30500000000001));
#9297=CARTESIAN_POINT('',(118.500000521541,-62.000000923872,3.30500000000001));
#9298=CARTESIAN_POINT('',(118.500000521541,-62.000000923872,6.30500000000001));
#9299=CARTESIAN_POINT('Origin',(117.500000521541,-62.000000923872,3.30500000000001));
#9300=CARTESIAN_POINT('Origin',(117.500000521541,-62.000000923872,3.30500000000001));
#9301=CARTESIAN_POINT('Origin',(101.799998860061,-110.299997530133,6.30500000000001));
#9302=CARTESIAN_POINT('',(102.799998860061,-110.299997530133,6.30500000000001));
#9303=CARTESIAN_POINT('Origin',(101.799998860061,-110.299997530133,6.30500000000001));
#9304=CARTESIAN_POINT('',(102.799998860061,-110.299997530133,3.30500000000001));
#9305=CARTESIAN_POINT('',(102.799998860061,-110.299997530133,6.30500000000001));
#9306=CARTESIAN_POINT('Origin',(101.799998860061,-110.299997530133,3.30500000000001));
#9307=CARTESIAN_POINT('Origin',(101.799998860061,-110.299997530133,3.30500000000001));
#9308=CARTESIAN_POINT('Origin',(50.9999988600612,-110.299997530133,6.30500000000001));
#9309=CARTESIAN_POINT('',(51.9999988600612,-110.299997530133,6.30500000000001));
#9310=CARTESIAN_POINT('Origin',(50.9999988600612,-110.299997530133,6.30500000000001));
#9311=CARTESIAN_POINT('',(51.9999988600612,-110.299997530133,3.30500000000001));
#9312=CARTESIAN_POINT('',(51.9999988600612,-110.299997530133,6.30500000000001));
#9313=CARTESIAN_POINT('Origin',(50.9999988600612,-110.299997530133,3.30500000000001));
#9314=CARTESIAN_POINT('Origin',(50.9999988600612,-110.299997530133,3.30500000000001));
#9315=CARTESIAN_POINT('Origin',(35.2000005215406,-62.000000923872,6.30500000000001));
#9316=CARTESIAN_POINT('',(36.2000005215406,-62.000000923872,6.30500000000001));
#9317=CARTESIAN_POINT('Origin',(35.2000005215406,-62.000000923872,6.30500000000001));
#9318=CARTESIAN_POINT('',(36.2000005215406,-62.000000923872,3.30500000000001));
#9319=CARTESIAN_POINT('',(36.2000005215406,-62.000000923872,6.30500000000001));
#9320=CARTESIAN_POINT('Origin',(35.2000005215406,-62.000000923872,3.30500000000001));
#9321=CARTESIAN_POINT('Origin',(35.2000005215406,-62.000000923872,3.30500000000001));
#9322=CARTESIAN_POINT('Origin',(54.9218377944764,-110.431129591782,6.30499999999999));
#9323=CARTESIAN_POINT('',(54.8965041823715,-110.430616,6.30499999999999));
#9324=CARTESIAN_POINT('',(54.8965041823726,-110.430616,6.305));
#9325=CARTESIAN_POINT('',(54.7097223362813,-110.426829346094,6.30499999999999));
#9326=CARTESIAN_POINT('',(54.7097223362809,-110.426829346094,6.30499999999999));
#9327=CARTESIAN_POINT('',(65.2071209577938,-110.639644543761,6.30499999999999));
#9328=CARTESIAN_POINT('Origin',(54.7603003449741,-110.429908391755,6.30499999999999));
#9329=CARTESIAN_POINT('',(54.4737660303543,-110.412464995681,6.30499999999999));
#9330=CARTESIAN_POINT('',(54.4737660303547,-110.412464995681,6.30499999999999));
#9331=CARTESIAN_POINT('',(64.2920006253948,-111.010171260014,6.30499999999999));
#9332=CARTESIAN_POINT('Origin',(54.548851337317,-110.421617513351,6.30499999999999));
#9333=CARTESIAN_POINT('',(54.0823909797525,-110.364758364231,6.30499999999999));
#9334=CARTESIAN_POINT('',(54.0823909797524,-110.364758364231,6.30499999999999));
#9335=CARTESIAN_POINT('',(62.8910448805546,-111.43848854852,6.30499999999999));
#9336=CARTESIAN_POINT('Origin',(76.3030073524632,-70.8640543347984,6.30500000000001));
#9337=CARTESIAN_POINT('',(115.856963887937,-56.7397762665455,6.30500000000002));
#9338=CARTESIAN_POINT('',(116.086622010039,-56.9355560335571,6.30500000000002));
#9339=CARTESIAN_POINT('',(108.004921690853,-50.0460396033611,6.30500000000003));
#9340=CARTESIAN_POINT('',(115.657262817631,-56.5826057776094,6.30500000000002));
#9341=CARTESIAN_POINT('',(107.076708163714,-49.8294623506189,6.30500000000003));
#9342=CARTESIAN_POINT('',(80.9123546919654,-30.3292647428317,6.30500000000002));
#9343=CARTESIAN_POINT('',(106.566131482408,-49.7133237961363,6.30500000000003));
#9344=CARTESIAN_POINT('',(80.6948793498763,-30.1718936855703,6.30500000000002));
#9345=CARTESIAN_POINT('',(89.0254218764568,-36.2001002508515,6.30500000000003));
#9346=CARTESIAN_POINT('',(80.3859764608675,-29.9672937856193,6.30500000000002));
#9347=CARTESIAN_POINT('',(88.5354083981027,-35.3650191496195,6.30500000000003));
#9348=CARTESIAN_POINT('',(79.8813966005497,-29.6762337490233,6.30500000000002));
#9349=CARTESIAN_POINT('',(87.7046462406198,-34.1889690078285,6.30500000000002));
#9350=CARTESIAN_POINT('',(79.3123615622715,-29.4074991505738,6.30500000000002));
#9351=CARTESIAN_POINT('',(86.3706424195017,-32.7408690563197,6.30500000000002));
#9352=CARTESIAN_POINT('',(78.7279449290791,-29.1876263457906,6.30500000000002));
#9353=CARTESIAN_POINT('',(84.8257985166692,-31.4817981665628,6.30500000000002));
#9354=CARTESIAN_POINT('',(78.1317759356677,-29.0167676506383,6.30500000000002));
#9355=CARTESIAN_POINT('',(83.1263247208413,-30.4481773645618,6.30500000000003));
#9356=CARTESIAN_POINT('',(77.5271482472233,-28.8948807918921,6.30500000000002));
#9357=CARTESIAN_POINT('',(81.3063766058262,-29.6567352056385,6.30500000000002));
#9358=CARTESIAN_POINT('',(76.9170673385205,-28.8218275422765,6.30500000000002));
#9359=CARTESIAN_POINT('',(79.400978624295,-29.1192598805029,6.30500000000002));
#9360=CARTESIAN_POINT('',(76.3043035400679,-28.7974926695967,6.30500000000002));
#9361=CARTESIAN_POINT('',(77.4440240445682,-28.8427547321363,6.30500000000002));
#9362=CARTESIAN_POINT('',(75.6915425806651,-28.8218275423487,6.30500000000002));
#9363=CARTESIAN_POINT('',(75.4696669339293,-28.830638997366,6.30500000000002));
#9364=CARTESIAN_POINT('',(75.0814611029324,-28.8948805197143,6.30500000000002));
#9365=CARTESIAN_POINT('',(73.5114037603672,-29.0828838728654,6.30500000000002));
#9366=CARTESIAN_POINT('',(74.4768320643323,-29.0167676506383,6.30500000000002));
#9367=CARTESIAN_POINT('',(71.6032999019793,-29.5960428235575,6.30500000000002));
#9368=CARTESIAN_POINT('',(73.8806591993022,-29.1876274553748,6.30500000000002));
#9369=CARTESIAN_POINT('',(69.7791695465131,-30.363091422808,6.30500000000002));
#9370=CARTESIAN_POINT('',(73.296248331773,-29.4074991639599,6.30500000000002));
#9371=CARTESIAN_POINT('',(68.0738534492887,-31.3723101377402,6.30500000000002));
#9372=CARTESIAN_POINT('',(72.7272155975363,-29.6762313274144,6.30500000000002));
#9373=CARTESIAN_POINT('',(66.5214517636525,-32.6069736918304,6.30500000000002));
#9374=CARTESIAN_POINT('',(72.2226208961729,-29.967299924866,6.30500000000002));
#9375=CARTESIAN_POINT('',(65.1552808701606,-34.0439989934986,6.30500000000002));
#9376=CARTESIAN_POINT('',(71.9137197014314,-30.171900884714,6.30500000000002));
#9377=CARTESIAN_POINT('',(64.2266958575684,-35.2634074363314,6.30500000000002));
#9378=CARTESIAN_POINT('',(71.6962546171995,-30.3292645191116,6.30500000000002));
#9379=CARTESIAN_POINT('',(63.6910684703465,-36.1220343816724,6.30500000000002));
#9380=CARTESIAN_POINT('',(36.912475705048,-56.6119680788613,6.305));
#9381=CARTESIAN_POINT('',(63.4141072037245,-36.5872742039209,6.30500000000002));
#9382=CARTESIAN_POINT('',(36.520583922504,-56.9329535980029,6.305));
#9383=CARTESIAN_POINT('',(45.2066927983647,-49.8184508423214,6.30500000000001));
#9384=CARTESIAN_POINT('',(36.0872391057041,-57.3484313132004,6.305));
#9385=CARTESIAN_POINT('',(43.4050096886269,-50.332377389712,6.30500000000001));
#9386=CARTESIAN_POINT('',(35.6904092825369,-57.792891205222,6.305));
#9387=CARTESIAN_POINT('',(41.6490858272889,-51.1190159593168,6.30500000000001));
#9388=CARTESIAN_POINT('',(35.3314981725883,-58.2632588060943,6.305));
#9389=CARTESIAN_POINT('',(40.0109542985522,-52.1306413129433,6.30500000000001));
#9390=CARTESIAN_POINT('',(35.0115464708897,-58.75668052876,6.305));
#9391=CARTESIAN_POINT('',(38.5193193645223,-53.3470785960084,6.30500000000001));
#9392=CARTESIAN_POINT('',(34.7313769650503,-59.2704844638054,6.305));
#9393=CARTESIAN_POINT('',(37.1988959975852,-54.7452918133154,6.305));
#9394=CARTESIAN_POINT('',(34.4916791872102,-59.802208527746,6.305));
#9395=CARTESIAN_POINT('',(36.0701507950249,-56.3006686065793,6.305));
#9396=CARTESIAN_POINT('',(34.2931089386536,-60.3495242403154,6.305));
#9397=CARTESIAN_POINT('',(35.1501433217403,-57.987295318887,6.305));
#9398=CARTESIAN_POINT('',(34.1363301605147,-60.9102262586025,6.305));
#9399=CARTESIAN_POINT('',(34.4528500709149,-59.77822768905,6.305));
#9400=CARTESIAN_POINT('',(34.0220747574923,-61.4821458288602,6.305));
#9401=CARTESIAN_POINT('',(33.9893704847585,-61.645851116424,6.305));
#9402=CARTESIAN_POINT('',(33.9511626185363,-62.0629845668195,6.305));
#9403=CARTESIAN_POINT('',(33.7682564172892,-63.5611625750035,6.305));
#9404=CARTESIAN_POINT('',(33.9244484046534,-62.6503668693417,6.305));
#9405=CARTESIAN_POINT('',(33.7951496359466,-65.4933406064396,6.305));
#9406=CARTESIAN_POINT('',(33.9428212686778,-63.2416447394009,6.305));
#9407=CARTESIAN_POINT('',(34.0723772377657,-67.4110315782787,6.305));
#9408=CARTESIAN_POINT('',(34.0070802605056,-63.8338637248911,6.305));
#9409=CARTESIAN_POINT('',(34.5980064414817,-69.2799140509708,6.305));
#9410=CARTESIAN_POINT('',(34.1178755484645,-64.423762541378,6.305));
#9411=CARTESIAN_POINT('',(35.3654010102355,-71.0658662534826,6.305));
#9412=CARTESIAN_POINT('',(34.2498469564182,-64.9125085174402,6.305));
#9413=CARTESIAN_POINT('',(36.361664756459,-72.7334635860479,6.305));
#9414=CARTESIAN_POINT('',(47.5760189651163,-107.567012288429,6.30499999999999));
#9415=CARTESIAN_POINT('',(36.9666994595178,-73.6086288483983,6.305));
#9416=CARTESIAN_POINT('',(47.6595086548248,-107.816325766283,6.30499999999999));
#9417=CARTESIAN_POINT('',(43.4985411898434,-95.39101584414,6.30499999999999));
#9418=CARTESIAN_POINT('',(47.7884940786635,-108.155243178697,6.30499999999999));
#9419=CARTESIAN_POINT('',(43.3294124611335,-96.4387223612218,6.30499999999999));
#9420=CARTESIAN_POINT('',(48.0231777822607,-108.67497648295,6.30499999999999));
#9421=CARTESIAN_POINT('',(43.2097030015908,-98.0149983321502,6.30499999999999));
#9422=CARTESIAN_POINT('',(48.3209872059673,-109.214443335725,6.30499999999999));
#9423=CARTESIAN_POINT('',(43.326907371443,-100.167917885631,6.30499999999999));
#9424=CARTESIAN_POINT('',(48.6582623870571,-109.724675761594,6.30499999999999));
#9425=CARTESIAN_POINT('',(43.7544757664781,-102.306190549382,6.30499999999999));
#9426=CARTESIAN_POINT('',(49.0323583681342,-110.203546423575,6.30499999999999));
#9427=CARTESIAN_POINT('',(44.4704695653529,-104.363989675115,6.30499999999999));
#9428=CARTESIAN_POINT('',(49.4407764656397,-110.649265745404,6.30499999999999));
#9429=CARTESIAN_POINT('',(45.4582520743866,-106.303013506139,6.30499999999999));
#9430=CARTESIAN_POINT('',(49.8811589307015,-111.060228538625,6.30499999999999));
#9431=CARTESIAN_POINT('',(46.697339310893,-108.089103419271,6.30499999999999));
#9432=CARTESIAN_POINT('',(50.3513211312055,-111.434962607553,6.30499999999999));
#9433=CARTESIAN_POINT('',(48.1640710676858,-109.691655478258,6.30499999999999));
#9434=CARTESIAN_POINT('',(50.8492086650059,-111.77200221234,6.30499999999999));
#9435=CARTESIAN_POINT('',(49.832769213884,-111.083934470853,6.30499999999999));
#9436=CARTESIAN_POINT('',(51.3728047450002,-112.069815376674,6.30499999999999));
#9437=CARTESIAN_POINT('',(51.6750416116562,-112.241722923496,6.30499999999999));
#9438=CARTESIAN_POINT('',(51.9200521523981,-112.326754447892,6.30499999999999));
#9439=CARTESIAN_POINT('',(53.6603441359529,-113.143841929455,6.30499999999999));
#9440=CARTESIAN_POINT('',(52.4887548053331,-112.541059722302,6.30499999999999));
#9441=CARTESIAN_POINT('',(55.7547596276048,-113.771794370799,6.30499999999999));
#9442=CARTESIAN_POINT('',(53.0764345177688,-112.710853949554,6.30499999999999));
#9443=CARTESIAN_POINT('',(57.921638544768,-114.110745176419,6.30499999999999));
#9444=CARTESIAN_POINT('',(53.680223959504,-112.834240728463,6.30499999999999));
#9445=CARTESIAN_POINT('',(60.1198057255589,-114.150194928237,6.30499999999999));
#9446=CARTESIAN_POINT('',(54.24635306071,-112.903248991361,6.30499999999999));
#9447=CARTESIAN_POINT('',(62.3054820533446,-113.885615895081,6.30499999999999));
#9448=CARTESIAN_POINT('',(54.6083886725624,-112.925288692187,6.30499999999999));
#9449=CARTESIAN_POINT('',(63.9590711470569,-113.494531710033,6.30499999999999));
#9450=CARTESIAN_POINT('',(54.871165364743,-112.930616,6.30499999999999));
#9451=CARTESIAN_POINT('',(65.0250601819701,-113.136467298073,6.30499999999999));
#9452=CARTESIAN_POINT('',(97.7374158368328,-112.930616,6.305));
#9453=CARTESIAN_POINT('',(65.5870863586031,-112.930616,6.30499999999999));
#9454=CARTESIAN_POINT('',(98.0001938062697,-112.925288329668,6.305));
#9455=CARTESIAN_POINT('',(87.4508774195688,-113.139169577228,6.305));
#9456=CARTESIAN_POINT('',(98.3120734745422,-112.906300943542,6.305));
#9457=CARTESIAN_POINT('',(88.4672878704633,-113.505656286677,6.305));
#9458=CARTESIAN_POINT('',(98.6216675140477,-112.874858354362,6.305));
#9459=CARTESIAN_POINT('',(89.5330128309094,-113.797908539247,6.305));
#9460=CARTESIAN_POINT('',(98.9284833163467,-112.831151596468,6.305));
#9461=CARTESIAN_POINT('',(90.6170509219967,-114.015138081795,6.305));
#9462=CARTESIAN_POINT('',(99.2320516746485,-112.775398853252,6.305));
#9463=CARTESIAN_POINT('',(91.7129235083059,-114.156346539013,6.305));
#9464=CARTESIAN_POINT('',(99.531999710204,-112.707813762992,6.305));
#9465=CARTESIAN_POINT('',(92.8151075938955,-114.221281784561,6.305));
#9466=CARTESIAN_POINT('',(99.8278695719318,-112.628640733586,6.305));
#9467=CARTESIAN_POINT('',(93.9180695701705,-114.21006834704,6.305));
#9468=CARTESIAN_POINT('',(100.119353113801,-112.538109274116,6.305));
#9469=CARTESIAN_POINT('',(95.0154696970733,-114.12331717888,6.305));
#9470=CARTESIAN_POINT('',(100.406098571568,-112.436449196766,6.305));
#9471=CARTESIAN_POINT('',(96.1033291097982,-113.961913208336,6.305));
#9472=CARTESIAN_POINT('',(100.687719536318,-112.32393118567,6.305));
#9473=CARTESIAN_POINT('',(97.1751628908407,-113.727327725979,6.305));
#9474=CARTESIAN_POINT('',(100.964027758014,-112.200742454167,6.305));
#9475=CARTESIAN_POINT('',(98.2267338138848,-113.421132374741,6.305));
#9476=CARTESIAN_POINT('',(101.234676523215,-112.067128518757,6.305));
#9477=CARTESIAN_POINT('',(99.2538696618217,-113.045013638022,6.305));
#9478=CARTESIAN_POINT('',(101.499394071385,-111.923318174999,6.305));
#9479=CARTESIAN_POINT('',(100.251106329498,-112.601462448059,6.305));
#9480=CARTESIAN_POINT('',(101.75794999028,-111.769499916641,6.305));
#9481=CARTESIAN_POINT('',(101.215145696292,-112.092421207661,6.305));
#9482=CARTESIAN_POINT('',(102.010063345991,-111.605896012054,6.305));
#9483=CARTESIAN_POINT('',(102.141391674939,-111.520673127537,6.305));
#9484=CARTESIAN_POINT('',(102.255520142309,-111.432675818604,6.305));
#9485=CARTESIAN_POINT('',(103.026298946919,-110.888733032564,6.305));
#9486=CARTESIAN_POINT('',(102.49406200228,-111.250028940737,6.305));
#9487=CARTESIAN_POINT('',(103.866249881258,-110.199371282696,6.305));
#9488=CARTESIAN_POINT('',(102.725424504607,-111.05814608764,6.305));
#9489=CARTESIAN_POINT('',(104.657618019359,-109.455661671982,6.305));
#9490=CARTESIAN_POINT('',(102.94932322965,-110.857230635891,6.305));
#9491=CARTESIAN_POINT('',(105.397024274449,-108.660786859503,6.30500000000001));
#9492=CARTESIAN_POINT('',(103.165507168425,-110.64745745156,6.305));
#9493=CARTESIAN_POINT('',(106.081038705133,-107.818383571528,6.30500000000001));
#9494=CARTESIAN_POINT('',(103.373746427861,-110.428961347226,6.305));
#9495=CARTESIAN_POINT('',(106.706889877367,-106.931643594182,6.30500000000001));
#9496=CARTESIAN_POINT('',(103.573703173651,-110.201978959679,6.305));
#9497=CARTESIAN_POINT('',(107.271718238729,-106.004149647463,6.30500000000001));
#9498=CARTESIAN_POINT('',(103.76508461667,-109.966716792826,6.30500000000001));
#9499=CARTESIAN_POINT('',(107.772352927376,-105.040645533933,6.30500000000001));
#9500=CARTESIAN_POINT('',(103.94760182588,-109.723358614972,6.30500000000001));
#9501=CARTESIAN_POINT('',(108.206578566237,-104.044678650826,6.30500000000001));
#9502=CARTESIAN_POINT('',(104.120924102874,-109.472153445775,6.30500000000001));
#9503=CARTESIAN_POINT('',(108.571873288261,-103.021156709531,6.30500000000001));
#9504=CARTESIAN_POINT('',(104.284723030399,-109.213351938386,6.30500000000001));
#9505=CARTESIAN_POINT('',(108.866210376541,-101.974624254533,6.30500000000001));
#9506=CARTESIAN_POINT('',(104.438647583532,-108.947262280942,6.30500000000001));
#9507=CARTESIAN_POINT('',(109.08773790729,-100.910371307425,6.30500000000001));
#9508=CARTESIAN_POINT('',(104.582392722232,-108.674135974526,6.30500000000001));
#9509=CARTESIAN_POINT('',(109.235022249691,-99.8337986284876,6.30500000000001));
#9510=CARTESIAN_POINT('',(104.715605619152,-108.394315711174,6.30500000000001));
#9511=CARTESIAN_POINT('',(109.307046335631,-98.749767922266,6.30500000000001));
#9512=CARTESIAN_POINT('',(104.837922564076,-108.108239414142,6.30500000000001));
#9513=CARTESIAN_POINT('',(109.303182729705,-97.6648368727849,6.30500000000001));
#9514=CARTESIAN_POINT('',(104.94904692728,-107.816245617827,6.30500000000001));
#9515=CARTESIAN_POINT('',(109.223370559625,-96.5849013103942,6.30500000000001));
#9516=CARTESIAN_POINT('',(105.032519689496,-107.566961433285,6.30500000000001));
#9517=CARTESIAN_POINT('',(109.067972123256,-95.5154317786262,6.30500000000001));
#9518=CARTESIAN_POINT('',(118.344230316712,-64.9594033815652,6.30500000000002));
#9519=CARTESIAN_POINT('',(108.97866408654,-94.9363100327256,6.30500000000001));
#9520=CARTESIAN_POINT('',(118.415121639567,-64.7159671769812,6.30500000000002));
#9521=CARTESIAN_POINT('',(115.908417027772,-73.3238282258921,6.30500000000002));
#9522=CARTESIAN_POINT('',(118.488117015096,-64.4230088441959,6.30500000000002));
#9523=CARTESIAN_POINT('',(116.463119049582,-72.550099410841,6.30500000000002));
#9524=CARTESIAN_POINT('',(118.5493806513,-64.1285770430311,6.30500000000002));
#9525=CARTESIAN_POINT('',(116.970515198171,-71.7165725974272,6.30500000000002));
#9526=CARTESIAN_POINT('',(118.598946493224,-63.8331014041541,6.30500000000002));
#9527=CARTESIAN_POINT('',(117.421772369388,-70.8505606625696,6.30500000000002));
#9528=CARTESIAN_POINT('',(118.636864529205,-63.5370774315139,6.30500000000002));
#9529=CARTESIAN_POINT('',(117.814533661312,-69.9569682313012,6.30500000000002));
#9530=CARTESIAN_POINT('',(118.663212700584,-63.2409056292826,6.30500000000002));
#9531=CARTESIAN_POINT('',(118.147304307152,-69.040075388381,6.30500000000002));
#9532=CARTESIAN_POINT('',(118.678078632322,-62.9450091762627,6.30500000000002));
#9533=CARTESIAN_POINT('',(118.418874252398,-68.1042994232125,6.30500000000002));
#9534=CARTESIAN_POINT('',(118.681566300273,-62.6497399022093,6.30500000000002));
#9535=CARTESIAN_POINT('',(118.628360328692,-67.1542078802077,6.30500000000002));
#9536=CARTESIAN_POINT('',(118.673778386899,-62.355431408461,6.30500000000002));
#9537=CARTESIAN_POINT('',(118.775345909776,-66.1937104487319,6.30500000000002));
#9538=CARTESIAN_POINT('',(118.654827946998,-62.0624980875736,6.30500000000002));
#9539=CARTESIAN_POINT('',(118.859558789514,-65.2271995878756,6.30500000000002));
#9540=CARTESIAN_POINT('',(118.624831477024,-61.7712111108229,6.30500000000002));
#9541=CARTESIAN_POINT('',(118.88105299897,-64.2593036287732,6.30500000000002));
#9542=CARTESIAN_POINT('',(118.583889307134,-61.4818430252568,6.30500000000002));
#9543=CARTESIAN_POINT('',(118.840167287548,-63.2931458644621,6.30500000000002));
#9544=CARTESIAN_POINT('',(118.532120581203,-61.194751572712,6.30500000000002));
#9545=CARTESIAN_POINT('',(118.737405895483,-62.3331929386723,6.30500000000002));
#9546=CARTESIAN_POINT('',(118.469627440538,-60.9101925585236,6.30500000000002));
#9547=CARTESIAN_POINT('',(118.57351948002,-61.3832591386679,6.30500000000003));
#9548=CARTESIAN_POINT('',(118.396510041255,-60.6284482857538,6.30500000000002));
#9549=CARTESIAN_POINT('',(118.349383171476,-60.4468536751124,6.30500000000002));
#9550=CARTESIAN_POINT('',(118.312865735878,-60.3497920236451,6.30500000000002));
#9551=CARTESIAN_POINT('',(118.066132238267,-59.5278133620777,6.30500000000002));
#9552=CARTESIAN_POINT('',(118.218783219463,-60.0744934607455,6.30500000000002));
#9553=CARTESIAN_POINT('',(117.724949128607,-58.6294660454172,6.30500000000003));
#9554=CARTESIAN_POINT('',(118.114342689879,-59.8028049329033,6.30500000000002));
#9555=CARTESIAN_POINT('',(117.327325866622,-57.7554824714884,6.30500000000003));
#9556=CARTESIAN_POINT('',(117.999637089889,-59.5350401664878,6.30500000000002));
#9557=CARTESIAN_POINT('',(116.87463950143,-56.9088848914537,6.30500000000003));
#9558=CARTESIAN_POINT('',(117.874749463504,-59.2714683945124,6.30500000000002));
#9559=CARTESIAN_POINT('',(116.369019588726,-56.0936684578677,6.30500000000002));
#9560=CARTESIAN_POINT('',(117.739730931051,-59.0123328996475,6.30500000000002));
#9561=CARTESIAN_POINT('',(115.811938775221,-55.3124010071837,6.30500000000003));
#9562=CARTESIAN_POINT('',(117.594706166842,-58.7580147698095,6.30500000000002));
#9563=CARTESIAN_POINT('',(115.20569165153,-54.5685943835444,6.30500000000002));
#9564=CARTESIAN_POINT('',(117.439742634033,-58.5087770824797,6.30500000000002));
#9565=CARTESIAN_POINT('',(114.55291605656,-53.8657106341986,6.30500000000002));
#9566=CARTESIAN_POINT('',(117.274931102836,-58.2649495223568,6.30500000000002));
#9567=CARTESIAN_POINT('',(113.855557155656,-53.2062160670629,6.30500000000003));
#9568=CARTESIAN_POINT('',(117.100400181674,-58.0268917042266,6.30500000000002));
#9569=CARTESIAN_POINT('',(113.117047021958,-52.593651819079,6.30500000000003));
#9570=CARTESIAN_POINT('',(116.916240982051,-57.7949191488668,6.30500000000002));
#9571=CARTESIAN_POINT('',(112.339971006515,-52.0305096465903,6.30500000000003));
#9572=CARTESIAN_POINT('',(116.722620879568,-57.5694316685608,6.30500000000002));
#9573=CARTESIAN_POINT('',(111.527817692899,-51.5196307118055,6.30500000000002));
#9574=CARTESIAN_POINT('',(116.519678872137,-57.3507762026784,6.30500000000002));
#9575=CARTESIAN_POINT('',(110.684351435553,-51.0636291729868,6.30500000000002));
#9576=CARTESIAN_POINT('',(116.307591687559,-57.1393380118875,6.30500000000002));
#9577=CARTESIAN_POINT('',(109.813001501753,-50.6646214864786,6.30500000000002));
#9578=CARTESIAN_POINT('',(108.918330965279,-50.3248366500376,6.30500000000002));
#9579=CARTESIAN_POINT('',(53.6746162588845,-110.281427974777,6.30499999999999));
#9580=CARTESIAN_POINT('',(60.9222408819646,-111.762508952956,6.30499999999999));
#9581=CARTESIAN_POINT('',(53.2777334026666,-110.166759361151,6.30499999999999));
#9582=CARTESIAN_POINT('',(58.9094033061171,-111.793878724238,6.30499999999999));
#9583=CARTESIAN_POINT('',(52.8935855761991,-110.022000223946,6.30499999999999));
#9584=CARTESIAN_POINT('',(56.9206755400467,-111.539535996497,6.30499999999999));
#9585=CARTESIAN_POINT('',(52.5238183724999,-109.848390188337,6.30499999999999));
#9586=CARTESIAN_POINT('',(54.9964655576374,-111.009327019851,6.30499999999999));
#9587=CARTESIAN_POINT('',(52.169938832503,-109.64710910617,6.30499999999999));
#9588=CARTESIAN_POINT('',(53.1728525637318,-110.217550565271,6.30499999999999));
#9589=CARTESIAN_POINT('',(51.8333830656028,-109.419281303776,6.30499999999999));
#9590=CARTESIAN_POINT('',(51.4831519461077,-109.182196118699,6.30499999999999));
#9591=CARTESIAN_POINT('',(51.5155674653506,-109.165972269313,6.30499999999999));
#9592=CARTESIAN_POINT('',(49.9573485141694,-107.924022730985,6.30499999999999));
#9593=CARTESIAN_POINT('',(51.2179267328197,-108.888215372702,6.30499999999999));
#9594=CARTESIAN_POINT('',(48.6231912106833,-106.466820693199,6.30499999999999));
#9595=CARTESIAN_POINT('',(50.941962184067,-108.587046711787,6.30499999999999));
#9596=CARTESIAN_POINT('',(47.5056717921077,-104.836916557249,6.30499999999999));
#9597=CARTESIAN_POINT('',(50.6892601935286,-108.263569380797,6.30499999999999));
#9598=CARTESIAN_POINT('',(46.6276218476987,-103.064370400381,6.30499999999999));
#9599=CARTESIAN_POINT('',(50.4614776029835,-107.918978167862,6.30499999999999));
#9600=CARTESIAN_POINT('',(46.0086558415763,-101.182715979987,6.30499999999999));
#9601=CARTESIAN_POINT('',(50.2603453911304,-107.554637241475,6.30499999999999));
#9602=CARTESIAN_POINT('',(45.6644601463711,-99.2294213438428,6.30499999999999));
#9603=CARTESIAN_POINT('',(50.0981015393318,-107.195330089349,6.30499999999999));
#9604=CARTESIAN_POINT('',(45.6055281860533,-97.2460240331221,6.30499999999999));
#9605=CARTESIAN_POINT('',(50.0140323274124,-106.974432883141,6.30499999999999));
#9606=CARTESIAN_POINT('',(45.7304132976686,-95.7189511851124,6.30499999999999));
#9607=CARTESIAN_POINT('',(49.9546949825568,-106.79724214421,6.30499999999999));
#9608=CARTESIAN_POINT('',(45.9108931904483,-94.721807535906,6.30499999999999));
#9609=CARTESIAN_POINT('',(36.6506704782092,-64.2136282587204,6.305));
#9610=CARTESIAN_POINT('',(46.0160389243813,-94.1903645220081,6.30499999999999));
#9611=CARTESIAN_POINT('',(36.5568892742323,-63.866316770689,6.305));
#9612=CARTESIAN_POINT('',(38.8412107459548,-72.3261259418457,6.305));
#9613=CARTESIAN_POINT('',(36.4820266302528,-63.4677313624454,6.305));
#9614=CARTESIAN_POINT('',(37.8778362167093,-70.8993328164411,6.305));
#9615=CARTESIAN_POINT('',(36.4386236343389,-63.0677238697003,6.305));
#9616=CARTESIAN_POINT('',(37.1155478329951,-69.3063427894661,6.305));
#9617=CARTESIAN_POINT('',(36.4262142023267,-62.6683619346711,6.305));
#9618=CARTESIAN_POINT('',(36.5803576175159,-67.6290251222807,6.305));
#9619=CARTESIAN_POINT('',(36.4442608092681,-62.2715597834096,6.305));
#9620=CARTESIAN_POINT('',(36.2792109822243,-65.9006146328195,6.305));
#9621=CARTESIAN_POINT('',(36.4921773787462,-61.87907691443,6.305));
#9622=CARTESIAN_POINT('',(36.2143749003141,-64.1545468600546,6.305));
#9623=CARTESIAN_POINT('',(36.5693980802573,-61.4925391293013,6.305));
#9624=CARTESIAN_POINT('',(36.3838003514036,-62.4215715471906,6.305));
#9625=CARTESIAN_POINT('',(36.6753729693268,-61.1135316201578,6.305));
#9626=CARTESIAN_POINT('',(36.7821133878622,-60.7317862792635,6.305));
#9627=CARTESIAN_POINT('',(36.8095960936051,-60.7435747638729,6.305));
#9628=CARTESIAN_POINT('',(37.4009667311098,-59.1135901905985,6.305));
#9629=CARTESIAN_POINT('',(36.9715959825251,-60.3842087319028,6.305));
#9630=CARTESIAN_POINT('',(38.2294283585606,-57.5939461405332,6.305));
#9631=CARTESIAN_POINT('',(37.160905235445,-60.0370337643798,6.305));
#9632=CARTESIAN_POINT('',(39.2537067277916,-56.199037053014,6.305));
#9633=CARTESIAN_POINT('',(37.3770390862941,-59.7037174030472,6.305));
#9634=CARTESIAN_POINT('',(40.4569517266826,-54.953951133288,6.30500000000001));
#9635=CARTESIAN_POINT('',(37.6194461412684,-59.3860331026111,6.305));
#9636=CARTESIAN_POINT('',(41.8189861574267,-53.8823651820201,6.30500000000001));
#9637=CARTESIAN_POINT('',(37.8874665528519,-59.0858431566003,6.305));
#9638=CARTESIAN_POINT('',(43.315534593341,-53.0062634619423,6.30500000000001));
#9639=CARTESIAN_POINT('',(38.180259461252,-58.8051222990014,6.305));
#9640=CARTESIAN_POINT('',(44.9185107614793,-52.3446936839343,6.30500000000001));
#9641=CARTESIAN_POINT('',(38.4586998525275,-58.5770610394278,6.305));
#9642=CARTESIAN_POINT('',(46.594866341423,-51.9129977939399,6.30500000000001));
#9643=CARTESIAN_POINT('',(73.1827823085999,-32.3394642595556,6.30500000000002));
#9644=CARTESIAN_POINT('',(47.5293598319624,-51.7232494414165,6.30500000000001));
#9645=CARTESIAN_POINT('',(73.3373858507157,-32.227588942357,6.30500000000002));
#9646=CARTESIAN_POINT('',(65.0479317032207,-38.2260628418761,6.30500000000002));
#9647=CARTESIAN_POINT('',(73.5387179480862,-32.0942364624331,6.30500000000002));
#9648=CARTESIAN_POINT('',(65.452761965034,-37.4499760438407,6.30500000000002));
#9649=CARTESIAN_POINT('',(73.887541798768,-31.8930221637073,6.30500000000002));
#9650=CARTESIAN_POINT('',(66.1521488421787,-36.3550784883735,6.30500000000002));
#9651=CARTESIAN_POINT('',(74.2718196658867,-31.7115425819799,6.30500000000002));
#9652=CARTESIAN_POINT('',(67.3045234710964,-35.001927242127,6.30500000000002));
#9653=CARTESIAN_POINT('',(74.666481599651,-31.5630597276874,6.30500000000002));
#9654=CARTESIAN_POINT('',(68.6619751474212,-33.8221229419696,6.30500000000002));
#9655=CARTESIAN_POINT('',(75.0691810321659,-31.4476483253192,6.30500000000002));
#9656=CARTESIAN_POINT('',(70.1698412093249,-32.8517716837785,6.30500000000002));
#9657=CARTESIAN_POINT('',(75.4777260514662,-31.3652897598572,6.30500000000002));
#9658=CARTESIAN_POINT('',(71.7950217463654,-32.1076858955596,6.30500000000002));
#9659=CARTESIAN_POINT('',(75.8900757903324,-31.3159137711744,6.30500000000002));
#9660=CARTESIAN_POINT('',(73.5035971405217,-31.6016778488448,6.30500000000002));
#9661=CARTESIAN_POINT('',(76.304303770034,-31.2994633347984,6.30500000000002));
#9662=CARTESIAN_POINT('',(75.2624919643222,-31.3408373116069,6.30500000000002));
#9663=CARTESIAN_POINT('',(76.71853366926,-31.3159137711382,6.30500000000002));
#9664=CARTESIAN_POINT('',(77.0384370944555,-31.3286181918981,6.30500000000002));
#9665=CARTESIAN_POINT('',(77.1308826236115,-31.365289895946,6.30500000000002));
#9666=CARTESIAN_POINT('',(78.7987026855487,-31.5650005794973,6.30500000000002));
#9667=CARTESIAN_POINT('',(77.5394269678337,-31.4476483253191,6.30500000000002));
#9668=CARTESIAN_POINT('',(80.5100263979179,-32.0464912828055,6.30500000000002));
#9669=CARTESIAN_POINT('',(77.9421244645394,-31.5630591728952,6.30500000000002));
#9670=CARTESIAN_POINT('',(82.1394821288088,-32.7659983755878,6.30500000000002));
#9671=CARTESIAN_POINT('',(78.3367897811356,-31.7115425752868,6.30500000000002));
#9672=CARTESIAN_POINT('',(83.6532668315628,-33.711740129996,6.30500000000002));
#9673=CARTESIAN_POINT('',(78.7210683002749,-31.8930233745116,6.30500000000002));
#9674=CARTESIAN_POINT('',(85.0185324508318,-34.8670871595305,6.30500000000002));
#9675=CARTESIAN_POINT('',(79.0698847304335,-32.0942333928095,6.30500000000002));
#9676=CARTESIAN_POINT('',(86.2031909877612,-36.2089841856796,6.30500000000002));
#9677=CARTESIAN_POINT('',(79.2712181749382,-32.2275853427852,6.30500000000002));
#9678=CARTESIAN_POINT('',(87.0004504825122,-37.3469941055261,6.30500000000002));
#9679=CARTESIAN_POINT('',(79.4258268459822,-32.3394643714154,6.30500000000002));
#9680=CARTESIAN_POINT('',(87.451088430422,-38.1467613652257,6.30500000000002));
#9681=CARTESIAN_POINT('',(114.130468408816,-58.5623798888047,6.30500000000002));
#9682=CARTESIAN_POINT('',(87.6865350308187,-38.5812765063306,6.30500000000002));
#9683=CARTESIAN_POINT('',(114.272350443968,-58.6740451332725,6.30500000000002));
#9684=CARTESIAN_POINT('',(105.430707587985,-51.7154177781724,6.30500000000002));
#9685=CARTESIAN_POINT('',(114.427636005019,-58.8064235167784,6.30500000000002));
#9686=CARTESIAN_POINT('',(106.268230178239,-51.8506644210361,6.30500000000002));
#9687=CARTESIAN_POINT('',(114.57698534378,-58.944156005944,6.30500000000002));
#9688=CARTESIAN_POINT('',(107.112999414146,-52.0607417925359,6.30500000000002));
#9689=CARTESIAN_POINT('',(114.720283436069,-59.0870156013394,6.30500000000002));
#9690=CARTESIAN_POINT('',(107.941901886004,-52.3293761226161,6.30500000000002));
#9691=CARTESIAN_POINT('',(114.857380939784,-59.2347283342803,6.30500000000002));
#9692=CARTESIAN_POINT('',(108.750498901644,-52.6550006867682,6.30500000000002));
#9693=CARTESIAN_POINT('',(114.988172991025,-59.3870470744332,6.30500000000002));
#9694=CARTESIAN_POINT('',(109.534301296839,-53.0355382669047,6.30500000000002));
#9695=CARTESIAN_POINT('',(115.112571590837,-59.5437433521134,6.30500000000002));
#9696=CARTESIAN_POINT('',(110.289891100485,-53.468947635593,6.30500000000002));
#9697=CARTESIAN_POINT('',(115.230475551418,-59.7045627611792,6.30500000000002));
#9698=CARTESIAN_POINT('',(111.013588097409,-53.9527852542266,6.30500000000002));
#9699=CARTESIAN_POINT('',(115.341822817016,-59.8692935412395,6.30500000000002));
#9700=CARTESIAN_POINT('',(111.701927966348,-54.484314261621,6.30500000000002));
#9701=CARTESIAN_POINT('',(115.446530083421,-60.037700884905,6.30500000000002));
#9702=CARTESIAN_POINT('',(112.352343195129,-55.0611236849274,6.30500000000002));
#9703=CARTESIAN_POINT('',(115.544535465525,-60.2095649498227,6.30500000000002));
#9704=CARTESIAN_POINT('',(112.96146916271,-55.679851731789,6.30500000000002));
#9705=CARTESIAN_POINT('',(115.635787231752,-60.3847006972566,6.30500000000002));
#9706=CARTESIAN_POINT('',(113.527327051812,-56.3380201253078,6.30500000000002));
#9707=CARTESIAN_POINT('',(115.720205044944,-60.5628620832438,6.30500000000002));
#9708=CARTESIAN_POINT('',(114.047356675563,-57.0323633322538,6.30500000000002));
#9709=CARTESIAN_POINT('',(115.79774684494,-60.7438729664527,6.30500000000002));
#9710=CARTESIAN_POINT('',(114.519266524148,-57.7594329348297,6.30500000000002));
#9711=CARTESIAN_POINT('',(115.868352609731,-60.9275447303718,6.30500000000002));
#9712=CARTESIAN_POINT('',(114.941583179666,-58.5166739399953,6.30500000000002));
#9713=CARTESIAN_POINT('',(115.931958867939,-61.1136655118231,6.30500000000002));
#9714=CARTESIAN_POINT('',(115.312238616788,-59.3002776365641,6.30500000000002));
#9715=CARTESIAN_POINT('',(115.988507520627,-61.3020541428767,6.30500000000002));
#9716=CARTESIAN_POINT('',(115.629856566278,-60.1072288180634,6.30500000000002));
#9717=CARTESIAN_POINT('',(116.037937220269,-61.4925222792624,6.30500000000002));
#9718=CARTESIAN_POINT('',(115.892983749855,-60.933971092978,6.30500000000002));
#9719=CARTESIAN_POINT('',(116.080181290602,-61.6848782863557,6.30500000000002));
#9720=CARTESIAN_POINT('',(116.100464118048,-61.777235004574,6.30500000000002));
#9721=CARTESIAN_POINT('',(116.115172153567,-61.878925512628,6.30500000000002));
#9722=CARTESIAN_POINT('',(116.251201199285,-62.633295561748,6.30500000000002));
#9723=CARTESIAN_POINT('',(116.142841238512,-62.0744830554119,6.30500000000002));
#9724=CARTESIAN_POINT('',(116.344350291824,-63.49869406176,6.30500000000002));
#9725=CARTESIAN_POINT('',(116.163110973499,-62.2713165437856,6.30500000000002));
#9726=CARTESIAN_POINT('',(116.37920612446,-64.3697535688657,6.30500000000002));
#9727=CARTESIAN_POINT('',(116.175914693449,-62.4692347042308,6.30500000000002));
#9728=CARTESIAN_POINT('',(116.355298523816,-65.2421255403734,6.30500000000002));
#9729=CARTESIAN_POINT('',(116.181175650136,-62.668048451105,6.30500000000002));
#9730=CARTESIAN_POINT('',(116.272326772963,-66.1126873901433,6.30500000000002));
#9731=CARTESIAN_POINT('',(116.178819816161,-62.8674955881313,6.30500000000002));
#9732=CARTESIAN_POINT('',(116.130278543329,-66.9770457492551,6.30500000000002));
#9733=CARTESIAN_POINT('',(116.168778850292,-63.0673543146421,6.30500000000002));
#9734=CARTESIAN_POINT('',(115.929456369839,-67.8309086174038,6.30500000000002));
#9735=CARTESIAN_POINT('',(116.150982764602,-63.2673947157568,6.30500000000002));
#9736=CARTESIAN_POINT('',(115.670312954361,-68.6704582501894,6.30500000000002));
#9737=CARTESIAN_POINT('',(116.125370246612,-63.4673502020775,6.30500000000002));
#9738=CARTESIAN_POINT('',(115.353752867768,-69.4913236473307,6.30500000000002));
#9739=CARTESIAN_POINT('',(116.09188482565,-63.6669660215146,6.30500000000002));
#9740=CARTESIAN_POINT('',(114.981004719872,-70.2892283745782,6.30500000000002));
#9741=CARTESIAN_POINT('',(116.050483507548,-63.8659399220984,6.30500000000002));
#9742=CARTESIAN_POINT('',(114.553569361783,-71.0600791445817,6.30500000000002));
#9743=CARTESIAN_POINT('',(116.001132819784,-64.0640030884902,6.30500000000002));
#9744=CARTESIAN_POINT('',(114.073785432983,-71.7991845714686,6.30500000000002));
#9745=CARTESIAN_POINT('',(115.950732158359,-64.2370756907736,6.30500000000002));
#9746=CARTESIAN_POINT('',(113.543568964187,-72.5031179679456,6.30500000000002));
#9747=CARTESIAN_POINT('',(102.653835844749,-106.79721671664,6.30500000000001));
#9748=CARTESIAN_POINT('',(113.248269214907,-72.8870043115432,6.30500000000002));
#9749=CARTESIAN_POINT('',(102.59450846364,-106.974392808914,6.30500000000001));
#9750=CARTESIAN_POINT('',(106.739080967696,-94.5969855024453,6.30500000000001));
#9751=CARTESIAN_POINT('',(102.519370282038,-107.171828207072,6.305));
#9752=CARTESIAN_POINT('',(106.942417066613,-95.549694368276,6.30500000000001));
#9753=CARTESIAN_POINT('',(102.436702809576,-107.365171855587,6.30500000000001));
#9754=CARTESIAN_POINT('',(107.065643949236,-96.5389503436083,6.30500000000001));
#9755=CARTESIAN_POINT('',(102.346704861116,-107.554216987262,6.30500000000001));
#9756=CARTESIAN_POINT('',(107.116392380621,-97.5352529930372,6.30500000000001));
#9757=CARTESIAN_POINT('',(102.249608791765,-107.738706640473,6.305));
#9758=CARTESIAN_POINT('',(107.094580739063,-98.5329045895205,6.30500000000001));
#9759=CARTESIAN_POINT('',(102.145643015199,-107.918432469193,6.305));
#9760=CARTESIAN_POINT('',(107.000685508867,-99.525511601642,6.30500000000001));
#9761=CARTESIAN_POINT('',(102.035010551437,-108.093231222887,6.30500000000001));
#9762=CARTESIAN_POINT('',(106.835661209769,-100.508226573636,6.30500000000001));
#9763=CARTESIAN_POINT('',(101.91793791294,-108.262910807487,6.305));
#9764=CARTESIAN_POINT('',(106.600798567298,-101.475792478496,6.30500000000001));
#9765=CARTESIAN_POINT('',(101.794640308335,-108.427308896413,6.305));
#9766=CARTESIAN_POINT('',(106.297831552731,-102.423007052743,6.30500000000001));
#9767=CARTESIAN_POINT('',(101.665334086825,-108.58626297984,6.305));
#9768=CARTESIAN_POINT('',(105.928690661778,-103.345386486949,6.30500000000001));
#9769=CARTESIAN_POINT('',(101.53021521393,-108.739644173613,6.305));
#9770=CARTESIAN_POINT('',(105.49578301861,-104.2381003786,6.30500000000001));
#9771=CARTESIAN_POINT('',(101.389480084212,-108.88731122578,6.305));
#9772=CARTESIAN_POINT('',(105.0012758722,-105.097616086325,6.30500000000001));
#9773=CARTESIAN_POINT('',(101.243349614825,-109.029108317946,6.305));
#9774=CARTESIAN_POINT('',(104.448166189511,-105.919327906522,6.30500000000001));
#9775=CARTESIAN_POINT('',(101.091989752304,-109.164931043819,6.305));
#9776=CARTESIAN_POINT('',(103.839288131062,-106.699643692357,6.30500000000001));
#9777=CARTESIAN_POINT('',(100.93557650114,-109.294653970369,6.305));
#9778=CARTESIAN_POINT('',(103.177354796377,-107.435412256715,6.30500000000001));
#9779=CARTESIAN_POINT('',(100.774303071155,-109.418137909302,6.305));
#9780=CARTESIAN_POINT('',(102.465674959262,-108.123087243092,6.305));
#9781=CARTESIAN_POINT('',(100.608352672995,-109.535250006027,6.305));
#9782=CARTESIAN_POINT('',(101.707560563021,-108.759533031765,6.305));
#9783=CARTESIAN_POINT('',(100.437905995139,-109.645857958321,6.305));
#9784=CARTESIAN_POINT('',(100.906555409291,-109.341737322501,6.305));
#9785=CARTESIAN_POINT('',(100.263120535693,-109.749840087499,6.305));
#9786=CARTESIAN_POINT('',(100.066229906427,-109.866972867945,6.305));
#9787=CARTESIAN_POINT('',(100.084188261608,-109.847046759379,6.305));
#9788=CARTESIAN_POINT('',(99.1900526733014,-110.332794482602,6.305));
#9789=CARTESIAN_POINT('',(99.9012753790073,-109.937347227083,6.305));
#9790=CARTESIAN_POINT('',(98.2825081321354,-110.736500558548,6.305));
#9791=CARTESIAN_POINT('',(99.714567768159,-110.020588592835,6.305));
#9792=CARTESIAN_POINT('',(97.3468851542744,-111.076191701628,6.305));
#9793=CARTESIAN_POINT('',(99.5242912857836,-110.096611098383,6.305));
#9794=CARTESIAN_POINT('',(96.388423268221,-111.349506573357,6.305));
#9795=CARTESIAN_POINT('',(99.3305900569008,-110.165284137058,6.305));
#9796=CARTESIAN_POINT('',(95.4113217883919,-111.554785189444,6.305));
#9797=CARTESIAN_POINT('',(99.1337082859658,-110.226433366793,6.305));
#9798=CARTESIAN_POINT('',(94.4196826169819,-111.69055590714,6.305));
#9799=CARTESIAN_POINT('',(98.9338738551016,-110.279907881496,6.305));
#9800=CARTESIAN_POINT('',(93.4197570364215,-111.755453009635,6.305));
#9801=CARTESIAN_POINT('',(98.7312908373248,-110.325554426626,6.305));
#9802=CARTESIAN_POINT('',(92.4155521388777,-111.748633491641,6.305));
#9803=CARTESIAN_POINT('',(98.5262391581738,-110.363213798234,6.305));
#9804=CARTESIAN_POINT('',(91.4131157949332,-111.669595473037,6.305));
#9805=CARTESIAN_POINT('',(98.3189572570243,-110.392741677181,6.305));
#9806=CARTESIAN_POINT('',(90.4178862960022,-111.518271043674,6.305));
#9807=CARTESIAN_POINT('',(98.1097297372703,-110.413990971771,6.305));
#9808=CARTESIAN_POINT('',(89.43520748719,-111.294981574438,6.305));
#9809=CARTESIAN_POINT('',(97.8988544031352,-110.426829164834,6.305));
#9810=CARTESIAN_POINT('',(88.4713077670015,-111.000782796357,6.305));
#9811=CARTESIAN_POINT('',(97.7120754184153,-110.430616,6.305));
#9812=CARTESIAN_POINT('',(87.5315907739646,-110.637019398732,6.305));
#9813=CARTESIAN_POINT('',(87.0202115946479,-110.430616,6.305));
#9814=CARTESIAN_POINT('Origin',(54.1807643950421,-110.384861363727,6.30499999999999));
#9815=CARTESIAN_POINT('',(53.6746162588845,-110.281427974777,6.30499999999999));
#9816=CARTESIAN_POINT('Origin',(53.7703594229,-110.309090383747,6.30499999999999));
#9817=CARTESIAN_POINT('',(53.2777334026667,-110.166759361151,6.30499999999999));
#9818=CARTESIAN_POINT('Origin',(53.3703193913075,-110.201648710796,6.30499999999999));
#9819=CARTESIAN_POINT('',(52.8935855761991,-110.022000223946,6.30499999999999));
#9820=CARTESIAN_POINT('Origin',(52.9825498703835,-110.063770002679,6.30499999999999));
#9821=CARTESIAN_POINT('',(52.5238183724999,-109.848390188337,6.30499999999999));
#9822=CARTESIAN_POINT('Origin',(52.6088176570787,-109.896736436282,6.30499999999999));
#9823=CARTESIAN_POINT('',(52.1699388325029,-109.64710910617,6.30499999999999));
#9824=CARTESIAN_POINT('Origin',(52.2506476303294,-109.701744057792,6.30499999999999));
#9825=CARTESIAN_POINT('',(51.8333830656027,-109.419281303776,6.30499999999999));
#9826=CARTESIAN_POINT('Origin',(51.9095174774371,-109.479962825816,6.30499999999999));
#9827=CARTESIAN_POINT('',(51.5155674653509,-109.165972269313,6.30499999999999));
#9828=CARTESIAN_POINT('Origin',(51.5868195979609,-109.232464415943,6.30499999999999));
#9829=CARTESIAN_POINT('',(51.2179267328198,-108.888215372702,6.30499999999999));
#9830=CARTESIAN_POINT('Origin',(51.283987134608,-108.9603091356,6.30499999999999));
#9831=CARTESIAN_POINT('',(50.9419621840671,-108.587046711787,6.30499999999999));
#9832=CARTESIAN_POINT('Origin',(51.0024626599415,-108.66449181785,6.30499999999999));
#9833=CARTESIAN_POINT('',(50.6892601935285,-108.263569380797,6.30499999999999));
#9834=CARTESIAN_POINT('Origin',(50.7438048716104,-108.346084979265,6.30499999999999));
#9835=CARTESIAN_POINT('',(50.4614776029837,-107.918978167863,6.30499999999999));
#9836=CARTESIAN_POINT('Origin',(50.509635269042,-108.006213367549,6.30499999999999));
#9837=CARTESIAN_POINT('',(50.2603453911303,-107.554637241475,6.30499999999999));
#9838=CARTESIAN_POINT('Origin',(50.3016611149247,-107.646135531795,6.30499999999999));
#9839=CARTESIAN_POINT('',(50.0981015393319,-107.195330089349,6.30499999999999));
#9840=CARTESIAN_POINT('Origin',(50.1250022032793,-107.266013296381,6.30499999999999));
#9841=CARTESIAN_POINT('',(50.0140323274123,-106.974432883141,6.30499999999999));
#9842=CARTESIAN_POINT('Origin',(50.0301158105755,-107.022460719122,6.30499999999999));
#9843=CARTESIAN_POINT('',(49.9546949825569,-106.797242144211,6.30499999999999));
#9844=CARTESIAN_POINT('Origin',(102.661892152829,-106.773157249375,6.30500000000001));
#9845=CARTESIAN_POINT('',(102.59450846364,-106.974392808913,6.30500000000001));
#9846=CARTESIAN_POINT('',(102.653835844749,-106.797216716641,6.30500000000001));
#9847=CARTESIAN_POINT('Origin',(102.612531252666,-106.927035573866,6.30500000000001));
#9848=CARTESIAN_POINT('',(102.519370282038,-107.171828207071,6.30500000000001));
#9849=CARTESIAN_POINT('Origin',(102.539225311145,-107.125391033481,6.30500000000001));
#9850=CARTESIAN_POINT('',(102.436702809576,-107.365171855587,6.30500000000001));
#9851=CARTESIAN_POINT('Origin',(102.458345215682,-107.319710913621,6.30500000000001));
#9852=CARTESIAN_POINT('',(102.346704861116,-107.554216987263,6.30500000000001));
#9853=CARTESIAN_POINT('Origin',(102.370078642254,-107.509805088767,6.305));
#9854=CARTESIAN_POINT('',(102.249608791765,-107.738706640472,6.30500000000001));
#9855=CARTESIAN_POINT('Origin',(102.274632908542,-107.695447403882,6.30500000000001));
#9856=CARTESIAN_POINT('',(102.1456430152,-107.918432469193,6.30500000000001));
#9857=CARTESIAN_POINT('Origin',(102.172274399864,-107.876355011183,6.30500000000001));
#9858=CARTESIAN_POINT('',(102.035010551437,-108.093231222888,6.30500000000001));
#9859=CARTESIAN_POINT('Origin',(102.063188243414,-108.052391799338,6.30500000000001));
#9860=CARTESIAN_POINT('',(101.91793791294,-108.262910807486,6.30500000000001));
#9861=CARTESIAN_POINT('Origin',(101.947596207769,-108.223366105816,6.30500000000001));
#9862=CARTESIAN_POINT('',(101.794640308335,-108.427308896413,6.30500000000001));
#9863=CARTESIAN_POINT('Origin',(101.825731629563,-108.389088829268,6.30500000000001));
#9864=CARTESIAN_POINT('',(101.665334086826,-108.58626297984,6.30500000000001));
#9865=CARTESIAN_POINT('Origin',(101.697789580637,-108.54942088459,6.30500000000001));
#9866=CARTESIAN_POINT('',(101.530215213931,-108.739644173613,6.30500000000001));
#9867=CARTESIAN_POINT('Origin',(101.564012792976,-108.704181891537,6.30500000000001));
#9868=CARTESIAN_POINT('',(101.389480084212,-108.88731122578,6.30500000000001));
#9869=CARTESIAN_POINT('Origin',(101.424542683416,-108.85328837872,6.30500000000001));
#9870=CARTESIAN_POINT('',(101.243349614825,-109.029108317946,6.30500000000001));
#9871=CARTESIAN_POINT('Origin',(101.279637723742,-108.99654519462,6.30500000000001));
#9872=CARTESIAN_POINT('',(101.091989752304,-109.16493104382,6.305));
#9873=CARTESIAN_POINT('Origin',(101.129480030462,-109.133838098922,6.305));
#9874=CARTESIAN_POINT('',(100.93557650114,-109.294653970369,6.305));
#9875=CARTESIAN_POINT('Origin',(100.974216150298,-109.265068340067,6.30500000000001));
#9876=CARTESIAN_POINT('',(100.774303071155,-109.418137909302,6.30500000000001));
#9877=CARTESIAN_POINT('Origin',(100.814053360252,-109.390085914529,6.30500000000001));
#9878=CARTESIAN_POINT('',(100.608352672996,-109.535250006027,6.30500000000001));
#9879=CARTESIAN_POINT('Origin',(100.649170402487,-109.508762159311,6.305));
#9880=CARTESIAN_POINT('',(100.43790599514,-109.64585795832,6.30500000000001));
#9881=CARTESIAN_POINT('Origin',(100.479756240967,-109.620960706103,6.30500000000001));
#9882=CARTESIAN_POINT('',(100.263120535692,-109.7498400875,6.30500000000001));
#9883=CARTESIAN_POINT('Origin',(100.305981641103,-109.726555381421,6.30500000000001));
#9884=CARTESIAN_POINT('',(100.084188261608,-109.847046759379,6.30500000000001));
#9885=CARTESIAN_POINT('Origin',(100.127990610928,-109.825422406987,6.305));
#9886=CARTESIAN_POINT('',(99.9012753790069,-109.937347227084,6.305));
#9887=CARTESIAN_POINT('Origin',(99.9460249875559,-109.917396146806,6.305));
#9888=CARTESIAN_POINT('',(99.7145677681592,-110.020588592835,6.305));
#9889=CARTESIAN_POINT('Origin',(99.7601694313234,-110.002369038597,6.305));
#9890=CARTESIAN_POINT('',(99.5242912857834,-110.096611098383,6.305));
#9891=CARTESIAN_POINT('Origin',(99.5707185212781,-110.080151216548,6.305));
#9892=CARTESIAN_POINT('',(99.3305900569009,-110.165284137058,6.305));
#9893=CARTESIAN_POINT('Origin',(99.3778242627748,-110.150613732111,6.305));
#9894=CARTESIAN_POINT('',(99.1337082859655,-110.226433366793,6.305));
#9895=CARTESIAN_POINT('Origin',(99.1816221073188,-110.213611910884,6.305));
#9896=CARTESIAN_POINT('',(98.933873855102,-110.279907881496,6.305));
#9897=CARTESIAN_POINT('Origin',(98.9824702374084,-110.268958015202,6.305));
#9898=CARTESIAN_POINT('',(98.7312908373245,-110.325554426626,6.305));
#9899=CARTESIAN_POINT('Origin',(98.780459782125,-110.316524158883,6.305));
#9900=CARTESIAN_POINT('',(98.5262391581733,-110.363213798234,6.305));
#9901=CARTESIAN_POINT('Origin',(98.5759107892026,-110.356137937293,6.305));
#9902=CARTESIAN_POINT('',(98.3189572570244,-110.392741677181,6.305));
#9903=CARTESIAN_POINT('Origin',(98.3690651505755,-110.387652684143,6.305));
#9904=CARTESIAN_POINT('',(98.1097297372714,-110.413990971771,6.305));
#9905=CARTESIAN_POINT('Origin',(98.1601535369442,-110.410921146285,6.305));
#9906=CARTESIAN_POINT('',(97.8988544031347,-110.426829164834,6.305));
#9907=CARTESIAN_POINT('Origin',(97.949518175947,-110.425801986339,6.305));
#9908=CARTESIAN_POINT('',(97.7120754184163,-110.430616,6.305));
#9909=CARTESIAN_POINT('Origin',(116.014827914555,-64.0169750213267,6.30500000000002));
#9910=CARTESIAN_POINT('',(115.950732158359,-64.2370756907725,6.30500000000002));
#9911=CARTESIAN_POINT('',(116.001132819784,-64.0640030884907,6.30500000000002));
#9912=CARTESIAN_POINT('Origin',(115.957980131472,-64.2138766862425,6.30500000000002));
#9913=CARTESIAN_POINT('Origin',(116.062285710733,-63.8185731712162,6.30500000000002));
#9914=CARTESIAN_POINT('',(116.050483507548,-63.8659399220982,6.30500000000002));
#9915=CARTESIAN_POINT('Origin',(116.10180299681,-63.619299490768,6.30500000000002));
#9916=CARTESIAN_POINT('',(116.09188482565,-63.666966021515,6.30500000000002));
#9917=CARTESIAN_POINT('Origin',(116.133395922747,-63.4195069356012,6.30500000000002));
#9918=CARTESIAN_POINT('',(116.125370246612,-63.4673502020776,6.30500000000002));
#9919=CARTESIAN_POINT('Origin',(116.15712471767,-63.2194448338635,6.30500000000002));
#9920=CARTESIAN_POINT('',(116.150982764603,-63.2673947157564,6.30500000000002));
#9921=CARTESIAN_POINT('Origin',(116.173047262104,-63.0193743922066,6.30500000000002));
#9922=CARTESIAN_POINT('',(116.168778850292,-63.0673543146419,6.30500000000002));
#9923=CARTESIAN_POINT('Origin',(116.181227783893,-62.8195665969639,6.30500000000002));
#9924=CARTESIAN_POINT('',(116.178819816161,-62.8674955881309,6.30500000000002));
#9925=CARTESIAN_POINT('Origin',(116.181740680934,-62.6202124082834,6.30500000000002));
#9926=CARTESIAN_POINT('',(116.181175650136,-62.6680484511044,6.30500000000002));
#9927=CARTESIAN_POINT('Origin',(116.174653206774,-62.4215625967466,6.30500000000002));
#9928=CARTESIAN_POINT('',(116.175914693449,-62.4692347042311,6.30500000000002));
#9929=CARTESIAN_POINT('Origin',(116.16004290125,-62.2238907005151,6.30500000000002));
#9930=CARTESIAN_POINT('',(116.163110973499,-62.2713165437862,6.30500000000002));
#9931=CARTESIAN_POINT('Origin',(116.137982837501,-62.0273045392906,6.30500000000002));
#9932=CARTESIAN_POINT('',(116.142841238512,-62.0744830554119,6.30500000000002));
#9933=CARTESIAN_POINT('Origin',(116.108543396356,-61.8320752653376,6.30500000000002));
#9934=CARTESIAN_POINT('',(116.115172153567,-61.8789255126276,6.30500000000002));
#9935=CARTESIAN_POINT('Origin',(116.07180024797,-61.6383999220601,6.30500000000002));
#9936=CARTESIAN_POINT('',(116.080181290602,-61.6848782863563,6.30500000000002));
#9937=CARTESIAN_POINT('Origin',(116.027818648898,-61.4464479315239,6.30500000000002));
#9938=CARTESIAN_POINT('',(116.037937220269,-61.4925222792623,6.30500000000002));
#9939=CARTESIAN_POINT('Origin',(115.976669319275,-61.2564378400043,6.30500000000002));
#9940=CARTESIAN_POINT('',(115.988507520627,-61.3020541428762,6.30500000000002));
#9941=CARTESIAN_POINT('Origin',(115.918412216578,-61.0685356106851,6.30500000000002));
#9942=CARTESIAN_POINT('',(115.931958867939,-61.113665511823,6.30500000000002));
#9943=CARTESIAN_POINT('Origin',(115.853113965852,-60.8829543333422,6.30500000000002));
#9944=CARTESIAN_POINT('',(115.868352609731,-60.9275447303719,6.30500000000002));
#9945=CARTESIAN_POINT('Origin',(115.780820267714,-60.6998406653313,6.30500000000003));
#9946=CARTESIAN_POINT('',(115.79774684494,-60.7438729664518,6.30500000000002));
#9947=CARTESIAN_POINT('Origin',(115.701616912602,-60.5194705930716,6.30500000000002));
#9948=CARTESIAN_POINT('',(115.720205044944,-60.5628620832437,6.30500000000002));
#9949=CARTESIAN_POINT('Origin',(115.615530363534,-60.3419491548863,6.30500000000002));
#9950=CARTESIAN_POINT('',(115.635787231752,-60.3847006972566,6.30500000000002));
#9951=CARTESIAN_POINT('Origin',(115.522628473868,-60.167519765204,6.30500000000002));
#9952=CARTESIAN_POINT('',(115.544535465525,-60.2095649498235,6.30500000000002));
#9953=CARTESIAN_POINT('Origin',(115.422996060127,-59.996431182973,6.30500000000002));
#9954=CARTESIAN_POINT('',(115.446530083421,-60.0377008849049,6.30500000000002));
#9955=CARTESIAN_POINT('Origin',(115.316651539006,-59.8288089768734,6.30500000000002));
#9956=CARTESIAN_POINT('',(115.341822817017,-59.8692935412396,6.30500000000002));
#9957=CARTESIAN_POINT('Origin',(115.203707679126,-59.6649614969764,6.30500000000002));
#9958=CARTESIAN_POINT('',(115.230475551418,-59.704562761179,6.30500000000002));
#9959=CARTESIAN_POINT('Origin',(115.084206717705,-59.5050540484393,6.30500000000002));
#9960=CARTESIAN_POINT('',(115.112571590837,-59.5437433521128,6.30500000000002));
#9961=CARTESIAN_POINT('Origin',(114.958240675833,-59.3493434155494,6.30500000000002));
#9962=CARTESIAN_POINT('',(114.988172991026,-59.3870470744336,6.30500000000002));
#9963=CARTESIAN_POINT('Origin',(114.82591453475,-59.198082963813,6.30500000000002));
#9964=CARTESIAN_POINT('',(114.857380939784,-59.2347283342804,6.30500000000002));
#9965=CARTESIAN_POINT('Origin',(114.687297341942,-59.051475449401,6.30500000000002));
#9966=CARTESIAN_POINT('',(114.720283436069,-59.0870156013394,6.30500000000002));
#9967=CARTESIAN_POINT('Origin',(114.542535664099,-58.9098117434205,6.30500000000002));
#9968=CARTESIAN_POINT('',(114.576985343779,-58.9441560059438,6.30500000000002));
#9969=CARTESIAN_POINT('Origin',(114.391775297666,-58.7733521652207,6.30500000000002));
#9970=CARTESIAN_POINT('',(114.42763600502,-58.8064235167787,6.30500000000002));
#9971=CARTESIAN_POINT('Origin',(114.235101436374,-58.6422909677263,6.30500000000002));
#9972=CARTESIAN_POINT('',(114.272350443968,-58.6740451332726,6.30500000000002));
#9973=CARTESIAN_POINT('Origin',(114.111112777055,-58.547146449631,6.30500000000002));
#9974=CARTESIAN_POINT('',(114.130468408816,-58.5623798888048,6.30500000000002));
#9975=CARTESIAN_POINT('Origin',(79.2292835748861,-32.1972403285752,6.30500000000002));
#9976=CARTESIAN_POINT('',(79.4258268459819,-32.3394643714152,6.30500000000002));
#9977=CARTESIAN_POINT('',(79.2712181749383,-32.2275853427852,6.30500000000002));
#9978=CARTESIAN_POINT('Origin',(79.4052123032093,-32.3238879704149,6.30500000000002));
#9979=CARTESIAN_POINT('Origin',(79.0054699897814,-32.0515686915013,6.30500000000002));
#9980=CARTESIAN_POINT('',(79.0698847304338,-32.0942333928097,6.30500000000002));
#9981=CARTESIAN_POINT('Origin',(78.63223127785,-31.8417789451724,6.30500000000002));
#9982=CARTESIAN_POINT('',(78.7210683002749,-31.8930233745117,6.30500000000002));
#9983=CARTESIAN_POINT('Origin',(78.2447691127407,-31.6680845530093,6.30500000000002));
#9984=CARTESIAN_POINT('',(78.3367897811356,-31.7115425752868,6.30500000000002));
#9985=CARTESIAN_POINT('Origin',(77.8476215605689,-31.5275047116154,6.30500000000002));
#9986=CARTESIAN_POINT('',(77.9421244645396,-31.5630591728953,6.30500000000002));
#9987=CARTESIAN_POINT('Origin',(77.4430178403408,-31.4200180092405,6.30500000000002));
#9988=CARTESIAN_POINT('',(77.5394269678337,-31.4476483253191,6.30500000000002));
#9989=CARTESIAN_POINT('Origin',(77.0331118835371,-31.3455802984322,6.30500000000002));
#9990=CARTESIAN_POINT('',(77.1308826236117,-31.3652898959461,6.30500000000002));
#9991=CARTESIAN_POINT('Origin',(76.6198318541255,-31.3040948660788,6.30500000000002));
#9992=CARTESIAN_POINT('',(76.7185336692603,-31.3159137711382,6.30500000000002));
#9993=CARTESIAN_POINT('Origin',(76.2050984891815,-31.2955235656984,6.30500000000002));
#9994=CARTESIAN_POINT('',(76.3043037700342,-31.2994633347984,6.30500000000002));
#9995=CARTESIAN_POINT('Origin',(75.7907480907595,-31.3198584202137,6.30500000000002));
#9996=CARTESIAN_POINT('',(75.8900757903324,-31.3159137711744,6.30500000000002));
#9997=CARTESIAN_POINT('Origin',(75.3786952219533,-31.377148007011,6.30500000000002));
#9998=CARTESIAN_POINT('',(75.4777260514662,-31.3652897598572,6.30500000000002));
#9999=CARTESIAN_POINT('Origin',(74.9708684280185,-31.4674671571784,6.30500000000002));
#10000=CARTESIAN_POINT('',(75.0691810321661,-31.4476483253192,6.30500000000002));
#10001=CARTESIAN_POINT('Origin',(74.569417294629,-31.5908778139771,6.30500000000002));
#10002=CARTESIAN_POINT('',(74.666481599651,-31.5630597276874,6.30500000000002));
#10003=CARTESIAN_POINT('Origin',(74.1765754636701,-31.7473761138968,6.30500000000002));
#10004=CARTESIAN_POINT('',(74.2718196658867,-31.7115425819799,6.30500000000002));
#10005=CARTESIAN_POINT('Origin',(73.7948036720985,-31.9368187959837,6.30500000000002));
#10006=CARTESIAN_POINT('',(73.8875417987681,-31.8930221637072,6.30500000000002));
#10007=CARTESIAN_POINT('Origin',(73.4717862188727,-32.1328451210151,6.30500000000002));
#10008=CARTESIAN_POINT('',(73.5387179480864,-32.094236462433,6.30500000000002));
#10009=CARTESIAN_POINT('Origin',(73.2942364062677,-32.2561690122993,6.30500000000002));
#10010=CARTESIAN_POINT('',(73.337385850716,-32.2275889423567,6.30500000000002));
#10011=CARTESIAN_POINT('Origin',(73.1618503921896,-32.3546111621164,6.30500000000002));
#10012=CARTESIAN_POINT('',(73.1827823085996,-32.3394642595559,6.30500000000001));
#10013=CARTESIAN_POINT('Origin',(36.9262724481764,-60.4673277359812,6.305));
#10014=CARTESIAN_POINT('',(37.1609052354449,-60.0370337643799,6.305));
#10015=CARTESIAN_POINT('',(36.9715959825251,-60.3842087319028,6.305));
#10016=CARTESIAN_POINT('Origin',(37.1091546838994,-60.1168422047068,6.305));
#10017=CARTESIAN_POINT('',(37.3770390862942,-59.703717403047,6.305));
#10018=CARTESIAN_POINT('Origin',(36.770805639666,-60.8296240297296,6.305));
#10019=CARTESIAN_POINT('',(36.8095960936051,-60.743574763873,6.305));
#10020=CARTESIAN_POINT('Origin',(36.6432174723014,-61.2021612557422,6.305));
#10021=CARTESIAN_POINT('',(36.6753729693268,-61.1135316201577,6.305));
#10022=CARTESIAN_POINT('Origin',(36.5439828665315,-61.5834338396725,6.305));
#10023=CARTESIAN_POINT('',(36.5693980802573,-61.4925391293013,6.305));
#10024=CARTESIAN_POINT('Origin',(36.4736323256486,-61.971906474498,6.305));
#10025=CARTESIAN_POINT('',(36.4921773787462,-61.8790769144301,6.305));
#10026=CARTESIAN_POINT('Origin',(36.4416152164158,-63.1639993483733,6.305));
#10027=CARTESIAN_POINT('',(36.4386236343389,-63.0677238697004,6.305));
#10028=CARTESIAN_POINT('',(36.4262142023267,-62.668361934671,6.305));
#10029=CARTESIAN_POINT('Origin',(36.4218668578726,-62.7639497444605,6.305));
#10030=CARTESIAN_POINT('',(36.4442608092681,-62.2715597834097,6.305));
#10031=CARTESIAN_POINT('Origin',(36.4327371710391,-62.365949482891,6.305));
#10032=CARTESIAN_POINT('Origin',(36.6634072419371,-64.2607978852069,6.305));
#10033=CARTESIAN_POINT('',(36.6506704782092,-64.2136282587203,6.30499999999999));
#10034=CARTESIAN_POINT('',(36.5568892742323,-63.866316770689,6.305));
#10035=CARTESIAN_POINT('Origin',(36.5749131109588,-63.9622796960931,6.305));
#10036=CARTESIAN_POINT('',(36.4820266302528,-63.4677313624455,6.305));
#10037=CARTESIAN_POINT('Origin',(97.7374158368328,-110.430616,6.305));
#10038=CARTESIAN_POINT('Origin',(49.9622724256307,-106.821496076545,6.30499999999999));
#10039=CARTESIAN_POINT('Origin',(37.3189855864371,-59.7797988747351,6.305));
#10040=CARTESIAN_POINT('',(37.6194461412683,-59.3860331026111,6.305));
#10041=CARTESIAN_POINT('Origin',(37.5552729601726,-59.4579087618367,6.305));
#10042=CARTESIAN_POINT('',(37.8874665528521,-59.0858431566002,6.305));
#10043=CARTESIAN_POINT('Origin',(37.8174125869565,-59.153008749824,6.305));
#10044=CARTESIAN_POINT('',(38.180259461252,-58.8051222990014,6.305));
#10045=CARTESIAN_POINT('Origin',(38.1047033568343,-58.8670077900505,6.305));
#10046=CARTESIAN_POINT('',(38.4586998525275,-58.5770610394278,6.305));
#10047=CARTESIAN_POINT('Origin',(36.492492156105,-63.5641829706413,6.305));
#10048=CARTESIAN_POINT('Origin',(38.4196177893616,-58.6065915364818,6.305));
#10049=CARTESIAN_POINT('Origin',(57.2,-99.95,-8.585));
#10050=CARTESIAN_POINT('',(57.2,-99.55,-8.585));
#10051=CARTESIAN_POINT('',(57.2,-105.43,-8.585));
#10052=CARTESIAN_POINT('Origin',(56.8,-105.43,-8.585));
#10053=CARTESIAN_POINT('',(53.86,-105.43,-8.585));
#10054=CARTESIAN_POINT('Origin',(54.26,-99.55,-8.585));
#10055=CARTESIAN_POINT('',(53.86,-99.55,-8.585));
#10056=CARTESIAN_POINT('Origin',(53.86,-105.03,-8.585));
#10057=CARTESIAN_POINT('Origin',(100.05,-66.25,0.));
#10058=CARTESIAN_POINT('',(98.45,-66.25,0.));
#10059=CARTESIAN_POINT('Origin',(51.93,-66.13,0.));
#10060=CARTESIAN_POINT('',(50.33,-66.13,0.));
#10061=CARTESIAN_POINT('Origin',(99.2320516746485,-112.775398853252,6.305));
#10062=CARTESIAN_POINT('',(99.2320516746485,-112.775398853252,6.305));
#10063=CARTESIAN_POINT('',(98.9284833163467,-112.831151596468,6.305));
#10064=CARTESIAN_POINT('Origin',(99.531999710204,-112.707813762992,6.305));
#10065=CARTESIAN_POINT('',(99.531999710204,-112.707813762992,6.305));
#10066=CARTESIAN_POINT('Origin',(99.8278695719318,-112.628640733586,6.305));
#10067=CARTESIAN_POINT('',(99.8278695719318,-112.628640733586,6.305));
#10068=CARTESIAN_POINT('Origin',(100.119353113801,-112.538109274116,6.305));
#10069=CARTESIAN_POINT('',(100.119353113801,-112.538109274116,6.305));
#10070=CARTESIAN_POINT('Origin',(100.406098571568,-112.436449196766,6.305));
#10071=CARTESIAN_POINT('',(100.406098571568,-112.436449196766,6.305));
#10072=CARTESIAN_POINT('Origin',(100.687719536318,-112.32393118567,6.305));
#10073=CARTESIAN_POINT('',(100.687719536318,-112.32393118567,6.305));
#10074=CARTESIAN_POINT('Origin',(100.964027758014,-112.200742454167,6.305));
#10075=CARTESIAN_POINT('',(100.964027758014,-112.200742454167,6.305));
#10076=CARTESIAN_POINT('Origin',(101.234676523215,-112.067128518757,6.305));
#10077=CARTESIAN_POINT('',(101.234676523215,-112.067128518757,6.305));
#10078=CARTESIAN_POINT('Origin',(101.499394071385,-111.923318174999,6.305));
#10079=CARTESIAN_POINT('',(101.499394071385,-111.923318174999,6.305));
#10080=CARTESIAN_POINT('Origin',(101.75794999028,-111.769499916641,6.305));
#10081=CARTESIAN_POINT('',(101.75794999028,-111.769499916641,6.305));
#10082=CARTESIAN_POINT('Origin',(102.010063345991,-111.605896012054,6.305));
#10083=CARTESIAN_POINT('',(102.010063345991,-111.605896012054,6.305));
#10084=CARTESIAN_POINT('Origin',(102.255520142309,-111.432675818604,6.305));
#10085=CARTESIAN_POINT('',(102.255520142309,-111.432675818604,6.305));
#10086=CARTESIAN_POINT('Origin',(102.49406200228,-111.250028940737,6.305));
#10087=CARTESIAN_POINT('',(102.49406200228,-111.250028940737,6.305));
#10088=CARTESIAN_POINT('Origin',(102.725424504607,-111.05814608764,6.305));
#10089=CARTESIAN_POINT('',(102.725424504607,-111.05814608764,6.305));
#10090=CARTESIAN_POINT('Origin',(102.94932322965,-110.857230635891,6.30500000000001));
#10091=CARTESIAN_POINT('',(102.94932322965,-110.857230635891,6.305));
#10092=CARTESIAN_POINT('Origin',(103.165507168425,-110.64745745156,6.305));
#10093=CARTESIAN_POINT('',(103.165507168425,-110.64745745156,6.305));
#10094=CARTESIAN_POINT('Origin',(103.373746427861,-110.428961347226,6.305));
#10095=CARTESIAN_POINT('',(103.373746427861,-110.428961347226,6.305));
#10096=CARTESIAN_POINT('Origin',(103.573703173651,-110.201978959679,6.305));
#10097=CARTESIAN_POINT('',(103.573703173651,-110.201978959679,6.305));
#10098=CARTESIAN_POINT('Origin',(103.76508461667,-109.966716792826,6.30500000000001));
#10099=CARTESIAN_POINT('',(103.76508461667,-109.966716792826,6.30500000000001));
#10100=CARTESIAN_POINT('Origin',(103.94760182588,-109.723358614972,6.305));
#10101=CARTESIAN_POINT('',(103.94760182588,-109.723358614972,6.30500000000001));
#10102=CARTESIAN_POINT('Origin',(104.120924102874,-109.472153445775,6.30500000000001));
#10103=CARTESIAN_POINT('',(104.120924102874,-109.472153445775,6.30500000000001));
#10104=CARTESIAN_POINT('Origin',(104.284723030399,-109.213351938386,6.30500000000001));
#10105=CARTESIAN_POINT('',(104.284723030399,-109.213351938386,6.30500000000001));
#10106=CARTESIAN_POINT('Origin',(104.438647583532,-108.947262280942,6.305));
#10107=CARTESIAN_POINT('',(104.438647583532,-108.947262280942,6.30500000000001));
#10108=CARTESIAN_POINT('Origin',(104.582392722232,-108.674135974526,6.305));
#10109=CARTESIAN_POINT('',(104.582392722232,-108.674135974526,6.30500000000001));
#10110=CARTESIAN_POINT('Origin',(104.715605619152,-108.394315711174,6.30500000000001));
#10111=CARTESIAN_POINT('',(104.715605619152,-108.394315711174,6.30500000000001));
#10112=CARTESIAN_POINT('Origin',(104.837922564076,-108.108239414142,6.30500000000001));
#10113=CARTESIAN_POINT('',(104.837922564076,-108.108239414142,6.30500000000001));
#10114=CARTESIAN_POINT('Origin',(104.94904692728,-107.816245617827,6.30500000000001));
#10115=CARTESIAN_POINT('',(104.94904692728,-107.816245617827,6.30500000000001));
#10116=CARTESIAN_POINT('Origin',(105.032519689496,-107.566961433285,6.30500000000001));
#10117=CARTESIAN_POINT('',(105.032519689496,-107.566961433285,6.30500000000001));
#10118=CARTESIAN_POINT('Origin',(118.344230316712,-64.9594033815652,6.30500000000002));
#10119=CARTESIAN_POINT('',(118.344230316712,-64.9594033815652,6.30500000000002));
#10120=CARTESIAN_POINT('Origin',(118.415121639567,-64.7159671769812,6.30500000000002));
#10121=CARTESIAN_POINT('',(118.415121639567,-64.7159671769812,6.30500000000002));
#10122=CARTESIAN_POINT('Origin',(118.488117015096,-64.4230088441959,6.30500000000002));
#10123=CARTESIAN_POINT('',(118.488117015096,-64.4230088441959,6.30500000000002));
#10124=CARTESIAN_POINT('Origin',(118.5493806513,-64.1285770430311,6.30500000000002));
#10125=CARTESIAN_POINT('',(118.5493806513,-64.1285770430311,6.30500000000002));
#10126=CARTESIAN_POINT('Origin',(118.598946493224,-63.8331014041541,6.30500000000002));
#10127=CARTESIAN_POINT('',(118.598946493224,-63.8331014041541,6.30500000000002));
#10128=CARTESIAN_POINT('Origin',(118.636864529205,-63.5370774315139,6.30500000000002));
#10129=CARTESIAN_POINT('',(118.636864529205,-63.5370774315139,6.30500000000002));
#10130=CARTESIAN_POINT('Origin',(118.663212700584,-63.2409056292826,6.30500000000002));
#10131=CARTESIAN_POINT('',(118.663212700584,-63.2409056292826,6.30500000000002));
#10132=CARTESIAN_POINT('Origin',(118.678078632322,-62.9450091762627,6.30500000000002));
#10133=CARTESIAN_POINT('',(118.678078632322,-62.9450091762627,6.30500000000002));
#10134=CARTESIAN_POINT('Origin',(118.681566300273,-62.6497399022093,6.30500000000002));
#10135=CARTESIAN_POINT('',(118.681566300273,-62.6497399022093,6.30500000000002));
#10136=CARTESIAN_POINT('Origin',(118.673778386899,-62.355431408461,6.30500000000002));
#10137=CARTESIAN_POINT('',(118.673778386899,-62.355431408461,6.30500000000002));
#10138=CARTESIAN_POINT('Origin',(118.654827946998,-62.0624980875736,6.30500000000002));
#10139=CARTESIAN_POINT('',(118.654827946998,-62.0624980875736,6.30500000000002));
#10140=CARTESIAN_POINT('Origin',(118.624831477024,-61.7712111108229,6.30500000000002));
#10141=CARTESIAN_POINT('',(118.624831477024,-61.7712111108229,6.30500000000002));
#10142=CARTESIAN_POINT('Origin',(118.583889307134,-61.4818430252568,6.30500000000002));
#10143=CARTESIAN_POINT('',(118.583889307134,-61.4818430252568,6.30500000000002));
#10144=CARTESIAN_POINT('Origin',(118.532120581203,-61.194751572712,6.30500000000002));
#10145=CARTESIAN_POINT('',(118.532120581203,-61.194751572712,6.30500000000002));
#10146=CARTESIAN_POINT('Origin',(118.469627440538,-60.9101925585236,6.30500000000003));
#10147=CARTESIAN_POINT('',(118.469627440538,-60.9101925585236,6.30500000000002));
#10148=CARTESIAN_POINT('Origin',(118.396510041255,-60.6284482857538,6.30500000000002));
#10149=CARTESIAN_POINT('',(118.396510041255,-60.6284482857538,6.30500000000002));
#10150=CARTESIAN_POINT('Origin',(118.312865735878,-60.3497920236451,6.30500000000002));
#10151=CARTESIAN_POINT('',(118.312865735878,-60.3497920236451,6.30500000000002));
#10152=CARTESIAN_POINT('Origin',(118.218783219463,-60.0744934607455,6.30500000000003));
#10153=CARTESIAN_POINT('',(118.218783219463,-60.0744934607455,6.30500000000002));
#10154=CARTESIAN_POINT('Origin',(118.114342689879,-59.8028049329033,6.30500000000003));
#10155=CARTESIAN_POINT('',(118.114342689879,-59.8028049329033,6.30500000000002));
#10156=CARTESIAN_POINT('Origin',(117.999637089889,-59.5350401664878,6.30500000000002));
#10157=CARTESIAN_POINT('',(117.999637089889,-59.5350401664878,6.30500000000002));
#10158=CARTESIAN_POINT('Origin',(117.874749463504,-59.2714683945124,6.30500000000002));
#10159=CARTESIAN_POINT('',(117.874749463504,-59.2714683945124,6.30500000000002));
#10160=CARTESIAN_POINT('Origin',(117.739730931051,-59.0123328996475,6.30500000000002));
#10161=CARTESIAN_POINT('',(117.739730931051,-59.0123328996475,6.30500000000002));
#10162=CARTESIAN_POINT('Origin',(117.594706166842,-58.7580147698095,6.30500000000002));
#10163=CARTESIAN_POINT('',(117.594706166842,-58.7580147698095,6.30500000000002));
#10164=CARTESIAN_POINT('Origin',(117.439742634033,-58.5087770824797,6.30500000000002));
#10165=CARTESIAN_POINT('',(117.439742634033,-58.5087770824797,6.30500000000002));
#10166=CARTESIAN_POINT('Origin',(117.274931102836,-58.2649495223568,6.30500000000002));
#10167=CARTESIAN_POINT('',(117.274931102836,-58.2649495223568,6.30500000000002));
#10168=CARTESIAN_POINT('Origin',(117.100400181674,-58.0268917042266,6.30500000000003));
#10169=CARTESIAN_POINT('',(117.100400181674,-58.0268917042266,6.30500000000002));
#10170=CARTESIAN_POINT('Origin',(116.916240982051,-57.7949191488668,6.30500000000002));
#10171=CARTESIAN_POINT('',(116.916240982051,-57.7949191488668,6.30500000000002));
#10172=CARTESIAN_POINT('Origin',(116.722620879568,-57.5694316685608,6.30500000000002));
#10173=CARTESIAN_POINT('',(116.722620879568,-57.5694316685608,6.30500000000002));
#10174=CARTESIAN_POINT('Origin',(116.519678872137,-57.3507762026784,6.30500000000002));
#10175=CARTESIAN_POINT('',(116.519678872137,-57.3507762026784,6.30500000000002));
#10176=CARTESIAN_POINT('Origin',(116.307591687559,-57.1393380118875,6.30500000000002));
#10177=CARTESIAN_POINT('',(116.307591687559,-57.1393380118875,6.30500000000002));
#10178=CARTESIAN_POINT('Origin',(116.086622010039,-56.9355560335571,6.30500000000002));
#10179=CARTESIAN_POINT('',(116.086622010039,-56.9355560335571,6.30500000000002));
#10180=CARTESIAN_POINT('Origin',(115.856963887937,-56.7397762665455,6.30500000000003));
#10181=CARTESIAN_POINT('',(115.856963887937,-56.7397762665455,-10.49));
#10182=CARTESIAN_POINT('Origin',(115.657262817631,-56.5826057776094,6.30500000000003));
#10183=CARTESIAN_POINT('',(115.657262817631,-56.5826057776094,6.30500000000002));
#10184=CARTESIAN_POINT('Origin',(80.9123546919654,-30.3292647428317,6.30500000000002));
#10185=CARTESIAN_POINT('',(80.9123546919654,-30.3292647428317,6.30500000000002));
#10186=CARTESIAN_POINT('Origin',(80.6948793498763,-30.1718936855703,6.30500000000003));
#10187=CARTESIAN_POINT('',(80.6948793498763,-30.1718936855703,6.30500000000002));
#10188=CARTESIAN_POINT('Origin',(80.3859764608675,-29.9672937856193,6.30500000000003));
#10189=CARTESIAN_POINT('',(80.3859764608675,-29.9672937856193,6.30500000000002));
#10190=CARTESIAN_POINT('Origin',(79.8813966005497,-29.6762337490233,6.30500000000002));
#10191=CARTESIAN_POINT('',(79.8813966005497,-29.6762337490233,6.30500000000002));
#10192=CARTESIAN_POINT('Origin',(79.3123615622715,-29.4074991505738,6.30500000000002));
#10193=CARTESIAN_POINT('',(79.3123615622715,-29.4074991505738,6.30500000000002));
#10194=CARTESIAN_POINT('Origin',(78.7279449290791,-29.1876263457906,6.30500000000002));
#10195=CARTESIAN_POINT('',(78.7279449290791,-29.1876263457906,6.30500000000002));
#10196=CARTESIAN_POINT('Origin',(78.1317759356677,-29.0167676506383,6.30500000000002));
#10197=CARTESIAN_POINT('',(78.1317759356677,-29.0167676506383,6.30500000000002));
#10198=CARTESIAN_POINT('Origin',(77.5271482472233,-28.8948807918921,6.30500000000002));
#10199=CARTESIAN_POINT('',(77.5271482472233,-28.8948807918921,6.30500000000002));
#10200=CARTESIAN_POINT('Origin',(76.9170673385205,-28.8218275422765,6.30500000000002));
#10201=CARTESIAN_POINT('',(76.9170673385205,-28.8218275422765,6.30500000000002));
#10202=CARTESIAN_POINT('Origin',(76.3043035400679,-28.7974926695967,6.30500000000002));
#10203=CARTESIAN_POINT('',(76.3043035400679,-28.7974926695967,6.30500000000002));
#10204=CARTESIAN_POINT('Origin',(75.6915425806651,-28.8218275423487,6.30500000000002));
#10205=CARTESIAN_POINT('',(75.6915425806651,-28.8218275423487,6.30500000000002));
#10206=CARTESIAN_POINT('Origin',(75.0814611029324,-28.8948805197143,6.30500000000002));
#10207=CARTESIAN_POINT('',(75.0814611029324,-28.8948805197143,6.30500000000002));
#10208=CARTESIAN_POINT('Origin',(74.4768320643323,-29.0167676506383,6.30500000000002));
#10209=CARTESIAN_POINT('',(74.4768320643323,-29.0167676506383,6.30500000000002));
#10210=CARTESIAN_POINT('Origin',(73.8806591993022,-29.1876274553748,6.30500000000002));
#10211=CARTESIAN_POINT('',(73.8806591993022,-29.1876274553748,6.30500000000002));
#10212=CARTESIAN_POINT('Origin',(73.296248331773,-29.4074991639599,6.30500000000002));
#10213=CARTESIAN_POINT('',(73.296248331773,-29.4074991639599,6.30500000000002));
#10214=CARTESIAN_POINT('Origin',(72.7272155975363,-29.6762313274144,6.30500000000002));
#10215=CARTESIAN_POINT('',(72.7272155975363,-29.6762313274144,6.30500000000002));
#10216=CARTESIAN_POINT('Origin',(72.2226208961729,-29.967299924866,6.30500000000002));
#10217=CARTESIAN_POINT('',(72.2226208961729,-29.967299924866,6.30500000000002));
#10218=CARTESIAN_POINT('Origin',(71.9137197014314,-30.171900884714,6.30500000000002));
#10219=CARTESIAN_POINT('',(71.9137197014314,-30.171900884714,6.30500000000002));
#10220=CARTESIAN_POINT('Origin',(71.6962546171995,-30.3292645191116,6.30500000000002));
#10221=CARTESIAN_POINT('',(71.6962546171995,-30.3292645191116,6.30500000000002));
#10222=CARTESIAN_POINT('Origin',(36.912475705048,-56.6119680788613,6.305));
#10223=CARTESIAN_POINT('',(36.912475705048,-56.6119680788613,6.305));
#10224=CARTESIAN_POINT('Origin',(36.520583922504,-56.9329535980029,6.305));
#10225=CARTESIAN_POINT('',(36.520583922504,-56.9329535980029,6.305));
#10226=CARTESIAN_POINT('Origin',(36.0872391057041,-57.3484313132004,6.305));
#10227=CARTESIAN_POINT('',(36.0872391057041,-57.3484313132004,6.305));
#10228=CARTESIAN_POINT('Origin',(35.6904092825369,-57.792891205222,6.305));
#10229=CARTESIAN_POINT('',(35.6904092825369,-57.792891205222,6.305));
#10230=CARTESIAN_POINT('Origin',(35.3314981725883,-58.2632588060943,6.305));
#10231=CARTESIAN_POINT('',(35.3314981725883,-58.2632588060943,6.305));
#10232=CARTESIAN_POINT('Origin',(35.0115464708897,-58.75668052876,6.305));
#10233=CARTESIAN_POINT('',(35.0115464708897,-58.75668052876,6.305));
#10234=CARTESIAN_POINT('Origin',(34.7313769650503,-59.2704844638054,6.305));
#10235=CARTESIAN_POINT('',(34.7313769650503,-59.2704844638054,6.305));
#10236=CARTESIAN_POINT('Origin',(34.4916791872102,-59.802208527746,6.305));
#10237=CARTESIAN_POINT('',(34.4916791872102,-59.802208527746,6.305));
#10238=CARTESIAN_POINT('Origin',(34.2931089386536,-60.3495242403154,6.305));
#10239=CARTESIAN_POINT('',(34.2931089386536,-60.3495242403154,6.305));
#10240=CARTESIAN_POINT('Origin',(34.1363301605147,-60.9102262586025,6.305));
#10241=CARTESIAN_POINT('',(34.1363301605147,-60.9102262586025,6.305));
#10242=CARTESIAN_POINT('Origin',(34.0220747574923,-61.4821458288602,6.305));
#10243=CARTESIAN_POINT('',(34.0220747574923,-61.4821458288602,6.305));
#10244=CARTESIAN_POINT('Origin',(33.9511626185363,-62.0629845668195,6.305));
#10245=CARTESIAN_POINT('',(33.9511626185363,-62.0629845668195,6.305));
#10246=CARTESIAN_POINT('Origin',(33.9244484046534,-62.6503668693417,6.305));
#10247=CARTESIAN_POINT('',(33.9244484046534,-62.6503668693417,6.305));
#10248=CARTESIAN_POINT('Origin',(33.9428212686778,-63.2416447394009,6.305));
#10249=CARTESIAN_POINT('',(33.9428212686778,-63.2416447394009,6.305));
#10250=CARTESIAN_POINT('Origin',(34.0070802605056,-63.8338637248911,6.305));
#10251=CARTESIAN_POINT('',(34.0070802605056,-63.8338637248911,6.305));
#10252=CARTESIAN_POINT('Origin',(34.1178755484645,-64.423762541378,6.305));
#10253=CARTESIAN_POINT('',(34.1178755484645,-64.423762541378,6.305));
#10254=CARTESIAN_POINT('Origin',(34.2498469564182,-64.9125085174402,6.305));
#10255=CARTESIAN_POINT('',(34.2498469564182,-64.9125085174402,6.305));
#10256=CARTESIAN_POINT('Origin',(47.5760189651163,-107.567012288429,6.30499999999999));
#10257=CARTESIAN_POINT('',(47.5760189651163,-107.567012288429,6.30499999999999));
#10258=CARTESIAN_POINT('Origin',(47.6595086548248,-107.816325766283,6.30499999999999));
#10259=CARTESIAN_POINT('',(47.6595086548248,-107.816325766283,6.30499999999999));
#10260=CARTESIAN_POINT('Origin',(47.7884940786635,-108.155243178697,6.30499999999999));
#10261=CARTESIAN_POINT('',(47.7884940786635,-108.155243178697,6.30499999999999));
#10262=CARTESIAN_POINT('Origin',(48.0231777822607,-108.67497648295,6.30499999999999));
#10263=CARTESIAN_POINT('',(48.0231777822607,-108.67497648295,6.30499999999999));
#10264=CARTESIAN_POINT('Origin',(48.3209872059673,-109.214443335725,6.30499999999999));
#10265=CARTESIAN_POINT('',(48.3209872059673,-109.214443335725,6.30499999999999));
#10266=CARTESIAN_POINT('Origin',(48.6582623870571,-109.724675761594,6.30499999999999));
#10267=CARTESIAN_POINT('',(48.6582623870571,-109.724675761594,6.30499999999999));
#10268=CARTESIAN_POINT('Origin',(49.0323583681342,-110.203546423575,6.30499999999999));
#10269=CARTESIAN_POINT('',(49.0323583681342,-110.203546423575,6.30499999999999));
#10270=CARTESIAN_POINT('Origin',(49.4407764656397,-110.649265745404,6.30499999999999));
#10271=CARTESIAN_POINT('',(49.4407764656397,-110.649265745404,6.30499999999999));
#10272=CARTESIAN_POINT('Origin',(49.8811589307015,-111.060228538625,6.30499999999999));
#10273=CARTESIAN_POINT('',(49.8811589307015,-111.060228538625,6.30499999999999));
#10274=CARTESIAN_POINT('Origin',(50.3513211312055,-111.434962607553,6.30499999999999));
#10275=CARTESIAN_POINT('',(50.3513211312055,-111.434962607553,6.30499999999999));
#10276=CARTESIAN_POINT('Origin',(50.8492086650059,-111.77200221234,6.30499999999999));
#10277=CARTESIAN_POINT('',(50.8492086650059,-111.77200221234,6.30499999999999));
#10278=CARTESIAN_POINT('Origin',(51.3728047450002,-112.069815376674,6.30499999999999));
#10279=CARTESIAN_POINT('',(51.3728047450002,-112.069815376674,6.30499999999999));
#10280=CARTESIAN_POINT('Origin',(51.9200521523981,-112.326754447892,6.30499999999999));
#10281=CARTESIAN_POINT('',(51.9200521523981,-112.326754447892,6.30499999999999));
#10282=CARTESIAN_POINT('Origin',(52.4887548053331,-112.541059722302,6.30499999999999));
#10283=CARTESIAN_POINT('',(52.4887548053331,-112.541059722302,6.30499999999999));
#10284=CARTESIAN_POINT('Origin',(53.0764345177688,-112.710853949554,6.30499999999999));
#10285=CARTESIAN_POINT('',(53.0764345177688,-112.710853949554,6.30499999999999));
#10286=CARTESIAN_POINT('Origin',(53.680223959504,-112.834240728463,6.30499999999999));
#10287=CARTESIAN_POINT('',(53.680223959504,-112.834240728463,6.30499999999999));
#10288=CARTESIAN_POINT('Origin',(54.24635306071,-112.903248991361,6.30499999999999));
#10289=CARTESIAN_POINT('',(54.24635306071,-112.903248991361,6.30499999999999));
#10290=CARTESIAN_POINT('Origin',(54.6083886725624,-112.925288692187,6.30499999999999));
#10291=CARTESIAN_POINT('',(54.6083886725624,-112.925288692187,6.30499999999999));
#10292=CARTESIAN_POINT('Origin',(54.871165364743,-112.930616,6.30499999999999));
#10293=CARTESIAN_POINT('',(54.871165364743,-112.930616,6.30499999999999));
#10294=CARTESIAN_POINT('Origin',(97.7374158368328,-112.930616,6.305));
#10295=CARTESIAN_POINT('',(97.7374158368328,-112.930616,6.305));
#10296=CARTESIAN_POINT('Origin',(98.0001938062697,-112.925288329668,6.305));
#10297=CARTESIAN_POINT('',(98.0001938062697,-112.925288329668,6.305));
#10298=CARTESIAN_POINT('Origin',(98.3120734745422,-112.906300943542,6.305));
#10299=CARTESIAN_POINT('',(98.3120734745422,-112.906300943542,6.305));
#10300=CARTESIAN_POINT('Origin',(98.6216675140477,-112.874858354362,6.305));
#10301=CARTESIAN_POINT('',(98.6216675140477,-112.874858354362,6.305));
#10302=CARTESIAN_POINT('Origin',(98.9284833163467,-112.831151596468,6.305));
#10303=UNCERTAINTY_MEASURE_WITH_UNIT(LENGTH_MEASURE(0.01),#10307,
'DISTANCE_ACCURACY_VALUE',
'Maximum model space distance between geometric entities at asserted c
onnectivities');
#10304=UNCERTAINTY_MEASURE_WITH_UNIT(LENGTH_MEASURE(0.01),#10307,
'DISTANCE_ACCURACY_VALUE',
'Maximum model space distance between geometric entities at asserted c
onnectivities');
#10305=(
GEOMETRIC_REPRESENTATION_CONTEXT(3)
GLOBAL_UNCERTAINTY_ASSIGNED_CONTEXT((#10303))
GLOBAL_UNIT_ASSIGNED_CONTEXT((#10307,#10309,#10310))
REPRESENTATION_CONTEXT('','3D')
);
#10306=(
GEOMETRIC_REPRESENTATION_CONTEXT(3)
GLOBAL_UNCERTAINTY_ASSIGNED_CONTEXT((#10304))
GLOBAL_UNIT_ASSIGNED_CONTEXT((#10307,#10309,#10310))
REPRESENTATION_CONTEXT('','3D')
);
#10307=(
LENGTH_UNIT()
NAMED_UNIT(*)
SI_UNIT(.MILLI.,.METRE.)
);
#10308=(
LENGTH_UNIT()
NAMED_UNIT(*)
SI_UNIT($,.METRE.)
);
#10309=(
NAMED_UNIT(*)
PLANE_ANGLE_UNIT()
SI_UNIT($,.RADIAN.)
);
#10310=(
NAMED_UNIT(*)
SI_UNIT($,.STERADIAN.)
SOLID_ANGLE_UNIT()
);
#10311=SHAPE_DEFINITION_REPRESENTATION(#10312,#10313);
#10312=PRODUCT_DEFINITION_SHAPE('',$,#10315);
#10313=SHAPE_REPRESENTATION('',(#6475),#10305);
#10314=PRODUCT_DEFINITION_CONTEXT('part definition',#10319,'design');
#10315=PRODUCT_DEFINITION('2026-06-05-10-49-06-051',
'new-tamagotchi-bottom-case',#10316,#10314);
#10316=PRODUCT_DEFINITION_FORMATION('',$,#10321);
#10317=PRODUCT_RELATED_PRODUCT_CATEGORY('new-tamagotchi-bottom-case',
'new-tamagotchi-bottom-case',(#10321));
#10318=APPLICATION_PROTOCOL_DEFINITION('international standard',
'automotive_design',2009,#10319);
#10319=APPLICATION_CONTEXT(
'Core Data for Automotive Mechanical Design Process');
#10320=PRODUCT_CONTEXT('part definition',#10319,'mechanical');
#10321=PRODUCT('2026-06-05-10-49-06-051','new-tamagotchi-bottom-case',$,
(#10320));
#10322=PRESENTATION_STYLE_ASSIGNMENT((#10324));
#10323=PRESENTATION_STYLE_ASSIGNMENT((#10325));
#10324=SURFACE_STYLE_USAGE(.BOTH.,#10326);
#10325=SURFACE_STYLE_USAGE(.BOTH.,#10327);
#10326=SURFACE_SIDE_STYLE('',(#10328));
#10327=SURFACE_SIDE_STYLE('',(#10329));
#10328=SURFACE_STYLE_FILL_AREA(#10330);
#10329=SURFACE_STYLE_FILL_AREA(#10331);
#10330=FILL_AREA_STYLE('Steel - Satin',(#10332));
#10331=FILL_AREA_STYLE('Powder Coat (Blue)',(#10333));
#10332=FILL_AREA_STYLE_COLOUR('Steel - Satin',#10334);
#10333=FILL_AREA_STYLE_COLOUR('Powder Coat (Blue)',#10335);
#10334=COLOUR_RGB('Steel - Satin',0.627450980392157,0.627450980392157,0.627450980392157);
#10335=COLOUR_RGB('Powder Coat (Blue)',0.211764705882353,0.231372549019608,
0.486274509803922);
ENDSEC;
END-ISO-10303-21;
